batter,batting_team,opponent,season,innings,previous_runs,previous_strike_rate,career_average_before_match,career_strike_rate_before_match,recent_5_match_average,recent_10_match_average,opponent_average_before_match,previous_matches,previous_fours,previous_sixes,recent_5_fours,recent_5_sixes,actual_class,predicted_class
HH Pandya,Gujarat Titans,Rajasthan Royals,2023,2,59.0,111.32075471698111,19.684684684684683,139.36824611891905,38.4,28.7,34.09090909090909,111,7.0,0.0,3.0,1.2,Moderate,Low
Shubman Gill,Gujarat Titans,Rajasthan Royals,2023,2,6.0,85.71428571428571,28.34177215189873,116.96210182069127,31.2,38.4,30.545454545454547,79,1.0,0.0,4.0,0.4,Moderate,High
WP Saha,Gujarat Titans,Rajasthan Royals,2023,2,0.0,0.0,20.46031746031746,117.16765809282656,13.0,15.6,8.285714285714286,126,0.0,0.0,1.6,0.0,High,Low
Arshad Khan,Mumbai Indians,Chennai Super Kings,2023,1,2.0,50.0,8.5,108.33333333333334,8.5,8.5,2.0,2,0.0,0.0,0.0,0.5,Low,Low
C Green,Mumbai Indians,Chennai Super Kings,2023,1,23.0,127.77777777777776,29.55555555555556,142.92627627898946,46.2,29.55555555555556,12.0,9,4.0,0.0,4.0,2.0,Low,Low
Ishan Kishan,Mumbai Indians,Chennai Super Kings,2023,1,75.0,182.9268292682927,27.29113924050633,114.79085511946045,31.0,33.4,26.0,79,7.0,4.0,3.0,1.2,Low,Low
JC Archer,Mumbai Indians,Chennai Super Kings,2023,1,1.0,50.0,8.909090909090908,133.3736717827627,5.2,8.7,21.33333333333333,22,0.0,0.0,0.2,0.2,Low,Low
N Wadhera,Mumbai Indians,Chennai Super Kings,2023,1,40.0,190.47619047619045,16.75,125.503663003663,16.75,16.75,0.0,4,3.0,3.0,1.25,1.25,High,Low
PP Chawla,Mumbai Indians,Chennai Super Kings,2023,1,18.0,150.0,7.782051282051282,108.92283445674136,6.2,8.8,5.727272727272728,78,1.0,1.0,0.4,0.2,Low,Low
RG Sharma,Mumbai Indians,Chennai Super Kings,2023,1,0.0,0.0,26.255411255411257,111.67619848304317,15.4,18.6,24.71875,231,0.0,0.0,2.0,0.6,Low,Low
SA Yadav,Mumbai Indians,Chennai Super Kings,2023,1,66.0,212.9032258064516,24.66949152542373,133.08784396532988,41.6,28.0,24.153846153846157,118,8.0,2.0,5.2,1.8,Moderate,Low
T Stubbs,Mumbai Indians,Chennai Super Kings,2023,1,5.0,50.0,2.333333333333333,50.0,2.333333333333333,2.333333333333333,2.5,3,0.0,0.0,0.0,0.0,Moderate,Low
TH David,Mumbai Indians,Chennai Super Kings,2023,1,19.0,190.0,20.22222222222222,163.11749978416643,21.0,21.1,16.0,18,3.0,0.0,1.4,1.4,Low,Low
AM Rahane,Chennai Super Kings,Mumbai Indians,2023,2,15.0,115.38461538461536,27.90909090909091,103.7998738895424,32.6,29.2,29.82608695652174,154,0.0,0.0,2.2,1.6,Moderate,Low
AT Rayudu,Chennai Super Kings,Mumbai Indians,2023,2,0.0,0.0,23.738888888888887,114.47413984478158,8.8,10.1,25.07692307692308,180,0.0,0.0,1.0,0.2,Low,Low
DP Conway,Chennai Super Kings,Mumbai Indians,2023,2,92.0,176.9230769230769,41.625,106.26822113429256,63.2,43.0,0.0,16,16.0,1.0,7.8,2.2,High,High
MS Dhoni,Chennai Super Kings,Mumbai Indians,2023,2,13.0,325.0,23.94312796208531,129.67707131983744,12.0,16.4,21.94117647058824,211,0.0,2.0,0.2,1.4,Low,Low
RD Gaikwad,Chennai Super Kings,Mumbai Indians,2023,2,37.0,119.35483870967742,34.68888888888889,105.82960591421256,31.4,35.6,23.166666666666668,45,4.0,1.0,2.6,1.0,Moderate,Low
S Dube,Chennai Super Kings,Mumbai Indians,2023,2,28.0,164.70588235294116,23.21951219512195,120.5505337724771,38.0,27.4,15.875,41,1.0,2.0,1.6,3.2,Moderate,Low
Anuj Rawat,Royal Challengers Bangalore,Delhi Capitals,2023,1,9.0,81.81818181818183,12.833333333333334,56.20212765957447,5.8,13.3,7.5,12,0.0,0.0,0.4,0.0,Low,Low
F du Plessis,Royal Challengers Bangalore,Delhi Capitals,2023,1,44.0,110.0,32.78813559322034,117.87207124846547,53.8,49.1,25.666666666666668,118,1.0,1.0,4.0,2.8,High,High
GJ Maxwell,Royal Challengers Bangalore,Delhi Capitals,2023,1,4.0,80.0,22.45217391304348,128.68196736360017,32.4,28.6,31.33333333333333,115,0.0,0.0,2.0,2.4,Low,Low
KD Karthik,Royal Challengers Bangalore,Delhi Capitals,2023,1,16.0,145.45454545454547,20.53211009174312,118.80136780557947,17.8,10.5,15.4,218,1.0,1.0,1.6,0.6,Low,Low
MK Lomror,Royal Challengers Bangalore,Delhi Capitals,2023,1,3.0,75.0,16.428571428571427,125.86633798818671,10.4,14.8,13.5,21,0.0,0.0,0.6,0.6,High,Low
V Kohli,Royal Challengers Bangalore,Delhi Capitals,2023,1,31.0,103.33333333333334,30.964601769911503,116.64025539040638,30.0,37.1,26.75,226,3.0,0.0,3.0,0.2,High,High
AR Patel,Delhi Capitals,Royal Challengers Bangalore,2023,2,27.0,90.0,14.302083333333334,125.57834585090488,26.0,25.7,15.333333333333334,96,2.0,1.0,2.2,0.6,Low,Low
DA Warner,Delhi Capitals,Royal Challengers Bangalore,2023,2,2.0,100.0,35.58045977011494,120.50528512655904,19.8,31.3,38.13636363636363,174,0.0,0.0,3.4,0.2,Moderate,Low
MR Marsh,Delhi Capitals,Royal Challengers Bangalore,2023,2,63.0,161.53846153846155,19.655172413793103,103.01913985527928,18.8,27.1,9.5,29,1.0,6.0,1.4,1.2,Moderate,Low
PD Salt,Delhi Capitals,Royal Challengers Bangalore,2023,2,0.0,0.0,16.0,83.80952380952382,16.0,16.0,0.0,4,0.0,0.0,2.5,0.0,High,Low
RR Rossouw,Delhi Capitals,Royal Challengers Bangalore,2023,2,8.0,133.33333333333331,11.666666666666666,90.3170769112798,13.2,11.666666666666666,0.0,9,2.0,0.0,1.6,0.4,Moderate,Low
DA Miller,Gujarat Titans,Lucknow Super Giants,2023,1,0.0,0.0,23.954545454545453,124.49576408027264,26.0,28.0,20.666666666666668,110,0.0,0.0,1.4,1.6,Moderate,Low
HH Pandya,Gujarat Titans,Lucknow Super Giants,2023,1,39.0,260.0,19.857142857142858,140.44531535000013,40.6,28.6,36.66666666666666,112,3.0,3.0,3.0,1.6,Moderate,Low
Shubman Gill,Gujarat Titans,Lucknow Super Giants,2023,1,36.0,105.88235294117648,28.4375,116.82360495969736,29.4,37.5,21.0,80,6.0,0.0,4.4,0.2,High,Low
WP Saha,Gujarat Titans,Lucknow Super Giants,2023,1,41.0,120.58823529411764,20.62204724409449,117.19459177157688,20.4,19.2,26.0,127,5.0,0.0,2.4,0.0,High,Low
A Badoni,Lucknow Super Giants,Gujarat Titans,2023,2,59.0,178.78787878787878,17.6,127.14711690454004,23.0,19.1,23.33333333333333,20,2.0,4.0,1.0,1.4,Moderate,Low
DJ Hooda,Lucknow Super Giants,Gujarat Titans,2023,2,1.0,50.0,15.176470588235292,117.72458580513268,3.6,9.8,28.0,85,0.0,0.0,0.4,0.0,Low,Low
KH Pandya,Lucknow Super Giants,Gujarat Titans,2023,2,0.0,0.0,15.73913043478261,125.7680288669962,9.2,12.2,16.333333333333332,92,0.0,0.0,1.4,0.2,Low,Low
KR Mayers,Lucknow Super Giants,Gujarat Titans,2023,2,14.0,82.35294117647058,31.1,125.4562882543916,28.6,31.1,24.0,10,2.0,0.0,3.0,1.6,High,Low
MP Stoinis,Lucknow Super Giants,Gujarat Titans,2023,2,6.0,150.0,18.91304347826087,118.8617738667914,22.4,23.5,1.0,69,1.0,0.0,1.8,1.2,Low,Low
N Pooran,Lucknow Super Giants,Gujarat Titans,2023,2,20.0,64.51612903225806,21.036363636363635,134.05449215194275,20.8,24.5,12.666666666666666,55,0.0,0.0,1.8,0.6,Low,Low
Q de Kock,Lucknow Super Giants,Gujarat Titans,2023,2,6.0,120.0,29.75268817204301,115.75255277069854,42.8,32.0,9.0,93,0.0,1.0,3.0,3.0,High,Low
Ravi Bishnoi,Lucknow Super Giants,Gujarat Titans,2023,2,5.0,50.0,2.375,78.83928571428572,2.2,2.375,0.0,8,0.0,0.0,0.0,0.0,Low,Low
Swapnil Singh,Lucknow Super Giants,Gujarat Titans,2023,2,10.0,58.82352941176471,4.0,52.94117647058823,4.0,4.0,0.0,3,0.0,0.0,0.0,0.0,Low,Low
JC Buttler,Rajasthan Royals,Sunrisers Hyderabad,2023,1,8.0,133.33333333333331,34.01086956521739,133.00801991189613,18.6,29.7,26.0,92,2.0,0.0,2.4,0.4,High,Low
SO Hetmyer,Rajasthan Royals,Sunrisers Hyderabad,2023,1,7.0,53.84615384615385,19.660377358490567,134.28071244958775,5.6,21.1,27.25,53,0.0,0.0,0.0,0.2,Low,Low
SV Samson,Rajasthan Royals,Sunrisers Hyderabad,2023,1,30.0,150.0,26.34965034965035,116.72071288213154,17.0,24.2,36.25,143,3.0,1.0,1.4,0.6,High,Low
YBK Jaiswal,Rajasthan Royals,Sunrisers Hyderabad,2023,1,14.0,127.27272727272728,29.96969696969697,122.03673840801484,61.2,44.2,30.5,33,1.0,1.0,6.8,3.4,Moderate,High
AK Markram,Sunrisers Hyderabad,Rajasthan Royals,2023,2,41.0,102.5,26.923076923076923,122.24569756312964,17.2,19.6,41.5,26,4.0,0.0,1.2,0.2,Low,Low
Abdul Samad,Sunrisers Hyderabad,Rajasthan Royals,2023,2,21.0,123.52941176470588,13.56,118.13608174452575,22.2,14.3,15.333333333333334,25,3.0,0.0,1.6,1.0,Low,Low
Abhishek Sharma,Sunrisers Hyderabad,Rajasthan Royals,2023,2,9.0,90.0,19.87804878048781,116.63097026073324,23.2,24.3,10.0,41,1.0,0.0,3.2,0.4,High,Low
Anmolpreet Singh,Sunrisers Hyderabad,Rajasthan Royals,2023,2,31.0,119.23076923076924,15.0,111.8513431013431,15.0,15.0,5.0,4,3.0,1.0,1.5,0.5,Moderate,Low
GD Phillips,Sunrisers Hyderabad,Rajasthan Royals,2023,2,8.0,133.33333333333331,8.5,107.69230769230768,8.5,8.5,8.0,4,0.0,1.0,0.25,0.75,Moderate,Low
H Klaasen,Sunrisers Hyderabad,Rajasthan Royals,2023,2,36.0,180.0,21.25,141.44180563588458,34.6,24.8,6.0,12,1.0,3.0,2.2,2.0,Moderate,Low
M Jansen,Sunrisers Hyderabad,Rajasthan Royals,2023,2,1.0,25.0,5.25,74.45075757575758,6.8,5.25,0.0,8,0.0,0.0,0.8,0.0,Low,Low
RA Tripathi,Sunrisers Hyderabad,Rajasthan Royals,2023,2,20.0,250.0,23.951807228915666,127.1930854564361,14.6,21.0,19.2,83,3.0,1.0,1.0,0.6,High,Low
Harpreet Brar,Punjab Kings,Kolkata Knight Riders,2023,1,5.0,250.0,9.928571428571429,129.656248464298,6.6,7.2,14.0,14,1.0,0.0,0.6,0.2,Low,Low
JM Sharma,Punjab Kings,Kolkata Knight Riders,2023,1,49.0,181.4814814814815,23.65,170.31982340502162,32.0,23.9,21.0,20,5.0,2.0,1.8,2.6,Moderate,Low
LS Livingstone,Punjab Kings,Kolkata Knight Riders,2023,1,82.0,205.0,25.214285714285715,140.21377276629377,31.4,33.1,12.5,28,7.0,4.0,2.0,2.0,Low,Low
M Shahrukh Khan,Punjab Kings,Kolkata Knight Riders,2023,1,2.0,66.66666666666666,13.692307692307692,133.38854772678303,12.0,11.7,11.5,26,0.0,0.0,0.4,1.0,Moderate,Low
P Simran Singh,Punjab Kings,Kolkata Knight Riders,2023,1,9.0,128.57142857142858,17.6875,108.64044962390552,26.4,21.9,13.5,16,1.0,0.0,2.2,1.6,Low,Low
PBB Rajapaksa,Punjab Kings,Kolkata Knight Riders,2023,1,20.0,76.92307692307693,23.08333333333333,143.69791473958142,15.2,20.3,40.5,12,1.0,0.0,1.4,0.4,Low,Low
R Dhawan,Punjab Kings,Kolkata Knight Riders,2023,1,1.0,100.0,9.095238095238097,124.05779405779406,7.6,8.2,12.333333333333334,21,0.0,0.0,0.8,0.4,Low,Low
S Dhawan,Punjab Kings,Kolkata Knight Riders,2023,1,30.0,150.0,30.685446009389672,112.065424278948,33.2,37.1,28.33333333333333,213,5.0,0.0,4.6,1.2,High,Low
SM Curran,Punjab Kings,Kolkata Knight Riders,2023,1,29.0,145.0,16.53125,136.2888742658572,24.2,19.6,23.0,32,1.0,1.0,2.0,1.2,Low,Low
AD Russell,Kolkata Knight Riders,Punjab Kings,2023,2,24.0,160.0,23.967391304347824,149.80060536388055,21.2,16.6,38.333333333333336,92,1.0,2.0,0.8,2.0,High,Low
JJ Roy,Kolkata Knight Riders,Punjab Kings,2023,2,20.0,111.11111111111111,29.94117647058824,123.53284549323284,42.8,34.2,0.0,17,4.0,0.0,4.8,2.2,Moderate,Low
N Rana,Kolkata Knight Riders,Punjab Kings,2023,2,42.0,140.0,25.852631578947367,119.27809866319502,25.0,27.5,13.75,95,3.0,3.0,2.4,1.6,High,Low
RK Singh,Kolkata Knight Riders,Punjab Kings,2023,2,46.0,131.42857142857142,22.68,127.47840160667724,28.4,31.6,4.0,25,4.0,1.0,2.0,1.4,Moderate,Low
Rahmanullah Gurbaz,Kolkata Knight Riders,Punjab Kings,2023,2,0.0,0.0,26.142857142857142,95.63101627055116,20.8,26.142857142857142,22.0,7,0.0,0.0,1.2,1.6,Low,Low
VR Iyer,Kolkata Knight Riders,Punjab Kings,2023,2,7.0,175.0,26.71875,109.50681764671728,13.8,30.3,34.666666666666664,32,1.0,0.0,1.2,0.2,Low,Low
Anuj Rawat,Royal Challengers Bangalore,Mumbai Indians,2023,1,8.0,266.66666666666663,12.461538461538462,72.39170758319695,6.6,14.1,66.0,13,0.0,1.0,0.2,0.2,Low,Low
F du Plessis,Royal Challengers Bangalore,Mumbai Indians,2023,1,45.0,140.625,32.890756302521005,118.06327233041117,50.4,51.1,24.22222222222222,119,5.0,1.0,4.0,2.2,High,High
GJ Maxwell,Royal Challengers Bangalore,Mumbai Indians,2023,1,0.0,0.0,22.25862068965517,127.57264005874156,17.2,26.2,23.0625,116,0.0,0.0,1.4,0.8,High,High
KD Karthik,Royal Challengers Bangalore,Mumbai Indians,2023,1,11.0,122.22222222222224,20.488584474885844,118.81698814538152,14.4,11.0,14.375,219,0.0,1.0,1.0,0.6,Moderate,Low
KM Jadhav,Royal Challengers Bangalore,Mumbai Indians,2023,1,12.0,100.0,14.95,112.64895159551818,11.0,11.7,16.4,80,0.0,0.0,0.4,0.4,Low,Low
MK Lomror,Royal Challengers Bangalore,Mumbai Indians,2023,1,54.0,186.20689655172413,18.13636363636364,128.60909065016568,21.2,16.0,11.0,22,6.0,3.0,1.8,1.2,Low,Low
PWH de Silva,Royal Challengers Bangalore,Mumbai Indians,2023,1,8.0,114.28571428571428,4.615384615384615,85.04360012457178,4.2,5.5,0.0,13,1.0,0.0,0.2,0.0,Low,Low
V Kohli,Royal Challengers Bangalore,Mumbai Indians,2023,1,55.0,119.56521739130434,31.0704845814978,116.65314068556452,39.8,41.9,27.61290322580645,227,5.0,0.0,3.8,0.2,Low,Low
C Green,Mumbai Indians,Royal Challengers Bangalore,2023,2,6.0,150.0,27.2,143.6336486510905,34.6,27.2,5.0,10,1.0,0.0,3.0,1.6,Low,Low
Ishan Kishan,Mumbai Indians,Royal Challengers Bangalore,2023,2,7.0,77.77777777777779,27.0375,114.3281916526894,24.8,29.3,24.818181818181817,80,1.0,0.0,2.6,0.8,High,Low
N Wadhera,Mumbai Indians,Royal Challengers Bangalore,2023,2,64.0,125.49019607843135,26.2,125.50096961861668,26.2,26.2,21.0,5,8.0,1.0,2.6,1.2,High,Low
RG Sharma,Mumbai Indians,Royal Challengers Bangalore,2023,2,0.0,0.0,26.142241379310345,111.1948355585473,9.8,18.4,26.2,232,0.0,0.0,0.8,0.6,Low,Low
SA Yadav,Mumbai Indians,Royal Challengers Bangalore,2023,2,26.0,118.1818181818182,24.680672268907564,132.96258324446003,45.4,29.3,21.375,119,3.0,0.0,5.8,1.6,High,Low
TH David,Mumbai Indians,Royal Challengers Bangalore,2023,2,2.0,50.0,19.26315789473684,157.16394716394714,18.2,17.9,4.0,19,0.0,0.0,1.0,1.4,Low,Low
AM Rahane,Chennai Super Kings,Delhi Capitals,2023,1,21.0,123.52941176470588,27.864516129032257,103.9271612306725,30.6,30.6,38.333333333333336,155,1.0,1.0,2.0,1.6,Moderate,Low
AT Rayudu,Chennai Super Kings,Delhi Capitals,2023,1,12.0,109.09090909090908,23.674033149171272,114.44439823840658,7.2,10.8,19.875,181,0.0,1.0,0.4,0.4,Moderate,Low
DL Chahar,Chennai Super Kings,Delhi Capitals,2023,1,1.0,100.0,7.181818181818182,95.0,1.6,6.5,0.0,11,0.0,0.0,0.0,0.0,Low,Low
DP Conway,Chennai Super Kings,Delhi Capitals,2023,1,44.0,104.76190476190476,41.76470588235294,106.179614288858,55.4,45.8,87.0,17,4.0,0.0,7.4,1.0,Low,High
MM Ali,Chennai Super Kings,Delhi Capitals,2023,1,10.0,166.66666666666669,20.755102040816325,118.64372534471303,13.0,22.1,18.166666666666668,49,2.0,0.0,1.0,0.8,Low,Low
MS Dhoni,Chennai Super Kings,Delhi Capitals,2023,1,2.0,66.66666666666666,23.839622641509436,129.379852429964,10.0,14.5,17.77777777777778,212,0.0,0.0,0.2,1.0,Moderate,Low
RA Jadeja,Chennai Super Kings,Delhi Capitals,2023,1,12.0,120.0,15.817073170731708,130.56699361110688,17.6,11.7,19.4,164,0.0,0.0,0.8,1.0,Moderate,Low
RD Gaikwad,Chennai Super Kings,Delhi Capitals,2023,1,30.0,200.0,34.58695652173913,107.87678839433838,36.8,38.4,26.8,46,4.0,2.0,3.4,1.4,Moderate,Low
S Dube,Chennai Super Kings,Delhi Capitals,2023,1,26.0,144.44444444444443,23.285714285714285,121.11943640752392,41.6,29.0,17.2,42,0.0,3.0,1.4,3.8,Moderate,Low
TU Deshpande,Chennai Super Kings,Delhi Capitals,2023,1,20.0,222.22222222222223,10.5,127.77777777777776,10.5,10.5,0.0,2,2.0,1.0,1.0,0.5,Low,Low
AR Patel,Delhi Capitals,Chennai Super Kings,2023,2,8.0,266.66666666666663,14.237113402061857,127.0328646222014,23.4,24.6,10.454545454545457,97,0.0,1.0,1.6,0.8,Moderate,Low
Aman Hakim Khan,Delhi Capitals,Chennai Super Kings,2023,2,51.0,115.90909090909092,12.857142857142858,120.36796536796535,16.2,12.857142857142858,0.0,7,3.0,3.0,1.0,1.0,Low,Low
DA Warner,Delhi Capitals,Chennai Super Kings,2023,2,22.0,157.14285714285714,35.502857142857145,120.7146426809379,20.4,33.0,31.0,175,3.0,1.0,3.2,0.4,Low,High
Kuldeep Yadav,Delhi Capitals,Chennai Super Kings,2023,2,0.0,0.0,5.25,77.17056120693891,2.8,2.9,2.5,24,0.0,0.0,0.4,0.0,Low,Low
Lalit Yadav,Delhi Capitals,Chennai Super Kings,2023,2,4.0,57.14285714285714,16.294117647058822,91.33106685570004,14.4,13.6,0.0,17,0.0,0.0,1.2,0.2,Low,Low
MK Pandey,Delhi Capitals,Chennai Super Kings,2023,2,1.0,25.0,24.14012738853503,106.70953445097516,21.4,19.9,18.36842105263158,157,0.0,0.0,1.8,0.2,Moderate,Low
MR Marsh,Delhi Capitals,Chennai Super Kings,2023,2,26.0,152.94117647058823,19.866666666666667,104.68320774245626,23.2,27.2,12.666666666666666,30,3.0,1.0,1.8,1.4,Low,Low
PD Salt,Delhi Capitals,Chennai Super Kings,2023,2,87.0,193.33333333333331,30.2,105.71428571428574,30.2,30.2,0.0,5,8.0,6.0,3.6,1.2,Low,Low
RR Rossouw,Delhi Capitals,Chennai Super Kings,2023,2,35.0,166.66666666666669,14.0,97.95203588681848,17.4,14.0,7.5,10,1.0,3.0,1.6,0.8,Moderate,Low
RV Patel,Delhi Capitals,Chennai Super Kings,2023,2,23.0,176.9230769230769,11.666666666666666,131.29273504273505,10.4,11.666666666666666,12.0,6,2.0,1.0,0.8,0.4,Low,Low
AD Russell,Kolkata Knight Riders,Rajasthan Royals,2023,1,42.0,182.6086956521739,24.161290322580644,150.15338052827082,22.0,17.3,17.7,93,3.0,3.0,1.2,1.8,Low,Low
AS Roy,Kolkata Knight Riders,Rajasthan Royals,2023,1,13.0,185.7142857142857,4.25,66.42857142857143,4.25,4.25,0.0,4,2.0,0.0,0.75,0.0,Low,Low
JJ Roy,Kolkata Knight Riders,Rajasthan Royals,2023,1,38.0,158.33333333333331,30.38888888888889,125.46620592879395,43.6,36.8,60.0,18,8.0,0.0,5.2,2.2,Low,Low
N Rana,Kolkata Knight Riders,Rajasthan Royals,2023,1,51.0,134.21052631578948,26.11458333333333,119.43364478457625,34.4,30.2,20.2,96,6.0,1.0,3.4,1.8,Moderate,Low
RK Singh,Kolkata Knight Riders,Rajasthan Royals,2023,1,21.0,210.0,22.615384615384617,130.65230923718966,31.4,33.3,22.5,26,2.0,1.0,2.2,1.6,Low,Low
Rahmanullah Gurbaz,Kolkata Knight Riders,Rajasthan Royals,2023,1,15.0,125.0,24.75,99.30213923673226,20.8,24.75,0.0,8,1.0,1.0,1.2,1.6,Low,Low
SN Thakur,Kolkata Knight Riders,Rajasthan Royals,2023,1,8.0,133.33333333333331,9.4,110.32002856322276,6.6,14.0,5.5,30,1.0,0.0,0.8,0.0,Low,Low
SP Narine,Kolkata Knight Riders,Rajasthan Royals,2023,1,1.0,50.0,11.544444444444444,119.8753414284374,1.4,3.6,12.909090909090908,90,0.0,0.0,0.2,0.0,Low,Low
VR Iyer,Kolkata Knight Riders,Rajasthan Royals,2023,1,11.0,84.61538461538461,26.24242424242424,108.75253179728296,16.0,28.0,22.0,33,0.0,0.0,1.2,0.2,High,Low
JC Buttler,Rajasthan Royals,Kolkata Knight Riders,2023,2,95.0,161.01694915254237,34.666666666666664,133.3091911940536,29.6,33.8,33.63636363636363,93,10.0,4.0,3.6,1.0,Low,Low
SV Samson,Rajasthan Royals,Kolkata Knight Riders,2023,2,66.0,173.6842105263158,26.625,117.11629272688282,29.8,25.3,26.05555555555556,144,4.0,5.0,2.2,1.6,High,Low
YBK Jaiswal,Rajasthan Royals,Kolkata Knight Riders,2023,2,35.0,194.44444444444443,30.11764705882353,124.166376820851,59.4,42.3,11.0,34,5.0,2.0,7.0,3.4,High,Low
C Green,Mumbai Indians,Gujarat Titans,2023,1,2.0,100.0,24.90909090909091,139.6669533191732,21.6,26.9,33.0,11,0.0,0.0,1.8,1.0,Low,Low
Ishan Kishan,Mumbai Indians,Gujarat Titans,2023,1,42.0,200.0,27.22222222222222,115.3858682989525,33.0,32.5,29.0,81,4.0,4.0,3.4,1.6,Moderate,Low
N Wadhera,Mumbai Indians,Gujarat Titans,2023,1,52.0,157.57575757575756,30.5,130.8467676114735,32.4,30.5,40.0,6,4.0,3.0,3.2,1.4,Low,Low
RG Sharma,Mumbai Indians,Gujarat Titans,2023,1,7.0,87.5,26.06008583690987,111.09314098533464,2.4,19.0,22.5,233,1.0,0.0,0.2,0.0,Moderate,Low
SA Yadav,Mumbai Indians,Gujarat Titans,2023,1,83.0,244.11764705882356,25.166666666666668,133.88887544291305,50.6,36.1,18.0,120,7.0,6.0,5.8,2.2,High,Low
TH David,Mumbai Indians,Gujarat Titans,2023,1,0.0,0.0,18.3,149.3057498057498,13.2,17.5,22.0,20,0.0,0.0,1.0,1.0,Low,Low
Vishnu Vinod,Mumbai Indians,Gujarat Titans,2023,1,3.0,33.33333333333333,6.333333333333333,90.55555555555556,6.333333333333333,6.333333333333333,0.0,3,0.0,0.0,0.3333333333333333,0.3333333333333333,Moderate,Low
A Manohar,Gujarat Titans,Mumbai Indians,2023,2,26.0,78.78787878787878,18.33333333333333,121.33366633366632,22.4,20.4,42.0,12,0.0,1.0,1.2,1.4,Low,Low
AS Joseph,Gujarat Titans,Mumbai Indians,2023,2,4.0,80.0,5.0,73.84615384615384,5.0,5.0,0.0,4,0.0,0.0,0.5,0.0,Low,Low
DA Miller,Gujarat Titans,Mumbai Indians,2023,2,21.0,175.0,23.92792792792793,124.9507571966666,21.0,23.3,23.071428571428573,111,2.0,1.0,1.2,1.4,High,Low
HH Pandya,Gujarat Titans,Mumbai Indians,2023,2,25.0,166.66666666666669,19.90265486725664,140.67736270678478,32.4,27.7,18.5,113,1.0,2.0,2.8,1.2,Low,Low
Noor Ahmad,Gujarat Titans,Mumbai Indians,2023,2,0.0,0.0,0.0,0.0,0.0,0.0,0.0,0,0.0,0.0,0.0,0.0,Low,Low
R Tewatia,Gujarat Titans,Mumbai Indians,2023,2,20.0,285.7142857142857,15.403846153846152,131.63692301912965,9.6,10.1,9.8,52,0.0,3.0,0.2,1.2,Low,Low
Rashid Khan,Gujarat Titans,Mumbai Indians,2023,2,3.0,150.0,7.311111111111111,118.48783315449982,7.0,10.7,2.555555555555556,45,0.0,0.0,0.4,0.6,High,Low
Shubman Gill,Gujarat Titans,Mumbai Indians,2023,2,94.0,184.31372549019608,29.246913580246915,117.6568163242714,48.2,40.6,30.444444444444443,81,2.0,7.0,4.8,1.6,Low,Low
V Shankar,Gujarat Titans,Mumbai Indians,2023,2,6.0,66.66666666666666,19.5,119.51317635816902,29.8,22.0,17.571428571428573,48,1.0,0.0,1.8,2.2,Moderate,Low
WP Saha,Gujarat Titans,Mumbai Indians,2023,2,81.0,192.8571428571429,21.09375,117.78570545193286,27.2,24.8,27.266666666666666,128,10.0,4.0,3.2,0.8,Low,Low
AK Markram,Sunrisers Hyderabad,Lucknow Super Giants,2023,1,6.0,120.0,26.14814814814815,122.16252357931002,14.0,20.0,6.0,27,1.0,0.0,1.2,0.0,Moderate,Low
Abdul Samad,Sunrisers Hyderabad,Lucknow Super Giants,2023,1,17.0,283.33333333333337,13.692307692307692,124.48982219024914,19.2,13.5,10.5,26,0.0,2.0,1.2,1.2,Moderate,Low
Abhishek Sharma,Sunrisers Hyderabad,Lucknow Super Giants,2023,1,55.0,161.76470588235296,20.714285714285715,117.70558301362895,34.0,25.5,13.0,42,5.0,2.0,4.2,0.8,Low,Low
Anmolpreet Singh,Sunrisers Hyderabad,Lucknow Super Giants,2023,1,33.0,132.0,18.6,115.88107448107448,18.6,18.6,31.0,5,4.0,1.0,2.0,0.6,Moderate,Low
B Kumar,Sunrisers Hyderabad,Lucknow Super Giants,2023,1,5.0,100.0,4.379310344827586,85.85877245360004,4.0,4.4,1.0,58,1.0,0.0,0.4,0.0,Low,Low
GD Phillips,Sunrisers Hyderabad,Lucknow Super Giants,2023,1,25.0,357.1428571428572,11.8,157.58241758241758,11.8,11.8,0.0,5,1.0,3.0,0.4,1.2,Low,Low
H Klaasen,Sunrisers Hyderabad,Lucknow Super Giants,2023,1,26.0,216.66666666666663,21.615384615384617,147.2283334074832,32.6,24.2,0.0,13,2.0,2.0,1.8,2.0,High,Low
RA Tripathi,Sunrisers Hyderabad,Lucknow Super Giants,2023,1,47.0,162.06896551724137,24.226190476190474,127.60827450477902,22.6,23.7,39.0,84,2.0,3.0,1.2,1.2,Moderate,Low
KR Mayers,Lucknow Super Giants,Sunrisers Hyderabad,2023,2,48.0,150.0,32.63636363636363,127.68753477671964,28.0,28.6,13.0,11,7.0,2.0,3.6,1.4,Low,Low
MP Stoinis,Lucknow Super Giants,Sunrisers Hyderabad,2023,2,4.0,44.44444444444444,18.7,117.7986691607579,19.0,22.7,13.2,70,0.0,0.0,1.4,1.2,High,Low
N Pooran,Lucknow Super Giants,Sunrisers Hyderabad,2023,2,3.0,50.0,20.714285714285715,132.5535190778009,15.6,21.2,29.8,56,0.0,0.0,1.4,0.4,High,Low
PN Mankad,Lucknow Super Giants,Sunrisers Hyderabad,2023,2,4.0,400.0,4.0,400.0,4.0,4.0,4.0,1,1.0,0.0,1.0,0.0,High,Low
Q de Kock,Lucknow Super Giants,Sunrisers Hyderabad,2023,2,70.0,170.73170731707316,30.180851063829788,116.3374373935323,46.8,36.6,33.81818181818182,94,7.0,3.0,3.6,3.0,Moderate,Low
Harpreet Brar,Punjab Kings,Delhi Capitals,2023,1,17.0,188.88888888888889,10.4,133.60509115927073,9.8,7.5,8.333333333333334,15,2.0,1.0,1.0,0.4,Low,Low
JM Sharma,Punjab Kings,Delhi Capitals,2023,1,21.0,116.66666666666669,23.52380952380953,167.76491117938565,28.0,23.9,38.0,21,0.0,2.0,1.4,2.4,Low,Low
LS Livingstone,Punjab Kings,Delhi Capitals,2023,1,15.0,187.5,24.86206896551724,141.84433232607677,34.0,31.6,5.0,29,3.0,0.0,2.6,2.0,Low,Low
M Shahrukh Khan,Punjab Kings,Delhi Capitals,2023,1,21.0,262.5,13.962962962962964,138.1704533665318,11.8,12.6,10.333333333333334,27,3.0,1.0,0.8,0.8,Low,Low
P Simran Singh,Punjab Kings,Delhi Capitals,2023,1,12.0,150.0,17.352941176470587,111.07336435191108,19.6,20.8,12.0,17,3.0,0.0,2.2,0.8,High,Low
S Dhawan,Punjab Kings,Delhi Capitals,2023,1,57.0,123.91304347826086,30.80841121495327,112.12078698548684,24.8,40.7,14.0,214,9.0,1.0,4.0,0.4,Low,Low
SM Curran,Punjab Kings,Delhi Capitals,2023,1,4.0,44.44444444444444,16.151515151515152,133.5057097258144,23.8,19.6,11.0,33,0.0,0.0,1.8,1.2,Moderate,Low
Sikandar Raza,Punjab Kings,Delhi Capitals,2023,1,13.0,185.7142857142857,21.33333333333333,124.13088266746804,22.4,21.33333333333333,0.0,6,1.0,0.0,1.8,0.8,Low,Low
AR Patel,Delhi Capitals,Punjab Kings,2023,2,21.0,175.0,14.306122448979592,127.52232518728098,23.8,25.1,17.0,98,2.0,1.0,1.8,1.0,Low,Low
Aman Hakim Khan,Delhi Capitals,Punjab Kings,2023,2,2.0,66.66666666666666,11.5,113.65530303030305,15.0,11.5,0.0,8,0.0,0.0,1.0,0.8,Low,Low
DA Warner,Delhi Capitals,Punjab Kings,2023,2,0.0,0.0,35.30113636363637,120.02876402934166,9.0,27.4,24.75,176,0.0,0.0,1.0,0.4,High,Low
Kuldeep Yadav,Delhi Capitals,Punjab Kings,2023,2,0.0,0.0,5.04,74.08373875866135,2.2,2.4,2.0,25,0.0,0.0,0.4,0.0,Low,Low
MK Pandey,Delhi Capitals,Punjab Kings,2023,2,27.0,93.10344827586206,24.158227848101262,106.62341998151244,16.8,18.8,13.0,158,1.0,2.0,1.0,0.4,Low,Low
MR Marsh,Delhi Capitals,Punjab Kings,2023,2,5.0,125.0,19.387096774193548,105.3385881378609,24.2,18.8,63.0,31,1.0,0.0,2.0,1.4,Low,Low
Mukesh Kumar,Delhi Capitals,Punjab Kings,2023,2,1.0,100.0,0.5,50.0,0.5,0.5,0.0,2,0.0,0.0,0.0,0.0,Low,Low
P Dubey,Delhi Capitals,Punjab Kings,2023,2,7.0,53.84615384615385,7.0,53.84615384615385,7.0,7.0,0.0,1,0.0,0.0,0.0,0.0,Low,Low
PD Salt,Delhi Capitals,Punjab Kings,2023,2,17.0,154.54545454545453,28.0,113.85281385281388,32.6,28.0,0.0,6,1.0,2.0,3.6,1.6,Moderate,Low
RR Rossouw,Delhi Capitals,Punjab Kings,2023,2,35.0,94.5945945945946,15.909090909090908,97.64681395116176,18.4,16.1,0.0,11,2.0,1.0,1.4,0.8,Low,Low
Anuj Rawat,Royal Challengers Bangalore,Rajasthan Royals,2023,1,6.0,150.0,12.0,77.93515704154002,7.8,12.1,26.0,14,1.0,0.0,0.4,0.2,Moderate,Low
F du Plessis,Royal Challengers Bangalore,Rajasthan Royals,2023,1,65.0,162.5,33.15833333333333,118.4335783943244,46.6,50.3,31.0,120,5.0,3.0,4.0,1.8,High,High
GJ Maxwell,Royal Challengers Bangalore,Rajasthan Royals,2023,1,68.0,206.0606060606061,22.64957264957265,128.2434773749968,30.8,31.8,24.07692307692308,117,8.0,4.0,3.0,1.6,High,Low
KD Karthik,Royal Challengers Bangalore,Rajasthan Royals,2023,1,30.0,166.66666666666669,20.53181818181818,119.0344866841146,19.0,14.0,23.33333333333333,220,4.0,1.0,1.6,0.8,Low,Low
MG Bracewell,Royal Challengers Bangalore,Rajasthan Royals,2023,1,19.0,105.55555555555556,19.0,105.55555555555556,19.0,19.0,0.0,1,1.0,1.0,1.0,1.0,Low,Low
MK Lomror,Royal Challengers Bangalore,Rajasthan Royals,2023,1,1.0,33.33333333333333,17.391304347826086,124.46666641899908,20.0,15.5,8.0,23,0.0,0.0,1.6,1.2,Low,Low
V Kohli,Royal Challengers Bangalore,Rajasthan Royals,2023,1,1.0,25.0,30.93859649122807,116.2511532264173,28.2,33.8,22.22222222222222,228,0.0,0.0,2.8,0.0,Low,Low
A Zampa,Rajasthan Royals,Royal Challengers Bangalore,2023,2,7.0,77.77777777777779,3.25,62.3015873015873,3.25,3.25,0.0,4,0.0,0.0,0.25,0.0,Low,Low
D Padikkal,Rajasthan Royals,Royal Challengers Bangalore,2023,2,12.0,100.0,26.654545454545456,107.1482080120316,23.8,20.8,26.25,55,1.0,0.0,3.4,0.2,Low,Low
Dhruv Jurel,Rajasthan Royals,Royal Challengers Bangalore,2023,2,9.0,112.5,15.666666666666666,149.44444444444446,15.8,15.666666666666666,34.0,9,1.0,0.0,1.2,0.8,Low,Low
JC Buttler,Rajasthan Royals,Royal Challengers Bangalore,2023,2,0.0,0.0,34.297872340425535,131.89100830901046,29.6,31.9,31.692307692307693,94,0.0,0.0,3.6,1.0,Low,Low
JE Root,Rajasthan Royals,Royal Challengers Bangalore,2023,2,0.0,0.0,0.0,0.0,0.0,0.0,0.0,0,0.0,0.0,0.0,0.0,Low,Low
KM Asif,Rajasthan Royals,Royal Challengers Bangalore,2023,2,0.0,0.0,0.0,0.0,0.0,0.0,0.0,0,0.0,0.0,0.0,0.0,Low,Low
SO Hetmyer,Rajasthan Royals,Royal Challengers Bangalore,2023,2,7.0,140.0,19.425925925925927,134.3866251820028,6.6,19.6,20.428571428571427,54,0.0,0.0,0.0,0.2,Moderate,Low
SV Samson,Rajasthan Royals,Royal Challengers Bangalore,2023,2,48.0,165.51724137931035,26.77241379310345,117.45009237276165,35.0,25.9,18.95,145,2.0,5.0,2.2,2.4,Low,Low
Sandeep Sharma,Rajasthan Royals,Royal Challengers Bangalore,2023,2,2.0,40.0,2.25,68.0324074074074,2.4,2.8,5.25,24,0.0,0.0,0.2,0.0,Low,Low
YBK Jaiswal,Rajasthan Royals,Royal Challengers Bangalore,2023,2,98.0,208.5106382978724,32.05714285714286,126.5762128630516,69.6,51.0,25.75,35,13.0,5.0,8.6,4.0,Low,Low
AM Rahane,Chennai Super Kings,Kolkata Knight Riders,2023,1,21.0,105.0,27.82051282051282,103.93403840227074,27.4,31.9,26.142857142857142,156,2.0,0.0,1.8,1.2,Low,Low
AT Rayudu,Chennai Super Kings,Kolkata Knight Riders,2023,1,23.0,135.29411764705884,23.67032967032967,114.55895713625632,11.6,12.1,22.15,182,1.0,1.0,0.6,0.6,Low,Low
DP Conway,Chennai Super Kings,Kolkata Knight Riders,2023,1,10.0,76.92307692307693,40.0,104.55425110187016,42.0,46.7,29.5,18,1.0,0.0,5.2,0.8,Moderate,High
MM Ali,Chennai Super Kings,Kolkata Knight Riders,2023,1,7.0,58.333333333333336,20.48,117.43751750448544,13.0,22.8,32.0,50,0.0,0.0,1.0,0.8,Low,Low
MS Dhoni,Chennai Super Kings,Kolkata Knight Riders,2023,1,20.0,222.22222222222223,23.821596244131456,129.81573210035015,7.6,12.9,21.26923076923077,213,1.0,2.0,0.2,0.8,Low,Low
RA Jadeja,Chennai Super Kings,Kolkata Knight Riders,2023,1,21.0,131.25,15.848484848484848,130.57113304376685,16.8,11.7,17.48,165,1.0,1.0,0.8,0.8,Moderate,Low
RD Gaikwad,Chennai Super Kings,Kolkata Knight Riders,2023,1,24.0,133.33333333333331,34.361702127659576,108.41841701006166,34.6,31.6,40.5,47,4.0,0.0,3.8,1.4,Low,Low
S Dube,Chennai Super Kings,Kolkata Knight Riders,2023,1,25.0,208.33333333333331,23.32558139534884,123.14766656858929,36.2,31.5,23.25,43,0.0,3.0,1.0,3.4,High,Low
AD Russell,Kolkata Knight Riders,Chennai Super Kings,2023,2,10.0,100.0,24.01063829787234,149.6198339269062,22.2,18.3,28.09090909090909,94,0.0,1.0,1.2,1.8,Low,Low
JJ Roy,Kolkata Knight Riders,Chennai Super Kings,2023,2,10.0,125.0,29.31578947368421,125.4416687746469,37.0,31.8,31.5,19,2.0,0.0,4.6,2.0,Low,Low
N Rana,Kolkata Knight Riders,Chennai Super Kings,2023,2,22.0,129.41176470588235,26.072164948453608,119.5365120002598,33.4,32.3,22.7,97,2.0,0.0,3.0,1.6,High,Low
RK Singh,Kolkata Knight Riders,Chennai Super Kings,2023,2,16.0,88.88888888888889,22.37037037037037,129.1055158909563,24.0,30.3,20.5,27,0.0,1.0,1.6,1.0,High,Low
Rahmanullah Gurbaz,Kolkata Knight Riders,Chennai Super Kings,2023,2,18.0,150.0,24.0,104.93523487709534,24.4,24.0,0.0,9,1.0,2.0,1.4,2.0,Low,Low
VR Iyer,Kolkata Knight Riders,Chennai Super Kings,2023,2,57.0,135.71428571428572,27.147058823529413,109.54552455954774,23.4,33.4,26.0,34,2.0,4.0,1.2,0.8,Low,Low
B Sai Sudharsan,Gujarat Titans,Sunrisers Hyderabad,2023,1,20.0,105.26315789473684,32.1,124.80753290151786,35.2,32.1,11.0,10,2.0,0.0,2.8,0.8,High,Low
DA Miller,Gujarat Titans,Sunrisers Hyderabad,2023,1,41.0,157.69230769230768,24.080357142857142,125.24309246894911,28.0,24.2,17.076923076923077,112,4.0,2.0,2.0,1.8,Low,Low
HH Pandya,Gujarat Titans,Sunrisers Hyderabad,2023,1,4.0,133.33333333333331,19.76315789473684,140.61294139649135,30.6,27.3,13.307692307692308,114,1.0,0.0,2.8,1.2,Low,Low
MD Shanaka,Gujarat Titans,Sunrisers Hyderabad,2023,1,0.0,0.0,0.0,0.0,0.0,0.0,0.0,0,0.0,0.0,0.0,0.0,Low,Low
MM Sharma,Gujarat Titans,Sunrisers Hyderabad,2023,1,0.0,0.0,4.88,90.6142857142857,2.0,3.8,6.0,25,0.0,0.0,0.2,0.0,Low,Low
Mohammed Shami,Gujarat Titans,Sunrisers Hyderabad,2023,1,1.0,50.0,3.2857142857142856,73.80952380952381,3.0,4.6,1.3333333333333333,21,0.0,0.0,0.0,0.0,Low,Low
Noor Ahmad,Gujarat Titans,Sunrisers Hyderabad,2023,1,1.0,33.33333333333333,1.0,33.33333333333333,1.0,1.0,0.0,1,0.0,0.0,0.0,0.0,Low,Low
R Tewatia,Gujarat Titans,Sunrisers Hyderabad,2023,1,14.0,107.6923076923077,15.37735849056604,131.18513782428394,11.4,10.4,16.333333333333332,53,1.0,0.0,0.2,1.2,Low,Low
Rashid Khan,Gujarat Titans,Sunrisers Hyderabad,2023,1,79.0,246.875,8.869565217391305,121.27885852070636,19.0,14.6,15.5,46,3.0,10.0,0.8,2.2,Low,Low
Shubman Gill,Gujarat Titans,Sunrisers Hyderabad,2023,1,6.0,66.66666666666666,28.963414634146343,117.03498523088598,38.2,39.8,26.1,82,0.0,0.0,3.4,1.4,High,Low
WP Saha,Gujarat Titans,Sunrisers Hyderabad,2023,1,2.0,40.0,20.94573643410853,117.18271548718918,26.8,23.6,28.285714285714285,129,0.0,0.0,3.2,0.8,Low,Low
AK Markram,Sunrisers Hyderabad,Gujarat Titans,2023,2,28.0,140.0,26.214285714285715,122.7995763086204,17.2,20.7,34.0,28,2.0,1.0,1.4,0.2,Low,Low
Abdul Samad,Sunrisers Hyderabad,Gujarat Titans,2023,2,37.0,148.0,14.555555555555555,125.3605695165362,22.4,17.1,0.0,27,1.0,4.0,1.2,1.6,Low,Low
Abhishek Sharma,Sunrisers Hyderabad,Gujarat Titans,2023,2,7.0,175.0,20.3953488372093,119.03801131563758,28.6,25.3,53.5,43,1.0,0.0,3.8,0.6,Low,Low
Anmolpreet Singh,Sunrisers Hyderabad,Gujarat Titans,2023,2,36.0,133.33333333333331,21.5,118.78978428978428,22.6,21.5,0.0,6,7.0,0.0,3.0,0.4,Low,Low
B Kumar,Sunrisers Hyderabad,Gujarat Titans,2023,2,2.0,200.0,4.338983050847458,87.79336953065766,3.2,3.9,0.0,59,0.0,0.0,0.2,0.0,Moderate,Low
Fazalhaq Farooqi,Sunrisers Hyderabad,Gujarat Titans,2023,2,2.0,25.0,2.0,25.0,2.0,2.0,0.0,1,0.0,0.0,0.0,0.0,Low,Low
H Klaasen,Sunrisers Hyderabad,Gujarat Titans,2023,2,47.0,162.06896551724137,23.428571428571427,148.28837855818023,38.6,27.1,0.0,14,3.0,3.0,2.2,2.6,High,Low
M Jansen,Sunrisers Hyderabad,Gujarat Titans,2023,2,3.0,150.0,5.0,82.84511784511784,7.2,5.0,8.0,9,0.0,0.0,0.8,0.0,Low,Low
M Markande,Sunrisers Hyderabad,Gujarat Titans,2023,2,1.0,50.0,3.333333333333333,91.48148148148148,3.8,3.333333333333333,0.0,9,0.0,0.0,0.4,0.0,Low,Low
RA Tripathi,Sunrisers Hyderabad,Gujarat Titans,2023,2,20.0,153.84615384615387,24.176470588235293,127.91695543820695,22.4,25.7,16.5,85,4.0,0.0,1.8,1.0,Low,Low
Sanvir Singh,Sunrisers Hyderabad,Gujarat Titans,2023,2,0.0,0.0,0.0,0.0,0.0,0.0,0.0,0,0.0,0.0,0.0,0.0,Low,Low
DJ Hooda,Lucknow Super Giants,Mumbai Indians,2023,1,11.0,100.0,15.127906976744184,117.51848597018927,5.4,6.4,15.363636363636363,86,0.0,0.0,0.4,0.0,Low,Low
KH Pandya,Lucknow Super Giants,Mumbai Indians,2023,1,0.0,0.0,15.56989247311828,124.41568447057688,8.4,10.7,1.0,93,0.0,0.0,1.2,0.2,High,Low
MP Stoinis,Lucknow Super Giants,Mumbai Indians,2023,1,40.0,160.0,19.0,118.39305410215567,27.0,24.6,12.1,71,2.0,3.0,1.8,1.8,High,Low
N Pooran,Lucknow Super Giants,Mumbai Indians,2023,1,44.0,338.46153846153845,21.12280701754386,136.16594047049804,24.2,22.4,21.6,57,3.0,4.0,2.0,1.2,Low,Low
PN Mankad,Lucknow Super Giants,Mumbai Indians,2023,1,64.0,142.22222222222223,34.0,271.1111111111111,34.0,34.0,0.0,2,7.0,2.0,4.0,1.0,Low,Low
Q de Kock,Lucknow Super Giants,Mumbai Indians,2023,1,29.0,152.63157894736844,30.16842105263158,116.71948098883584,50.4,39.2,17.857142857142858,95,3.0,1.0,4.2,3.0,Low,Low
C Green,Mumbai Indians,Lucknow Super Giants,2023,2,3.0,100.0,23.08333333333333,136.36137387590875,15.6,26.0,0.0,12,0.0,0.0,1.8,0.4,Low,Low
Ishan Kishan,Mumbai Indians,Lucknow Super Giants,2023,2,31.0,155.0,27.26829268292683,115.86896746603844,36.6,32.4,10.5,82,4.0,1.0,4.0,1.8,High,Low
N Wadhera,Mumbai Indians,Lucknow Super Giants,2023,2,15.0,214.28571428571428,28.285714285714285,142.76661713636503,34.2,28.285714285714285,0.0,7,1.0,1.0,3.2,1.6,Low,Low
RG Sharma,Mumbai Indians,Lucknow Super Giants,2023,2,29.0,161.11111111111111,26.07264957264957,111.30689299441916,7.8,19.8,22.5,234,3.0,2.0,0.8,0.4,Moderate,Low
SA Yadav,Mumbai Indians,Lucknow Super Giants,2023,2,103.0,210.20408163265304,25.8099173553719,134.51957962629933,66.6,46.3,22.0,121,11.0,6.0,7.4,3.2,Low,Low
TH David,Mumbai Indians,Lucknow Super Giants,2023,2,5.0,166.66666666666669,17.666666666666668,150.13246013246012,14.2,14.9,0.0,21,1.0,0.0,1.2,1.0,Moderate,Low
Vishnu Vinod,Mumbai Indians,Lucknow Super Giants,2023,2,30.0,150.0,12.25,105.41666666666666,12.25,12.25,0.0,4,2.0,2.0,0.75,0.75,Low,Low
DA Warner,Delhi Capitals,Punjab Kings,2023,1,54.0,200.0,35.40677966101695,120.48057892183124,15.6,29.1,30.6,177,10.0,1.0,2.6,0.4,High,Low
PD Salt,Delhi Capitals,Punjab Kings,2023,1,21.0,123.52941176470588,27.0,115.23518498308415,36.8,27.0,21.0,7,3.0,0.0,4.2,1.6,Moderate,Low
PP Shaw,Delhi Capitals,Punjab Kings,2023,1,13.0,130.0,23.695652173913043,121.31423200745807,7.0,11.3,37.333333333333336,69,2.0,0.0,1.2,0.0,High,Low
RR Rossouw,Delhi Capitals,Punjab Kings,2023,1,5.0,100.0,15.0,97.84291278856496,19.4,14.2,5.0,12,1.0,0.0,1.6,0.8,High,Low
Atharva Taide,Punjab Kings,Delhi Capitals,2023,2,13.0,76.47058823529412,22.4,126.07843137254902,22.4,22.4,0.0,5,0.0,0.0,2.4,0.6,High,Low
Harpreet Brar,Punjab Kings,Delhi Capitals,2023,2,2.0,40.0,9.875,127.7547729618163,8.6,7.4,6.75,16,0.0,0.0,1.0,0.2,Low,Low
JM Sharma,Punjab Kings,Delhi Capitals,2023,2,5.0,100.0,22.681818181818183,164.68468794395903,24.0,21.7,27.0,22,1.0,0.0,1.6,1.6,Low,Low
LS Livingstone,Punjab Kings,Delhi Capitals,2023,2,4.0,80.0,24.166666666666668,139.7828545818742,32.8,29.8,4.8,30,1.0,0.0,2.8,1.8,High,Low
M Shahrukh Khan,Punjab Kings,Delhi Capitals,2023,2,2.0,50.0,13.535714285714286,135.0215086034414,7.6,10.9,8.25,28,0.0,0.0,0.6,0.4,Low,Low
P Simran Singh,Punjab Kings,Delhi Capitals,2023,2,103.0,158.46153846153845,22.11111111111111,113.7060406913348,35.0,25.1,57.5,18,10.0,6.0,4.0,1.6,Moderate,Low
S Dhawan,Punjab Kings,Delhi Capitals,2023,2,7.0,140.0,30.69767441860465,112.25045774369389,24.6,39.5,11.666666666666666,215,0.0,1.0,3.6,0.6,Low,Low
SM Curran,Punjab Kings,Delhi Capitals,2023,2,20.0,83.33333333333334,16.264705882352942,132.0300515966238,25.8,19.0,12.5,34,1.0,0.0,1.8,1.2,Low,Low
AK Markram,Sunrisers Hyderabad,Royal Challengers Bangalore,2023,1,10.0,100.0,25.655172413793103,122.01338402211624,18.6,21.7,20.5,29,1.0,0.0,1.6,0.2,Low,Low
Abhishek Sharma,Sunrisers Hyderabad,Royal Challengers Bangalore,2023,1,5.0,100.0,20.045454545454547,118.60532924028216,28.6,21.5,20.166666666666668,44,1.0,0.0,4.0,0.6,Low,Low
GD Phillips,Sunrisers Hyderabad,Royal Challengers Bangalore,2023,1,0.0,0.0,9.833333333333334,131.3186813186813,9.0,9.833333333333334,0.0,6,0.0,0.0,0.2,1.0,Low,Low
H Klaasen,Sunrisers Hyderabad,Royal Challengers Bangalore,2023,1,64.0,145.45454545454547,26.133333333333333,148.09945635127124,45.2,33.2,32.0,15,4.0,3.0,2.4,3.0,High,Low
HC Brook,Sunrisers Hyderabad,Royal Challengers Bangalore,2023,1,0.0,0.0,18.11111111111111,81.33111744222856,6.8,18.11111111111111,0.0,9,0.0,0.0,1.0,0.0,Moderate,Low
RA Tripathi,Sunrisers Hyderabad,Royal Challengers Bangalore,2023,1,1.0,50.0,23.906976744186046,127.01094432846035,19.6,22.4,28.09090909090909,86,0.0,0.0,1.8,1.0,Low,Low
F du Plessis,Royal Challengers Bangalore,Sunrisers Hyderabad,2023,2,55.0,125.0,33.33884297520661,118.48784634147871,45.2,53.5,27.53333333333333,121,3.0,2.0,3.0,1.8,High,High
GJ Maxwell,Royal Challengers Bangalore,Sunrisers Hyderabad,2023,2,54.0,163.63636363636363,22.91525423728813,128.54341708907617,26.2,36.7,23.857142857142858,118,5.0,3.0,2.8,1.4,Low,Low
MG Bracewell,Royal Challengers Bangalore,Sunrisers Hyderabad,2023,2,9.0,100.0,14.0,102.77777777777776,14.0,14.0,0.0,2,0.0,0.0,0.5,0.5,Low,Low
V Kohli,Royal Challengers Bangalore,Sunrisers Hyderabad,2023,2,18.0,94.73684210526316,30.882096069869,116.15720426955636,31.8,33.5,27.33333333333333,229,1.0,0.0,3.0,0.0,High,Low
Atharva Taide,Punjab Kings,Rajasthan Royals,2023,1,55.0,130.95238095238096,27.83333333333333,126.890756302521,33.4,27.83333333333333,0.0,6,5.0,2.0,3.4,1.0,Low,Low
JM Sharma,Punjab Kings,Rajasthan Royals,2023,1,0.0,0.0,21.695652173913043,157.52448412030864,19.2,21.3,32.5,23,0.0,0.0,1.6,1.0,High,Low
LS Livingstone,Punjab Kings,Rajasthan Royals,2023,1,94.0,204.34782608695653,26.41935483870968,141.86559559816718,47.0,32.2,22.0,31,5.0,9.0,3.4,3.4,Low,Low
M Shahrukh Khan,Punjab Kings,Rajasthan Royals,2023,1,6.0,200.0,13.275862068965518,137.26214623780547,7.4,10.4,8.5,29,0.0,1.0,0.6,0.4,High,Low
P Simran Singh,Punjab Kings,Rajasthan Royals,2023,1,22.0,115.78947368421052,22.105263157894736,113.8156950593809,37.6,27.3,60.0,19,4.0,0.0,4.4,1.6,Low,Low
S Dhawan,Punjab Kings,Rajasthan Royals,2023,1,0.0,0.0,30.55555555555556,111.73077969858416,24.4,35.6,28.782608695652176,216,0.0,0.0,3.6,0.6,Low,Moderate
SM Curran,Punjab Kings,Rajasthan Royals,2023,1,11.0,220.00000000000003,16.114285714285714,134.5434786938631,17.0,20.0,13.25,35,1.0,1.0,1.0,0.6,High,Low
D Padikkal,Rajasthan Royals,Punjab Kings,2023,2,4.0,100.0,26.25,107.02056144038816,19.4,21.0,24.75,56,1.0,0.0,2.8,0.2,High,Moderate
Dhruv Jurel,Rajasthan Royals,Punjab Kings,2023,2,1.0,14.285714285714285,14.2,135.92857142857142,16.0,14.2,32.0,10,0.0,0.0,1.2,0.8,Low,Low
JC Buttler,Rajasthan Royals,Punjab Kings,2023,2,0.0,0.0,33.93684210526316,130.50268190575773,24.2,24.0,24.666666666666668,95,0.0,0.0,2.8,1.0,Low,Moderate
R Parag,Rajasthan Royals,Punjab Kings,2023,2,4.0,66.66666666666666,13.488372093023257,108.23187693157186,10.2,10.6,12.25,43,0.0,0.0,0.4,0.6,Moderate,Low
SO Hetmyer,Rajasthan Royals,Punjab Kings,2023,2,35.0,184.21052631578948,19.70909090909091,135.2925142935262,13.0,19.5,27.666666666666668,55,1.0,4.0,0.2,1.0,High,Low
SV Samson,Rajasthan Royals,Punjab Kings,2023,2,4.0,80.0,26.616438356164384,117.19358489075644,32.4,26.3,47.0,146,1.0,0.0,2.2,2.4,Low,Low
TA Boult,Rajasthan Royals,Punjab Kings,2023,2,15.0,136.36363636363637,4.0,89.1955266955267,8.6,5.5,0.0,17,1.0,1.0,0.6,0.4,Low,Low
YBK Jaiswal,Rajasthan Royals,Punjab Kings,2023,2,0.0,0.0,31.166666666666668,123.06020695018908,54.2,45.0,42.66666666666666,36,0.0,0.0,7.0,3.2,High,Low
DP Conway,Chennai Super Kings,Delhi Capitals,2023,1,30.0,107.14285714285714,39.47368421052632,104.69049352508,36.8,45.0,48.5,19,3.0,0.0,5.0,0.2,High,High
MS Dhoni,Chennai Super Kings,Delhi Capitals,2023,1,2.0,100.0,23.7196261682243,129.67640624941396,7.8,12.4,18.0,214,0.0,0.0,0.2,0.8,Low,Low
RA Jadeja,Chennai Super Kings,Delhi Capitals,2023,1,20.0,86.95652173913044,15.873493975903614,130.30839442144978,18.8,13.6,19.666666666666668,166,0.0,1.0,0.8,0.8,Moderate,Low
RD Gaikwad,Chennai Super Kings,Delhi Capitals,2023,1,17.0,130.76923076923077,34.0,108.8840589633777,31.0,27.6,26.33333333333333,48,2.0,0.0,3.8,0.8,High,High
S Dube,Chennai Super Kings,Delhi Capitals,2023,1,48.0,141.1764705882353,23.88636363636364,123.55741211449032,35.8,34.4,18.5,44,1.0,3.0,0.8,3.0,Moderate,Low
A Nortje,Delhi Capitals,Chennai Super Kings,2023,2,3.0,50.0,4.5,118.0952380952381,6.6,4.5,1.0,10,0.0,0.0,1.0,0.0,Low,Low
AR Patel,Delhi Capitals,Chennai Super Kings,2023,2,1.0,50.0,14.171717171717171,126.73927139751046,17.2,21.6,11.333333333333334,99,0.0,0.0,1.0,1.0,Low,Low
Aman Hakim Khan,Delhi Capitals,Chennai Super Kings,2023,2,16.0,88.88888888888889,12.0,110.90347923681256,14.6,12.0,2.0,9,1.0,1.0,1.0,0.8,Low,Low
C Sakariya,Delhi Capitals,Chennai Super Kings,2023,2,4.0,100.0,3.333333333333333,66.11111111111111,4.0,3.333333333333333,0.0,6,1.0,0.0,0.6,0.0,Low,Low
DA Warner,Delhi Capitals,Chennai Super Kings,2023,2,46.0,148.38709677419354,35.46629213483146,120.63735711201306,24.8,27.2,29.36842105263158,178,5.0,2.0,3.6,0.8,High,Low
Kuldeep Yadav,Delhi Capitals,Chennai Super Kings,2023,2,10.0,58.82352941176471,5.230769230769231,73.49680762993457,4.2,3.2,1.6666666666666667,26,0.0,0.0,0.4,0.0,Low,Low
Lalit Yadav,Delhi Capitals,Chennai Super Kings,2023,2,12.0,240.0,16.055555555555557,99.59045203038336,12.0,14.7,12.0,18,3.0,0.0,1.6,0.0,Low,Low
PD Salt,Delhi Capitals,Chennai Super Kings,2023,2,26.0,185.7142857142857,26.875,124.04507257448437,30.2,26.875,17.0,8,2.0,2.0,2.8,2.0,Low,Low
PP Shaw,Delhi Capitals,Chennai Super Kings,2023,2,54.0,142.10526315789474,24.12857142857143,121.61124673817862,16.4,13.0,27.3,70,7.0,1.0,2.4,0.2,Low,Low
RR Rossouw,Delhi Capitals,Chennai Super Kings,2023,2,82.0,221.6216216216216,20.153846153846157,107.36435192956932,33.0,22.3,16.666666666666668,13,6.0,6.0,2.4,2.0,Low,Low
YV Dhull,Delhi Capitals,Chennai Super Kings,2023,2,1.0,25.0,1.5,37.5,1.5,1.5,0.0,2,0.0,0.0,0.0,0.0,Low,Low
A Badoni,Lucknow Super Giants,Kolkata Knight Riders,2023,1,21.0,190.9090909090909,17.761904761904763,130.18340138094723,27.0,21.2,15.0,21,1.0,2.0,1.2,1.8,Moderate,Low
K Gowtham,Lucknow Super Giants,Kolkata Knight Riders,2023,1,1.0,33.33333333333333,9.36,156.1937728937729,9.6,9.6,8.0,25,0.0,0.0,0.2,0.8,Low,Low
KH Pandya,Lucknow Super Giants,Kolkata Knight Riders,2023,1,49.0,116.66666666666669,15.925531914893616,124.33324811096082,13.6,14.7,14.636363636363637,94,1.0,1.0,1.0,0.2,Low,Low
KS Sharma,Lucknow Super Giants,Kolkata Knight Riders,2023,1,9.0,56.25,6.5,78.125,6.5,6.5,0.0,2,0.0,0.0,0.5,0.0,Low,Low
MP Stoinis,Lucknow Super Giants,Kolkata Knight Riders,2023,1,89.0,189.3617021276596,19.97222222222222,119.37872976917654,30.4,32.5,12.555555555555555,72,4.0,8.0,1.4,2.4,Low,Low
N Pooran,Lucknow Super Giants,Kolkata Knight Riders,2023,1,8.0,100.0,20.89655172413793,135.54238977273084,16.8,22.1,14.857142857142858,58,1.0,0.0,0.8,1.0,High,Low
Naveen-ul-Haq,Lucknow Super Giants,Kolkata Knight Riders,2023,1,13.0,108.33333333333331,13.0,108.33333333333331,13.0,13.0,0.0,1,2.0,0.0,2.0,0.0,Low,Low
PN Mankad,Lucknow Super Giants,Kolkata Knight Riders,2023,1,0.0,0.0,22.666666666666668,180.74074074074076,22.666666666666668,22.666666666666668,0.0,3,0.0,0.0,2.6666666666666665,0.6666666666666666,Moderate,Low
Q de Kock,Lucknow Super Giants,Kolkata Knight Riders,2023,1,16.0,106.66666666666669,30.02083333333333,116.61476417297992,52.2,39.8,32.07692307692308,96,0.0,2.0,4.0,3.4,Moderate,Low
Ravi Bishnoi,Lucknow Super Giants,Kolkata Knight Riders,2023,1,4.0,80.0,2.555555555555556,78.96825396825398,3.0,2.555555555555556,1.0,9,1.0,0.0,0.2,0.0,Low,Low
AD Russell,Kolkata Knight Riders,Lucknow Super Giants,2023,2,2.0,100.0,23.77894736842105,149.09751988557036,22.4,18.4,25.0,95,0.0,0.0,1.2,1.8,Low,Low
JJ Roy,Kolkata Knight Riders,Lucknow Super Giants,2023,2,12.0,80.0,28.45,123.16958533591456,27.2,32.8,0.0,20,1.0,0.0,3.8,1.0,High,High
N Rana,Kolkata Knight Riders,Lucknow Super Giants,2023,2,57.0,129.54545454545453,26.387755102040817,119.6386440670475,35.2,33.5,22.0,98,6.0,1.0,3.6,1.0,Low,Low
RK Singh,Kolkata Knight Riders,Lucknow Super Giants,2023,2,54.0,128.57142857142858,23.5,129.0864413438303,31.2,30.9,23.0,28,4.0,3.0,2.0,1.4,High,Low
Rahmanullah Gurbaz,Kolkata Knight Riders,Lucknow Super Giants,2023,2,1.0,25.0,21.7,96.9417113893858,23.0,21.7,0.0,10,0.0,0.0,1.4,2.0,Low,Low
SN Thakur,Kolkata Knight Riders,Lucknow Super Giants,2023,2,1.0,50.0,9.129032258064516,108.37422119021556,6.8,11.7,1.0,31,0.0,0.0,0.8,0.0,Low,Low
SP Narine,Kolkata Knight Riders,Lucknow Super Giants,2023,2,6.0,120.0,11.483516483516484,119.87671130285018,2.6,4.1,21.5,91,1.0,0.0,0.4,0.0,Low,Low
VG Arora,Kolkata Knight Riders,Lucknow Super Giants,2023,2,2.0,200.0,1.4,66.66666666666666,1.4,1.4,0.0,5,0.0,0.0,0.0,0.0,Low,Low
VR Iyer,Kolkata Knight Riders,Lucknow Super Giants,2023,2,9.0,225.0,26.62857142857143,112.8442238578464,19.0,26.0,0.0,35,2.0,0.0,1.0,0.8,Moderate,Low
AK Markram,Sunrisers Hyderabad,Mumbai Indians,2023,1,18.0,90.0,25.4,120.94627122137902,20.6,19.8,22.0,30,0.0,0.0,1.6,0.2,Low,Low
GD Phillips,Sunrisers Hyderabad,Mumbai Indians,2023,1,5.0,125.0,9.142857142857142,130.4160125588697,9.2,9.142857142857142,4.0,7,1.0,0.0,0.4,1.0,Low,Low
H Klaasen,Sunrisers Hyderabad,Mumbai Indians,2023,1,104.0,203.92156862745097,31.0,151.58833836853248,55.4,43.0,18.0,16,8.0,6.0,3.6,3.4,Low,Low
HC Brook,Sunrisers Hyderabad,Mumbai Indians,2023,1,27.0,142.10526315789474,19.0,87.40853201379517,10.4,19.0,9.0,10,2.0,1.0,1.0,0.2,Low,Low
MA Agarwal,Sunrisers Hyderabad,Mumbai Indians,2023,1,18.0,180.0,21.55555555555556,116.93914270063502,24.4,18.8,21.5,117,2.0,1.0,2.8,0.4,High,Low
Sanvir Singh,Sunrisers Hyderabad,Mumbai Indians,2023,1,7.0,116.66666666666669,7.0,116.66666666666669,7.0,7.0,0.0,1,0.0,1.0,0.0,1.0,Low,Low
Vivrant Sharma,Sunrisers Hyderabad,Mumbai Indians,2023,1,0.0,0.0,0.0,0.0,0.0,0.0,0.0,0,0.0,0.0,0.0,0.0,High,Low
C Green,Mumbai Indians,Sunrisers Hyderabad,2023,2,4.0,66.66666666666666,21.615384615384617,131.0002425521209,7.6,24.7,64.0,13,0.0,0.0,1.0,0.0,High,Low
Ishan Kishan,Mumbai Indians,Sunrisers Hyderabad,2023,2,59.0,151.28205128205127,27.650602409638555,116.29563112647232,42.8,35.2,32.8,83,8.0,1.0,4.8,2.0,Low,Low
RG Sharma,Mumbai Indians,Sunrisers Hyderabad,2023,2,37.0,148.0,26.11914893617021,111.46303387529396,14.6,17.0,17.65,235,1.0,3.0,1.0,1.0,High,Low
SA Yadav,Mumbai Indians,Sunrisers Hyderabad,2023,2,7.0,77.77777777777779,25.65573770491803,134.05448288983604,57.0,47.0,20.466666666666665,122,0.0,0.0,5.8,2.8,Moderate,Low
Anuj Rawat,Royal Challengers Bangalore,Gujarat Titans,2023,1,29.0,263.6363636363636,13.133333333333333,90.31523748119491,13.4,8.4,0.0,15,3.0,2.0,1.0,0.6,Moderate,Low
F du Plessis,Royal Challengers Bangalore,Gujarat Titans,2023,1,71.0,154.34782608695653,33.64754098360656,118.78178060168756,56.0,52.7,22.0,122,7.0,2.0,4.2,1.8,Moderate,Low
GJ Maxwell,Royal Challengers Bangalore,Gujarat Titans,2023,1,5.0,166.66666666666669,22.764705882352946,128.86378053090468,26.2,31.3,36.5,119,1.0,0.0,2.8,1.4,Low,Low
KD Karthik,Royal Challengers Bangalore,Gujarat Titans,2023,1,0.0,0.0,20.43891402714932,118.49586909730868,15.8,13.1,2.0,221,0.0,0.0,1.2,0.8,Low,Low
MG Bracewell,Royal Challengers Bangalore,Gujarat Titans,2023,1,4.0,100.0,10.666666666666666,101.85185185185183,10.666666666666666,10.666666666666666,0.0,3,0.0,0.0,0.3333333333333333,0.3333333333333333,Moderate,Low
MK Lomror,Royal Challengers Bangalore,Gujarat Titans,2023,1,1.0,50.0,16.708333333333332,121.36388865154078,18.6,14.2,16.0,24,0.0,0.0,1.4,1.2,Low,Low
V Kohli,Royal Challengers Bangalore,Gujarat Titans,2023,1,100.0,158.7301587301587,31.18260869565217,116.34230407155898,41.0,37.4,65.5,230,12.0,4.0,4.2,0.8,High,Low
DA Miller,Gujarat Titans,Royal Challengers Bangalore,2023,2,7.0,140.0,23.92920353982301,125.3736845709938,20.2,21.8,24.923076923076923,113,1.0,0.0,1.8,1.0,Low,Low
MD Shanaka,Gujarat Titans,Royal Challengers Bangalore,2023,2,9.0,128.57142857142858,9.0,128.57142857142858,9.0,9.0,0.0,1,1.0,0.0,1.0,0.0,Low,Low
R Tewatia,Gujarat Titans,Royal Challengers Bangalore,2023,2,3.0,100.0,15.148148148148149,130.6076352719824,11.8,10.4,18.0,54,0.0,0.0,0.2,1.2,Low,Low
Shubman Gill,Gujarat Titans,Royal Challengers Bangalore,2023,2,101.0,174.13793103448276,29.83132530120482,117.7229725297245,48.6,46.0,18.2,83,13.0,1.0,4.4,1.6,High,Low
V Shankar,Gujarat Titans,Royal Challengers Bangalore,2023,2,29.0,207.1428571428572,19.693877551020407,121.3015371905096,23.0,23.6,12.0,49,6.0,0.0,2.2,1.2,High,Low
WP Saha,Gujarat Titans,Royal Challengers Bangalore,2023,2,0.0,0.0,20.784615384615385,116.2813099834416,24.8,21.9,18.157894736842103,130,0.0,0.0,3.0,0.8,Low,Low
AM Rahane,Chennai Super Kings,Gujarat Titans,2023,1,16.0,145.45454545454547,27.745222929936304,104.19850023062918,28.8,31.0,0.0,157,1.0,1.0,2.0,1.4,Low,Low
AT Rayudu,Chennai Super Kings,Gujarat Titans,2023,1,4.0,57.14285714285714,23.562841530054644,114.2452079559645,9.6,12.2,29.0,183,0.0,0.0,0.4,0.4,Low,Low
DP Conway,Chennai Super Kings,Gujarat Titans,2023,1,87.0,170.58823529411765,41.85,107.98538061353187,52.6,53.7,3.0,20,11.0,3.0,7.0,0.8,High,Low
MM Ali,Chennai Super Kings,Gujarat Titans,2023,1,1.0,50.0,20.098039215686278,116.1152132396916,9.4,20.8,15.0,51,0.0,0.0,1.0,0.4,Low,Low
MS Dhoni,Chennai Super Kings,Gujarat Titans,2023,1,5.0,166.66666666666669,23.632558139534883,129.84845397228491,8.4,10.3,10.5,215,0.0,0.0,0.2,0.8,Low,Low
RA Jadeja,Chennai Super Kings,Gujarat Titans,2023,1,20.0,285.7142857142857,15.89820359281437,131.23896862080807,19.2,15.3,11.5,167,3.0,1.0,1.4,0.6,Moderate,Low
RD Gaikwad,Chennai Super Kings,Gujarat Titans,2023,1,79.0,158.0,34.91836734693877,109.88642510698224,37.4,31.5,72.66666666666667,49,3.0,7.0,3.4,2.0,High,Low
S Dube,Chennai Super Kings,Gujarat Titans,2023,1,22.0,244.44444444444449,23.844444444444445,126.24379061071151,29.8,33.9,12.666666666666666,45,0.0,3.0,0.4,2.8,Low,Low
DA Miller,Gujarat Titans,Chennai Super Kings,2023,2,6.0,85.71428571428571,23.771929824561404,125.02579510733848,15.0,22.2,30.33333333333333,114,1.0,0.0,1.6,0.6,Low,Low
DG Nalkande,Gujarat Titans,Chennai Super Kings,2023,2,0.0,0.0,0.0,0.0,0.0,0.0,0.0,0,0.0,0.0,0.0,0.0,Low,Low
HH Pandya,Gujarat Titans,Chennai Super Kings,2023,2,8.0,133.33333333333331,19.660869565217396,140.54964045681172,27.0,27.6,13.76923076923077,115,1.0,0.0,2.6,1.0,Low,Low
MD Shanaka,Gujarat Titans,Chennai Super Kings,2023,2,0.0,0.0,4.5,64.28571428571429,4.5,4.5,0.0,2,0.0,0.0,0.5,0.0,Low,Low
Mohammed Shami,Gujarat Titans,Chennai Super Kings,2023,2,0.0,0.0,3.136363636363636,70.45454545454545,2.6,4.4,5.0,22,0.0,0.0,0.0,0.0,Low,Low
Noor Ahmad,Gujarat Titans,Chennai Super Kings,2023,2,0.0,0.0,0.5,16.666666666666664,0.5,0.5,0.0,2,0.0,0.0,0.0,0.0,Low,Low
R Tewatia,Gujarat Titans,Chennai Super Kings,2023,2,4.0,80.0,14.945454545454544,129.68749644885543,12.2,8.6,10.833333333333334,55,0.0,0.0,0.2,1.2,Low,Low
Rashid Khan,Gujarat Titans,Chennai Super Kings,2023,2,0.0,0.0,8.680851063829786,118.69845727558494,17.0,14.6,19.6,47,0.0,0.0,0.6,2.0,Moderate,Low
Shubman Gill,Gujarat Titans,Chennai Super Kings,2023,2,104.0,203.92156862745097,30.714285714285715,118.74914629279266,68.2,49.7,23.545454545454547,84,5.0,8.0,5.2,3.2,High,Low
V Shankar,Gujarat Titans,Chennai Super Kings,2023,2,53.0,151.42857142857142,20.36,121.90407787527084,31.6,28.7,23.142857142857142,50,7.0,2.0,3.4,1.6,Low,Low
WP Saha,Gujarat Titans,Chennai Super Kings,2023,2,12.0,85.71428571428571,20.7175572519084,116.04797392031826,27.2,20.1,21.384615384615383,131,2.0,0.0,3.4,0.8,Low,Low
C Green,Mumbai Indians,Lucknow Super Giants,2023,1,100.0,222.22222222222223,27.214285714285715,137.51609824284245,23.0,34.6,4.0,14,8.0,8.0,1.8,1.6,High,Low
CJ Jordan,Mumbai Indians,Lucknow Super Giants,2023,1,6.0,200.0,7.5,99.25,9.4,7.5,0.0,10,0.0,0.0,0.2,0.6,Low,Low
HR Shokeen,Mumbai Indians,Lucknow Super Giants,2023,1,18.0,138.46153846153845,16.5,120.84726867335564,16.5,16.5,0.0,4,3.0,0.0,2.25,0.0,Low,Low
Ishan Kishan,Mumbai Indians,Lucknow Super Giants,2023,1,14.0,116.66666666666669,27.48809523809524,116.30004821623656,30.6,30.8,26.666666666666668,84,1.0,1.0,3.6,1.4,Low,Low
N Wadhera,Mumbai Indians,Lucknow Super Giants,2023,1,16.0,80.0,26.75,134.9207899943194,37.4,26.75,16.0,8,2.0,0.0,3.6,1.6,Moderate,Low
RG Sharma,Mumbai Indians,Lucknow Super Giants,2023,1,56.0,160.0,26.24576271186441,111.66869898599188,25.8,20.6,27.33333333333333,236,8.0,1.0,2.6,1.2,Low,Low
SA Yadav,Mumbai Indians,Lucknow Super Giants,2023,1,25.0,156.25,25.65040650406504,134.23493424845526,48.8,45.2,17.0,123,4.0,0.0,5.0,2.4,Moderate,Low
TH David,Mumbai Indians,Lucknow Super Giants,2023,1,32.0,177.77777777777777,18.318181818181817,151.38906547997456,11.6,16.8,32.0,22,1.0,3.0,1.0,0.6,Low,Low
Tilak Varma,Mumbai Indians,Lucknow Super Giants,2023,1,26.0,260.0,29.17391304347826,131.93971366516678,19.4,29.5,32.0,23,1.0,3.0,1.2,1.6,Moderate,Low
A Badoni,Lucknow Super Giants,Mumbai Indians,2023,2,25.0,119.04761904761904,18.09090909090909,129.67722945670502,30.4,21.9,14.0,22,2.0,1.0,1.6,2.0,Low,Low
DJ Hooda,Lucknow Super Giants,Mumbai Indians,2023,2,5.0,71.42857142857143,15.011494252873565,116.988716837527,6.0,5.2,14.5,87,0.0,0.0,0.4,0.0,Low,Low
K Gowtham,Lucknow Super Giants,Mumbai Indians,2023,2,11.0,275.0,9.423076923076923,160.76324316708934,10.6,10.7,18.33333333333333,26,1.0,1.0,0.4,0.8,Low,Low
KH Pandya,Lucknow Super Giants,Mumbai Indians,2023,2,9.0,112.5,15.852631578947369,124.20868760452966,14.4,12.2,17.0,95,0.0,1.0,0.8,0.4,Low,Low
KR Mayers,Lucknow Super Giants,Mumbai Indians,2023,2,2.0,14.285714285714285,30.08333333333333,118.23738306913584,23.6,23.5,0.0,12,0.0,0.0,3.2,1.2,Low,Low
MP Stoinis,Lucknow Super Giants,Mumbai Indians,2023,2,0.0,0.0,19.698630136986303,117.74340470384536,27.8,26.0,19.09090909090909,73,0.0,0.0,1.4,2.2,High,Low
Mohsin Khan,Lucknow Super Giants,Mumbai Indians,2023,2,9.0,128.57142857142858,7.666666666666667,126.1904761904762,7.666666666666667,7.666666666666667,0.0,3,1.0,0.0,0.6666666666666666,0.3333333333333333,Low,Low
N Pooran,Lucknow Super Giants,Mumbai Indians,2023,2,58.0,193.33333333333331,21.52542372881356,136.52189729070716,26.6,21.7,19.33333333333333,59,4.0,5.0,1.6,1.8,Low,Low
Naveen-ul-Haq,Lucknow Super Giants,Mumbai Indians,2023,2,2.0,66.66666666666666,7.5,87.5,7.5,7.5,0.0,2,0.0,0.0,1.0,0.0,Low,Low
PN Mankad,Lucknow Super Giants,Mumbai Indians,2023,2,26.0,136.8421052631579,23.5,169.76608187134502,23.5,23.5,0.0,4,5.0,0.0,3.25,0.5,Low,Low
Ravi Bishnoi,Lucknow Super Giants,Mumbai Indians,2023,2,2.0,100.0,2.5,81.07142857142858,2.8,2.5,1.0,10,0.0,0.0,0.2,0.0,Low,Low
B Sai Sudharsan,Gujarat Titans,Mumbai Indians,2023,1,47.0,138.23529411764704,33.45454545454545,126.02823846662052,40.2,33.3,14.0,11,6.0,1.0,3.4,1.0,High,Low
HH Pandya,Gujarat Titans,Mumbai Indians,2023,1,8.0,114.28571428571428,19.560344827586206,140.32322730016432,16.8,27.6,13.666666666666666,116,1.0,0.0,1.4,1.0,Moderate,Low
Rashid Khan,Gujarat Titans,Mumbai Indians,2023,1,30.0,187.5,9.125,120.13182274901024,22.8,14.5,10.2,48,3.0,2.0,1.2,2.4,Low,Low
Shubman Gill,Gujarat Titans,Mumbai Indians,2023,1,42.0,110.5263157894737,30.84705882352941,118.65240711040067,69.4,49.4,28.0,85,4.0,1.0,4.8,3.4,High,Low
WP Saha,Gujarat Titans,Mumbai Indians,2023,1,12.0,109.09090909090908,20.651515151515152,115.9952688837318,21.4,20.9,25.6875,132,2.0,0.0,2.8,0.8,Low,Low
C Green,Mumbai Indians,Gujarat Titans,2023,2,41.0,178.26086956521738,28.133333333333333,140.23241633100076,30.0,32.3,18.0,15,6.0,1.0,2.8,1.8,Moderate,Moderate
CJ Jordan,Mumbai Indians,Gujarat Titans,2023,2,4.0,57.14285714285714,7.181818181818182,95.42207792207792,9.4,7.6,0.0,11,0.0,0.0,0.2,0.6,Low,Low
JP Behrendorff,Mumbai Indians,Gujarat Titans,2023,2,3.0,75.0,3.0,75.0,3.0,3.0,3.0,1,0.0,0.0,0.0,0.0,Low,Low
K Kartikeya,Mumbai Indians,Gujarat Titans,2023,2,3.0,60.0,3.0,60.0,3.0,3.0,0.0,1,0.0,0.0,0.0,0.0,Low,Low
N Wadhera,Mumbai Indians,Gujarat Titans,2023,2,23.0,191.66666666666669,26.33333333333333,141.22588740235798,34.0,26.33333333333333,27.5,9,2.0,2.0,3.4,1.4,Low,Low
PP Chawla,Mumbai Indians,Gujarat Titans,2023,2,2.0,100.0,7.708860759493671,108.80988718513704,5.8,7.9,18.0,79,0.0,0.0,0.4,0.2,Low,Low
RG Sharma,Mumbai Indians,Gujarat Titans,2023,2,11.0,110.0,26.18143459915612,111.66165806200034,28.0,18.9,24.666666666666668,237,1.0,1.0,2.8,1.4,Low,Low
SA Yadav,Mumbai Indians,Gujarat Titans,2023,2,33.0,165.0,25.70967741935484,134.48303961741934,50.2,47.8,46.333333333333336,124,2.0,2.0,4.8,2.8,High,Low
TH David,Mumbai Indians,Gujarat Titans,2023,2,13.0,100.0,18.08695652173913,149.15475828519308,10.4,15.7,16.333333333333332,23,1.0,0.0,0.6,0.6,Low,Low
Tilak Varma,Mumbai Indians,Gujarat Titans,2023,2,26.0,118.1818181818182,29.041666666666668,131.36646802002724,17.2,30.0,11.5,24,0.0,2.0,0.8,1.2,High,Low
Vishnu Vinod,Mumbai Indians,Gujarat Titans,2023,2,2.0,66.66666666666666,10.2,97.66666666666666,10.2,10.2,30.0,5,0.0,0.0,0.6,0.6,Low,Low
B Sai Sudharsan,Gujarat Titans,Chennai Super Kings,2023,1,43.0,138.70967741935485,34.25,127.08502504601503,36.4,36.5,22.0,12,5.0,1.0,3.6,0.8,High,Low
HH Pandya,Gujarat Titans,Chennai Super Kings,2023,1,28.0,233.33333333333331,19.632478632478637,141.11818547138802,14.6,27.6,13.357142857142858,117,2.0,2.0,1.2,0.8,Moderate,Low
Rashid Khan,Gujarat Titans,Chennai Super Kings,2023,1,5.0,250.0,9.040816326530612,122.78219371331616,23.4,15.0,21.33333333333333,49,1.0,0.0,1.4,2.4,Low,Low
Shubman Gill,Gujarat Titans,Chennai Super Kings,2023,1,129.0,218.64406779661016,31.98837209302325,119.81510083931008,76.4,62.3,25.08333333333333,86,7.0,10.0,5.8,4.0,Moderate,Low
WP Saha,Gujarat Titans,Chennai Super Kings,2023,1,18.0,112.5,20.63157894736842,115.9689886665609,8.8,18.0,20.714285714285715,133,3.0,0.0,1.4,0.0,High,Low
AM Rahane,Chennai Super Kings,Gujarat Titans,2023,2,17.0,170.0,27.67721518987342,104.61496541904292,18.0,29.9,17.0,158,0.0,1.0,0.8,0.6,Moderate,Low
AT Rayudu,Chennai Super Kings,Gujarat Titans,2023,2,17.0,188.88888888888889,23.52717391304348,114.6508801349478,11.2,12.7,25.0,184,1.0,1.0,0.4,0.6,Low,Low
DP Conway,Chennai Super Kings,Gujarat Titans,2023,2,40.0,117.64705882352942,41.76190476190476,108.44546052829368,42.2,52.7,15.333333333333334,21,4.0,0.0,4.6,0.6,High,Low
MS Dhoni,Chennai Super Kings,Gujarat Titans,2023,2,1.0,50.0,23.52777777777778,129.47878520389472,6.0,9.0,7.333333333333333,216,0.0,0.0,0.2,0.4,Low,Low
RA Jadeja,Chennai Super Kings,Gujarat Titans,2023,2,22.0,137.5,15.93452380952381,131.27623666473184,19.0,17.4,15.0,168,2.0,0.0,1.2,0.6,Low,Low
RD Gaikwad,Chennai Super Kings,Gujarat Titans,2023,2,60.0,139.53488372093022,35.42,110.4793942792612,42.0,36.7,69.5,50,7.0,1.0,4.0,2.0,Moderate,Low
S Dube,Chennai Super Kings,Gujarat Titans,2023,2,1.0,33.33333333333333,23.347826086956523,124.22399806120328,24.4,31.2,9.75,46,0.0,0.0,0.2,2.4,Moderate,Low
Anuj Rawat,Royal Challengers Bengaluru,Chennai Super Kings,2024,1,23.0,153.33333333333334,13.75,94.25386847195358,15.0,9.5,12.0,16,1.0,1.0,1.0,0.8,High,Low
C Green,Royal Challengers Bengaluru,Chennai Super Kings,2024,1,30.0,157.89473684210526,28.25,141.3363113629448,35.6,28.6,9.0,16,2.0,2.0,3.2,2.2,Low,Low
F du Plessis,Royal Challengers Bengaluru,Chennai Super Kings,2024,1,28.0,147.36842105263156,33.60162601626016,119.01419231267086,52.8,53.3,36.0,123,5.0,0.0,5.0,1.6,Moderate,Low
GJ Maxwell,Royal Challengers Bengaluru,Chennai Super Kings,2024,1,11.0,220.00000000000003,22.666666666666668,129.6232490264805,27.6,30.0,30.33333333333333,120,1.0,1.0,3.0,1.6,Low,Low
KD Karthik,Royal Challengers Bengaluru,Chennai Super Kings,2024,1,0.0,0.0,20.346846846846848,117.96210392119468,11.4,13.0,23.27586206896552,222,0.0,0.0,1.0,0.6,Moderate,Low
RM Patidar,Royal Challengers Bengaluru,Chennai Super Kings,2024,1,58.0,138.0952380952381,36.72727272727273,126.93488457616832,53.0,39.6,21.0,11,4.0,3.0,4.4,3.0,Low,Low
V Kohli,Royal Challengers Bengaluru,Chennai Super Kings,2024,1,101.0,165.5737704918033,31.484848484848484,116.55542730281546,55.0,42.5,32.833333333333336,231,13.0,1.0,6.2,1.0,Moderate,Low
AM Rahane,Chennai Super Kings,Royal Challengers Bengaluru,2024,2,27.0,207.6923076923077,27.67295597484277,105.26325059057288,20.4,26.5,0.0,159,2.0,2.0,1.2,1.0,Moderate,Low
DJ Mitchell,Chennai Super Kings,Royal Challengers Bengaluru,2024,2,17.0,85.0,16.5,75.83333333333333,16.5,16.5,0.0,2,1.0,0.0,0.5,0.0,Moderate,Low
R Ravindra,Chennai Super Kings,Royal Challengers Bengaluru,2024,2,0.0,0.0,0.0,0.0,0.0,0.0,0.0,0,0.0,0.0,0.0,0.0,Moderate,Low
RA Jadeja,Chennai Super Kings,Royal Challengers Bengaluru,2024,2,15.0,250.0,15.928994082840235,131.97874414008845,19.6,18.6,0.0,169,1.0,1.0,1.4,0.8,Moderate,Low
RD Gaikwad,Chennai Super Kings,Royal Challengers Bengaluru,2024,2,26.0,162.5,35.23529411764706,111.49940615613843,41.2,39.0,0.0,51,3.0,1.0,3.8,1.8,Low,Low
S Dube,Chennai Super Kings,Royal Challengers Bengaluru,2024,2,32.0,152.38095238095238,23.53191489361702,124.82308219566605,25.6,33.6,0.0,47,0.0,2.0,0.2,2.2,Moderate,Low
AR Patel,Delhi Capitals,Punjab Kings,2024,1,15.0,187.5,14.18,127.34687868353537,14.4,22.9,9.0,100,1.0,1.0,1.0,0.8,Moderate,Low
Abishek Porel,Delhi Capitals,Punjab Kings,2024,1,5.0,62.5,8.25,88.85732323232324,8.25,8.25,0.0,4,0.0,0.0,0.25,0.5,Moderate,Low
DA Warner,Delhi Capitals,Punjab Kings,2024,1,86.0,148.27586206896552,35.74860335195531,120.79176216763848,41.6,30.7,33.166666666666664,179,7.0,5.0,5.0,1.8,Moderate,Low
Kuldeep Yadav,Delhi Capitals,Punjab Kings,2024,1,0.0,0.0,5.037037037037037,70.77470364364069,2.8,3.1,6.0,27,0.0,0.0,0.2,0.0,Low,Low
MR Marsh,Delhi Capitals,Punjab Kings,2024,1,3.0,75.0,18.875,104.39050725855274,24.4,12.8,33.0,32,0.0,0.0,2.0,1.4,Moderate,Low
RK Bhui,Delhi Capitals,Punjab Kings,2024,1,7.0,58.333333333333336,3.5,29.166666666666668,3.5,3.5,0.0,2,0.0,0.0,0.0,0.0,Low,Low
RR Pant,Delhi Capitals,Punjab Kings,2024,1,39.0,118.1818181818182,28.51,133.7474544941879,21.2,25.7,12.0,100,4.0,1.0,1.8,1.4,Low,Low
SD Hope,Delhi Capitals,Punjab Kings,2024,1,0.0,0.0,0.0,0.0,0.0,0.0,0.0,0,0.0,0.0,0.0,0.0,Moderate,Low
Sumit Kumar,Delhi Capitals,Punjab Kings,2024,1,0.0,0.0,0.0,0.0,0.0,0.0,0.0,0,0.0,0.0,0.0,0.0,Low,Low
T Stubbs,Delhi Capitals,Punjab Kings,2024,1,20.0,95.23809523809524,6.75,61.30952380952381,6.75,6.75,0.0,4,2.0,0.0,0.5,0.0,Low,Low
Harpreet Brar,Punjab Kings,Delhi Capitals,2024,2,0.0,0.0,9.294117647058824,120.23978631700358,7.4,6.0,5.4,17,0.0,0.0,0.8,0.2,Low,Low
JM Bairstow,Punjab Kings,Delhi Capitals,2024,2,23.0,153.33333333333334,33.1025641025641,127.8885614741905,34.8,24.5,36.16666666666666,39,5.0,0.0,4.2,1.8,Low,Low
JM Sharma,Punjab Kings,Delhi Capitals,2024,2,44.0,157.14285714285714,22.625,157.50858299624818,23.8,23.2,20.25,24,3.0,3.0,1.8,1.4,Low,Low
LS Livingstone,Punjab Kings,Delhi Capitals,2024,2,9.0,69.23076923076923,25.875,139.59575727418598,40.8,32.8,19.666666666666668,32,1.0,0.0,3.4,2.6,Moderate,Low
P Simran Singh,Punjab Kings,Delhi Capitals,2024,2,2.0,100.0,21.1,113.12491030641186,29.6,27.5,45.66666666666666,20,0.0,0.0,3.6,1.2,Moderate,Low
S Dhawan,Punjab Kings,Delhi Capitals,2024,2,17.0,154.54545454545453,30.493087557603687,111.9280823476481,22.2,33.3,8.75,217,2.0,1.0,3.2,0.6,Moderate,Low
SM Curran,Punjab Kings,Delhi Capitals,2024,2,49.0,158.06451612903226,17.02777777777778,135.19684084484004,22.6,22.7,12.285714285714286,36,4.0,2.0,1.4,0.8,High,Low
Shashank Singh,Punjab Kings,Delhi Capitals,2024,2,11.0,91.66666666666666,13.8,174.20634920634922,13.8,13.8,10.0,5,1.0,0.0,1.0,0.8,Low,Low
AD Russell,Kolkata Knight Riders,Sunrisers Hyderabad,2024,1,7.0,77.77777777777779,23.604166666666668,148.35460590528086,17.0,18.8,17.214285714285715,96,0.0,1.0,0.8,1.4,High,Low
MA Starc,Kolkata Knight Riders,Sunrisers Hyderabad,2024,1,1.0,100.0,8.727272727272727,98.85740857607864,5.0,7.8,5.5,11,0.0,0.0,0.4,0.0,Low,Low
N Rana,Kolkata Knight Riders,Sunrisers Hyderabad,2024,1,8.0,80.0,26.2020202020202,119.23825372293592,36.0,26.8,35.8,99,1.0,0.0,3.6,1.0,Low,Low
PD Salt,Kolkata Knight Riders,Sunrisers Hyderabad,2024,1,3.0,50.0,24.22222222222222,115.81784228843054,30.8,24.22222222222222,29.5,9,0.0,0.0,2.8,2.0,High,Low
RK Singh,Kolkata Knight Riders,Sunrisers Hyderabad,2024,1,67.0,203.03030303030303,25.0,131.6362296778466,40.8,31.8,34.75,29,6.0,4.0,3.2,2.0,Moderate,Low
Ramandeep Singh,Kolkata Knight Riders,Sunrisers Hyderabad,2024,1,13.0,260.0,11.25,154.58333333333334,11.25,11.25,14.0,4,2.0,0.0,0.75,0.25,Moderate,Low
SP Narine,Kolkata Knight Riders,Sunrisers Hyderabad,2024,1,1.0,50.0,11.369565217391305,119.11718183216702,2.4,2.1,8.153846153846153,92,0.0,0.0,0.4,0.0,Low,Low
SS Iyer,Kolkata Knight Riders,Sunrisers Hyderabad,2024,1,50.0,172.41379310344826,27.524752475247524,109.97439304923864,22.2,33.2,28.066666666666663,101,4.0,3.0,2.2,0.8,Low,Low
VR Iyer,Kolkata Knight Riders,Sunrisers Hyderabad,2024,1,24.0,160.0,26.55555555555556,114.15410652846175,21.6,27.4,7.6,36,3.0,1.0,1.6,1.0,Low,Low
AK Markram,Sunrisers Hyderabad,Kolkata Knight Riders,2024,2,13.0,185.7142857142857,25.0,123.0355620114728,15.0,16.1,41.8,31,0.0,1.0,0.8,0.4,Low,Low
Abdul Samad,Sunrisers Hyderabad,Kolkata Knight Riders,2024,2,4.0,133.33333333333331,14.178571428571429,125.6453110814218,21.4,17.3,18.0,28,1.0,0.0,1.2,1.6,Low,Low
Abhishek Sharma,Sunrisers Hyderabad,Kolkata Knight Riders,2024,2,11.0,78.57142857142857,19.844444444444445,117.71568700319654,17.4,22.6,15.833333333333334,45,2.0,0.0,2.0,0.4,Moderate,Low
H Klaasen,Sunrisers Hyderabad,Kolkata Knight Riders,2024,2,18.0,150.0,30.235294117647054,151.49490669979528,51.8,43.2,23.33333333333333,17,2.0,0.0,3.8,2.8,High,Low
M Jansen,Sunrisers Hyderabad,Kolkata Knight Riders,2024,2,3.0,50.0,4.8,79.56060606060605,5.2,4.8,0.6666666666666666,10,0.0,0.0,0.2,0.0,Low,Low
MA Agarwal,Sunrisers Hyderabad,Kolkata Knight Riders,2024,2,83.0,180.43478260869568,22.07627118644068,117.47724134392368,31.4,27.0,19.25,118,8.0,4.0,3.6,1.0,Moderate,Low
PJ Cummins,Sunrisers Hyderabad,Kolkata Knight Riders,2024,2,0.0,0.0,13.06896551724138,128.3397439837602,12.6,15.6,3.0,29,0.0,0.0,1.0,1.2,Low,Low
RA Tripathi,Sunrisers Hyderabad,Kolkata Knight Riders,2024,2,15.0,125.0,23.804597701149422,126.98783002583438,20.6,16.5,30.8,87,2.0,1.0,2.2,1.0,Moderate,Low
Shahbaz Ahmed,Sunrisers Hyderabad,Kolkata Knight Riders,2024,2,2.0,40.0,12.84,105.45153949364476,8.2,6.6,10.75,25,0.0,0.0,0.6,0.2,Low,Low
Dhruv Jurel,Rajasthan Royals,Lucknow Super Giants,2024,1,10.0,250.0,13.818181818181818,146.2987012987013,11.2,12.0,0.0,11,0.0,1.0,0.8,0.6,Moderate,Low
JC Buttler,Rajasthan Royals,Lucknow Super Giants,2024,1,0.0,0.0,33.583333333333336,129.14327896923942,20.6,18.8,18.33333333333333,96,0.0,0.0,2.4,0.8,Low,Low
R Parag,Rajasthan Royals,Lucknow Super Giants,2024,1,20.0,181.8181818181818,13.636363636363637,109.90429295172208,10.2,10.7,14.0,44,1.0,2.0,0.4,0.6,High,Low
SO Hetmyer,Rajasthan Royals,Lucknow Super Giants,2024,1,46.0,164.28571428571428,20.178571428571427,135.8102500076724,20.6,20.2,30.5,56,4.0,3.0,1.0,1.6,Low,Low
SV Samson,Rajasthan Royals,Lucknow Super Giants,2024,1,2.0,66.66666666666666,26.448979591836736,116.84986435861974,30.0,26.5,15.666666666666666,147,0.0,0.0,2.0,2.2,High,Low
YBK Jaiswal,Rajasthan Royals,Lucknow Super Giants,2024,1,50.0,138.88888888888889,31.67567567567568,123.48800916474852,39.4,49.0,42.5,37,8.0,0.0,5.4,1.6,Moderate,Low
A Badoni,Lucknow Super Giants,Rajasthan Royals,2024,2,1.0,14.285714285714285,17.347826086956523,124.66020705796628,22.0,19.7,2.0,23,0.0,0.0,1.0,1.4,Low,Low
D Padikkal,Lucknow Super Giants,Rajasthan Royals,2024,2,51.0,170.0,26.68421052631579,108.12546387125856,19.2,25.9,55.25,57,5.0,3.0,2.4,0.6,Low,Low
DJ Hooda,Lucknow Super Giants,Rajasthan Royals,2024,2,15.0,115.38461538461536,15.011363636363637,116.97048841192571,8.6,6.5,21.571428571428573,88,0.0,1.0,0.4,0.2,Moderate,Low
KH Pandya,Lucknow Super Giants,Rajasthan Royals,2024,2,8.0,72.72727272727273,15.770833333333334,123.67242286622488,13.2,13.0,13.0,96,1.0,0.0,0.4,0.4,Low,Low
KL Rahul,Lucknow Super Giants,Rajasthan Royals,2024,2,0.0,0.0,37.9,120.54873088248875,38.6,35.3,41.35714285714285,110,0.0,0.0,4.2,0.6,High,Low
MP Stoinis,Lucknow Super Giants,Rajasthan Royals,2024,2,40.0,148.14814814814815,19.97297297297297,118.15427961525488,34.6,28.5,20.8,74,5.0,1.0,2.2,2.4,Low,Low
N Pooran,Lucknow Super Giants,Rajasthan Royals,2024,2,0.0,0.0,21.166666666666668,134.24653233586204,22.6,21.7,15.625,60,0.0,0.0,1.6,1.8,High,Low
Q de Kock,Lucknow Super Giants,Rajasthan Royals,2024,2,28.0,107.6923076923077,30.0,116.5227800855503,29.8,38.0,39.888888888888886,97,0.0,2.0,2.0,1.8,Low,Low
Azmatullah Omarzai,Gujarat Titans,Mumbai Indians,2024,1,0.0,0.0,0.0,0.0,0.0,0.0,0.0,0,0.0,0.0,0.0,0.0,Low,Low
B Sai Sudharsan,Gujarat Titans,Mumbai Indians,2024,1,96.0,204.25531914893617,39.0,133.02120151547052,45.0,44.1,28.5,13,8.0,6.0,4.6,1.6,High,Low
DA Miller,Gujarat Titans,Mumbai Indians,2024,1,4.0,66.66666666666666,23.6,124.51832442524568,15.8,20.9,24.266666666666666,115,0.0,0.0,1.6,0.6,Low,Low
R Tewatia,Gujarat Titans,Mumbai Indians,2024,1,3.0,60.0,14.732142857142858,128.44307686941158,8.8,8.7,10.5,56,0.0,0.0,0.2,0.6,Moderate,Low
Rashid Khan,Gujarat Titans,Mumbai Indians,2024,1,0.0,0.0,8.86,120.32654983904985,22.8,14.9,9.727272727272728,50,0.0,0.0,1.4,2.4,Low,Low
Shubman Gill,Gujarat Titans,Mumbai Indians,2024,1,39.0,195.0,32.06896551724138,120.6792950825364,83.0,60.6,37.18181818181818,87,7.0,0.0,7.2,4.0,Moderate,Low
V Shankar,Gujarat Titans,Mumbai Indians,2024,1,14.0,140.0,20.235294117647054,122.2588998777165,30.6,30.1,19.0,51,0.0,1.0,3.2,1.6,Low,Low
WP Saha,Gujarat Titans,Mumbai Indians,2024,1,54.0,138.46153846153845,20.88059701492537,116.13684351577716,19.2,23.0,25.235294117647054,134,5.0,1.0,2.4,0.2,Low,Low
D Brevis,Mumbai Indians,Gujarat Titans,2024,2,37.0,112.12121212121212,23.0,127.01206562860698,24.8,23.0,0.0,7,1.0,3.0,2.2,1.8,High,Low
G Coetzee,Mumbai Indians,Gujarat Titans,2024,2,0.0,0.0,0.0,0.0,0.0,0.0,0.0,0,0.0,0.0,0.0,0.0,Low,Low
HH Pandya,Mumbai Indians,Gujarat Titans,2024,2,21.0,175.0,19.64406779661017,141.40531949281691,13.8,23.1,0.0,118,0.0,2.0,1.0,0.8,Low,Low
Ishan Kishan,Mumbai Indians,Gujarat Titans,2024,2,15.0,125.0,27.341176470588238,116.40240059016315,32.2,28.5,29.666666666666668,85,3.0,0.0,4.0,1.4,Low,Low
JJ Bumrah,Mumbai Indians,Gujarat Titans,2024,2,0.0,0.0,2.5454545454545454,65.09641873278237,1.0,1.5,0.0,22,0.0,0.0,0.2,0.0,Low,Low
Naman Dhir,Mumbai Indians,Gujarat Titans,2024,2,0.0,0.0,0.0,0.0,0.0,0.0,0.0,0,0.0,0.0,0.0,0.0,Moderate,Low
PP Chawla,Mumbai Indians,Gujarat Titans,2024,2,0.0,0.0,7.6125,107.44976359532282,5.0,6.7,9.0,80,0.0,0.0,0.2,0.2,Low,Low
RG Sharma,Mumbai Indians,Gujarat Titans,2024,2,8.0,114.28571428571428,26.105042016806724,111.67268350831849,28.2,15.3,20.5,238,1.0,0.0,2.8,1.4,High,Low
SZ Mulani,Mumbai Indians,Gujarat Titans,2024,2,0.0,0.0,0.0,0.0,0.0,0.0,0.0,0,0.0,0.0,0.0,0.0,Low,Low
TH David,Mumbai Indians,Gujarat Titans,2024,2,2.0,66.66666666666666,17.416666666666668,145.71775446775447,10.4,14.3,12.75,24,0.0,0.0,0.6,0.6,Low,Low
Tilak Varma,Mumbai Indians,Gujarat Titans,2024,2,43.0,307.1428571428572,29.6,138.39752358494044,25.2,25.9,22.0,25,5.0,3.0,1.8,1.8,Moderate,Low
Harpreet Brar,Punjab Kings,Royal Challengers Bengaluru,2024,1,2.0,100.0,8.88888888888889,119.11535374383672,5.2,5.5,0.0,18,0.0,0.0,0.6,0.2,Low,Low
JM Bairstow,Punjab Kings,Royal Challengers Bengaluru,2024,1,9.0,300.0,32.5,132.19134743733574,36.4,24.2,0.0,40,2.0,0.0,4.6,1.8,Low,Low
JM Sharma,Punjab Kings,Royal Challengers Bengaluru,2024,1,9.0,100.0,22.08,155.20823967639825,15.8,23.9,0.0,25,1.0,0.0,1.0,1.0,Moderate,Low
LS Livingstone,Punjab Kings,Royal Challengers Bengaluru,2024,1,38.0,180.95238095238096,26.24242424242424,140.84898829473735,32.0,31.7,0.0,33,2.0,3.0,2.4,2.4,Low,Low
P Simran Singh,Punjab Kings,Royal Challengers Bengaluru,2024,1,26.0,152.94117647058823,21.33333333333333,115.02092298089644,33.0,29.7,0.0,21,5.0,0.0,4.4,1.2,Moderate,Low
S Dhawan,Punjab Kings,Royal Challengers Bengaluru,2024,1,22.0,137.5,30.45412844036697,112.04538472220018,20.6,26.9,0.0,218,4.0,0.0,3.0,0.6,High,Low
SM Curran,Punjab Kings,Royal Challengers Bengaluru,2024,1,63.0,134.04255319148936,18.27027027027027,135.16564388123595,29.4,26.8,0.0,37,6.0,1.0,2.4,0.8,Moderate,Low
Shashank Singh,Punjab Kings,Royal Challengers Bengaluru,2024,1,0.0,0.0,11.5,145.17195767195767,8.8,11.5,0.0,6,0.0,0.0,0.8,0.2,Moderate,Low
Anuj Rawat,Royal Challengers Bengaluru,Punjab Kings,2024,2,48.0,192.0,15.764705882352942,100.00364091477984,22.8,14.3,21.0,17,4.0,3.0,1.8,1.4,Low,Low
C Green,Royal Challengers Bengaluru,Punjab Kings,2024,2,18.0,81.81818181818183,27.647058823529413,137.8352449191352,38.6,27.1,45.0,17,1.0,0.0,3.4,2.2,Low,Low
F du Plessis,Royal Challengers Bengaluru,Punjab Kings,2024,2,35.0,152.17391304347828,33.61290322580645,119.28160941533864,50.8,50.6,58.8,124,8.0,0.0,5.6,1.4,Low,Low
GJ Maxwell,Royal Challengers Bengaluru,Punjab Kings,2024,2,0.0,0.0,22.479338842975206,128.55198250560048,27.6,22.4,23.0,121,0.0,0.0,3.0,1.6,Low,Low
KD Karthik,Royal Challengers Bengaluru,Punjab Kings,2024,2,38.0,146.15384615384613,20.426008968609864,118.08852428995095,15.8,16.8,14.6,223,3.0,2.0,1.4,0.8,Moderate,Low
MK Lomror,Royal Challengers Bengaluru,Punjab Kings,2024,2,1.0,33.33333333333333,16.08,117.84266643881249,12.0,13.5,18.666666666666668,25,0.0,0.0,1.2,0.6,Low,Low
RM Patidar,Royal Challengers Bengaluru,Punjab Kings,2024,2,0.0,0.0,33.666666666666664,116.35697752815427,48.8,39.5,28.5,12,0.0,0.0,4.2,2.8,Low,Low
V Kohli,Royal Challengers Bengaluru,Punjab Kings,2024,2,21.0,105.0,31.439655172413797,116.5056194265102,48.2,44.0,36.0,232,0.0,1.0,5.2,1.2,High,Low
AM Rahane,Chennai Super Kings,Gujarat Titans,2024,1,27.0,142.10526315789474,27.66875,105.49351316911866,21.6,26.1,22.0,160,0.0,2.0,1.0,1.2,Low,Low
DJ Mitchell,Chennai Super Kings,Gujarat Titans,2024,1,22.0,122.22222222222224,18.33333333333333,91.2962962962963,18.33333333333333,18.33333333333333,0.0,3,0.0,2.0,0.3333333333333333,0.6666666666666666,Moderate,Low
R Ravindra,Chennai Super Kings,Gujarat Titans,2024,1,37.0,246.66666666666669,37.0,246.66666666666669,37.0,37.0,0.0,1,3.0,3.0,3.0,3.0,High,Low
RA Jadeja,Chennai Super Kings,Gujarat Titans,2024,1,25.0,147.05882352941177,15.98235294117647,132.0674504894374,20.4,18.6,15.0,170,0.0,1.0,1.2,0.8,Low,Low
RD Gaikwad,Chennai Super Kings,Gujarat Titans,2024,1,15.0,100.0,34.84615384615385,111.27826373005884,39.4,37.0,60.8,52,3.0,0.0,3.6,1.8,High,High
S Dube,Chennai Super Kings,Gujarat Titans,2024,1,34.0,121.42857142857142,23.75,124.75236322135156,27.4,31.8,14.2,48,4.0,1.0,1.0,1.8,High,Low
Sameer Rizvi,Chennai Super Kings,Gujarat Titans,2024,1,0.0,0.0,0.0,0.0,0.0,0.0,0.0,0,0.0,0.0,0.0,0.0,Low,Low
Azmatullah Omarzai,Gujarat Titans,Chennai Super Kings,2024,2,17.0,154.54545454545453,17.0,154.54545454545453,17.0,17.0,0.0,1,1.0,1.0,1.0,1.0,Low,Low
B Sai Sudharsan,Gujarat Titans,Chennai Super Kings,2024,2,45.0,115.38461538461536,39.42857142857143,131.76144536326655,50.2,42.1,59.0,14,3.0,1.0,4.8,1.8,Moderate,Low
DA Miller,Gujarat Titans,Chennai Super Kings,2024,2,12.0,109.09090909090908,23.5,124.3853294654669,14.0,17.5,28.307692307692307,116,1.0,0.0,1.4,0.4,Moderate,Low
R Tewatia,Gujarat Titans,Chennai Super Kings,2024,2,22.0,157.14285714285714,14.859649122807015,128.9465817864896,9.2,9.4,9.714285714285714,57,2.0,1.0,0.6,0.2,Low,Low
Rashid Khan,Gujarat Titans,Chennai Super Kings,2024,2,4.0,133.33333333333331,8.764705882352942,120.58158480952598,7.8,13.4,18.285714285714285,51,0.0,0.0,0.8,0.4,Low,Low
SH Johnson,Gujarat Titans,Chennai Super Kings,2024,2,0.0,0.0,0.0,0.0,0.0,0.0,0.0,0,0.0,0.0,0.0,0.0,Low,Low
Shubman Gill,Gujarat Titans,Chennai Super Kings,2024,2,31.0,140.9090909090909,32.05681818181818,120.90917912602,69.0,58.8,26.153846153846157,88,3.0,1.0,5.2,4.0,Low,Low
UT Yadav,Gujarat Titans,Chennai Super Kings,2024,2,4.0,100.0,4.260869565217392,93.82520860781732,3.8,5.6,2.333333333333333,46,0.0,0.0,0.2,0.0,Low,Low
V Shankar,Gujarat Titans,Chennai Super Kings,2024,2,6.0,120.0,19.96153846153846,122.21545949545272,21.6,28.0,22.0,52,0.0,0.0,2.8,0.6,Low,Low
WP Saha,Gujarat Titans,Chennai Super Kings,2024,2,19.0,126.66666666666666,20.866666666666667,116.21484220578374,23.0,23.9,22.933333333333334,135,4.0,0.0,3.2,0.2,Moderate,Low
AK Markram,Sunrisers Hyderabad,Mumbai Indians,2024,1,18.0,138.46153846153845,24.78125,123.51762377553734,17.4,15.7,19.75,32,2.0,0.0,1.0,0.4,High,Low
Abhishek Sharma,Sunrisers Hyderabad,Mumbai Indians,2024,1,32.0,168.42105263157893,20.108695652173918,118.8179775603353,22.0,22.6,10.285714285714286,46,4.0,2.0,2.6,0.8,High,Low
H Klaasen,Sunrisers Hyderabad,Mumbai Indians,2024,1,63.0,217.24137931034485,32.05555555555556,155.14748851149247,59.2,45.9,18.0,18,0.0,8.0,3.4,4.0,High,Low
MA Agarwal,Sunrisers Hyderabad,Mumbai Indians,2024,1,32.0,152.38095238095238,22.159663865546214,117.77054984003315,37.4,27.5,25.11764705882353,119,4.0,1.0,4.4,1.2,Low,Low
TM Head,Sunrisers Hyderabad,Mumbai Indians,2024,1,2.0,100.0,20.5,108.97476282582666,18.2,20.5,24.5,10,0.0,0.0,0.8,1.0,High,Low
HH Pandya,Mumbai Indians,Sunrisers Hyderabad,2024,2,11.0,275.0,19.571428571428573,142.52796386682687,15.2,22.9,12.928571428571429,119,1.0,1.0,1.0,1.0,Moderate,Low
Ishan Kishan,Mumbai Indians,Sunrisers Hyderabad,2024,2,0.0,0.0,27.023255813953487,115.04888430423104,23.8,28.4,31.09090909090909,86,0.0,0.0,3.2,0.6,Moderate,Low
Naman Dhir,Mumbai Indians,Sunrisers Hyderabad,2024,2,20.0,200.0,20.0,200.0,20.0,20.0,0.0,1,3.0,1.0,3.0,1.0,Moderate,Low
R Shepherd,Mumbai Indians,Sunrisers Hyderabad,2024,2,0.0,0.0,14.5,104.76190476190476,14.5,14.5,0.0,4,0.0,0.0,0.5,1.25,Low,Low
RG Sharma,Mumbai Indians,Sunrisers Hyderabad,2024,2,43.0,148.27586206896552,26.175732217573223,111.82583488304924,31.0,19.4,19.476190476190474,239,7.0,1.0,3.6,1.2,Moderate,Low
TH David,Mumbai Indians,Sunrisers Hyderabad,2024,2,11.0,110.0,17.16,144.28904428904428,12.6,12.9,31.0,25,1.0,0.0,0.8,0.6,High,Low
Tilak Varma,Mumbai Indians,Sunrisers Hyderabad,2024,2,25.0,131.57894736842107,29.423076923076923,138.13527065353583,29.8,26.2,22.5,26,1.0,1.0,2.0,2.0,High,Low
Dhruv Jurel,Rajasthan Royals,Delhi Capitals,2024,1,20.0,166.66666666666669,14.333333333333334,147.99603174603175,8.4,13.2,8.0,12,1.0,1.0,0.4,0.4,Moderate,Low
JC Buttler,Rajasthan Royals,Delhi Capitals,2024,1,11.0,122.22222222222224,33.350515463917525,129.0719278687547,21.2,19.9,39.833333333333336,97,2.0,0.0,2.4,0.8,Low,Low
R Ashwin,Rajasthan Royals,Delhi Capitals,2024,1,2.0,33.33333333333333,8.814814814814815,108.30215624104936,5.2,7.3,23.0,81,0.0,0.0,0.6,0.0,Moderate,Low
R Parag,Rajasthan Royals,Delhi Capitals,2024,1,43.0,148.27586206896552,14.28888888888889,110.75699448766083,17.4,14.0,10.714285714285714,45,1.0,3.0,0.6,1.2,High,Low
SO Hetmyer,Rajasthan Royals,Delhi Capitals,2024,1,5.0,71.42857142857143,19.912280701754387,134.68074687470573,20.0,17.7,20.0,57,0.0,0.0,1.0,1.4,Low,Low
SV Samson,Rajasthan Royals,Delhi Capitals,2024,1,82.0,160.7843137254902,26.824324324324323,117.14671874623376,40.4,28.7,20.125,148,3.0,6.0,2.0,3.2,Low,Low
YBK Jaiswal,Rajasthan Royals,Delhi Capitals,2024,1,24.0,200.0,31.473684210526315,125.50148260778144,41.4,51.3,29.5,38,3.0,1.0,5.8,1.6,Low,Low
AR Patel,Delhi Capitals,Rajasthan Royals,2024,2,21.0,161.53846153846155,14.247524752475249,127.68540920685146,13.2,19.6,8.9,101,2.0,1.0,1.0,0.8,Low,Low
Abishek Porel,Delhi Capitals,Rajasthan Royals,2024,2,32.0,320.0,13.0,135.0858585858586,13.0,13.0,7.0,5,4.0,2.0,1.0,0.8,Low,Low
DA Warner,Delhi Capitals,Rajasthan Royals,2024,2,29.0,138.0952380952381,35.71111111111111,120.88789258945847,43.0,31.7,35.6,180,3.0,2.0,5.0,2.0,High,High
MR Marsh,Delhi Capitals,Rajasthan Royals,2024,2,20.0,166.66666666666669,18.90909090909091,106.27766360425316,23.4,14.8,62.0,33,2.0,2.0,1.4,1.8,Moderate,Low
RK Bhui,Delhi Capitals,Rajasthan Royals,2024,2,3.0,42.85714285714285,3.333333333333333,33.73015873015873,3.333333333333333,3.333333333333333,0.0,3,0.0,0.0,0.0,0.0,Low,Low
RR Pant,Delhi Capitals,Rajasthan Royals,2024,2,18.0,138.46153846153845,28.405940594059405,133.79412859287453,19.6,24.8,39.66666666666666,101,2.0,0.0,2.0,0.8,Moderate,Low
T Stubbs,Delhi Capitals,Rajasthan Royals,2024,2,5.0,62.5,6.4,61.54761904761905,6.4,6.4,0.0,5,0.0,0.0,0.4,0.0,High,Low
Anuj Rawat,Royal Challengers Bengaluru,Kolkata Knight Riders,2024,1,11.0,78.57142857142857,15.5,98.81296245126032,23.4,15.0,0.3333333333333333,18,1.0,0.0,2.0,1.2,Low,Low
C Green,Royal Challengers Bengaluru,Kolkata Knight Riders,2024,1,3.0,60.0,26.27777777777778,133.5110646458499,38.4,23.0,1.0,18,0.0,0.0,3.4,2.2,Moderate,Low
F du Plessis,Royal Challengers Bengaluru,Kolkata Knight Riders,2024,1,3.0,42.85714285714285,33.368,118.67021368287308,38.4,42.5,29.5,125,0.0,0.0,4.6,0.8,Low,Low
GJ Maxwell,Royal Challengers Bengaluru,Kolkata Knight Riders,2024,1,3.0,60.0,22.31967213114754,127.99008100965293,14.6,22.7,23.789473684210527,122,0.0,0.0,1.4,0.8,Moderate,Low
KD Karthik,Royal Challengers Bengaluru,Kolkata Knight Riders,2024,1,28.0,280.0,20.459821428571427,118.81134337794224,19.2,16.8,23.352941176470587,224,3.0,2.0,2.0,1.0,Moderate,Low
RM Patidar,Royal Challengers Bengaluru,Kolkata Knight Riders,2024,1,18.0,100.0,32.46153846153846,115.09874848752705,42.8,38.2,1.0,13,1.0,1.0,3.6,2.6,Low,Low
V Kohli,Royal Challengers Bengaluru,Kolkata Knight Riders,2024,1,77.0,157.14285714285714,31.63519313304721,116.68002817207396,63.4,45.8,29.689655172413797,233,11.0,2.0,7.4,1.6,High,Low
PD Salt,Kolkata Knight Riders,Royal Challengers Bengaluru,2024,2,54.0,135.0,27.2,117.73605805958748,24.2,27.2,0.0,10,3.0,3.0,1.8,1.4,Moderate,Low
RK Singh,Kolkata Knight Riders,Royal Challengers Bengaluru,2024,2,23.0,153.33333333333334,24.933333333333334,132.35946646636282,36.2,32.3,0.0,30,3.0,0.0,3.0,1.8,Low,Low
SP Narine,Kolkata Knight Riders,Royal Challengers Bengaluru,2024,2,2.0,50.0,11.268817204301076,118.37398632859534,2.0,1.6,0.0,93,0.0,0.0,0.2,0.0,High,Low
SS Iyer,Kolkata Knight Riders,Royal Challengers Bengaluru,2024,2,0.0,0.0,27.254901960784316,108.8962127252265,15.4,27.8,0.0,102,0.0,0.0,1.6,0.6,Moderate,Low
VR Iyer,Kolkata Knight Riders,Royal Challengers Bengaluru,2024,2,7.0,140.0,26.027027027027028,114.85264418985469,21.6,17.7,0.0,37,1.0,0.0,1.6,1.0,High,Low
A Badoni,Lucknow Super Giants,Punjab Kings,2024,1,1.0,20.0,16.666666666666668,120.29936509721767,21.4,16.8,17.333333333333332,24,0.0,0.0,1.0,1.4,Low,Low
D Padikkal,Lucknow Super Giants,Punjab Kings,2024,1,0.0,0.0,26.224137931034484,106.26123173554718,13.8,23.8,30.0,58,0.0,0.0,1.4,0.6,Low,Moderate
KH Pandya,Lucknow Super Giants,Punjab Kings,2024,1,3.0,60.0,15.639175257731958,123.01600613564526,13.8,11.5,8.25,97,0.0,0.0,0.4,0.4,High,Low
KL Rahul,Lucknow Super Giants,Punjab Kings,2024,1,58.0,131.8181818181818,38.08108108108108,120.650257467495,35.4,33.2,30.666666666666668,111,4.0,2.0,3.4,0.8,Low,Low
MP Stoinis,Lucknow Super Giants,Punjab Kings,2024,1,3.0,75.0,19.746666666666663,117.5788892203848,34.4,26.7,28.75,75,0.0,0.0,2.2,2.4,Low,Low
Mohsin Khan,Lucknow Super Giants,Punjab Kings,2024,1,0.0,0.0,5.75,94.64285714285714,5.75,5.75,13.0,4,0.0,0.0,0.5,0.25,Low,Low
N Pooran,Lucknow Super Giants,Punjab Kings,2024,1,64.0,156.09756097560975,21.868852459016395,134.6047459201202,34.8,25.2,21.25,61,4.0,4.0,2.4,2.6,High,Low
Q de Kock,Lucknow Super Giants,Punjab Kings,2024,1,4.0,80.0,29.73469387755102,116.15009865610592,29.4,36.1,25.33333333333333,98,1.0,0.0,2.2,1.6,High,Low
Ravi Bishnoi,Lucknow Super Giants,Punjab Kings,2024,1,3.0,50.0,2.5454545454545454,78.24675324675326,2.8,2.7,3.0,11,0.0,0.0,0.2,0.0,Low,Low
JM Bairstow,Punjab Kings,Lucknow Super Giants,2024,2,8.0,133.33333333333331,31.902439024390244,132.21920075187225,26.8,23.8,32.0,41,2.0,0.0,3.4,1.6,High,Low
JM Sharma,Punjab Kings,Lucknow Super Giants,2024,2,27.0,135.0,22.26923076923077,154.43099968884445,17.0,22.5,9.333333333333334,26,1.0,2.0,1.2,1.0,Low,Low
LS Livingstone,Punjab Kings,Lucknow Super Giants,2024,2,17.0,130.76923076923077,25.97058823529412,140.55252483810477,32.4,33.2,20.5,34,1.0,1.0,2.0,2.6,Moderate,Low
P Simran Singh,Punjab Kings,Lucknow Super Giants,2024,2,25.0,147.05882352941177,21.5,116.47719118764714,35.6,27.6,6.5,22,2.0,2.0,4.2,1.6,Low,Low
S Dhawan,Punjab Kings,Lucknow Super Giants,2024,2,45.0,121.62162162162164,30.52054794520548,112.08911183132996,18.2,21.5,3.0,219,5.0,1.0,2.2,0.6,High,Low
SM Curran,Punjab Kings,Lucknow Super Giants,2024,2,23.0,135.29411764705884,18.394736842105264,135.16902476981025,33.2,28.5,13.5,38,3.0,0.0,3.0,0.8,Low,Low
Shashank Singh,Punjab Kings,Lucknow Super Giants,2024,2,21.0,262.5,12.857142857142858,161.9331065759637,10.0,12.857142857142858,0.0,7,1.0,2.0,0.8,0.6,Low,Low
AK Markram,Sunrisers Hyderabad,Gujarat Titans,2024,1,42.0,150.0,25.303030303030305,124.32012002476348,20.2,18.7,26.0,33,2.0,1.0,1.0,0.4,Low,Low
Abdul Samad,Sunrisers Hyderabad,Gujarat Titans,2024,1,15.0,136.36363636363637,14.20689655172414,126.01490850494643,18.8,18.4,4.0,29,1.0,1.0,1.2,1.4,Moderate,Low
Abhishek Sharma,Sunrisers Hyderabad,Gujarat Titans,2024,1,63.0,286.3636363636364,21.02127659574468,122.38277881146936,23.6,28.8,37.333333333333336,47,3.0,7.0,2.2,1.8,Moderate,Low
H Klaasen,Sunrisers Hyderabad,Gujarat Titans,2024,1,80.0,242.42424242424244,34.578947368421055,159.74100187532142,65.8,52.2,64.0,19,4.0,7.0,3.6,4.8,Moderate,Low
MA Agarwal,Sunrisers Hyderabad,Gujarat Titans,2024,1,11.0,84.61538461538461,22.066666666666663,117.49425679649444,29.8,27.8,5.0,120,1.0,0.0,3.2,1.2,Low,Low
PJ Cummins,Sunrisers Hyderabad,Gujarat Titans,2024,1,0.0,0.0,12.633333333333333,124.06175251763489,1.4,15.6,0.0,30,0.0,0.0,0.2,0.0,Low,Low
Shahbaz Ahmed,Sunrisers Hyderabad,Gujarat Titans,2024,1,16.0,320.0,12.961538461538462,113.7034033592738,7.4,8.0,2.0,26,1.0,2.0,0.2,0.6,Moderate,Low
TM Head,Sunrisers Hyderabad,Gujarat Titans,2024,1,62.0,258.33333333333337,24.272727272727277,122.55281469014544,30.6,23.0,0.0,11,9.0,3.0,2.6,1.6,Low,Low
Washington Sundar,Sunrisers Hyderabad,Gujarat Titans,2024,1,24.0,160.0,10.216216216216216,108.94444854971172,12.0,10.3,3.0,37,3.0,0.0,1.2,0.0,Low,Low
B Sai Sudharsan,Gujarat Titans,Sunrisers Hyderabad,2024,2,37.0,119.35483870967742,39.266666666666666,130.9343382530273,53.6,44.4,29.0,15,3.0,0.0,5.0,1.8,High,Low
DA Miller,Gujarat Titans,Sunrisers Hyderabad,2024,2,21.0,131.25,23.47863247863248,124.44400186319795,10.0,19.0,16.357142857142858,117,3.0,0.0,1.2,0.0,High,Low
Shubman Gill,Gujarat Titans,Sunrisers Hyderabad,2024,2,8.0,160.0,31.786516853932586,121.3484018324692,49.8,59.0,32.90909090909091,89,0.0,1.0,4.2,2.6,Moderate,Low
V Shankar,Gujarat Titans,Sunrisers Hyderabad,2024,2,12.0,100.0,19.81132075471698,121.79629988233096,22.8,26.3,23.0,53,0.0,1.0,2.6,0.8,Low,Low
WP Saha,Gujarat Titans,Sunrisers Hyderabad,2024,2,21.0,123.52941176470588,20.86764705882353,116.2686258054817,24.8,26.0,24.75,136,4.0,0.0,3.6,0.2,Moderate,Low
AR Patel,Delhi Capitals,Chennai Super Kings,2024,1,15.0,115.38461538461536,14.254901960784316,127.5648131889864,14.6,19.0,11.615384615384617,102,1.0,0.0,1.2,0.6,Low,Low
Abishek Porel,Delhi Capitals,Chennai Super Kings,2024,1,9.0,90.0,12.333333333333334,127.57154882154884,10.8,12.333333333333334,0.0,6,0.0,0.0,1.0,0.4,Low,Low
DA Warner,Delhi Capitals,Chennai Super Kings,2024,1,49.0,144.11764705882354,35.78453038674033,121.0162337743721,52.8,30.9,32.2,181,5.0,3.0,6.0,2.6,High,Low
MR Marsh,Delhi Capitals,Chennai Super Kings,2024,1,23.0,191.66666666666669,19.029411764705884,108.78910487079474,15.4,17.1,10.75,34,5.0,0.0,2.2,0.6,Low,Low
PP Shaw,Delhi Capitals,Chennai Super Kings,2024,1,5.0,71.42857142857143,23.859154929577464,120.90444849438131,17.4,13.5,25.272727272727277,71,1.0,0.0,2.6,0.2,High,Low
RR Pant,Delhi Capitals,Chennai Super Kings,2024,1,28.0,107.6923076923077,28.40196078431373,133.53822838796702,21.0,24.2,32.4,102,2.0,1.0,1.6,1.0,High,Low
T Stubbs,Delhi Capitals,Chennai Super Kings,2024,1,44.0,191.30434782608697,12.666666666666666,83.17374051069703,15.2,12.666666666666666,8.333333333333334,6,2.0,3.0,0.8,0.6,Low,Low
AM Rahane,Chennai Super Kings,Delhi Capitals,2024,2,12.0,100.0,27.571428571428573,105.45939196931047,19.8,23.6,34.0,161,1.0,0.0,0.8,1.2,High,Low
DJ Mitchell,Chennai Super Kings,Delhi Capitals,2024,2,24.0,120.0,19.75,98.47222222222224,19.75,19.75,0.0,4,2.0,0.0,0.75,0.5,Moderate,Low
MS Dhoni,Chennai Super Kings,Delhi Capitals,2024,2,0.0,0.0,23.41935483870968,128.88210877438368,5.6,7.8,16.818181818181817,217,0.0,0.0,0.2,0.4,Moderate,Low
R Ravindra,Chennai Super Kings,Delhi Capitals,2024,2,46.0,230.0,41.5,238.3333333333333,41.5,41.5,0.0,2,6.0,3.0,4.5,3.0,Low,Low
RA Jadeja,Chennai Super Kings,Delhi Capitals,2024,2,7.0,233.33333333333331,15.929824561403509,132.65964863472334,17.8,18.3,19.714285714285715,171,1.0,0.0,1.4,0.6,Moderate,Low
RD Gaikwad,Chennai Super Kings,Delhi Capitals,2024,2,46.0,127.77777777777776,35.056603773584904,111.58957531586483,45.2,38.1,33.857142857142854,53,5.0,1.0,4.2,2.0,Low,Low
S Dube,Chennai Super Kings,Delhi Capitals,2024,2,51.0,221.73913043478265,24.306122448979597,126.73168500121751,28.0,31.9,19.0,49,2.0,5.0,1.2,2.2,Low,Low
Sameer Rizvi,Chennai Super Kings,Delhi Capitals,2024,2,14.0,233.33333333333331,14.0,233.33333333333331,14.0,14.0,0.0,1,0.0,2.0,0.0,2.0,Low,Low
Akash Madhwal,Mumbai Indians,Rajasthan Royals,2024,1,0.0,0.0,0.0,0.0,0.0,0.0,0.0,0,0.0,0.0,0.0,0.0,Low,Low
D Brevis,Mumbai Indians,Rajasthan Royals,2024,1,46.0,121.05263157894736,25.875,126.26713637239952,24.2,25.875,0.0,8,2.0,3.0,1.8,1.4,Low,Low
G Coetzee,Mumbai Indians,Rajasthan Royals,2024,1,1.0,33.33333333333333,1.0,33.33333333333333,1.0,1.0,0.0,1,0.0,0.0,0.0,0.0,Low,Low
HH Pandya,Mumbai Indians,Rajasthan Royals,2024,1,24.0,120.0,19.60833333333333,142.34023083460332,18.4,22.7,34.5,120,1.0,1.0,1.0,1.2,Moderate,Low
Ishan Kishan,Mumbai Indians,Rajasthan Royals,2024,1,34.0,261.53846153846155,27.103448275862068,116.73267254830267,24.4,30.5,30.0,87,2.0,4.0,2.8,1.2,Low,Low
JJ Bumrah,Mumbai Indians,Rajasthan Royals,2024,1,1.0,100.0,2.4782608695652173,66.61396574440053,0.2,1.6,0.0,23,0.0,0.0,0.0,0.0,Low,Low
Naman Dhir,Mumbai Indians,Rajasthan Royals,2024,1,30.0,214.28571428571428,25.0,207.14285714285717,25.0,25.0,0.0,2,2.0,2.0,2.5,1.5,Low,Low
PP Chawla,Mumbai Indians,Rajasthan Royals,2024,1,0.0,0.0,7.518518518518518,106.12322330402252,5.0,5.5,6.75,81,0.0,0.0,0.2,0.2,Low,Low
RG Sharma,Mumbai Indians,Rajasthan Royals,2024,1,26.0,216.66666666666663,26.175,112.26267168214764,28.8,21.7,20.807692307692307,240,1.0,3.0,3.6,1.2,Low,Low
TH David,Mumbai Indians,Rajasthan Royals,2024,1,42.0,190.9090909090909,18.115384615384617,146.08212300519992,20.0,17.1,22.0,26,2.0,3.0,1.0,1.2,Low,Low
Tilak Varma,Mumbai Indians,Rajasthan Royals,2024,1,64.0,193.93939393939397,30.703703703703702,140.20209003449355,36.8,28.5,41.66666666666666,27,2.0,6.0,1.8,3.0,Moderate,Low
JC Buttler,Rajasthan Royals,Mumbai Indians,2024,2,11.0,68.75,33.12244897959184,128.45639799254292,4.4,17.0,60.625,98,0.0,0.0,0.4,0.0,Low,Low
R Ashwin,Rajasthan Royals,Mumbai Indians,2024,2,29.0,152.63157894736844,9.060975609756095,108.84275895698008,10.4,9.6,7.923076923076923,82,0.0,3.0,0.6,0.6,Low,Low
R Parag,Rajasthan Royals,Mumbai Indians,2024,2,84.0,186.66666666666663,15.804347826086955,112.40720475242183,33.2,22.0,14.75,46,7.0,6.0,2.0,2.4,High,Low
SB Dubey,Rajasthan Royals,Mumbai Indians,2024,2,0.0,0.0,0.0,0.0,0.0,0.0,0.0,0,0.0,0.0,0.0,0.0,Low,Low
SV Samson,Rajasthan Royals,Mumbai Indians,2024,2,15.0,107.14285714285714,26.74496644295302,117.07957873547282,30.2,30.0,26.23809523809524,149,3.0,0.0,1.8,2.2,Low,Low
YBK Jaiswal,Rajasthan Royals,Mumbai Indians,2024,2,5.0,71.42857142857143,30.7948717948718,124.11499770575044,35.4,47.4,33.8,39,1.0,0.0,5.0,1.2,Low,Low
A Badoni,Lucknow Super Giants,Royal Challengers Bengaluru,2024,1,8.0,80.0,16.32,118.687390493329,11.2,17.1,0.0,25,0.0,0.0,0.6,0.6,Low,Low
D Padikkal,Lucknow Super Giants,Royal Challengers Bengaluru,2024,1,9.0,150.0,25.93220338983051,107.0025667908769,15.2,20.9,0.0,59,2.0,0.0,1.8,0.6,Low,Low
KL Rahul,Lucknow Super Giants,Royal Challengers Bengaluru,2024,1,15.0,166.66666666666669,37.875,121.0611182639162,30.6,33.9,0.0,112,1.0,1.0,2.8,0.8,Moderate,High
MP Stoinis,Lucknow Super Giants,Royal Challengers Bengaluru,2024,1,19.0,158.33333333333331,19.73684210526316,118.11513190608149,30.2,28.6,0.0,76,0.0,2.0,1.8,2.2,Moderate,Low
N Pooran,Lucknow Super Giants,Royal Challengers Bengaluru,2024,1,42.0,200.0,22.193548387096776,135.65950808269892,34.4,29.3,0.0,62,3.0,3.0,2.4,2.4,High,Low
Q de Kock,Lucknow Super Giants,Royal Challengers Bengaluru,2024,1,54.0,142.10526315789474,29.97979797979798,116.41227203491188,26.2,36.5,0.0,99,5.0,2.0,1.8,1.4,High,Low
Anuj Rawat,Royal Challengers Bengaluru,Lucknow Super Giants,2024,2,3.0,100.0,14.842105263157896,98.8754381117203,22.8,15.3,6.5,19,0.0,0.0,1.8,1.2,Low,Low
C Green,Royal Challengers Bengaluru,Lucknow Super Giants,2024,2,33.0,157.14285714285714,26.63157894736842,134.75484319832398,25.0,24.0,22.5,19,4.0,2.0,2.6,1.0,Low,Low
F du Plessis,Royal Challengers Bengaluru,Lucknow Super Giants,2024,2,8.0,133.33333333333331,33.166666666666664,118.78658764835292,29.0,37.1,54.75,126,0.0,1.0,4.0,0.6,Low,Low
GJ Maxwell,Royal Challengers Bengaluru,Lucknow Super Giants,2024,2,28.0,147.36842105263156,22.365853658536587,128.14762848967715,9.4,17.8,23.75,123,3.0,1.0,1.0,0.4,Low,Low
KD Karthik,Royal Challengers Bengaluru,Lucknow Super Giants,2024,2,20.0,250.0,20.45777777777778,119.39440407404028,17.2,18.1,16.75,225,0.0,3.0,1.2,1.4,Low,Low
MK Lomror,Royal Challengers Bengaluru,Lucknow Super Giants,2024,2,17.0,212.5,16.115384615384617,121.48333311424275,14.8,12.6,8.5,26,2.0,1.0,1.6,0.8,Moderate,Low
Mayank Dagar,Royal Challengers Bengaluru,Lucknow Super Giants,2024,2,0.0,0.0,0.0,0.0,0.0,0.0,0.0,0,0.0,0.0,0.0,0.0,Low,Low
Mohammed Siraj,Royal Challengers Bengaluru,Lucknow Super Giants,2024,2,0.0,0.0,5.105263157894737,75.83101109416899,3.4,5.1,0.0,19,0.0,0.0,0.4,0.0,Low,Low
RJW Topley,Royal Challengers Bengaluru,Lucknow Super Giants,2024,2,0.0,0.0,0.0,0.0,0.0,0.0,0.0,0,0.0,0.0,0.0,0.0,Low,Low
RM Patidar,Royal Challengers Bengaluru,Lucknow Super Giants,2024,2,3.0,75.0,30.357142857142858,112.2345521669894,38.2,35.4,112.0,14,0.0,0.0,3.4,2.2,Moderate,High
V Kohli,Royal Challengers Bengaluru,Lucknow Super Giants,2024,2,83.0,140.67796610169492,31.85470085470085,116.78258346237146,76.4,54.1,29.25,234,4.0,4.0,8.0,2.4,Moderate,Low
A Raghuvanshi,Kolkata Knight Riders,Delhi Capitals,2024,1,0.0,0.0,0.0,0.0,0.0,0.0,0.0,0,0.0,0.0,0.0,0.0,High,Low
AD Russell,Kolkata Knight Riders,Delhi Capitals,2024,1,64.0,266.66666666666663,24.02061855670103,149.5743178718931,25.0,23.1,28.875,97,3.0,7.0,1.2,2.4,High,Low
MA Starc,Kolkata Knight Riders,Delhi Capitals,2024,1,6.0,200.0,8.5,107.28595786140544,3.8,7.6,0.0,12,1.0,0.0,0.4,0.0,Low,Low
PD Salt,Kolkata Knight Riders,Delhi Capitals,2024,1,30.0,150.0,27.454545454545453,120.66914369053409,26.8,29.7,0.0,11,2.0,2.0,2.0,1.4,Low,Low
RK Singh,Kolkata Knight Riders,Delhi Capitals,2024,1,5.0,100.0,24.29032258064516,131.31561270938337,33.0,32.2,14.5,31,0.0,0.0,2.6,1.6,Moderate,Low
Ramandeep Singh,Kolkata Knight Riders,Delhi Capitals,2024,1,35.0,218.75,16.0,167.41666666666669,16.0,16.0,13.0,5,1.0,4.0,0.8,1.0,Low,Low
SP Narine,Kolkata Knight Riders,Delhi Capitals,2024,1,47.0,213.63636363636363,11.648936170212766,119.38741587442266,11.4,6.3,12.0,94,2.0,5.0,0.6,1.0,High,Low
SS Iyer,Kolkata Knight Riders,Delhi Capitals,2024,1,39.0,162.5,27.368932038834952,109.41663784439906,22.0,28.9,48.0,103,2.0,2.0,1.8,1.0,Low,Low
VR Iyer,Kolkata Knight Riders,Delhi Capitals,2024,1,50.0,166.66666666666669,26.657894736842103,116.2161710971392,29.4,22.7,18.6,38,3.0,4.0,2.2,1.8,Low,Low
A Nortje,Delhi Capitals,Kolkata Knight Riders,2024,2,0.0,0.0,4.090909090909091,107.35930735930737,6.6,4.2,0.0,11,0.0,0.0,1.0,0.0,Low,Low
AR Patel,Delhi Capitals,Kolkata Knight Riders,2024,2,7.0,87.5,14.184466019417476,127.17583442016128,11.8,17.8,9.8,103,0.0,0.0,0.8,0.4,Low,Low
Abishek Porel,Delhi Capitals,Kolkata Knight Riders,2024,2,9.0,180.0,11.857142857142858,135.06132756132757,11.2,11.857142857142858,0.0,7,1.0,0.0,1.0,0.4,Low,Low
DA Warner,Delhi Capitals,Kolkata Knight Riders,2024,2,52.0,152.94117647058823,35.87362637362637,121.19164554742822,52.4,34.0,38.392857142857146,182,5.0,3.0,5.0,3.0,Low,Low
I Sharma,Delhi Capitals,Kolkata Knight Riders,2024,2,1.0,100.0,2.9473684210526314,107.71929824561404,3.8,2.3,1.0,19,0.0,0.0,0.4,0.2,Low,Low
MR Marsh,Delhi Capitals,Kolkata Knight Riders,2024,2,18.0,150.0,19.0,109.96655901734349,13.8,18.5,6.666666666666667,35,2.0,1.0,2.0,0.6,Low,Low
PP Shaw,Delhi Capitals,Kolkata Knight Riders,2024,2,43.0,159.25925925925927,24.125,121.43715419944908,23.0,17.3,45.0,72,4.0,2.0,2.8,0.6,Low,Low
RR Pant,Delhi Capitals,Kolkata Knight Riders,2024,2,51.0,159.375,28.62135922330097,133.78907083080227,28.6,24.9,20.6,103,4.0,3.0,2.4,1.2,High,Low
Rasikh Salam,Delhi Capitals,Kolkata Knight Riders,2024,2,7.0,116.66666666666669,6.0,120.83333333333334,6.0,6.0,0.0,2,1.0,0.0,0.5,0.0,Low,Low
Sumit Kumar,Delhi Capitals,Kolkata Knight Riders,2024,2,2.0,22.22222222222222,2.0,22.22222222222222,2.0,2.0,0.0,1,0.0,0.0,0.0,0.0,Low,Low
T Stubbs,Delhi Capitals,Kolkata Knight Riders,2024,2,0.0,0.0,10.857142857142858,71.29177758059745,14.8,10.857142857142858,0.0,7,0.0,0.0,0.8,0.6,High,Low
B Sai Sudharsan,Gujarat Titans,Punjab Kings,2024,1,45.0,125.0,39.625,130.5634421122131,53.2,46.7,39.66666666666666,16,4.0,1.0,4.6,1.8,Moderate,Low
KS Williamson,Gujarat Titans,Punjab Kings,2024,1,8.0,114.28571428571428,28.066666666666663,115.1003534379732,14.6,19.8,6.666666666666667,75,1.0,0.0,1.2,0.4,Moderate,Low
R Tewatia,Gujarat Titans,Punjab Kings,2024,1,6.0,54.54545454545454,14.70689655172414,127.66380373060966,7.6,9.5,6.6,58,1.0,0.0,0.6,0.2,Moderate,Low
Shubman Gill,Gujarat Titans,Punjab Kings,2024,1,36.0,128.57142857142858,31.83333333333333,121.4286576851243,48.6,59.0,37.6,90,2.0,1.0,3.8,2.6,High,Low
V Shankar,Gujarat Titans,Punjab Kings,2024,1,14.0,127.27272727272728,19.703703703703702,121.89771520437534,19.8,21.4,0.0,54,2.0,0.0,1.8,0.8,Low,Low
WP Saha,Gujarat Titans,Punjab Kings,2024,1,25.0,192.30769230769232,20.8978102189781,116.8236554879796,27.4,24.4,27.33333333333333,137,1.0,2.0,3.4,0.6,Low,Low
Ashutosh Sharma,Punjab Kings,Gujarat Titans,2024,2,0.0,0.0,0.0,0.0,0.0,0.0,0.0,0,0.0,0.0,0.0,0.0,Moderate,Low
Harpreet Brar,Punjab Kings,Gujarat Titans,2024,2,2.0,100.0,8.526315789473685,118.1092824941611,4.6,5.6,8.0,19,0.0,0.0,0.4,0.2,Low,Low
JM Bairstow,Punjab Kings,Gujarat Titans,2024,2,42.0,144.82758620689654,32.142857142857146,132.51940040556332,22.0,27.1,4.5,42,3.0,3.0,3.2,0.8,Moderate,Low
JM Sharma,Punjab Kings,Gujarat Titans,2024,2,6.0,66.66666666666666,21.666666666666668,151.1804688361712,17.2,20.6,24.0,27,1.0,0.0,1.2,1.0,Low,Low
P Simran Singh,Punjab Kings,Gujarat Titans,2024,2,19.0,271.42857142857144,21.39130434782609,123.21420771986124,18.8,26.9,0.0,23,1.0,2.0,2.4,0.8,Moderate,Low
S Dhawan,Punjab Kings,Gujarat Titans,2024,2,70.0,140.0,30.7,112.21597950482392,30.8,27.7,35.0,220,7.0,3.0,3.6,1.0,Low,Low
SM Curran,Punjab Kings,Gujarat Titans,2024,2,0.0,0.0,17.923076923076923,131.70315233981512,29.2,27.5,22.0,39,0.0,0.0,2.8,0.8,Low,Low
Shashank Singh,Punjab Kings,Gujarat Titans,2024,2,9.0,128.57142857142858,12.375,157.76289682539684,9.8,12.375,25.0,8,1.0,0.0,0.6,0.6,High,Low
Sikandar Raza,Punjab Kings,Gujarat Titans,2024,2,11.0,157.14285714285714,19.857142857142858,128.84687902109505,24.4,19.857142857142858,0.0,7,0.0,1.0,1.8,1.0,Low,Low
AM Rahane,Chennai Super Kings,Sunrisers Hyderabad,2024,1,45.0,150.0,27.679012345679013,105.73433399419127,25.6,27.2,24.11111111111111,162,5.0,2.0,1.6,1.4,Moderate,Low
DJ Mitchell,Chennai Super Kings,Sunrisers Hyderabad,2024,1,34.0,130.76923076923077,22.6,104.93162393162392,22.6,22.6,0.0,5,1.0,2.0,0.8,0.8,Low,Low
MS Dhoni,Chennai Super Kings,Sunrisers Hyderabad,2024,1,37.0,231.25,23.48165137614679,129.35168625707,9.0,8.3,27.11111111111111,218,4.0,3.0,0.8,0.6,Low,Low
R Ravindra,Chennai Super Kings,Sunrisers Hyderabad,2024,1,2.0,16.666666666666664,28.33333333333333,164.44444444444443,28.33333333333333,28.33333333333333,0.0,3,0.0,0.0,3.0,2.0,Low,Low
RA Jadeja,Chennai Super Kings,Sunrisers Hyderabad,2024,1,21.0,123.52941176470588,15.959302325581396,132.60656586222325,18.0,18.6,14.0625,172,2.0,0.0,1.2,0.4,Moderate,Low
RD Gaikwad,Chennai Super Kings,Sunrisers Hyderabad,2024,1,1.0,50.0,34.425925925925924,110.44902762483032,29.6,33.5,54.0,54,0.0,0.0,3.6,0.6,Moderate,High
S Dube,Chennai Super Kings,Sunrisers Hyderabad,2024,1,18.0,112.5,24.18,126.44705130119316,27.2,28.5,5.75,50,1.0,0.0,1.4,1.6,High,Low
AK Markram,Sunrisers Hyderabad,Chennai Super Kings,2024,2,17.0,89.47368421052632,25.058823529411764,123.29522485375652,21.6,20.1,14.0,34,0.0,0.0,0.8,0.4,High,Low
Abhishek Sharma,Sunrisers Hyderabad,Chennai Super Kings,2024,2,29.0,145.0,21.1875,122.85397091956374,28.0,28.3,33.166666666666664,48,2.0,2.0,2.4,2.2,Moderate,Low
H Klaasen,Sunrisers Hyderabad,Chennai Super Kings,2024,2,24.0,184.6153846153846,34.05,160.98472101232457,57.8,51.5,12.0,20,1.0,2.0,3.0,4.6,Low,Low
Nithish Kumar Reddy,Sunrisers Hyderabad,Chennai Super Kings,2024,2,0.0,0.0,0.0,0.0,0.0,0.0,0.0,0,0.0,0.0,0.0,0.0,Low,Low
Shahbaz Ahmed,Sunrisers Hyderabad,Chennai Super Kings,2024,2,22.0,110.0,13.296296296296296,113.56624027189328,9.4,10.1,18.0,27,1.0,1.0,0.4,0.6,Low,Low
TM Head,Sunrisers Hyderabad,Chennai Super Kings,2024,2,19.0,135.71428571428572,23.83333333333333,123.64960394215711,34.0,24.3,0.0,12,3.0,0.0,3.2,1.6,Moderate,Low
C Green,Royal Challengers Bengaluru,Rajasthan Royals,2024,1,9.0,100.0,25.75,133.0171010384078,18.6,24.3,44.0,20,1.0,0.0,1.6,0.8,Low,Low
F du Plessis,Royal Challengers Bengaluru,Rajasthan Royals,2024,1,19.0,146.15384615384613,33.05511811023622,119.00207787280564,18.6,37.3,32.6,127,3.0,0.0,3.2,0.2,High,Low
GJ Maxwell,Royal Challengers Bengaluru,Rajasthan Royals,2024,1,0.0,0.0,22.18548387096774,127.1141798728249,8.4,17.3,26.214285714285715,124,0.0,0.0,0.8,0.4,Low,Low
Saurav Chauhan,Royal Challengers Bengaluru,Rajasthan Royals,2024,1,0.0,0.0,0.0,0.0,0.0,0.0,0.0,0,0.0,0.0,0.0,0.0,Low,Low
V Kohli,Royal Challengers Bengaluru,Rajasthan Royals,2024,1,22.0,137.5,31.812765957446807,116.87074268168053,60.8,50.9,22.071428571428573,235,2.0,1.0,6.0,1.8,High,Low
Dhruv Jurel,Rajasthan Royals,Royal Challengers Bengaluru,2024,2,20.0,166.66666666666669,14.76923076923077,149.43223443223445,12.0,14.8,0.0,13,3.0,0.0,1.0,0.4,Low,Low
JC Buttler,Rajasthan Royals,Royal Challengers Bengaluru,2024,2,13.0,81.25,32.91919191919192,127.97956568958794,7.0,18.3,0.0,99,2.0,0.0,0.8,0.0,High,Low
R Parag,Rajasthan Royals,Royal Challengers Bengaluru,2024,2,54.0,138.46153846153845,16.617021276595743,112.96155227814772,41.0,25.9,0.0,47,5.0,3.0,2.8,2.8,Low,Low
SO Hetmyer,Rajasthan Royals,Royal Challengers Bengaluru,2024,2,14.0,200.0,19.810344827586206,135.80694089410736,21.4,13.5,0.0,58,1.0,1.0,1.2,1.6,Low,Low
SV Samson,Rajasthan Royals,Royal Challengers Bengaluru,2024,2,12.0,120.0,26.64666666666667,117.09904821056968,23.0,29.0,0.0,150,3.0,0.0,2.0,1.2,High,Low
YBK Jaiswal,Rajasthan Royals,Royal Challengers Bengaluru,2024,2,10.0,166.66666666666669,30.275,125.17878942977332,17.8,43.7,0.0,40,2.0,0.0,2.8,0.2,Low,Low
HH Pandya,Mumbai Indians,Delhi Capitals,2024,1,34.0,161.9047619047619,19.727272727272727,142.50192117402608,23.6,20.2,18.4,121,6.0,0.0,2.0,1.2,Moderate,Low
Ishan Kishan,Mumbai Indians,Delhi Capitals,2024,1,16.0,114.28571428571428,26.977272727272727,116.7048662044096,15.8,29.3,46.75,88,2.0,1.0,1.6,1.2,High,Low
R Shepherd,Mumbai Indians,Delhi Capitals,2024,1,15.0,250.0,14.6,133.8095238095238,14.6,14.6,0.0,5,2.0,1.0,0.8,1.2,Moderate,Low
RG Sharma,Mumbai Indians,Delhi Capitals,2024,1,0.0,0.0,26.066390041493776,111.79685146769889,17.6,21.7,27.6,241,0.0,0.0,2.0,1.0,High,Low
SA Yadav,Mumbai Indians,Delhi Capitals,2024,1,61.0,160.5263157894737,25.992,134.69138582679577,45.8,48.2,24.444444444444443,125,7.0,2.0,4.8,2.0,Low,Low
TH David,Mumbai Indians,Delhi Capitals,2024,1,17.0,70.83333333333334,18.074074074074076,143.2951307951308,17.0,14.3,19.666666666666668,27,1.0,0.0,1.0,0.6,High,Low
Tilak Varma,Mumbai Indians,Delhi Capitals,2024,1,32.0,110.34482758620688,30.75,139.13575923276903,38.0,28.7,28.0,28,0.0,2.0,1.6,2.8,Low,Low
AR Patel,Delhi Capitals,Mumbai Indians,2024,2,0.0,0.0,14.048076923076923,125.95298985842896,11.6,14.4,16.866666666666667,104,0.0,0.0,0.8,0.4,Low,Low
Abishek Porel,Delhi Capitals,Mumbai Indians,2024,2,0.0,0.0,10.375,118.17866161616162,11.0,10.375,1.0,8,0.0,0.0,1.0,0.4,High,Low
DA Warner,Delhi Capitals,Mumbai Indians,2024,2,18.0,138.46153846153845,35.775956284153004,121.28601654695888,46.8,35.8,34.142857142857146,183,2.0,1.0,4.4,2.8,Low,Low
JA Richardson,Delhi Capitals,Mumbai Indians,2024,2,15.0,68.18181818181817,7.5,34.090909090909086,7.5,7.5,0.0,2,2.0,0.0,1.0,0.0,Low,Low
Kumar Kushagra,Delhi Capitals,Mumbai Indians,2024,2,0.0,0.0,0.0,0.0,0.0,0.0,0.0,0,0.0,0.0,0.0,0.0,Low,Low
Lalit Yadav,Delhi Capitals,Mumbai Indians,2024,2,6.0,50.0,15.526315789473683,96.98042823931056,5.6,15.2,24.0,19,0.0,0.0,0.6,0.0,Low,Low
PP Shaw,Delhi Capitals,Mumbai Indians,2024,2,10.0,142.85714285714286,23.931506849315067,121.73057870160926,25.0,15.9,13.0,73,2.0,0.0,3.2,0.6,High,Low
RR Pant,Delhi Capitals,Mumbai Indians,2024,2,55.0,220.00000000000003,28.875,134.6180220728138,38.2,30.2,26.571428571428573,104,4.0,5.0,3.2,2.0,Low,Low
T Stubbs,Delhi Capitals,Mumbai Indians,2024,2,54.0,174.19354838709677,16.25,84.15449893140988,24.6,16.25,0.0,8,4.0,4.0,1.6,1.4,High,Low
A Badoni,Lucknow Super Giants,Gujarat Titans,2024,1,0.0,0.0,15.692307692307692,114.12249085897018,7.0,17.0,22.75,26,0.0,0.0,0.4,0.2,Moderate,Low
D Padikkal,Lucknow Super Giants,Gujarat Titans,2024,1,6.0,54.54545454545454,25.6,106.12828158678651,14.0,18.9,13.6,60,0.0,0.0,1.6,0.6,Low,Low
KH Pandya,Lucknow Super Giants,Gujarat Titans,2024,1,43.0,195.45454545454547,15.918367346938776,123.75517490420546,22.4,15.4,12.25,98,4.0,2.0,1.2,0.8,Low,Low
KL Rahul,Lucknow Super Giants,Gujarat Titans,2024,1,20.0,142.85714285714286,37.71681415929204,121.25400343730756,21.0,33.9,25.33333333333333,113,0.0,2.0,1.2,1.2,Moderate,Low
MP Stoinis,Lucknow Super Giants,Gujarat Titans,2024,1,24.0,160.0,19.792207792207797,118.65909123197652,17.2,23.8,2.0,77,1.0,2.0,1.2,1.0,High,Low
N Pooran,Lucknow Super Giants,Gujarat Titans,2024,1,40.0,190.47619047619045,22.476190476190474,136.5296141524369,40.8,28.8,10.25,63,1.0,5.0,2.4,3.4,Moderate,Low
Q de Kock,Lucknow Super Giants,Gujarat Titans,2024,1,81.0,144.64285714285714,30.49,116.69457788599132,36.6,43.5,29.33333333333333,100,8.0,5.0,2.8,2.2,Low,Low
B Sai Sudharsan,Gujarat Titans,Lucknow Super Giants,2024,2,33.0,173.6842105263158,39.23529411764706,133.09995790127795,51.2,43.8,0.0,17,6.0,0.0,4.8,1.6,Moderate,Low
BR Sharath,Gujarat Titans,Lucknow Super Giants,2024,2,0.0,0.0,0.0,0.0,0.0,0.0,0.0,0,0.0,0.0,0.0,0.0,Low,Low
DG Nalkande,Gujarat Titans,Lucknow Super Giants,2024,2,0.0,0.0,0.0,0.0,0.0,0.0,0.0,1,0.0,0.0,0.0,0.0,Low,Low
KS Williamson,Gujarat Titans,Lucknow Super Giants,2024,2,26.0,118.1818181818182,28.039473684210527,115.140899026708,18.8,19.2,16.0,76,4.0,0.0,1.8,0.4,Low,Low
Noor Ahmad,Gujarat Titans,Lucknow Super Giants,2024,2,7.0,140.0,2.6666666666666665,57.77777777777777,2.6666666666666665,2.6666666666666665,0.0,3,1.0,0.0,0.3333333333333333,0.0,Low,Low
R Tewatia,Gujarat Titans,Lucknow Super Giants,2024,2,23.0,287.5,14.847457627118644,130.37289180297222,11.6,11.7,21.33333333333333,59,3.0,1.0,1.2,0.4,Moderate,Low
Rashid Khan,Gujarat Titans,Lucknow Super Giants,2024,2,1.0,50.0,8.615384615384615,119.224246640112,8.0,12.5,0.0,52,0.0,0.0,0.8,0.4,Low,Low
SH Johnson,Gujarat Titans,Lucknow Super Giants,2024,2,5.0,100.0,5.0,100.0,5.0,5.0,0.0,1,1.0,0.0,1.0,0.0,Low,Low
Shubman Gill,Gujarat Titans,Lucknow Super Giants,2024,2,89.0,185.41666666666669,32.46153846153846,122.1318226189874,40.6,58.5,39.25,91,6.0,4.0,3.6,1.4,Low,Low
UT Yadav,Gujarat Titans,Lucknow Super Giants,2024,2,10.0,90.9090909090909,4.382978723404255,93.7631635503976,4.6,6.5,0.0,47,0.0,1.0,0.0,0.2,Low,Low
V Shankar,Gujarat Titans,Lucknow Super Giants,2024,2,8.0,80.0,19.49090909090909,121.1359385642958,10.8,21.2,7.0,55,0.0,0.0,0.4,0.4,Low,Low
A Raghuvanshi,Kolkata Knight Riders,Chennai Super Kings,2024,1,54.0,200.0,54.0,200.0,54.0,54.0,0.0,1,5.0,3.0,5.0,3.0,Moderate,Low
AD Russell,Kolkata Knight Riders,Chennai Super Kings,2024,1,41.0,215.7894736842105,24.193877551020407,150.24998272712082,24.8,23.4,25.916666666666668,98,4.0,3.0,1.4,2.4,Low,Low
AS Roy,Kolkata Knight Riders,Chennai Super Kings,2024,1,6.0,100.0,4.6,73.14285714285714,4.6,4.6,0.0,5,0.0,0.0,0.6,0.0,Low,Low
MA Starc,Kolkata Knight Riders,Chennai Super Kings,2024,1,1.0,100.0,7.923076923076923,106.72549956437425,3.6,7.2,3.25,13,0.0,0.0,0.4,0.0,Low,Low
PD Salt,Kolkata Knight Riders,Chennai Super Kings,2024,1,18.0,150.0,26.666666666666668,123.1133817163229,26.2,31.5,10.0,12,4.0,0.0,2.2,1.4,Low,Low
RK Singh,Kolkata Knight Riders,Chennai Super Kings,2024,1,26.0,371.4285714285714,24.34375,138.819142669358,35.0,29.5,27.2,32,1.0,3.0,2.8,2.0,Low,Low
Ramandeep Singh,Kolkata Knight Riders,Chennai Super Kings,2024,1,2.0,100.0,13.666666666666666,156.18055555555557,15.2,13.666666666666666,0.0,6,0.0,0.0,0.8,1.0,Low,Low
SP Narine,Kolkata Knight Riders,Chennai Super Kings,2024,1,85.0,217.94871794871796,12.421052631578949,120.4249032646784,28.2,14.8,8.0,95,7.0,7.0,2.0,2.4,Moderate,Low
SS Iyer,Kolkata Knight Riders,Chennai Super Kings,2024,1,18.0,163.63636363636363,27.278846153846157,109.93798136162948,24.4,22.2,21.33333333333333,104,0.0,2.0,1.6,1.4,Moderate,Low
VG Arora,Kolkata Knight Riders,Chennai Super Kings,2024,1,1.0,100.0,1.3333333333333333,72.22222222222221,1.4,1.3333333333333333,1.0,6,0.0,0.0,0.0,0.0,Low,Low
VR Iyer,Kolkata Knight Riders,Chennai Super Kings,2024,1,5.0,250.0,26.102564102564106,119.64652568439205,19.0,21.2,22.6,39,1.0,0.0,2.0,1.0,Low,Low
DJ Mitchell,Chennai Super Kings,Kolkata Knight Riders,2024,2,13.0,118.1818181818182,21.0,107.13998963998964,22.0,21.0,0.0,6,1.0,0.0,1.0,0.8,Moderate,Low
MS Dhoni,Chennai Super Kings,Kolkata Knight Riders,2024,2,1.0,50.0,23.378995433789957,128.9893497901427,8.8,8.3,20.55555555555556,219,0.0,0.0,0.8,0.6,Low,Low
R Ravindra,Chennai Super Kings,Kolkata Knight Riders,2024,2,12.0,133.33333333333331,24.25,156.66666666666666,24.25,24.25,0.0,4,2.0,0.0,2.75,1.5,Low,Low
RD Gaikwad,Chennai Super Kings,Kolkata Knight Riders,2024,2,26.0,123.8095238095238,34.27272727272727,110.6919457372793,22.8,32.4,37.142857142857146,55,3.0,1.0,2.8,0.6,High,Low
S Dube,Chennai Super Kings,Kolkata Knight Riders,2024,2,45.0,187.5,24.58823529411765,127.64416794234624,36.0,30.2,28.2,51,2.0,4.0,1.8,2.4,Moderate,Low
AK Markram,Sunrisers Hyderabad,Punjab Kings,2024,1,50.0,138.88888888888889,25.77142857142857,123.74075811190316,28.0,24.3,33.0,35,4.0,1.0,1.6,0.6,Low,Low
Abdul Samad,Sunrisers Hyderabad,Punjab Kings,2024,1,29.0,207.1428571428572,14.7,128.71917345954347,20.4,21.3,1.0,30,3.0,1.0,1.2,1.6,Moderate,Low
Abhishek Sharma,Sunrisers Hyderabad,Punjab Kings,2024,1,37.0,336.3636363636364,21.51020408163265,127.21131103066726,34.4,31.5,37.0,49,3.0,4.0,2.8,3.0,Low,Low
B Kumar,Sunrisers Hyderabad,Punjab Kings,2024,1,27.0,103.84615384615384,4.716666666666667,88.06091593591594,8.4,6.3,2.0,60,3.0,0.0,0.8,0.0,Low,Low
H Klaasen,Sunrisers Hyderabad,Punjab Kings,2024,1,10.0,90.9090909090909,32.904761904761905,157.6477862455039,39.0,47.2,0.0,21,1.0,0.0,1.6,3.4,Low,Low
JD Unadkat,Sunrisers Hyderabad,Punjab Kings,2024,1,9.0,128.57142857142858,7.863636363636363,98.86410974646267,11.0,11.8,12.0,22,1.0,0.0,0.8,0.6,Low,Low
Nithish Kumar Reddy,Sunrisers Hyderabad,Punjab Kings,2024,1,14.0,175.0,14.0,175.0,14.0,14.0,0.0,1,1.0,1.0,1.0,1.0,High,Low
PJ Cummins,Sunrisers Hyderabad,Punjab Kings,2024,1,2.0,100.0,12.290322580645162,123.28556695254989,1.0,15.2,0.0,31,0.0,0.0,0.0,0.0,Low,Low
RA Tripathi,Sunrisers Hyderabad,Punjab Kings,2024,1,20.0,100.0,23.76136363636364,126.68115013917718,20.6,17.6,40.6,88,0.0,1.0,1.6,1.0,Low,Low
Shahbaz Ahmed,Sunrisers Hyderabad,Punjab Kings,2024,1,18.0,94.73684210526316,13.464285714285714,112.89376176594224,12.0,11.0,7.5,28,0.0,1.0,0.4,0.8,Low,Low
TM Head,Sunrisers Hyderabad,Punjab Kings,2024,1,31.0,129.16666666666669,24.384615384615383,124.07399338250404,37.8,26.3,0.0,13,3.0,1.0,3.6,1.8,Moderate,Low
Ashutosh Sharma,Punjab Kings,Sunrisers Hyderabad,2024,2,31.0,182.35294117647055,31.0,182.35294117647055,31.0,31.0,0.0,1,3.0,1.0,3.0,1.0,Moderate,Low
JM Bairstow,Punjab Kings,Sunrisers Hyderabad,2024,2,22.0,169.23076923076923,31.906976744186046,133.37315316894018,20.8,28.7,17.5,43,4.0,0.0,3.2,0.6,Low,Low
JM Sharma,Punjab Kings,Sunrisers Hyderabad,2024,2,16.0,200.0,21.464285714285715,152.92402352059366,20.4,19.8,11.333333333333334,28,0.0,2.0,1.2,1.4,Low,Low
P Simran Singh,Punjab Kings,Sunrisers Hyderabad,2024,2,35.0,145.83333333333331,21.95833333333333,124.15667128708924,21.4,29.5,10.25,24,5.0,1.0,2.6,1.0,Low,Low
S Dhawan,Punjab Kings,Sunrisers Hyderabad,2024,2,1.0,50.0,30.56561085972851,111.93445923557132,31.0,27.7,30.33333333333333,221,0.0,0.0,3.6,1.0,Low,Low
SM Curran,Punjab Kings,Sunrisers Hyderabad,2024,2,5.0,62.5,17.6,129.97307353131973,28.0,22.5,18.25,40,0.0,0.0,2.6,0.6,Moderate,Low
Shashank Singh,Punjab Kings,Sunrisers Hyderabad,2024,2,61.0,210.3448275862069,17.77777777777778,163.60533357659793,20.4,17.77777777777778,0.0,9,6.0,4.0,1.8,1.2,High,Low
Sikandar Raza,Punjab Kings,Sunrisers Hyderabad,2024,2,15.0,93.75,19.25,124.45976914345816,26.4,19.25,5.0,8,0.0,0.0,1.8,1.0,Moderate,Low
JC Buttler,Rajasthan Royals,Gujarat Titans,2024,1,100.0,172.41379310344826,33.59,128.42390796372655,27.0,25.6,38.0,100,9.0,4.0,2.6,0.8,Low,Low
R Parag,Rajasthan Royals,Gujarat Titans,2024,1,4.0,100.0,16.354166666666668,112.69151993901964,41.0,25.6,9.2,48,1.0,0.0,3.0,2.8,High,Low
SO Hetmyer,Rajasthan Royals,Gujarat Titans,2024,1,11.0,183.3333333333333,19.661016949152543,136.61247296934846,22.2,14.4,21.4,59,2.0,0.0,1.6,1.6,Low,Low
SV Samson,Rajasthan Royals,Gujarat Titans,2024,1,69.0,164.28571428571428,26.927152317880797,117.41154268788851,36.0,34.2,32.4,151,8.0,2.0,3.4,1.6,High,Low
YBK Jaiswal,Rajasthan Royals,Gujarat Titans,2024,1,0.0,0.0,29.536585365853657,122.12564822416913,17.8,36.0,10.0,41,0.0,0.0,2.8,0.2,Moderate,Low
A Manohar,Gujarat Titans,Rajasthan Royals,2024,2,2.0,66.66666666666666,17.076923076923077,117.1285125131279,20.0,17.1,35.0,13,0.0,0.0,0.6,1.4,Low,Low
B Sai Sudharsan,Gujarat Titans,Rajasthan Royals,2024,2,31.0,155.0,38.77777777777778,134.3166269067625,38.2,41.6,20.0,18,4.0,0.0,4.0,0.4,Moderate,Low
M Shahrukh Khan,Gujarat Titans,Rajasthan Royals,2024,2,41.0,178.26086956521738,14.2,138.6287703487192,14.4,13.4,19.33333333333333,30,4.0,2.0,1.4,0.8,Low,Low
MS Wade,Gujarat Titans,Rajasthan Royals,2024,2,8.0,80.0,13.76923076923077,104.15273203071612,17.8,15.7,18.33333333333333,13,0.0,1.0,2.4,0.4,Low,Low
R Tewatia,Gujarat Titans,Rajasthan Royals,2024,2,30.0,125.0,15.1,130.283343606256,16.8,14.5,1.0,60,2.0,2.0,1.6,0.8,Moderate,Low
Rashid Khan,Gujarat Titans,Rajasthan Royals,2024,2,0.0,0.0,8.452830188679245,116.97473255256274,2.0,12.4,6.8,53,0.0,0.0,0.2,0.0,Moderate,Low
Shubman Gill,Gujarat Titans,Rajasthan Royals,2024,2,19.0,90.47619047619048,32.31521739130435,121.78773966091352,36.6,59.8,31.0,92,2.0,0.0,2.6,1.4,High,Low
V Shankar,Gujarat Titans,Rajasthan Royals,2024,2,17.0,100.0,19.446428571428573,120.75851108993336,11.4,21.0,17.857142857142858,56,0.0,1.0,0.4,0.4,Low,Low
Akash Deep,Royal Challengers Bengaluru,Mumbai Indians,2024,1,17.0,212.5,8.5,106.25,8.5,8.5,0.0,2,2.0,1.0,1.0,0.5,Low,Low
F du Plessis,Royal Challengers Bengaluru,Mumbai Indians,2024,1,44.0,133.33333333333331,33.140625,119.114040806091,21.8,37.3,26.36842105263158,128,2.0,2.0,2.6,0.6,High,Low
GJ Maxwell,Royal Challengers Bengaluru,Mumbai Indians,2024,1,1.0,33.33333333333333,22.016,126.36393310050896,6.4,17.0,25.705882352941178,125,0.0,0.0,0.6,0.2,Low,Low
KD Karthik,Royal Challengers Bengaluru,Mumbai Indians,2024,1,4.0,50.0,20.384955752212388,119.08734918875692,18.0,16.9,15.0,226,0.0,0.0,1.2,1.4,High,Low
MK Lomror,Royal Challengers Bengaluru,Mumbai Indians,2024,1,33.0,253.84615384615384,16.74074074074074,126.38565980801724,10.6,15.9,6.0,27,3.0,3.0,1.0,0.8,Low,Low
RM Patidar,Royal Challengers Bengaluru,Mumbai Indians,2024,1,29.0,138.0952380952381,30.266666666666666,113.9585978955393,21.6,36.7,8.0,15,2.0,2.0,1.4,1.2,High,Low
Saurav Chauhan,Royal Challengers Bengaluru,Mumbai Indians,2024,1,9.0,150.0,9.0,150.0,9.0,9.0,0.0,1,0.0,1.0,0.0,1.0,Low,Low
V Kohli,Royal Challengers Bengaluru,Mumbai Indians,2024,1,113.0,156.94444444444443,32.15677966101695,117.04054650270918,63.2,59.1,26.78125,236,12.0,4.0,5.8,2.4,Low,Low
Vijaykumar Vyshak,Royal Challengers Bengaluru,Mumbai Indians,2024,1,13.0,162.5,6.5,81.25,6.5,6.5,0.0,2,0.0,1.0,0.0,0.5,Low,Low
WG Jacks,Royal Challengers Bengaluru,Mumbai Indians,2024,1,0.0,0.0,0.0,0.0,0.0,0.0,0.0,0,0.0,0.0,0.0,0.0,Low,Low
HH Pandya,Mumbai Indians,Royal Challengers Bengaluru,2024,2,39.0,118.1818181818182,19.885245901639344,142.30257606753258,25.8,20.2,0.0,122,3.0,1.0,2.2,1.0,Moderate,Low
Ishan Kishan,Mumbai Indians,Royal Challengers Bengaluru,2024,2,42.0,182.6086956521739,27.146067415730336,117.44535867011484,21.4,26.0,0.0,89,4.0,2.0,2.2,1.4,High,Low
RG Sharma,Mumbai Indians,Royal Challengers Bengaluru,2024,2,49.0,181.4814814814815,26.16115702479339,112.08480448428476,25.2,26.6,0.0,242,6.0,3.0,3.0,1.4,Moderate,Low
SA Yadav,Mumbai Indians,Royal Challengers Bengaluru,2024,2,0.0,0.0,25.785714285714285,133.62240657420216,25.2,45.9,0.0,126,0.0,0.0,2.6,0.8,High,Low
Tilak Varma,Mumbai Indians,Royal Challengers Bengaluru,2024,2,6.0,120.0,29.89655172413793,138.47590546612182,34.0,25.6,0.0,29,1.0,0.0,1.8,2.4,Low,Low
A Badoni,Lucknow Super Giants,Delhi Capitals,2024,1,20.0,181.8181818181818,15.851851851851851,116.62973867227431,6.0,18.2,14.0,27,3.0,0.0,0.6,0.0,High,Low
Arshad Khan,Lucknow Super Giants,Delhi Capitals,2024,1,1.0,50.0,6.0,88.8888888888889,6.0,6.0,0.0,3,0.0,0.0,0.0,0.3333333333333333,Moderate,Low
D Padikkal,Lucknow Super Giants,Delhi Capitals,2024,1,7.0,100.0,25.295081967213115,106.02781795421625,14.6,17.0,28.83333333333333,61,1.0,0.0,1.6,0.6,Low,Low
DJ Hooda,Lucknow Super Giants,Delhi Capitals,2024,1,26.0,200.0,15.134831460674157,117.90340427246588,11.6,8.4,15.0,89,2.0,2.0,0.4,0.6,Low,Low
KH Pandya,Lucknow Super Giants,Delhi Capitals,2024,1,2.0,100.0,15.77777777777778,123.5152236425468,13.0,13.3,15.2,99,0.0,0.0,1.0,0.6,Low,Low
KL Rahul,Lucknow Super Giants,Delhi Capitals,2024,1,33.0,106.4516129032258,37.675438596491226,121.12415790630683,25.2,33.7,26.11111111111111,114,3.0,0.0,1.6,1.0,Moderate,Low
MP Stoinis,Lucknow Super Giants,Delhi Capitals,2024,1,58.0,134.88372093023256,20.28205128205128,118.86709930503108,28.8,28.3,19.0,78,4.0,2.0,2.0,1.4,Low,Low
N Pooran,Lucknow Super Giants,Delhi Capitals,2024,1,32.0,145.45454545454547,22.625,136.6690662040323,35.6,31.1,26.666666666666668,64,0.0,3.0,1.6,3.0,Low,Low
Q de Kock,Lucknow Super Giants,Delhi Capitals,2024,1,6.0,150.0,30.247524752475247,117.02433454058546,34.6,43.4,32.5,101,0.0,1.0,2.8,2.0,Low,Low
DA Warner,Delhi Capitals,Lucknow Super Giants,2024,2,10.0,125.0,35.63586956521739,121.30620123963844,31.6,36.6,21.0,184,1.0,1.0,3.2,2.0,Low,High
J Fraser-McGurk,Delhi Capitals,Lucknow Super Giants,2024,2,0.0,0.0,0.0,0.0,0.0,0.0,0.0,0,0.0,0.0,0.0,0.0,High,Low
PP Shaw,Delhi Capitals,Lucknow Super Giants,2024,2,66.0,165.0,24.5,122.31530061104698,35.6,21.3,26.0,74,8.0,3.0,4.4,1.2,Moderate,Low
RR Pant,Delhi Capitals,Lucknow Super Giants,2024,2,1.0,33.33333333333333,28.60952380952381,133.65340598958065,30.6,25.9,41.5,105,0.0,0.0,2.4,1.8,High,High
SD Hope,Delhi Capitals,Lucknow Super Giants,2024,2,33.0,132.0,33.0,132.0,33.0,33.0,0.0,1,2.0,2.0,2.0,2.0,Low,Low
T Stubbs,Delhi Capitals,Lucknow Super Giants,2024,2,71.0,295.83333333333337,22.33333333333333,107.67436942051248,34.8,22.33333333333333,0.0,9,3.0,7.0,1.8,2.8,Low,Low
Ashutosh Sharma,Punjab Kings,Rajasthan Royals,2024,1,33.0,220.00000000000003,32.0,201.1764705882353,32.0,32.0,0.0,2,3.0,2.0,3.0,1.5,Moderate,Low
Atharva Taide,Punjab Kings,Rajasthan Royals,2024,1,19.0,158.33333333333331,26.571428571428573,131.38255302120848,36.4,26.571428571428573,19.0,7,3.0,1.0,3.8,1.2,Low,Low
Harpreet Brar,Punjab Kings,Rajasthan Royals,2024,1,1.0,50.0,8.15,114.70381836945305,1.4,5.6,0.0,20,0.0,0.0,0.0,0.0,Low,Low
JM Bairstow,Punjab Kings,Rajasthan Royals,2024,1,0.0,0.0,31.181818181818183,130.34194514237336,16.2,25.5,31.4,44,0.0,0.0,2.2,0.6,Low,Low
JM Sharma,Punjab Kings,Rajasthan Royals,2024,1,19.0,172.72727272727272,21.379310344827587,153.60689418289294,15.4,19.6,36.333333333333336,29,1.0,1.0,0.8,1.0,Moderate,Low
LS Livingstone,Punjab Kings,Rajasthan Royals,2024,1,28.0,164.70588235294116,26.02857142857143,141.2426207671001,37.2,35.0,15.5,35,2.0,2.0,2.2,3.0,Moderate,Low
P Simran Singh,Punjab Kings,Rajasthan Royals,2024,1,4.0,66.66666666666666,21.24,121.85707110227234,21.8,25.7,31.0,25,1.0,0.0,2.8,1.0,Low,Low
SM Curran,Punjab Kings,Rajasthan Royals,2024,1,29.0,131.8181818181818,17.878048780487806,130.0180761724627,24.0,23.3,20.4,41,2.0,2.0,2.2,0.6,Low,Low
Shashank Singh,Punjab Kings,Rajasthan Royals,2024,1,46.0,184.0,20.6,165.64480021893814,27.4,20.6,0.0,10,6.0,1.0,2.8,1.4,Low,Low
Dhruv Jurel,Rajasthan Royals,Punjab Kings,2024,2,2.0,66.66666666666666,13.857142857142858,143.5204081632653,10.6,13.2,21.0,14,0.0,0.0,0.8,0.4,Low,Low
KA Maharaj,Rajasthan Royals,Punjab Kings,2024,2,0.0,0.0,0.0,0.0,0.0,0.0,0.0,0,0.0,0.0,0.0,0.0,Low,Low
R Parag,Rajasthan Royals,Punjab Kings,2024,2,76.0,158.33333333333331,17.571428571428573,113.62298551849544,52.2,31.2,13.8,49,3.0,5.0,3.4,3.4,Moderate,Low
R Powell,Rajasthan Royals,Punjab Kings,2024,2,4.0,100.0,17.133333333333333,104.05438842203549,10.4,22.6,2.0,15,1.0,0.0,0.4,0.8,Low,Low
SO Hetmyer,Rajasthan Royals,Punjab Kings,2024,2,13.0,260.0,19.55,138.66893175319268,17.8,15.4,32.25,60,1.0,1.0,1.6,1.0,Moderate,Low
SV Samson,Rajasthan Royals,Punjab Kings,2024,2,68.0,178.94736842105263,27.19736842105263,117.81638364665932,49.2,39.6,38.0,152,7.0,2.0,4.8,2.0,Low,Low
Tanush Kotian,Rajasthan Royals,Punjab Kings,2024,2,0.0,0.0,0.0,0.0,0.0,0.0,0.0,0,0.0,0.0,0.0,0.0,Moderate,Low
YBK Jaiswal,Rajasthan Royals,Punjab Kings,2024,2,24.0,126.3157894736842,29.404761904761905,122.22541349201472,12.6,26.0,44.5,42,5.0,0.0,2.2,0.2,Moderate,Low
A Badoni,Lucknow Super Giants,Kolkata Knight Riders,2024,1,55.0,157.14285714285714,17.25,118.0766357605094,16.8,19.4,20.0,28,5.0,1.0,1.6,0.2,Moderate,Low
Arshad Khan (2),Lucknow Super Giants,Kolkata Knight Riders,2024,1,0.0,0.0,0.0,0.0,0.0,0.0,0.0,0,0.0,0.0,0.0,0.0,Low,Low
DJ Hooda,Lucknow Super Giants,Kolkata Knight Riders,2024,1,10.0,76.92307692307693,15.077777777777778,117.44806730191712,13.4,8.5,12.333333333333334,90,0.0,0.0,0.4,0.6,Low,Low
KH Pandya,Lucknow Super Giants,Kolkata Knight Riders,2024,1,3.0,75.0,15.65,123.03007140612137,11.8,13.1,14.166666666666666,100,0.0,0.0,1.0,0.4,Low,Low
KL Rahul,Lucknow Super Giants,Kolkata Knight Riders,2024,1,39.0,177.27272727272728,37.68695652173913,121.61240633558008,33.0,35.8,37.583333333333336,115,5.0,1.0,2.6,1.2,Moderate,Low
MP Stoinis,Lucknow Super Giants,Kolkata Knight Riders,2024,1,8.0,80.0,20.126582278481013,118.37511070623324,22.4,28.5,11.3,79,1.0,0.0,1.2,1.2,Low,Low
N Pooran,Lucknow Super Giants,Kolkata Knight Riders,2024,1,0.0,0.0,22.27692307692308,134.56646518550872,35.6,29.1,20.25,65,0.0,0.0,1.6,3.0,High,Low
Q de Kock,Lucknow Super Giants,Kolkata Knight Riders,2024,1,19.0,146.15384615384613,30.137254901960784,117.30991798777428,32.8,31.3,31.785714285714285,102,4.0,0.0,3.6,1.6,Low,Low
A Raghuvanshi,Kolkata Knight Riders,Lucknow Super Giants,2024,2,24.0,133.33333333333331,39.0,166.66666666666666,39.0,39.0,0.0,2,3.0,1.0,4.0,2.0,Low,Low
PD Salt,Kolkata Knight Riders,Lucknow Super Giants,2024,2,0.0,0.0,24.615384615384617,113.64312158429806,21.0,25.6,0.0,13,0.0,0.0,1.8,1.0,High,Low
SP Narine,Kolkata Knight Riders,Lucknow Super Giants,2024,2,27.0,135.0,12.572916666666666,120.57672718900466,32.4,17.5,14.666666666666666,96,3.0,2.0,2.4,2.8,Low,Low
SS Iyer,Kolkata Knight Riders,Lucknow Super Giants,2024,2,34.0,106.25,27.34285714285714,109.90285772961396,28.2,24.4,28.0,105,3.0,0.0,1.8,1.4,Moderate,Low
AM Rahane,Chennai Super Kings,Mumbai Indians,2024,1,35.0,116.66666666666669,27.7239263803681,105.80140351978926,29.2,23.6,29.45833333333333,163,2.0,1.0,2.0,1.4,Low,Low
DJ Mitchell,Chennai Super Kings,Mumbai Indians,2024,1,25.0,131.57894736842107,21.571428571428573,110.63126931547984,23.6,21.571428571428573,17.0,7,1.0,1.0,1.0,1.0,Low,Low
MS Dhoni,Chennai Super Kings,Mumbai Indians,2024,1,1.0,33.33333333333333,23.277272727272727,128.55454971533905,8.0,8.2,21.37142857142857,220,0.0,0.0,0.8,0.6,Moderate,Low
R Ravindra,Chennai Super Kings,Mumbai Indians,2024,1,15.0,187.5,22.4,162.83333333333331,22.4,22.4,0.0,5,3.0,0.0,2.8,1.2,Moderate,Low
RD Gaikwad,Chennai Super Kings,Mumbai Indians,2024,1,67.0,115.51724137931036,34.857142857142854,110.778111730887,31.0,36.1,24.142857142857142,56,9.0,0.0,4.0,0.4,High,Low
S Dube,Chennai Super Kings,Mumbai Indians,2024,1,28.0,155.55555555555557,24.653846153846157,128.1809253964464,35.2,30.4,17.0,52,1.0,3.0,2.0,2.6,High,Low
HH Pandya,Mumbai Indians,Chennai Super Kings,2024,2,21.0,350.0,19.89430894308943,143.99117301007297,25.8,19.8,13.866666666666667,123,0.0,3.0,2.2,1.2,Low,Low
Ishan Kishan,Mumbai Indians,Chennai Super Kings,2024,2,69.0,202.94117647058823,27.61111111111111,118.3953122012312,32.2,32.2,23.88888888888889,90,7.0,5.0,3.0,2.4,Moderate,Low
Mohammad Nabi,Mumbai Indians,Chennai Super Kings,2024,2,3.0,75.0,12.4,165.35521885521885,13.0,13.8,0.0,15,0.0,0.0,1.6,0.6,Low,Low
R Shepherd,Mumbai Indians,Chennai Super Kings,2024,2,39.0,390.0,18.666666666666668,176.5079365079365,17.6,18.666666666666668,0.0,6,3.0,4.0,1.4,1.6,Low,Low
RG Sharma,Mumbai Indians,Chennai Super Kings,2024,2,38.0,158.33333333333331,26.20987654320988,112.27512764827262,31.2,29.7,23.96969696969697,243,3.0,3.0,3.4,2.0,High,Low
SA Yadav,Mumbai Indians,Chennai Super Kings,2024,2,52.0,273.6842105263158,25.992125984251967,134.7252554242188,34.2,45.6,24.285714285714285,127,5.0,4.0,3.6,1.6,Low,Low
TH David,Mumbai Indians,Chennai Super Kings,2024,2,45.0,225.0,19.035714285714285,146.21316183816185,23.4,16.9,12.5,28,2.0,4.0,1.2,1.4,Low,Low
Tilak Varma,Mumbai Indians,Chennai Super Kings,2024,2,16.0,160.0,29.433333333333334,139.19337528391776,28.6,26.9,35.666666666666664,30,3.0,0.0,1.4,1.8,Moderate,Low
AK Markram,Sunrisers Hyderabad,Royal Challengers Bengaluru,2024,1,0.0,0.0,25.05555555555556,120.30351483101695,25.4,20.2,0.0,36,0.0,0.0,1.6,0.4,Moderate,Low
Abdul Samad,Sunrisers Hyderabad,Royal Challengers Bengaluru,2024,1,25.0,208.33333333333331,15.03225806451613,131.2873721651496,22.0,20.6,0.0,31,5.0,0.0,2.2,1.2,Moderate,Low
Abhishek Sharma,Sunrisers Hyderabad,Royal Challengers Bengaluru,2024,1,16.0,145.45454545454547,21.4,127.57617571914484,35.4,26.4,0.0,50,2.0,1.0,2.8,3.2,Moderate,Low
H Klaasen,Sunrisers Hyderabad,Royal Challengers Bengaluru,2024,1,9.0,100.0,31.818181818181817,155.02743232525373,37.2,44.5,0.0,22,1.0,0.0,1.4,3.4,High,Low
TM Head,Sunrisers Hyderabad,Royal Challengers Bengaluru,2024,1,21.0,140.0,24.142857142857142,125.21156528375374,27.0,25.4,0.0,14,4.0,0.0,3.8,0.8,High,Low
Anuj Rawat,Royal Challengers Bengaluru,Sunrisers Hyderabad,2024,2,11.0,52.38095238095239,14.65,96.55071382518192,19.2,16.3,0.0,20,0.0,0.0,1.2,0.8,Moderate,Low
F du Plessis,Royal Challengers Bengaluru,Sunrisers Hyderabad,2024,2,61.0,152.5,33.35658914728682,119.37284669131512,27.0,38.9,30.25,129,4.0,3.0,1.8,1.2,High,Low
KD Karthik,Royal Challengers Bengaluru,Sunrisers Hyderabad,2024,2,53.0,230.43478260869568,20.52863436123348,119.57786651659804,28.6,20.0,14.304347826086955,227,5.0,4.0,2.2,2.2,High,Low
MK Lomror,Royal Challengers Bengaluru,Sunrisers Hyderabad,2024,2,0.0,0.0,16.142857142857142,121.87188624344522,10.4,15.2,20.0,28,0.0,0.0,1.0,0.8,Low,Low
RM Patidar,Royal Challengers Bengaluru,Sunrisers Hyderabad,2024,2,50.0,192.30769230769232,31.5,118.85541629629888,20.0,36.5,48.0,16,3.0,4.0,1.2,1.4,Low,Low
Saurav Chauhan,Royal Challengers Bengaluru,Sunrisers Hyderabad,2024,2,9.0,112.5,9.0,131.25,9.0,9.0,0.0,2,1.0,0.0,0.5,0.5,Low,Low
V Kohli,Royal Challengers Bengaluru,Sunrisers Hyderabad,2024,2,3.0,33.33333333333333,32.0337552742616,116.68735151043334,59.6,53.9,30.63636363636364,237,0.0,0.0,5.8,2.2,High,Low
Vijaykumar Vyshak,Royal Challengers Bengaluru,Sunrisers Hyderabad,2024,2,0.0,0.0,4.333333333333333,54.16666666666666,4.333333333333333,4.333333333333333,0.0,3,0.0,0.0,0.0,0.3333333333333333,Low,Low
WG Jacks,Royal Challengers Bengaluru,Sunrisers Hyderabad,2024,2,8.0,133.33333333333331,8.0,133.33333333333331,8.0,8.0,0.0,1,2.0,0.0,2.0,0.0,Low,Low
A Raghuvanshi,Kolkata Knight Riders,Rajasthan Royals,2024,1,7.0,116.66666666666669,28.33333333333333,150.0,28.33333333333333,28.33333333333333,0.0,3,0.0,1.0,2.6666666666666665,1.6666666666666667,Moderate,Low
AD Russell,Kolkata Knight Riders,Rajasthan Royals,2024,1,10.0,111.11111111111111,24.05050505050505,149.85464058958536,24.8,23.5,17.0,99,2.0,0.0,1.8,2.2,Low,Low
PD Salt,Kolkata Knight Riders,Rajasthan Royals,2024,1,89.0,202.27272727272728,29.214285714285715,119.97380770490015,38.2,34.5,0.0,14,14.0,3.0,4.6,1.6,Low,Low
RK Singh,Kolkata Knight Riders,Rajasthan Royals,2024,1,9.0,69.23076923076923,23.87878787878788,136.71040408030987,26.0,28.6,20.33333333333333,33,0.0,0.0,2.0,1.4,Moderate,Low
Ramandeep Singh,Kolkata Knight Riders,Rajasthan Royals,2024,1,13.0,108.33333333333331,13.571428571428571,149.3452380952381,15.4,13.571428571428571,0.0,7,0.0,1.0,0.8,1.2,Low,Low
SP Narine,Kolkata Knight Riders,Rajasthan Royals,2024,1,6.0,100.0,12.505154639175258,120.3645959808706,33.4,17.9,12.333333333333334,97,1.0,0.0,2.6,2.8,High,Low
SS Iyer,Kolkata Knight Riders,Rajasthan Royals,2024,1,38.0,100.0,27.443396226415093,109.80943454348554,25.8,24.0,35.5,106,6.0,0.0,2.2,0.8,Low,Low
VR Iyer,Kolkata Knight Riders,Rajasthan Royals,2024,1,3.0,37.5,25.525,117.59286254228223,17.8,18.4,33.666666666666664,40,0.0,0.0,1.6,1.0,Low,Low
Dhruv Jurel,Rajasthan Royals,Kolkata Knight Riders,2024,2,6.0,54.54545454545454,13.333333333333334,137.5887445887446,11.6,13.8,0.0,15,0.0,0.0,0.8,0.4,Low,Low
JC Buttler,Rajasthan Royals,Kolkata Knight Riders,2024,2,8.0,80.0,33.336633663366335,127.94446333042232,28.6,24.6,30.83333333333333,101,0.0,0.0,2.6,0.8,High,Low
R Ashwin,Rajasthan Royals,Kolkata Knight Riders,2024,2,16.0,100.0,9.144578313253012,108.73621969243815,11.2,11.1,10.666666666666666,83,1.0,0.0,0.4,0.6,Low,Low
R Parag,Rajasthan Royals,Kolkata Knight Riders,2024,2,23.0,127.77777777777776,17.68,113.90608136368108,48.2,32.8,14.4,50,1.0,1.0,3.4,3.0,Moderate,Low
R Powell,Rajasthan Royals,Kolkata Knight Riders,2024,2,11.0,220.00000000000003,16.75,111.30098914565826,12.2,20.1,20.5,16,2.0,0.0,0.8,0.8,Moderate,Low
SO Hetmyer,Rajasthan Royals,Kolkata Knight Riders,2024,2,27.0,270.0,19.672131147540984,140.82190008510756,14.0,17.3,13.0,61,1.0,3.0,1.0,1.0,Low,Low
SV Samson,Rajasthan Royals,Kolkata Knight Riders,2024,2,18.0,128.57142857142858,27.137254901960784,117.88667805793231,36.4,38.4,27.210526315789476,153,1.0,1.0,4.4,1.0,Low,Low
TA Boult,Rajasthan Royals,Kolkata Knight Riders,2024,2,1.0,50.0,3.8333333333333335,87.0179974346641,5.4,5.5,0.0,18,0.0,0.0,0.2,0.4,Low,Low
YBK Jaiswal,Rajasthan Royals,Kolkata Knight Riders,2024,2,39.0,139.28571428571428,29.627906976744185,122.62216467326353,15.6,28.5,40.0,43,4.0,0.0,2.4,0.0,Low,Low
A Manohar,Gujarat Titans,Delhi Capitals,2024,1,1.0,50.0,15.928571428571429,112.3336187621902,14.8,12.9,13.5,14,0.0,0.0,0.6,0.8,Low,Low
B Sai Sudharsan,Gujarat Titans,Delhi Capitals,2024,1,35.0,120.6896551724138,38.578947368421055,133.5994178681126,36.2,43.2,62.0,19,3.0,1.0,4.0,0.4,Low,Low
DA Miller,Gujarat Titans,Delhi Capitals,2024,1,44.0,162.96296296296296,23.65254237288136,124.7704337369248,17.4,18.8,24.285714285714285,118,4.0,2.0,1.8,0.4,Low,Low
M Shahrukh Khan,Gujarat Titans,Delhi Capitals,2024,1,14.0,175.0,14.193548387096774,139.80203582134115,16.8,14.4,7.8,31,1.0,1.0,1.6,1.0,Low,Low
MM Sharma,Gujarat Titans,Delhi Capitals,2024,1,0.0,0.0,4.6923076923076925,87.12912087912088,1.8,2.8,0.0,26,0.0,0.0,0.2,0.0,Low,Low
Noor Ahmad,Gujarat Titans,Delhi Capitals,2024,1,4.0,200.0,3.0,93.33333333333331,3.0,3.0,0.0,4,1.0,0.0,0.5,0.0,Low,Low
R Tewatia,Gujarat Titans,Delhi Capitals,2024,1,22.0,200.0,15.21311475409836,131.42623961271082,20.6,14.7,19.0,61,3.0,0.0,2.2,0.8,Low,Low
Rashid Khan,Gujarat Titans,Delhi Capitals,2024,1,24.0,240.0,8.74074074074074,119.2529782460338,5.8,14.6,5.142857142857143,54,4.0,0.0,0.8,0.0,Moderate,Low
SH Johnson,Gujarat Titans,Delhi Capitals,2024,1,0.0,0.0,2.5,50.0,2.5,2.5,0.0,2,0.0,0.0,0.5,0.0,Low,Low
Shubman Gill,Gujarat Titans,Delhi Capitals,2024,1,72.0,163.63636363636363,32.74193548387097,122.23772486495062,44.8,56.9,32.9,93,6.0,2.0,3.2,1.6,Low,Low
WP Saha,Gujarat Titans,Delhi Capitals,2024,1,11.0,84.61538461538461,20.82608695652174,116.59026222078688,26.0,17.4,25.4,138,2.0,0.0,3.2,0.6,Low,Low
Abishek Porel,Delhi Capitals,Gujarat Titans,2024,2,41.0,132.25806451612902,13.77777777777778,119.743039716158,18.2,13.77777777777778,20.0,9,5.0,0.0,2.0,0.4,Low,Low
J Fraser-McGurk,Delhi Capitals,Gujarat Titans,2024,2,55.0,157.14285714285714,55.0,157.14285714285714,55.0,55.0,0.0,1,2.0,5.0,2.0,5.0,Moderate,Low
PP Shaw,Delhi Capitals,Gujarat Titans,2024,2,32.0,145.45454545454547,24.6,122.62382387562695,31.2,23.8,8.5,75,6.0,0.0,4.2,1.0,Low,Low
RR Pant,Delhi Capitals,Gujarat Titans,2024,2,41.0,170.83333333333331,28.72641509433962,134.00416002112547,35.2,27.4,43.0,106,4.0,2.0,2.8,2.2,Low,Low
SD Hope,Delhi Capitals,Gujarat Titans,2024,2,11.0,110.0,22.0,121.0,22.0,22.0,0.0,2,1.0,0.0,1.5,1.0,Low,Low
Sumit Kumar,Delhi Capitals,Gujarat Titans,2024,2,7.0,116.66666666666669,4.5,69.44444444444444,4.5,4.5,0.0,2,0.0,1.0,0.0,0.5,Low,Low
HH Pandya,Mumbai Indians,Punjab Kings,2024,1,2.0,33.33333333333333,19.75,143.09877107719603,24.0,19.6,15.4,124,0.0,0.0,2.0,1.0,Low,Low
Ishan Kishan,Mumbai Indians,Punjab Kings,2024,1,23.0,153.33333333333334,27.56043956043956,118.77924649938616,36.8,30.3,21.25,91,3.0,1.0,3.6,2.6,Low,Low
Mohammad Nabi,Mumbai Indians,Punjab Kings,2024,1,4.0,57.14285714285714,11.875,158.59194624819625,9.8,13.0,0.0,16,0.0,0.0,1.0,0.4,Low,Low
R Shepherd,Mumbai Indians,Punjab Kings,2024,1,1.0,50.0,16.142857142857142,158.43537414965985,16.2,16.142857142857142,26.0,7,0.0,0.0,1.4,1.4,Low,Low
RG Sharma,Mumbai Indians,Punjab Kings,2024,1,105.0,166.66666666666669,26.5327868852459,112.4980437917906,43.6,37.3,28.6,244,11.0,5.0,4.2,2.8,Moderate,Low
SA Yadav,Mumbai Indians,Punjab Kings,2024,1,0.0,0.0,25.7890625,133.6727143662171,29.2,39.0,39.8,128,0.0,0.0,2.8,1.6,High,Low
TH David,Mumbai Indians,Punjab Kings,2024,1,13.0,260.0,18.82758620689655,150.13684591270797,25.6,18.0,22.0,29,0.0,2.0,1.2,1.8,Low,Low
Tilak Varma,Mumbai Indians,Punjab Kings,2024,1,31.0,155.0,29.483870967741936,139.7032664037914,29.8,29.8,21.666666666666668,31,5.0,0.0,2.2,1.6,Moderate,Low
Ashutosh Sharma,Punjab Kings,Mumbai Indians,2024,2,31.0,206.66666666666669,31.666666666666668,203.0065359477124,31.666666666666668,31.666666666666668,0.0,3,1.0,3.0,2.333333333333333,2.0,High,Low
HV Patel,Punjab Kings,Mumbai Indians,2024,2,6.0,150.0,7.151515151515151,111.2477213814112,5.2,5.7,5.0,33,0.0,1.0,0.4,0.4,Low,Low
Harpreet Brar,Punjab Kings,Mumbai Indians,2024,2,3.0,100.0,7.904761904761905,114.00363654233624,1.6,5.1,9.5,21,0.0,0.0,0.0,0.0,Moderate,Low
Harpreet Singh,Punjab Kings,Mumbai Indians,2024,2,41.0,151.85185185185185,16.0,110.78622482131254,19.0,16.0,41.0,6,4.0,2.0,1.6,0.6,Low,Low
JM Sharma,Punjab Kings,Mumbai Indians,2024,2,29.0,120.83333333333331,21.633333333333333,152.51444215457428,19.4,17.6,34.666666666666664,30,1.0,2.0,0.8,1.4,Low,Low
K Rabada,Punjab Kings,Mumbai Indians,2024,2,0.0,0.0,7.44,100.22234432234433,1.6,5.2,16.0,25,0.0,0.0,0.0,0.2,Low,Low
LS Livingstone,Punjab Kings,Mumbai Indians,2024,2,21.0,150.0,25.88888888888889,141.48588130134735,22.6,34.8,23.75,36,2.0,1.0,1.6,1.4,Low,Low
P Simran Singh,Punjab Kings,Mumbai Indians,2024,2,10.0,71.42857142857143,20.807692307692307,119.9175134225146,18.6,25.8,17.5,26,1.0,0.0,2.0,1.0,Low,Low
RR Rossouw,Punjab Kings,Mumbai Indians,2024,2,0.0,0.0,18.714285714285715,99.6954696488858,31.4,22.3,12.0,14,0.0,0.0,2.0,2.0,Low,Low
SM Curran,Punjab Kings,Mumbai Indians,2024,2,6.0,60.0,17.595238095238095,128.3509791207374,12.6,21.0,33.25,42,0.0,0.0,1.0,0.4,Low,Low
Shashank Singh,Punjab Kings,Mumbai Indians,2024,2,9.0,100.0,19.545454545454547,159.67709110812558,29.2,19.0,0.0,11,1.0,0.0,3.0,1.4,High,Low
AM Rahane,Chennai Super Kings,Lucknow Super Giants,2024,1,5.0,62.5,27.585365853658537,105.53737057149786,24.8,22.6,0.0,164,1.0,0.0,1.8,1.0,Moderate,Low
MM Ali,Chennai Super Kings,Lucknow Super Giants,2024,1,9.0,300.0,19.884615384615383,119.6514591389283,10.0,12.4,27.0,52,0.0,1.0,0.8,0.6,Moderate,Low
MS Dhoni,Chennai Super Kings,Lucknow Super Giants,2024,1,20.0,500.0,23.262443438914023,130.23529835916105,11.8,8.9,14.0,221,0.0,3.0,0.8,1.2,Moderate,Low
R Ravindra,Chennai Super Kings,Lucknow Super Giants,2024,1,21.0,131.25,22.166666666666668,157.56944444444443,19.2,22.166666666666668,0.0,6,2.0,1.0,2.6,0.8,Low,Low
RA Jadeja,Chennai Super Kings,Lucknow Super Giants,2024,1,31.0,134.7826086956522,16.046242774566473,132.6191441444974,19.8,19.4,10.0,173,4.0,0.0,1.6,0.4,High,Low
RD Gaikwad,Chennai Super Kings,Lucknow Super Giants,2024,1,69.0,172.5,35.45614035087719,111.86095187595916,41.8,40.6,29.0,57,5.0,5.0,4.4,1.4,Low,Low
S Dube,Chennai Super Kings,Lucknow Super Giants,2024,1,66.0,173.6842105263158,25.433962264150946,129.0394779460666,41.6,34.5,38.0,53,10.0,2.0,3.2,2.8,Low,Low
Sameer Rizvi,Chennai Super Kings,Lucknow Super Giants,2024,1,0.0,0.0,7.0,116.66666666666669,7.0,7.0,0.0,2,0.0,0.0,0.0,1.0,Low,Low
KL Rahul,Lucknow Super Giants,Chennai Super Kings,2024,2,39.0,150.0,37.69827586206897,121.85712697061818,29.2,32.3,37.91666666666666,116,3.0,2.0,2.4,1.2,High,High
MP Stoinis,Lucknow Super Giants,Chennai Super Kings,2024,2,10.0,200.0,20.0,119.39542182240532,23.8,29.1,14.0,80,2.0,0.0,1.6,1.2,Low,Low
N Pooran,Lucknow Super Giants,Chennai Super Kings,2024,2,45.0,140.625,22.62121212121212,134.65826116754647,31.8,33.3,24.0,66,2.0,4.0,1.2,3.0,Moderate,Low
Q de Kock,Lucknow Super Giants,Chennai Super Kings,2024,2,10.0,125.0,29.941747572815533,117.38457897818424,34.0,31.7,25.76923076923077,103,2.0,0.0,3.8,1.6,High,Low
AK Markram,Sunrisers Hyderabad,Delhi Capitals,2024,1,32.0,200.0,25.24324324324324,122.45747388963812,28.2,22.8,17.666666666666668,37,2.0,2.0,1.6,0.8,Low,Low
Abdul Samad,Sunrisers Hyderabad,Delhi Capitals,2024,1,37.0,370.0,15.71875,138.74714178498868,22.0,22.2,25.25,32,4.0,3.0,2.8,1.0,Low,Low
Abhishek Sharma,Sunrisers Hyderabad,Delhi Capitals,2024,1,34.0,154.54545454545453,21.647058823529413,128.104985107896,35.8,28.9,14.5,51,2.0,2.0,2.4,3.2,High,Low
H Klaasen,Sunrisers Hyderabad,Delhi Capitals,2024,1,67.0,216.1290322580645,33.34782608695652,157.6840236266803,38.0,48.6,29.0,23,2.0,7.0,1.8,3.2,Low,Low
Nithish Kumar Reddy,Sunrisers Hyderabad,Delhi Capitals,2024,1,64.0,172.97297297297297,39.0,173.98648648648648,39.0,39.0,0.0,2,4.0,5.0,2.5,3.0,Moderate,Low
PJ Cummins,Sunrisers Hyderabad,Delhi Capitals,2024,1,3.0,75.0,12.0,121.77664298528268,1.0,8.9,6.666666666666667,32,0.0,0.0,0.0,0.0,Low,Low
Shahbaz Ahmed,Sunrisers Hyderabad,Delhi Capitals,2024,1,14.0,200.0,13.482758620689657,115.89742515332352,14.4,11.2,17.666666666666668,29,1.0,1.0,0.6,1.0,High,Low
TM Head,Sunrisers Hyderabad,Delhi Capitals,2024,1,102.0,248.78048780487805,29.33333333333333,133.4494934518287,47.0,32.6,0.0,15,9.0,8.0,5.6,2.4,High,Low
A Nortje,Delhi Capitals,Sunrisers Hyderabad,2024,2,4.0,66.66666666666666,4.083333333333333,103.96825396825398,6.4,4.3,2.0,12,0.0,0.0,0.8,0.0,Low,Low
AR Patel,Delhi Capitals,Sunrisers Hyderabad,2024,2,8.0,114.28571428571428,13.99047619047619,125.84187294821264,10.2,12.3,16.416666666666668,105,1.0,0.0,0.8,0.2,Low,Low
Abishek Porel,Delhi Capitals,Sunrisers Hyderabad,2024,2,15.0,214.28571428571428,13.9,129.19730717311364,14.8,13.9,0.0,10,2.0,1.0,1.6,0.2,High,Low
DA Warner,Delhi Capitals,Sunrisers Hyderabad,2024,2,8.0,88.88888888888889,35.486486486486484,121.130972524229,27.4,35.2,24.2,185,1.0,0.0,2.8,1.6,Low,Low
J Fraser-McGurk,Delhi Capitals,Sunrisers Hyderabad,2024,2,20.0,200.0,37.5,178.57142857142856,37.5,37.5,0.0,2,2.0,2.0,2.0,3.5,High,Low
Kuldeep Yadav,Delhi Capitals,Sunrisers Hyderabad,2024,2,1.0,50.0,4.892857142857143,70.03274994208209,2.2,2.6,2.0,28,0.0,0.0,0.0,0.0,Low,Low
Lalit Yadav,Delhi Capitals,Sunrisers Hyderabad,2024,2,3.0,75.0,14.9,95.88140682734505,5.8,11.8,0.0,20,0.0,0.0,0.6,0.0,Low,Low
Mukesh Kumar,Delhi Capitals,Sunrisers Hyderabad,2024,2,6.0,85.71428571428571,2.333333333333333,61.90476190476191,2.333333333333333,2.333333333333333,0.0,3,0.0,0.0,0.0,0.0,Low,Low
PP Shaw,Delhi Capitals,Sunrisers Hyderabad,2024,2,7.0,116.66666666666669,24.36842105263158,122.54544022814063,31.6,24.5,26.375,76,1.0,0.0,4.2,1.0,Low,Low
RR Pant,Delhi Capitals,Sunrisers Hyderabad,2024,2,16.0,145.45454545454547,28.60747663551402,134.11117296910135,32.8,26.9,31.0625,107,1.0,1.0,2.6,2.2,High,Low
T Stubbs,Delhi Capitals,Sunrisers Hyderabad,2024,2,15.0,166.66666666666669,21.6,113.5735991451279,36.8,21.6,2.0,10,0.0,1.0,1.8,3.0,Low,Low
A Raghuvanshi,Kolkata Knight Riders,Royal Challengers Bengaluru,2024,1,30.0,166.66666666666669,28.75,154.16666666666669,28.75,28.75,0.0,4,5.0,0.0,3.25,1.25,Low,Low
AD Russell,Kolkata Knight Riders,Royal Challengers Bengaluru,2024,1,13.0,130.0,23.94,149.6560941836895,27.0,24.7,0.0,100,2.0,0.0,2.2,2.2,Moderate,Low
PD Salt,Kolkata Knight Riders,Royal Challengers Bengaluru,2024,1,10.0,76.92307692307693,27.933333333333334,117.10375898611191,29.4,26.8,30.0,15,1.0,0.0,4.2,1.0,High,Low
RK Singh,Kolkata Knight Riders,Royal Challengers Bengaluru,2024,1,20.0,222.22222222222223,23.764705882352946,139.22545755507198,16.6,28.7,5.0,34,1.0,2.0,1.0,1.0,Moderate,Low
Ramandeep Singh,Kolkata Knight Riders,Royal Challengers Bengaluru,2024,1,1.0,100.0,12.0,143.17708333333334,12.8,12.0,0.0,8,0.0,0.0,0.6,1.0,Moderate,Low
SP Narine,Kolkata Knight Riders,Royal Challengers Bengaluru,2024,1,109.0,194.64285714285717,13.489795918367347,121.12253742129904,54.8,28.4,47.0,98,13.0,6.0,5.2,4.0,Low,Low
SS Iyer,Kolkata Knight Riders,Royal Challengers Bengaluru,2024,1,11.0,157.14285714285714,27.289719626168225,110.25180297899368,28.0,21.7,39.0,107,1.0,1.0,2.4,1.0,High,Low
VR Iyer,Kolkata Knight Riders,Royal Challengers Bengaluru,2024,1,8.0,133.33333333333331,25.09756097560976,117.9767764640152,14.6,18.1,50.0,41,1.0,0.0,1.2,0.8,Low,Low
C Green,Royal Challengers Bengaluru,Kolkata Knight Riders,2024,2,5.0,83.33333333333334,24.761904761904763,130.65120733816616,13.6,24.6,17.0,21,0.0,0.0,1.2,0.4,Low,Low
F du Plessis,Royal Challengers Bengaluru,Kolkata Knight Riders,2024,2,62.0,221.42857142857144,33.57692307692308,120.15789072775554,38.8,38.6,28.235294117647054,130,7.0,4.0,3.2,2.0,Low,Low
KD Karthik,Royal Challengers Bengaluru,Kolkata Knight Riders,2024,2,83.0,237.14285714285717,20.80263157894737,120.09350244039744,37.6,26.7,23.166666666666668,228,5.0,7.0,2.6,3.2,Moderate,Low
KV Sharma,Royal Challengers Bengaluru,Kolkata Knight Riders,2024,2,2.0,100.0,8.88888888888889,110.3598856662582,5.4,6.2,8.142857142857142,36,0.0,0.0,0.6,0.2,Moderate,Low
LH Ferguson,Royal Challengers Bengaluru,Kolkata Knight Riders,2024,2,5.0,166.66666666666669,11.166666666666666,125.00534188034187,13.2,11.166666666666666,0.0,6,1.0,0.0,1.2,0.4,Low,Low
MK Lomror,Royal Challengers Bengaluru,Kolkata Knight Riders,2024,2,19.0,172.72727272727272,16.24137931034483,123.62552026012892,14.0,16.3,34.0,29,0.0,2.0,1.0,1.2,Low,Low
RM Patidar,Royal Challengers Bengaluru,Kolkata Knight Riders,2024,2,9.0,180.0,30.176470588235293,122.45215651416363,21.8,35.3,2.0,17,0.0,1.0,1.2,1.6,High,Low
SS Prabhudessai,Royal Challengers Bengaluru,Kolkata Knight Riders,2024,2,6.0,85.71428571428571,11.333333333333334,100.77922077922078,7.4,11.333333333333334,10.0,9,0.0,0.0,0.2,0.4,Moderate,Low
V Kohli,Royal Challengers Bengaluru,Kolkata Knight Riders,2024,2,42.0,210.0,32.075630252100844,117.07942146207016,52.6,58.0,31.466666666666665,238,6.0,2.0,4.8,2.2,Low,Low
WG Jacks,Royal Challengers Bengaluru,Kolkata Knight Riders,2024,2,7.0,175.0,7.5,154.16666666666666,7.5,7.5,0.0,2,1.0,0.0,1.5,0.0,High,Low
Ashutosh Sharma,Punjab Kings,Gujarat Titans,2024,1,61.0,234.6153846153846,39.0,210.90874811463047,39.0,39.0,31.0,4,2.0,7.0,2.25,3.25,Low,Low
HV Patel,Punjab Kings,Gujarat Titans,2024,1,1.0,25.0,6.970588235294118,108.71102369372264,3.8,5.0,0.0,34,0.0,0.0,0.4,0.2,Low,Low
Harpreet Brar,Punjab Kings,Gujarat Titans,2024,1,21.0,105.0,8.5,113.5943803358664,5.8,6.6,4.5,22,2.0,1.0,0.4,0.2,Moderate,Low
Harpreet Singh,Punjab Kings,Gujarat Titans,2024,1,13.0,86.66666666666667,15.571428571428571,107.34057365636312,19.0,15.571428571428571,0.0,7,2.0,0.0,2.0,0.6,Low,Low
JM Sharma,Punjab Kings,Gujarat Titans,2024,1,9.0,100.0,21.225806451612904,150.8204278915235,15.8,16.4,21.33333333333333,31,1.0,0.0,0.8,1.0,Low,Low
K Rabada,Punjab Kings,Gujarat Titans,2024,1,8.0,266.66666666666663,7.461538461538462,106.62404902789518,2.8,5.6,1.0,26,0.0,1.0,0.0,0.4,Low,Low
LS Livingstone,Punjab Kings,Gujarat Titans,2024,1,1.0,50.0,25.216216216216218,139.01328991482444,21.0,30.9,47.0,37,0.0,0.0,1.4,1.4,Low,Low
P Simran Singh,Punjab Kings,Gujarat Titans,2024,1,0.0,0.0,20.03703703703704,115.47612403649556,13.6,24.6,17.5,27,0.0,0.0,1.6,0.6,Moderate,Low
RR Rossouw,Punjab Kings,Gujarat Titans,2024,1,1.0,33.33333333333333,17.533333333333335,95.27132722784896,24.6,21.0,4.0,15,0.0,0.0,1.8,1.4,Low,Low
SM Curran,Punjab Kings,Gujarat Titans,2024,1,6.0,85.71428571428571,17.325581395348838,127.35942811128504,9.2,21.2,13.5,43,1.0,0.0,0.6,0.4,Moderate,Low
Shashank Singh,Punjab Kings,Gujarat Titans,2024,1,41.0,164.0,21.33333333333333,160.0373335157818,33.2,21.6,43.0,12,2.0,3.0,3.2,1.6,Low,Low
Azmatullah Omarzai,Gujarat Titans,Punjab Kings,2024,2,11.0,110.0,14.0,132.27272727272728,14.0,14.0,0.0,2,1.0,0.0,1.0,0.5,Low,Low
B Sai Sudharsan,Gujarat Titans,Punjab Kings,2024,2,12.0,150.0,37.25,134.41944697470694,31.2,42.4,38.0,20,2.0,0.0,3.8,0.4,Moderate,Low
DA Miller,Gujarat Titans,Punjab Kings,2024,2,2.0,33.33333333333333,23.47058823529412,124.0020547419366,16.6,15.8,11.333333333333334,119,0.0,0.0,1.6,0.4,Low,Low
M Shahrukh Khan,Gujarat Titans,Punjab Kings,2024,2,0.0,0.0,13.75,135.43322220192425,12.6,12.2,0.0,32,0.0,0.0,1.0,0.8,Low,Low
R Tewatia,Gujarat Titans,Punjab Kings,2024,2,10.0,71.42857142857143,15.129032258064516,130.4585352871602,18.2,13.7,9.333333333333334,62,1.0,0.0,2.0,0.6,Moderate,Low
Rashid Khan,Gujarat Titans,Punjab Kings,2024,2,31.0,129.16666666666669,9.145454545454545,119.43322712640897,12.0,17.4,1.5,55,2.0,1.0,1.2,0.2,Low,Low
Shubman Gill,Gujarat Titans,Punjab Kings,2024,2,8.0,133.33333333333331,32.47872340425532,122.35576325291214,44.8,47.3,46.16666666666666,94,2.0,0.0,3.6,1.4,Moderate,Low
WP Saha,Gujarat Titans,Punjab Kings,2024,2,2.0,20.0,20.690647482014388,115.89536824797548,15.6,17.4,23.25,139,0.0,0.0,2.2,0.4,Low,Low
G Coetzee,Mumbai Indians,Rajasthan Royals,2024,1,4.0,44.44444444444444,2.5,38.888888888888886,2.5,2.5,4.0,2,0.0,0.0,0.0,0.0,Low,Low
HH Pandya,Mumbai Indians,Rajasthan Royals,2024,1,10.0,166.66666666666669,19.672,143.28731424191182,21.2,19.8,34.46153846153846,125,0.0,1.0,1.8,1.0,Low,Low
Ishan Kishan,Mumbai Indians,Rajasthan Royals,2024,1,8.0,100.0,27.347826086956523,118.57512425482764,31.6,28.0,28.6,92,1.0,0.0,3.4,1.8,Low,Low
JJ Bumrah,Mumbai Indians,Rajasthan Royals,2024,1,8.0,88.88888888888889,2.708333333333333,67.54208754208754,1.8,2.1,4.0,24,1.0,0.0,0.2,0.0,Low,Low
Mohammad Nabi,Mumbai Indians,Rajasthan Royals,2024,1,0.0,0.0,11.176470588235292,149.26300823359648,7.6,11.0,17.0,17,0.0,0.0,0.6,0.4,Moderate,Low
N Wadhera,Mumbai Indians,Rajasthan Royals,2024,1,4.0,133.33333333333331,24.1,140.4366319954555,22.0,24.1,0.0,10,1.0,0.0,2.0,1.2,High,Low
PP Chawla,Mumbai Indians,Rajasthan Royals,2024,1,3.0,50.0,7.463414634146342,105.43879375153443,4.6,5.0,6.461538461538462,82,0.0,0.0,0.2,0.2,Low,Low
RG Sharma,Mumbai Indians,Rajasthan Royals,2024,1,36.0,144.0,26.571428571428573,112.62662320488536,45.6,37.2,20.03703703703704,245,2.0,3.0,4.4,2.8,Low,Low
SA Yadav,Mumbai Indians,Rajasthan Royals,2024,1,78.0,147.16981132075472,26.1937984496124,133.77734302477938,38.2,44.2,32.42857142857143,129,7.0,3.0,3.8,1.8,Low,Low
TH David,Mumbai Indians,Rajasthan Royals,2024,1,14.0,200.0,18.666666666666668,151.79895104895104,26.2,19.4,20.75,30,2.0,1.0,1.4,2.0,Low,Low
Tilak Varma,Mumbai Indians,Rajasthan Royals,2024,1,34.0,188.88888888888889,29.625,141.24031710645068,23.8,30.3,39.25,32,2.0,2.0,2.2,0.8,High,Low
JC Buttler,Rajasthan Royals,Mumbai Indians,2024,2,107.0,181.35593220338984,34.05882352941177,128.46810518211808,47.8,34.5,55.333333333333336,102,9.0,6.0,4.0,2.0,Moderate,Low
SV Samson,Rajasthan Royals,Mumbai Indians,2024,2,12.0,150.0,27.03896103896104,118.0952061224912,35.8,33.0,25.59090909090909,154,2.0,0.0,4.2,1.0,Moderate,Low
YBK Jaiswal,Rajasthan Royals,Mumbai Indians,2024,2,19.0,211.11111111111111,29.38636363636364,124.63327709230552,18.4,26.9,29.83333333333333,44,3.0,1.0,2.8,0.2,High,Low
AM Rahane,Chennai Super Kings,Lucknow Super Giants,2024,1,36.0,150.0,27.63636363636364,105.80684105288272,26.6,24.1,36.0,165,5.0,1.0,2.8,0.8,Low,Low
DJ Mitchell,Chennai Super Kings,Lucknow Super Giants,2024,1,17.0,121.42857142857142,21.0,111.9809320796163,22.6,21.0,0.0,8,1.0,0.0,1.2,0.6,Low,Low
MS Dhoni,Chennai Super Kings,Lucknow Super Giants,2024,1,28.0,311.11111111111114,23.283783783783782,131.0500542724581,17.4,11.5,18.666666666666668,222,3.0,2.0,1.4,1.6,Low,Low
RA Jadeja,Chennai Super Kings,Lucknow Super Giants,2024,1,57.0,142.5,16.2816091954023,132.6759306724026,28.2,23.9,25.666666666666668,174,5.0,1.0,2.4,0.4,Low,Low
RD Gaikwad,Chennai Super Kings,Lucknow Super Giants,2024,1,17.0,130.76923076923077,35.13793103448276,112.18695668446384,36.0,40.6,25.0,58,1.0,0.0,3.6,1.2,High,Low
S Dube,Chennai Super Kings,Lucknow Super Giants,2024,1,3.0,37.5,25.01851851851852,127.34430242854684,32.0,30.0,26.33333333333333,54,0.0,0.0,2.8,1.8,High,Low
D Padikkal,Lucknow Super Giants,Chennai Super Kings,2024,2,3.0,50.0,24.93548387096774,105.12414347108373,5.0,12.1,32.42857142857143,62,0.0,0.0,0.6,0.0,Low,Low
DJ Hooda,Lucknow Super Giants,Chennai Super Kings,2024,2,8.0,80.0,15.0,117.03655007881916,12.8,9.1,15.555555555555555,91,1.0,0.0,0.6,0.6,Low,Low
KL Rahul,Lucknow Super Giants,Chennai Super Kings,2024,2,82.0,154.7169811320755,38.07692307692308,122.13798042498962,42.6,36.6,41.30769230769231,117,9.0,3.0,4.0,1.6,Low,Low
MP Stoinis,Lucknow Super Giants,Chennai Super Kings,2024,2,8.0,114.28571428571428,19.85185185185185,119.33233901331036,21.6,25.9,13.142857142857142,81,1.0,0.0,1.8,0.8,High,Low
N Pooran,Lucknow Super Giants,Chennai Super Kings,2024,2,23.0,209.0909090909091,22.62686567164179,135.76919621117878,28.0,31.2,23.88888888888889,67,3.0,1.0,1.2,2.6,Moderate,Low
Q de Kock,Lucknow Super Giants,Chennai Super Kings,2024,2,54.0,125.5813953488372,30.173076923076923,117.46339452020976,34.0,30.1,27.785714285714285,104,5.0,1.0,3.8,1.4,Low,Low
AR Patel,Delhi Capitals,Gujarat Titans,2024,1,6.0,75.0,13.91509433962264,125.36223263738044,7.2,10.2,23.666666666666668,106,0.0,0.0,0.4,0.0,High,Low
J Fraser-McGurk,Delhi Capitals,Gujarat Titans,2024,1,65.0,361.1111111111112,46.66666666666666,239.41798941798945,46.66666666666666,46.66666666666666,20.0,3,5.0,7.0,3.0,4.666666666666667,Moderate,Low
PP Shaw,Delhi Capitals,Gujarat Titans,2024,1,16.0,320.0,24.25974025974026,125.10978516024272,26.2,24.6,8.0,77,4.0,0.0,4.2,0.6,Low,Low
RR Pant,Delhi Capitals,Gujarat Titans,2024,1,44.0,125.71428571428572,28.75,134.03342401303829,31.4,30.0,29.5,108,5.0,1.0,2.8,1.8,High,Low
SD Hope,Delhi Capitals,Gujarat Titans,2024,1,19.0,190.0,21.0,144.0,21.0,21.0,19.0,3,1.0,2.0,1.3333333333333333,1.3333333333333333,Low,Low
T Stubbs,Delhi Capitals,Gujarat Titans,2024,1,10.0,90.9090909090909,20.545454545454547,111.51318930548818,30.0,22.6,0.0,11,0.0,0.0,1.4,2.4,Moderate,Low
Azmatullah Omarzai,Gujarat Titans,Delhi Capitals,2024,2,13.0,130.0,13.666666666666666,131.51515151515153,13.666666666666666,13.666666666666666,0.0,3,0.0,1.0,0.6666666666666666,0.6666666666666666,Low,Low
B Sai Sudharsan,Gujarat Titans,Delhi Capitals,2024,2,31.0,91.17647058823528,36.95238095238095,132.3602576229702,28.4,40.8,37.0,21,3.0,0.0,3.6,0.2,High,Low
DA Miller,Gujarat Titans,Delhi Capitals,2024,2,4.0,66.66666666666666,23.308333333333334,123.52425984130936,16.6,16.2,21.5,120,0.0,0.0,1.6,0.4,High,Low
M Shahrukh Khan,Gujarat Titans,Delhi Capitals,2024,2,8.0,200.0,13.575757575757576,137.38979122610837,13.8,10.7,6.5,33,0.0,1.0,1.0,1.0,Low,Low
R Sai Kishore,Gujarat Titans,Delhi Capitals,2024,2,0.0,0.0,0.0,0.0,0.0,0.0,0.0,0,0.0,0.0,0.0,0.0,Low,Low
R Tewatia,Gujarat Titans,Delhi Capitals,2024,2,36.0,200.0,15.46031746031746,131.5623680603799,24.2,15.9,17.714285714285715,63,7.0,0.0,3.2,0.6,Low,Low
Rashid Khan,Gujarat Titans,Delhi Capitals,2024,2,3.0,100.0,9.035714285714286,119.08620521343737,11.8,9.8,8.375,56,0.0,0.0,1.2,0.2,Moderate,Low
Shubman Gill,Gujarat Titans,Delhi Capitals,2024,2,35.0,120.6896551724138,32.50526315789474,122.33822527311742,44.6,46.6,30.63636363636364,95,5.0,0.0,4.2,1.2,Low,Low
WP Saha,Gujarat Titans,Delhi Capitals,2024,2,13.0,118.1818181818182,20.63571428571429,115.9117000332172,14.4,18.7,21.5,140,1.0,0.0,1.6,0.4,Moderate,Low
C Green,Royal Challengers Bengaluru,Sunrisers Hyderabad,2024,1,6.0,150.0,23.90909090909091,131.53069791370405,11.2,24.9,82.0,22,0.0,1.0,1.0,0.6,Moderate,Low
F du Plessis,Royal Challengers Bengaluru,Sunrisers Hyderabad,2024,1,7.0,100.0,33.37404580152672,120.0040136992994,38.6,33.8,32.11764705882353,131,1.0,0.0,3.4,1.8,Moderate,Low
KD Karthik,Royal Challengers Bengaluru,Sunrisers Hyderabad,2024,1,25.0,138.88888888888889,20.820960698689955,120.17557836375327,37.0,28.1,17.166666666666668,229,3.0,1.0,2.6,3.0,Low,Low
MK Lomror,Royal Challengers Bengaluru,Sunrisers Hyderabad,2024,1,4.0,133.33333333333331,15.833333333333334,123.94911402923572,14.6,13.3,19.666666666666668,30,1.0,0.0,1.2,1.2,Low,Low
RM Patidar,Royal Challengers Bengaluru,Sunrisers Hyderabad,2024,1,52.0,226.08695652173915,31.38888888888889,128.2096454034734,28.6,35.7,28.5,18,3.0,5.0,1.6,2.4,High,Low
Swapnil Singh,Royal Challengers Bengaluru,Sunrisers Hyderabad,2024,1,2.0,50.0,3.5,52.20588235294117,3.5,3.5,0.0,4,0.0,0.0,0.0,0.0,Low,Low
V Kohli,Royal Challengers Bengaluru,Sunrisers Hyderabad,2024,1,18.0,257.1428571428572,32.01673640167364,117.66546094190608,39.6,58.0,31.130434782608692,239,1.0,2.0,4.2,1.8,High,Low
WG Jacks,Royal Challengers Bengaluru,Sunrisers Hyderabad,2024,1,55.0,171.875,23.33333333333333,160.06944444444443,23.33333333333333,23.33333333333333,7.0,3,4.0,5.0,2.333333333333333,1.6666666666666667,Low,Low
AK Markram,Sunrisers Hyderabad,Royal Challengers Bengaluru,2024,2,1.0,33.33333333333333,24.605263157894736,120.11210176973536,20.0,20.1,32.0,38,0.0,0.0,1.2,0.6,Low,Low
Abdul Samad,Sunrisers Hyderabad,Royal Challengers Bengaluru,2024,2,13.0,162.5,15.636363636363637,139.46692536726175,23.8,22.6,37.0,33,1.0,1.0,2.8,1.2,Low,Low
Abhishek Sharma,Sunrisers Hyderabad,Royal Challengers Bengaluru,2024,2,46.0,383.33333333333337,22.115384615384617,133.0132225737698,32.4,28.0,34.0,52,2.0,6.0,2.2,3.0,Moderate,Low
B Kumar,Sunrisers Hyderabad,Royal Challengers Bengaluru,2024,2,6.0,75.0,4.737704918032787,87.84680255991732,8.4,6.8,0.0,61,0.0,0.0,0.8,0.0,Low,Low
H Klaasen,Sunrisers Hyderabad,Royal Challengers Bengaluru,2024,2,15.0,187.5,32.583333333333336,158.9263559755686,25.0,45.4,67.0,24,0.0,2.0,1.0,2.2,Low,Low
JD Unadkat,Sunrisers Hyderabad,Royal Challengers Bengaluru,2024,2,6.0,600.0,7.782608695652174,120.65262671400778,9.8,11.5,0.0,23,0.0,1.0,0.8,0.6,Low,Low
Nithish Kumar Reddy,Sunrisers Hyderabad,Royal Challengers Bengaluru,2024,2,37.0,137.03703703703704,38.333333333333336,161.67000333667,38.333333333333336,38.333333333333336,0.0,3,2.0,2.0,2.333333333333333,2.6666666666666665,Low,Low
PJ Cummins,Sunrisers Hyderabad,Royal Challengers Bengaluru,2024,2,1.0,100.0,11.666666666666666,121.1167447130014,1.2,8.0,0.0,33,0.0,0.0,0.0,0.0,Moderate,Low
Shahbaz Ahmed,Sunrisers Hyderabad,Royal Challengers Bengaluru,2024,2,59.0,203.44827586206893,15.0,118.81578684361504,25.8,17.0,0.0,30,2.0,5.0,1.0,2.0,High,Low
TM Head,Sunrisers Hyderabad,Royal Challengers Bengaluru,2024,2,89.0,278.125,33.0625,142.49171261108938,52.4,41.5,102.0,16,11.0,6.0,6.0,3.0,Low,Low
AD Russell,Kolkata Knight Riders,Punjab Kings,2024,1,27.0,150.0,23.97029702970297,149.6594991917718,31.0,24.0,39.25,101,4.0,0.0,3.0,2.0,Moderate,Low
PD Salt,Kolkata Knight Riders,Punjab Kings,2024,1,48.0,342.85714285714283,29.1875,131.21334547805137,33.0,29.9,23.5,16,7.0,3.0,5.2,1.2,High,Low
RK Singh,Kolkata Knight Riders,Punjab Kings,2024,1,24.0,150.0,23.77142857142857,139.53330162492708,16.8,26.5,12.5,35,2.0,1.0,0.8,1.2,Low,Low
Ramandeep Singh,Kolkata Knight Riders,Punjab Kings,2024,1,24.0,266.66666666666663,13.333333333333334,156.89814814814815,15.0,13.333333333333334,0.0,9,2.0,2.0,0.6,1.4,Low,Low
SP Narine,Kolkata Knight Riders,Punjab Kings,2024,1,10.0,66.66666666666666,13.454545454545457,120.5724781207472,47.4,29.4,3.333333333333333,99,2.0,0.0,5.2,3.0,High,Low
SS Iyer,Kolkata Knight Riders,Punjab Kings,2024,1,50.0,138.88888888888889,27.5,110.51696118186308,30.2,26.1,26.0,108,7.0,1.0,3.4,0.8,Moderate,Low
VR Iyer,Kolkata Knight Riders,Punjab Kings,2024,1,16.0,200.0,24.88095238095238,119.92971035772912,16.4,19.0,28.75,42,3.0,0.0,1.6,0.8,Moderate,Low
JM Bairstow,Punjab Kings,Kolkata Knight Riders,2024,2,15.0,78.94736842105263,30.822222222222223,129.19984343745512,17.4,26.9,43.0,45,1.0,0.0,2.0,0.6,High,Low
P Simran Singh,Punjab Kings,Kolkata Knight Riders,2024,2,35.0,175.0,20.571428571428573,117.60197674947786,16.8,17.8,13.0,28,3.0,3.0,2.0,0.8,High,Low
RR Rossouw,Punjab Kings,Kolkata Knight Riders,2024,2,9.0,128.57142857142858,17.0,97.3525835618227,19.4,18.9,0.0,16,2.0,0.0,1.8,1.2,Moderate,Low
Shashank Singh,Punjab Kings,Kolkata Knight Riders,2024,2,8.0,66.66666666666666,20.307692307692307,152.85497452738832,33.0,21.4,11.0,13,0.0,0.0,3.0,1.6,High,Low
AR Patel,Delhi Capitals,Mumbai Indians,2024,1,66.0,153.48837209302326,14.401869158878505,125.6250937537883,17.4,16.0,16.3125,107,5.0,4.0,1.2,0.8,Low,Low
Abishek Porel,Delhi Capitals,Mumbai Indians,2024,1,42.0,190.9090909090909,16.454545454545453,134.8074693309297,21.4,16.1,21.0,11,7.0,1.0,3.0,0.4,Moderate,Low
J Fraser-McGurk,Delhi Capitals,Mumbai Indians,2024,1,23.0,164.28571428571428,40.75,220.63492063492063,40.75,40.75,0.0,4,2.0,2.0,2.75,4.0,High,Low
RR Pant,Delhi Capitals,Mumbai Indians,2024,1,88.0,204.6511627906977,29.29357798165137,134.68129317613605,38.0,38.1,24.866666666666667,109,5.0,8.0,3.0,2.4,Moderate,Low
SD Hope,Delhi Capitals,Mumbai Indians,2024,1,5.0,83.33333333333334,17.0,128.83333333333334,17.0,17.0,0.0,4,1.0,0.0,1.25,1.0,High,Low
T Stubbs,Delhi Capitals,Mumbai Indians,2024,1,26.0,371.4285714285714,21.0,133.17280448241178,35.2,25.0,71.0,12,3.0,2.0,2.0,2.8,High,Low
HH Pandya,Mumbai Indians,Delhi Capitals,2024,2,10.0,100.0,19.59523809523809,142.94376412888076,16.4,20.0,20.272727272727277,126,1.0,0.0,0.8,1.0,High,Low
Ishan Kishan,Mumbai Indians,Delhi Capitals,2024,2,0.0,0.0,27.053763440860216,117.3001229187542,28.4,22.1,46.22222222222222,93,0.0,0.0,3.0,1.6,Moderate,Low
L Wood,Mumbai Indians,Delhi Capitals,2024,2,0.0,0.0,0.0,0.0,0.0,0.0,0.0,0,0.0,0.0,0.0,0.0,Low,Low
Mohammad Nabi,Mumbai Indians,Delhi Capitals,2024,2,23.0,135.29411764705884,11.833333333333334,148.4869587565666,9.4,10.2,18.5,18,2.0,1.0,0.6,0.6,Low,Low
N Wadhera,Mumbai Indians,Delhi Capitals,2024,2,49.0,204.16666666666663,26.363636363636363,146.23027151102016,21.4,26.9,0.0,11,3.0,4.0,1.8,1.4,Low,Low
PP Chawla,Mumbai Indians,Delhi Capitals,2024,2,1.0,100.0,7.385542168674699,105.3732661159738,1.2,3.7,13.0,83,0.0,0.0,0.0,0.0,Low,Low
RG Sharma,Mumbai Indians,Delhi Capitals,2024,2,6.0,120.0,26.48780487804878,112.65659628128824,46.8,32.2,29.545454545454547,246,1.0,0.0,4.6,2.8,Low,Low
SA Yadav,Mumbai Indians,Delhi Capitals,2024,2,10.0,125.0,26.06923076923077,133.70982500151186,28.0,36.9,22.0,130,2.0,0.0,2.8,1.4,Moderate,Low
TH David,Mumbai Indians,Delhi Capitals,2024,2,3.0,60.0,18.161290322580644,148.837694563501,18.4,19.2,26.0,31,0.0,0.0,1.0,1.4,Moderate,Low
Tilak Varma,Mumbai Indians,Delhi Capitals,2024,2,65.0,144.44444444444443,30.696969696969692,141.33741187426867,30.4,34.2,22.5,33,5.0,3.0,3.2,1.0,High,Moderate
A Badoni,Lucknow Super Giants,Rajasthan Royals,2024,1,29.0,107.40740740740742,17.655172413793103,117.70873133454036,22.4,21.9,1.75,29,2.0,1.0,2.0,0.4,Low,Low
DJ Hooda,Lucknow Super Giants,Rajasthan Royals,2024,1,17.0,283.33333333333337,15.021739130434783,118.84412380984648,15.2,10.6,22.125,92,2.0,1.0,1.0,0.8,High,Low
KH Pandya,Lucknow Super Giants,Rajasthan Royals,2024,1,7.0,87.5,15.564356435643564,122.67828852091225,11.6,12.4,12.0,101,0.0,0.0,0.8,0.4,Low,Low
KL Rahul,Lucknow Super Giants,Rajasthan Royals,2024,1,16.0,114.28571428571428,37.889830508474574,122.07143579669066,41.8,31.4,42.46666666666667,118,1.0,1.0,4.2,1.4,High,Low
MP Stoinis,Lucknow Super Giants,Rajasthan Royals,2024,1,124.0,203.27868852459017,21.121951219512194,120.35607498296014,41.6,29.4,19.181818181818183,82,13.0,6.0,4.2,1.6,Low,Low
N Pooran,Lucknow Super Giants,Rajasthan Royals,2024,1,34.0,226.66666666666663,22.794117647058822,137.10592371787712,26.8,33.8,21.0,68,3.0,2.0,1.6,2.0,Low,Low
Q de Kock,Lucknow Super Giants,Rajasthan Royals,2024,1,0.0,0.0,29.88571428571429,116.34469552477918,17.8,27.2,36.3,105,0.0,0.0,2.2,0.4,Low,Low
Dhruv Jurel,Rajasthan Royals,Lucknow Super Giants,2024,2,2.0,50.0,12.625,132.11444805194805,10.0,10.6,10.0,16,0.0,0.0,0.8,0.2,High,Low
JC Buttler,Rajasthan Royals,Lucknow Super Giants,2024,2,35.0,140.0,34.067961165048544,128.58006532598102,52.6,28.5,16.5,103,6.0,0.0,5.2,2.0,Moderate,Low
R Parag,Rajasthan Royals,Lucknow Super Giants,2024,2,34.0,242.85714285714283,18.0,116.4345335498274,38.2,35.7,21.25,51,4.0,2.0,2.8,2.2,Low,Low
SV Samson,Rajasthan Royals,Lucknow Super Giants,2024,2,38.0,140.74074074074073,27.10967741935484,118.24130634583474,41.0,32.0,32.25,155,2.0,2.0,4.0,1.4,High,Low
YBK Jaiswal,Rajasthan Royals,Lucknow Super Giants,2024,2,104.0,173.33333333333334,31.044444444444444,125.71550056432837,37.2,27.5,36.333333333333336,45,9.0,7.0,4.2,1.6,Moderate,Low
B Sai Sudharsan,Gujarat Titans,Royal Challengers Bengaluru,2024,1,65.0,166.66666666666669,38.22727272727273,133.91963985222912,34.8,43.0,0.0,22,7.0,2.0,3.8,0.6,High,Low
DA Miller,Gujarat Titans,Royal Challengers Bengaluru,2024,1,55.0,239.1304347826087,23.570247933884296,124.47968277470854,25.2,19.6,0.0,121,6.0,3.0,2.6,1.0,Moderate,Low
M Shahrukh Khan,Gujarat Titans,Royal Challengers Bengaluru,2024,1,8.0,160.0,13.411764705882351,138.05479736651694,14.2,10.8,0.0,34,0.0,1.0,1.0,1.0,High,Low
Shubman Gill,Gujarat Titans,Royal Challengers Bengaluru,2024,1,6.0,120.0,32.229166666666664,122.31386875985578,28.0,34.3,0.0,96,1.0,0.0,3.2,0.4,Low,Low
WP Saha,Gujarat Titans,Royal Challengers Bengaluru,2024,1,39.0,156.0,20.76595744680851,116.19601421737876,18.0,21.4,0.0,141,5.0,1.0,1.8,0.6,Low,Low
F du Plessis,Royal Challengers Bengaluru,Gujarat Titans,2024,2,25.0,208.33333333333331,33.31060606060606,120.67317521167844,39.8,29.2,24.0,132,3.0,1.0,3.4,2.0,Moderate,Low
V Kohli,Royal Challengers Bengaluru,Gujarat Titans,2024,2,51.0,118.6046511627907,32.09583333333333,117.6693742344931,45.4,53.1,77.33333333333333,240,4.0,1.0,4.6,1.8,High,Low
WG Jacks,Royal Challengers Bengaluru,Gujarat Titans,2024,2,6.0,66.66666666666666,19.0,136.71875,19.0,19.0,0.0,4,0.0,0.0,1.75,1.25,High,Low
AM Rahane,Chennai Super Kings,Sunrisers Hyderabad,2024,1,1.0,33.33333333333333,27.47590361445783,105.37025365698184,24.4,22.1,24.68421052631579,166,0.0,0.0,2.6,0.8,Low,Low
DJ Mitchell,Chennai Super Kings,Sunrisers Hyderabad,2024,1,11.0,110.0,19.88888888888889,111.76082851521448,20.0,19.88888888888889,13.0,9,1.0,0.0,1.0,0.6,High,Low
MS Dhoni,Chennai Super Kings,Sunrisers Hyderabad,2024,1,4.0,400.0,23.19730941704036,132.25610784074306,10.8,9.9,25.73684210526316,223,1.0,0.0,0.8,1.0,Low,Low
RD Gaikwad,Chennai Super Kings,Sunrisers Hyderabad,2024,1,108.0,180.0,36.3728813559322,113.3363302999814,57.4,43.5,49.333333333333336,59,12.0,3.0,6.0,1.8,High,Low
S Dube,Chennai Super Kings,Sunrisers Hyderabad,2024,1,66.0,244.44444444444449,25.76363636363636,129.47339591974497,41.6,34.4,13.6,55,3.0,7.0,3.2,3.2,Moderate,Low
AK Markram,Sunrisers Hyderabad,Chennai Super Kings,2024,2,7.0,87.5,24.153846153846157,119.27589403204983,18.0,19.8,23.0,39,1.0,0.0,1.4,0.6,Moderate,Low
Abdul Samad,Sunrisers Hyderabad,Chennai Super Kings,2024,2,10.0,166.66666666666669,15.470588235294118,140.2669177584207,22.8,20.8,13.0,34,0.0,1.0,2.6,1.2,Low,Low
Abhishek Sharma,Sunrisers Hyderabad,Chennai Super Kings,2024,2,31.0,238.46153846153845,22.28301886792453,135.00281343957676,32.8,30.4,33.714285714285715,53,3.0,2.0,2.4,3.0,Low,Low
Anmolpreet Singh,Sunrisers Hyderabad,Chennai Super Kings,2024,2,5.0,125.0,19.142857142857142,119.67695796267223,22.0,19.142857142857142,16.0,7,1.0,0.0,3.2,0.4,Low,Low
B Kumar,Sunrisers Hyderabad,Chennai Super Kings,2024,2,13.0,100.0,4.870967741935484,88.04282187346703,10.6,7.6,8.75,62,3.0,0.0,1.4,0.0,Low,Low
H Klaasen,Sunrisers Hyderabad,Chennai Super Kings,2024,2,7.0,350.0,31.56,166.56930173654587,21.6,39.7,11.333333333333334,25,0.0,1.0,0.8,2.0,Moderate,Low
JD Unadkat,Sunrisers Hyderabad,Chennai Super Kings,2024,2,8.0,80.0,7.791666666666667,118.9587672675908,8.6,11.2,15.0,24,1.0,0.0,0.6,0.4,Low,Low
Nithish Kumar Reddy,Sunrisers Hyderabad,Chennai Super Kings,2024,2,13.0,100.0,32.0,146.2525025025025,32.0,32.0,14.0,4,0.0,1.0,1.75,2.25,Low,Low
PJ Cummins,Sunrisers Hyderabad,Chennai Super Kings,2024,2,31.0,206.66666666666669,12.235294117647058,123.6329188881092,7.4,10.0,27.666666666666668,34,1.0,3.0,0.2,0.6,Low,Low
Shahbaz Ahmed,Sunrisers Hyderabad,Chennai Super Kings,2024,2,40.0,108.10810810810813,15.806451612903226,118.47037785214708,30.6,19.0,18.0,31,1.0,1.0,1.0,1.8,Low,Low
TM Head,Sunrisers Hyderabad,Chennai Super Kings,2024,2,1.0,33.33333333333333,31.176470588235293,136.07063147710377,48.8,41.4,31.0,17,0.0,0.0,5.4,3.0,Low,High
AR Patel,Delhi Capitals,Kolkata Knight Riders,2024,1,11.0,183.3333333333333,14.37037037037037,126.15942930545076,18.2,15.0,9.1875,108,0.0,1.0,1.2,1.0,Low,Low
Abishek Porel,Delhi Capitals,Kolkata Knight Riders,2024,1,36.0,133.33333333333331,18.08333333333333,134.68462466446337,26.8,19.0,0.0,12,3.0,1.0,3.4,0.6,Low,Low
J Fraser-McGurk,Delhi Capitals,Kolkata Knight Riders,2024,1,84.0,323.0769230769231,49.4,241.12332112332115,49.4,49.4,0.0,5,11.0,6.0,4.4,4.4,Low,Low
Kuldeep Yadav,Delhi Capitals,Kolkata Knight Riders,2024,1,0.0,0.0,4.724137931034483,67.61782753028616,2.2,2.5,0.0,29,0.0,0.0,0.0,0.0,Moderate,Low
Kumar Kushagra,Delhi Capitals,Kolkata Knight Riders,2024,1,0.0,0.0,0.0,0.0,0.0,0.0,0.0,1,0.0,0.0,0.0,0.0,Low,Low
LB Williams,Delhi Capitals,Kolkata Knight Riders,2024,1,0.0,0.0,0.0,0.0,0.0,0.0,0.0,0,0.0,0.0,0.0,0.0,Low,Low
PP Shaw,Delhi Capitals,Kolkata Knight Riders,2024,1,11.0,157.14285714285714,24.08974358974359,125.52046557027622,26.4,25.7,41.5,78,2.0,0.0,4.2,0.6,Low,Low
RR Pant,Delhi Capitals,Kolkata Knight Riders,2024,1,29.0,152.63157894736844,29.29090909090909,134.84447759223818,43.6,37.1,22.75,110,2.0,2.0,3.4,2.8,Moderate,Low
Rasikh Salam,Delhi Capitals,Kolkata Knight Riders,2024,1,1.0,20.0,4.333333333333333,87.22222222222223,4.333333333333333,4.333333333333333,1.0,3,0.0,0.0,0.3333333333333333,0.0,Low,Low
SD Hope,Delhi Capitals,Kolkata Knight Riders,2024,1,41.0,241.17647058823528,21.8,151.30196078431374,21.8,21.8,0.0,5,0.0,5.0,1.0,1.8,Low,Low
T Stubbs,Delhi Capitals,Kolkata Knight Riders,2024,1,48.0,192.0,23.07692307692308,137.6979733683801,34.0,29.3,54.0,13,6.0,2.0,2.4,2.4,Low,Low
PD Salt,Kolkata Knight Riders,Delhi Capitals,2024,2,75.0,208.33333333333331,31.88235294117647,135.7498153518915,44.4,35.3,18.0,17,6.0,6.0,5.6,2.4,High,Low
RK Singh,Kolkata Knight Riders,Delhi Capitals,2024,2,5.0,125.0,23.25,139.12959880201242,16.8,24.9,18.33333333333333,36,1.0,0.0,1.0,1.2,Low,Low
SP Narine,Kolkata Knight Riders,Delhi Capitals,2024,2,71.0,221.875,14.03,121.58550333953971,44.6,36.4,20.11111111111111,100,9.0,4.0,5.6,2.4,Low,Low
SS Iyer,Kolkata Knight Riders,Delhi Capitals,2024,2,28.0,280.0,27.504587155963304,112.07185144624964,32.2,28.3,38.0,109,1.0,3.0,3.6,1.0,Moderate,Low
VR Iyer,Kolkata Knight Riders,Delhi Capitals,2024,2,39.0,169.56521739130434,25.209302325581397,121.08402447478902,14.2,21.8,16.333333333333332,43,3.0,2.0,1.6,0.4,Moderate,Low
G Coetzee,Mumbai Indians,Lucknow Super Giants,2024,1,0.0,0.0,1.6666666666666667,25.925925925925924,1.6666666666666667,1.6666666666666667,0.0,3,0.0,0.0,0.0,0.0,Low,Low
HH Pandya,Mumbai Indians,Lucknow Super Giants,2024,1,46.0,191.66666666666669,19.80314960629921,143.3274090307531,17.8,21.8,33.75,127,4.0,3.0,1.0,1.4,Low,Low
Ishan Kishan,Mumbai Indians,Lucknow Super Giants,2024,1,20.0,142.85714285714286,26.97872340425532,117.57200610958812,24.0,22.7,23.75,94,4.0,0.0,3.0,1.2,Moderate,Low
Mohammad Nabi,Mumbai Indians,Lucknow Super Giants,2024,1,7.0,175.0,11.578947368421051,149.88238197990518,7.4,10.3,0.0,19,0.0,1.0,0.4,0.4,Low,Low
N Wadhera,Mumbai Indians,Lucknow Super Giants,2024,1,4.0,200.0,24.5,150.71108221843517,19.2,26.7,19.5,12,1.0,0.0,1.8,1.2,High,Low
RG Sharma,Mumbai Indians,Lucknow Super Giants,2024,1,8.0,114.28571428571428,26.412955465587043,112.66319190073938,38.6,31.9,23.25,247,1.0,0.0,3.6,2.2,Low,Low
SA Yadav,Mumbai Indians,Lucknow Super Giants,2024,1,26.0,200.0,26.06870229007633,134.21585687172933,33.2,29.2,21.0,131,3.0,2.0,3.4,1.8,Low,Low
TH David,Mumbai Indians,Lucknow Super Giants,2024,1,37.0,217.6470588235294,18.75,150.9879871966269,22.4,19.7,22.5,32,2.0,3.0,1.2,2.0,Moderate,Low
Tilak Varma,Mumbai Indians,Lucknow Super Giants,2024,1,63.0,196.875,31.647058823529413,142.97087034855488,41.8,37.9,30.0,34,4.0,4.0,3.8,1.8,Low,Low
A Badoni,Lucknow Super Giants,Mumbai Indians,2024,2,18.0,138.46153846153845,17.666666666666668,118.400491572107,24.4,17.8,7.5,30,1.0,0.0,2.2,0.4,Low,Low
AA Kulkarni,Lucknow Super Giants,Mumbai Indians,2024,2,0.0,0.0,0.0,0.0,0.0,0.0,0.0,0,0.0,0.0,0.0,0.0,Low,Low
AJ Turner,Lucknow Super Giants,Mumbai Indians,2024,2,3.0,42.85714285714285,0.75,10.714285714285714,0.75,0.75,0.0,4,0.0,0.0,0.0,0.0,Low,Low
DJ Hooda,Lucknow Super Giants,Mumbai Indians,2024,2,50.0,161.29032258064515,15.397849462365592,119.30053454931742,22.2,15.4,14.538461538461538,93,7.0,0.0,2.4,0.6,Low,Low
KH Pandya,Lucknow Super Giants,Mumbai Indians,2024,2,15.0,136.36363636363637,15.558823529411764,122.81245859780168,14.0,13.9,14.75,102,1.0,0.0,1.0,0.4,Low,Low
KL Rahul,Lucknow Super Giants,Mumbai Indians,2024,2,76.0,161.70212765957444,38.21008403361345,122.40446682074852,50.4,37.8,51.23529411764706,119,8.0,2.0,5.2,1.8,Moderate,Low
MP Stoinis,Lucknow Super Giants,Mumbai Indians,2024,2,0.0,0.0,20.867469879518072,118.90600179039434,30.0,29.4,20.83333333333333,83,0.0,0.0,3.4,1.2,High,Low
N Pooran,Lucknow Super Giants,Mumbai Indians,2024,2,11.0,100.0,22.6231884057971,136.5681567074731,22.6,29.1,16.571428571428573,69,1.0,0.0,1.8,1.4,Low,Low
AM Rahane,Chennai Super Kings,Punjab Kings,2024,1,9.0,75.0,27.365269461077844,105.1883958506526,17.2,21.4,12.0,167,1.0,0.0,1.8,0.4,Moderate,Low
DJ Mitchell,Chennai Super Kings,Punjab Kings,2024,1,52.0,162.5,23.1,116.83474566369304,23.6,23.1,0.0,10,7.0,1.0,2.2,0.4,Low,Low
MM Ali,Chennai Super Kings,Punjab Kings,2024,1,30.0,150.0,20.07547169811321,120.22407311743908,11.4,13.1,14.0,53,0.0,3.0,0.4,0.8,Low,Low
MS Dhoni,Chennai Super Kings,Punjab Kings,2024,1,5.0,250.0,23.116071428571427,132.781750216454,11.6,10.2,15.0,224,1.0,0.0,1.0,1.0,Low,Low
RA Jadeja,Chennai Super Kings,Punjab Kings,2024,1,16.0,84.21052631578947,16.28,132.3989855046505,26.4,23.4,12.0,175,2.0,0.0,2.8,0.2,Low,Low
RD Gaikwad,Chennai Super Kings,Punjab Kings,2024,1,98.0,181.4814814814815,37.4,114.47208281967306,71.8,47.3,17.0,60,10.0,3.0,7.4,2.2,High,Low
S Dube,Chennai Super Kings,Punjab Kings,2024,1,39.0,195.0,26.0,130.64351384974955,40.4,38.2,29.0,56,1.0,4.0,3.0,3.2,Low,Low
Sameer Rizvi,Chennai Super Kings,Punjab Kings,2024,1,1.0,20.0,5.0,84.44444444444444,5.0,5.0,0.0,3,0.0,0.0,0.0,0.6666666666666666,Moderate,Low
JM Bairstow,Punjab Kings,Chennai Super Kings,2024,2,108.0,225.0,32.5,131.28245553664087,37.4,32.1,16.166666666666668,46,8.0,9.0,3.2,2.4,High,Low
P Simran Singh,Punjab Kings,Chennai Super Kings,2024,2,54.0,270.0,21.724137931034484,122.85708099949584,20.6,21.0,42.0,29,4.0,5.0,1.8,1.6,Low,Low
RR Rossouw,Punjab Kings,Chennai Super Kings,2024,2,26.0,162.5,17.529411764705884,101.1847845287743,23.6,21.5,12.5,17,1.0,2.0,1.8,1.6,High,Low
SM Curran,Punjab Kings,Chennai Super Kings,2024,2,20.0,105.26315789473684,17.386363636363637,126.85724015181805,13.2,21.2,11.666666666666666,44,2.0,0.0,1.0,0.4,Moderate,Low
Shashank Singh,Punjab Kings,Chennai Super Kings,2024,2,68.0,242.85714285714283,23.714285714285715,159.2837008366565,34.4,27.4,15.0,14,2.0,8.0,2.2,2.4,Moderate,Low
Abhishek Sharma,Sunrisers Hyderabad,Rajasthan Royals,2024,1,15.0,166.66666666666669,22.14814814814815,135.58918109193027,28.4,31.4,21.25,54,1.0,1.0,2.0,2.4,Low,Low
Anmolpreet Singh,Sunrisers Hyderabad,Rajasthan Royals,2024,1,0.0,0.0,16.75,104.7173382173382,21.0,16.75,19.0,8,0.0,0.0,3.0,0.4,Low,Low
H Klaasen,Sunrisers Hyderabad,Rajasthan Royals,2024,1,20.0,95.23809523809524,31.115384615384617,163.82579379429777,23.6,31.3,16.0,26,0.0,1.0,0.6,2.2,High,Low
Nithish Kumar Reddy,Sunrisers Hyderabad,Rajasthan Royals,2024,1,15.0,100.0,28.6,137.002002002002,28.6,28.6,0.0,5,0.0,0.0,1.4,1.8,High,Low
TM Head,Sunrisers Hyderabad,Rajasthan Royals,2024,1,13.0,185.7142857142857,30.166666666666668,138.8286122680583,45.2,41.5,0.0,18,1.0,1.0,5.0,3.0,High,Low
Dhruv Jurel,Rajasthan Royals,Sunrisers Hyderabad,2024,2,52.0,152.94117647058823,14.941176470588236,133.33954972363276,16.4,12.4,0.0,17,5.0,2.0,1.6,0.4,Low,Low
JC Buttler,Rajasthan Royals,Sunrisers Hyderabad,2024,2,34.0,188.88888888888889,34.06730769230769,129.15995786023976,56.8,31.9,31.75,104,4.0,1.0,5.6,2.2,Low,Low
R Ashwin,Rajasthan Royals,Sunrisers Hyderabad,2024,2,8.0,72.72727272727273,9.13095238095238,108.30754175237668,12.6,11.9,8.2,84,1.0,0.0,0.6,0.6,Low,Low
R Parag,Rajasthan Royals,Sunrisers Hyderabad,2024,2,14.0,127.27272727272728,17.923076923076923,116.64296035219084,30.2,35.6,16.0,52,0.0,1.0,1.8,1.8,High,Low
R Powell,Rajasthan Royals,Sunrisers Hyderabad,2024,2,26.0,200.0,17.294117647058822,116.51857801944308,8.8,19.4,67.0,17,1.0,3.0,0.8,0.6,Moderate,Low
SO Hetmyer,Rajasthan Royals,Sunrisers Hyderabad,2024,2,0.0,0.0,19.35483870967742,138.55057911599292,13.0,16.5,25.0,62,0.0,0.0,1.0,1.0,Low,Low
SV Samson,Rajasthan Royals,Sunrisers Hyderabad,2024,2,71.0,215.15151515151516,27.39102564102564,118.86252563305064,41.4,38.7,37.66666666666666,156,7.0,4.0,3.8,1.8,Low,Low
YBK Jaiswal,Rajasthan Royals,Sunrisers Hyderabad,2024,2,24.0,133.33333333333331,30.89130434782609,125.88110562452412,42.0,29.9,31.4,46,3.0,1.0,4.8,1.8,High,Low
A Raghuvanshi,Kolkata Knight Riders,Mumbai Indians,2024,1,3.0,75.0,23.6,138.33333333333334,23.6,23.6,0.0,5,0.0,0.0,2.6,1.0,Low,Low
AD Russell,Kolkata Knight Riders,Mumbai Indians,2024,1,24.0,200.0,23.97058823529412,150.1530335134211,23.0,24.0,17.23076923076923,102,2.0,2.0,2.8,1.0,Low,Low
MA Starc,Kolkata Knight Riders,Mumbai Indians,2024,1,0.0,0.0,7.357142857142857,99.10224959549036,1.8,6.7,5.0,14,0.0,0.0,0.2,0.0,Low,Low
MK Pandey,Kolkata Knight Riders,Mumbai Indians,2024,1,0.0,0.0,24.0062893081761,105.95283243445888,12.6,18.2,30.666666666666668,159,0.0,0.0,0.6,0.4,High,Low
PD Salt,Kolkata Knight Riders,Mumbai Indians,2024,1,68.0,206.0606060606061,33.888888888888886,139.65597039126453,58.0,39.5,0.0,18,7.0,5.0,7.0,3.4,Low,Low
RK Singh,Kolkata Knight Riders,Mumbai Indians,2024,1,11.0,100.0,22.91891891891892,138.0720420776337,13.8,24.4,12.5,37,1.0,0.0,1.0,0.6,Low,Low
Ramandeep Singh,Kolkata Knight Riders,Mumbai Indians,2024,1,6.0,200.0,12.6,161.20833333333331,9.2,12.6,0.0,10,0.0,1.0,0.4,0.8,Low,Low
SP Narine,Kolkata Knight Riders,Mumbai Indians,2024,1,15.0,166.66666666666669,14.03960396039604,122.03185149129344,42.2,37.3,4.3,101,3.0,0.0,5.6,2.0,Low,Low
SS Iyer,Kolkata Knight Riders,Mumbai Indians,2024,1,33.0,143.47826086956522,27.55454545454545,112.35736425918888,32.0,30.1,23.4375,110,3.0,1.0,3.6,1.2,Low,Low
VR Iyer,Kolkata Knight Riders,Mumbai Indians,2024,1,26.0,113.04347826086956,25.227272727272727,120.90128478810902,18.4,18.7,62.5,44,2.0,1.0,1.8,0.6,High,Low
G Coetzee,Mumbai Indians,Kolkata Knight Riders,2024,2,1.0,50.0,1.5,31.944444444444443,1.5,1.5,0.0,4,0.0,0.0,0.0,0.0,Low,Low
HH Pandya,Mumbai Indians,Kolkata Knight Riders,2024,2,0.0,0.0,19.6484375,142.20766364770034,13.6,19.7,32.666666666666664,128,0.0,0.0,1.0,0.8,Low,Low
Ishan Kishan,Mumbai Indians,Kolkata Knight Riders,2024,2,32.0,91.42857142857144,27.03157894736842,117.29681206031428,16.6,24.4,29.142857142857142,95,3.0,0.0,2.2,0.2,Low,Low
JJ Bumrah,Mumbai Indians,Kolkata Knight Riders,2024,2,2.0,200.0,2.68,72.84040404040405,2.2,2.2,0.0,25,0.0,0.0,0.2,0.0,Low,Low
N Wadhera,Mumbai Indians,Kolkata Knight Riders,2024,2,46.0,112.19512195121952,26.153846153846157,147.74831604403397,25.2,31.3,6.0,13,4.0,2.0,2.2,1.6,Low,Low
Naman Dhir,Mumbai Indians,Kolkata Knight Riders,2024,2,0.0,0.0,16.666666666666668,138.0952380952381,16.666666666666668,16.666666666666668,0.0,3,0.0,0.0,1.6666666666666667,1.0,Low,Low
PP Chawla,Mumbai Indians,Kolkata Knight Riders,2024,2,10.0,250.0,7.416666666666667,107.09501294792648,2.8,4.3,8.142857142857142,84,1.0,1.0,0.2,0.2,Low,Low
RG Sharma,Mumbai Indians,Kolkata Knight Riders,2024,2,4.0,80.0,26.32258064516129,112.53148548178478,31.8,31.5,33.54838709677419,248,1.0,0.0,3.2,1.6,Low,Low
SA Yadav,Mumbai Indians,Kolkata Knight Riders,2024,2,10.0,166.66666666666669,25.946969696969692,134.4616963398728,24.8,29.5,38.0,132,0.0,1.0,2.4,1.2,High,Low
TH David,Mumbai Indians,Kolkata Knight Riders,2024,2,35.0,205.8823529411765,19.24242424242424,152.65145282524963,20.4,21.9,18.5,33,3.0,1.0,1.4,1.4,Moderate,Low
Tilak Varma,Mumbai Indians,Kolkata Knight Riders,2024,2,7.0,63.63636363636363,30.942857142857143,140.704170156778,40.0,34.3,24.666666666666668,35,1.0,0.0,3.4,1.8,Low,Low
B Sai Sudharsan,Gujarat Titans,Royal Challengers Bengaluru,2024,1,84.0,175.0,40.21739130434783,135.7057424673496,45.4,41.8,84.0,23,8.0,4.0,4.6,1.4,Low,Low
DA Miller,Gujarat Titans,Royal Challengers Bengaluru,2024,1,26.0,136.8421052631579,23.59016393442623,124.58101410658108,26.2,18.1,26.0,122,2.0,1.0,2.4,1.2,Moderate,Low
M Shahrukh Khan,Gujarat Titans,Royal Challengers Bengaluru,2024,1,58.0,193.33333333333331,14.685714285714283,139.63418410842598,17.6,16.0,58.0,35,3.0,5.0,0.8,1.6,Moderate,Low
MJ Suthar,Gujarat Titans,Royal Challengers Bengaluru,2024,1,0.0,0.0,0.0,0.0,0.0,0.0,0.0,0,0.0,0.0,0.0,0.0,Low,Low
MM Sharma,Gujarat Titans,Royal Challengers Bengaluru,2024,1,2.0,14.285714285714285,4.592592592592593,84.43121693121692,1.4,2.6,0.0,27,0.0,0.0,0.0,0.0,Low,Low
R Tewatia,Gujarat Titans,Royal Challengers Bengaluru,2024,1,4.0,80.0,15.28125,130.75670605943645,20.4,16.0,0.0,64,0.0,0.0,2.6,0.4,Moderate,Low
Rashid Khan,Gujarat Titans,Royal Challengers Bengaluru,2024,1,21.0,210.0,9.24561403508772,120.68118406934197,15.8,11.9,0.0,57,3.0,1.0,1.8,0.4,Low,Low
Shubman Gill,Gujarat Titans,Royal Challengers Bengaluru,2024,1,16.0,84.21052631578947,32.06185567010309,121.92105079651488,27.4,32.0,16.0,97,1.0,0.0,3.0,0.4,Low,Low
V Shankar,Gujarat Titans,Royal Challengers Bengaluru,2024,1,16.0,160.0,19.385964912280706,121.4469582637942,13.4,17.5,0.0,57,3.0,0.0,1.0,0.4,Low,Low
WP Saha,Gujarat Titans,Royal Challengers Bengaluru,2024,1,5.0,125.0,20.654929577464788,116.25801411725638,14.0,20.7,5.0,142,1.0,0.0,1.8,0.2,Low,Low
C Green,Royal Challengers Bengaluru,Gujarat Titans,2024,2,37.0,185.0,24.47826086956522,133.8554501783256,18.0,28.2,22.0,23,5.0,0.0,2.0,0.6,Low,Low
F du Plessis,Royal Challengers Bengaluru,Gujarat Titans,2024,2,24.0,200.0,33.2406015037594,121.26961750331996,35.8,28.8,24.0,133,1.0,3.0,3.2,2.2,High,Low
GJ Maxwell,Royal Challengers Bengaluru,Gujarat Titans,2024,2,0.0,0.0,21.84126984126984,125.3610447425684,6.4,17.0,28.0,126,0.0,0.0,0.6,0.2,Low,Low
KD Karthik,Royal Challengers Bengaluru,Gujarat Titans,2024,2,11.0,183.3333333333333,20.778260869565216,120.45017729840364,35.2,26.2,1.3333333333333333,230,2.0,0.0,3.0,2.4,Moderate,Low
RM Patidar,Royal Challengers Bengaluru,Gujarat Titans,2024,2,50.0,250.0,32.36842105263158,134.61966406644848,38.0,38.1,52.0,19,2.0,5.0,2.0,3.4,Low,Low
Swapnil Singh,Royal Challengers Bengaluru,Gujarat Titans,2024,2,12.0,200.0,5.2,81.76470588235294,5.2,5.2,2.0,5,1.0,1.0,0.2,0.2,Low,Low
V Kohli,Royal Challengers Bengaluru,Gujarat Titans,2024,2,70.0,159.0909090909091,32.25311203319502,117.84124782310896,36.8,50.0,75.5,241,6.0,3.0,3.4,1.6,High,Low
WG Jacks,Royal Challengers Bengaluru,Gujarat Titans,2024,2,100.0,250.0,35.2,159.375,35.2,35.2,100.0,5,5.0,10.0,2.4,3.0,Low,Low
AM Rahane,Chennai Super Kings,Punjab Kings,2024,1,29.0,120.83333333333331,27.375,105.2815204785257,16.0,22.6,20.5,168,5.0,0.0,2.4,0.2,Low,Low
DJ Mitchell,Chennai Super Kings,Punjab Kings,2024,1,1.0,100.0,21.09090909090909,115.30431423972097,21.2,21.6,1.0,11,0.0,0.0,2.0,0.4,Moderate,Low
MJ Santner,Chennai Super Kings,Punjab Kings,2024,1,1.0,100.0,7.0,114.33479532163744,2.6,7.0,9.0,8,0.0,0.0,0.2,0.0,Low,Low
MM Ali,Chennai Super Kings,Punjab Kings,2024,1,15.0,166.66666666666669,19.98148148148148,121.0841211461285,12.4,12.7,14.2,54,1.0,1.0,0.2,1.0,Low,Low
MS Dhoni,Chennai Super Kings,Punjab Kings,2024,1,14.0,127.27272727272728,23.07555555555556,132.75726567003744,14.2,11.1,14.8,225,1.0,1.0,1.2,1.2,Low,Low
RA Jadeja,Chennai Super Kings,Punjab Kings,2024,1,2.0,50.0,16.198863636363637,131.93080945064682,25.4,21.6,10.0,176,0.0,0.0,2.6,0.2,High,Low
RD Gaikwad,Chennai Super Kings,Punjab Kings,2024,1,62.0,131.91489361702128,37.80327868852459,114.75803053766238,70.8,50.9,24.5,61,5.0,2.0,6.6,2.6,Moderate,Low
RJ Gleeson,Chennai Super Kings,Punjab Kings,2024,1,0.0,0.0,0.0,0.0,0.0,0.0,0.0,0,0.0,0.0,0.0,0.0,Low,Low
S Dube,Chennai Super Kings,Punjab Kings,2024,1,0.0,0.0,25.54385964912281,128.3515223787013,34.8,35.0,23.2,57,0.0,0.0,2.8,2.6,Low,Low
SN Thakur,Chennai Super Kings,Punjab Kings,2024,1,3.0,42.85714285714285,8.9375,106.32681249230704,5.0,11.7,5.5,32,0.0,0.0,0.4,0.0,Low,Low
TU Deshpande,Chennai Super Kings,Punjab Kings,2024,1,0.0,0.0,7.0,85.18518518518518,7.0,7.0,0.0,3,0.0,0.0,0.6666666666666666,0.3333333333333333,Low,Low
Ashutosh Sharma,Punjab Kings,Chennai Super Kings,2024,2,3.0,37.5,31.8,176.22699849170436,31.8,31.8,0.0,5,0.0,0.0,1.8,2.6,Low,Low
HV Patel,Punjab Kings,Chennai Super Kings,2024,2,0.0,0.0,6.771428571428571,105.60499444533058,1.6,4.0,6.833333333333333,35,0.0,0.0,0.0,0.2,Low,Low
Harpreet Brar,Punjab Kings,Chennai Super Kings,2024,2,29.0,241.66666666666663,9.391304347826088,119.1627406111186,11.2,8.2,0.0,23,4.0,1.0,1.2,0.4,Low,Low
JM Bairstow,Punjab Kings,Chennai Super Kings,2024,2,46.0,153.33333333333334,32.787234042553195,131.75162314933647,38.2,30.1,20.428571428571427,47,7.0,1.0,4.0,2.0,Low,Low
JM Sharma,Punjab Kings,Chennai Super Kings,2024,2,13.0,108.33333333333331,20.96875,149.49270618658008,17.2,17.2,23.5,32,0.0,1.0,0.6,1.2,Low,Low
K Rabada,Punjab Kings,Chennai Super Kings,2024,2,1.0,100.0,7.222222222222222,106.37871387871388,3.0,3.2,8.0,27,0.0,0.0,0.0,0.4,Low,Low
P Simran Singh,Punjab Kings,Chennai Super Kings,2024,2,13.0,130.0,21.433333333333334,123.09517829951264,22.4,22.1,27.5,30,1.0,1.0,1.8,1.8,Moderate,Low
RD Chahar,Punjab Kings,Chennai Super Kings,2024,2,0.0,0.0,5.4,73.42261904761905,6.2,7.7,3.5,20,0.0,0.0,0.6,0.2,Low,Low
RR Rossouw,Punjab Kings,Chennai Super Kings,2024,2,43.0,186.95652173913044,18.944444444444443,105.94988104046077,15.8,24.4,18.6,18,5.0,2.0,1.6,0.8,Low,Low
SM Curran,Punjab Kings,Chennai Super Kings,2024,2,26.0,144.44444444444443,17.57777777777778,127.2480669138764,17.4,22.7,15.25,45,3.0,0.0,1.6,0.4,Low,Low
Shashank Singh,Punjab Kings,Chennai Super Kings,2024,2,25.0,96.15384615384616,23.8,155.07504385780248,30.2,28.8,20.0,15,1.0,1.0,1.2,2.4,Moderate,Low
A Raghuvanshi,Kolkata Knight Riders,Lucknow Super Giants,2024,1,13.0,216.66666666666663,21.83333333333333,151.38888888888889,15.4,21.83333333333333,7.0,6,0.0,2.0,1.6,0.8,Moderate,Low
AD Russell,Kolkata Knight Riders,Lucknow Super Giants,2024,1,7.0,350.0,23.805825242718445,152.0932953239704,16.2,20.5,19.0,103,0.0,1.0,2.0,0.6,Low,Low
PD Salt,Kolkata Knight Riders,Lucknow Super Giants,2024,1,5.0,166.66666666666669,32.36842105263158,141.07758598470673,41.2,39.7,89.0,19,1.0,0.0,4.4,2.8,Moderate,Low
RK Singh,Kolkata Knight Riders,Lucknow Super Giants,2024,1,9.0,112.5,22.55263157894737,137.39909360190651,13.8,19.9,37.66666666666666,38,2.0,0.0,1.4,0.6,Low,Low
Ramandeep Singh,Kolkata Knight Riders,Lucknow Super Giants,2024,1,2.0,50.0,11.636363636363637,151.09848484848484,9.2,12.2,0.0,11,0.0,0.0,0.4,0.8,Moderate,Low
SP Narine,Kolkata Knight Riders,Lucknow Super Giants,2024,1,8.0,100.0,13.980392156862743,121.81585294726116,42.6,38.0,12.5,102,0.0,1.0,5.4,2.2,High,Low
SS Iyer,Kolkata Knight Riders,Lucknow Super Giants,2024,1,6.0,150.0,27.36036036036036,112.69648710370068,25.6,25.7,31.33333333333333,111,1.0,0.0,2.6,1.2,Moderate,Low
VR Iyer,Kolkata Knight Riders,Lucknow Super Giants,2024,1,70.0,134.6153846153846,26.22222222222222,121.20604256204848,31.8,24.8,12.0,45,6.0,3.0,3.0,1.2,Low,Low
A Badoni,Lucknow Super Giants,Kolkata Knight Riders,2024,2,6.0,100.0,17.29032258064516,117.80692732784549,25.6,16.3,23.0,31,1.0,0.0,2.4,0.4,Low,Low
AA Kulkarni,Lucknow Super Giants,Kolkata Knight Riders,2024,2,0.0,0.0,0.0,0.0,0.0,0.0,0.0,1,0.0,0.0,0.0,0.0,Low,Low
AJ Turner,Lucknow Super Giants,Kolkata Knight Riders,2024,2,5.0,55.55555555555556,1.6,19.68253968253968,1.6,1.6,0.0,5,0.0,0.0,0.0,0.0,Low,Low
DJ Hooda,Lucknow Super Giants,Kolkata Knight Riders,2024,2,18.0,100.0,15.425531914893616,119.0952097136864,20.6,16.1,11.9,94,2.0,0.0,2.4,0.2,Low,Low
KH Pandya,Lucknow Super Giants,Kolkata Knight Riders,2024,2,1.0,100.0,15.41747572815534,122.59097841724048,5.6,14.0,13.615384615384617,103,0.0,0.0,0.2,0.0,Low,Low
KL Rahul,Lucknow Super Giants,Kolkata Knight Riders,2024,2,28.0,127.27272727272728,38.125,122.44503565784834,48.2,40.6,37.69230769230769,120,3.0,1.0,4.8,1.8,Moderate,Low
MP Stoinis,Lucknow Super Giants,Kolkata Knight Riders,2024,2,62.0,137.77777777777777,21.357142857142858,119.13066579024414,40.8,31.6,11.181818181818182,84,7.0,2.0,4.6,1.6,Moderate,Low
N Pooran,Lucknow Super Giants,Kolkata Knight Riders,2024,2,14.0,100.0,22.5,136.0457544687949,25.4,30.5,23.0,70,1.0,0.0,2.0,1.4,Low,Low
Ravi Bishnoi,Lucknow Super Giants,Kolkata Knight Riders,2024,2,0.0,0.0,2.333333333333333,71.72619047619048,2.8,2.1,1.5,12,0.0,0.0,0.2,0.0,Low,Low
Yudhvir Singh,Lucknow Super Giants,Kolkata Knight Riders,2024,2,1.0,100.0,0.5,50.0,0.5,0.5,0.0,2,0.0,0.0,0.0,0.0,Low,Low
Abdul Samad,Sunrisers Hyderabad,Mumbai Indians,2024,1,19.0,105.55555555555556,15.571428571428571,139.27516455262457,20.8,20.6,9.5,35,1.0,1.0,2.2,1.2,Low,Low
Abhishek Sharma,Sunrisers Hyderabad,Mumbai Indians,2024,1,12.0,120.0,21.963636363636365,135.30574143571334,27.6,31.5,16.875,55,0.0,1.0,1.6,2.4,Low,Low
H Klaasen,Sunrisers Hyderabad,Mumbai Indians,2024,1,42.0,221.0526315789474,31.51851851851852,165.94530630484036,30.2,33.7,33.5,27,3.0,3.0,1.0,2.8,Low,Low
M Jansen,Sunrisers Hyderabad,Mumbai Indians,2024,1,1.0,100.0,4.454545454545454,81.41873278236913,2.0,4.9,13.0,11,0.0,0.0,0.0,0.0,Low,Low
MA Agarwal,Sunrisers Hyderabad,Mumbai Indians,2024,1,16.0,94.11764705882352,22.016528925619838,117.30106167469548,32.0,27.3,24.33333333333333,121,2.0,0.0,3.4,1.2,Low,Low
Nithish Kumar Reddy,Sunrisers Hyderabad,Mumbai Indians,2024,1,76.0,180.95238095238096,36.5,144.3270651603985,41.0,36.5,0.0,6,3.0,8.0,1.8,3.2,Moderate,Low
PJ Cummins,Sunrisers Hyderabad,Mumbai Indians,2024,1,5.0,71.42857142857143,12.028571428571428,122.14136610355098,8.4,4.9,22.285714285714285,35,1.0,0.0,0.4,0.6,Moderate,Low
Sanvir Singh,Sunrisers Hyderabad,Mumbai Indians,2024,1,4.0,133.33333333333331,5.5,125.0,5.5,5.5,4.0,2,1.0,0.0,0.5,0.5,Low,Low
Shahbaz Ahmed,Sunrisers Hyderabad,Mumbai Indians,2024,1,7.0,140.0,15.53125,119.14317854426749,27.6,18.5,1.0,32,1.0,0.0,1.0,1.6,Low,Low
TM Head,Sunrisers Hyderabad,Mumbai Indians,2024,1,58.0,131.8181818181818,31.63157894736842,138.4596422443806,52.6,39.8,37.0,19,6.0,3.0,5.4,3.6,High,Low
Ishan Kishan,Mumbai Indians,Sunrisers Hyderabad,2024,2,13.0,185.7142857142857,26.885416666666668,118.00949407754314,14.6,25.7,31.33333333333333,96,1.0,1.0,1.8,0.2,Low,Low
Naman Dhir,Mumbai Indians,Sunrisers Hyderabad,2024,2,11.0,100.0,15.25,128.57142857142856,15.25,15.25,30.0,4,2.0,0.0,1.75,0.75,Low,Low
RG Sharma,Mumbai Indians,Sunrisers Hyderabad,2024,2,11.0,91.66666666666666,26.26104417670683,112.447691028712,13.0,28.3,19.772727272727277,249,0.0,1.0,1.0,0.8,Low,Low
SA Yadav,Mumbai Indians,Sunrisers Hyderabad,2024,2,56.0,164.70588235294116,26.172932330827063,134.6890962347079,36.0,32.6,20.75,133,6.0,2.0,3.6,1.6,High,Low
Tilak Varma,Mumbai Indians,Sunrisers Hyderabad,2024,2,4.0,66.66666666666666,30.194444444444443,138.64757283760824,34.6,32.2,36.333333333333336,36,0.0,0.0,2.4,1.8,Moderate,Low
AR Patel,Delhi Capitals,Rajasthan Royals,2024,1,15.0,71.42857142857143,14.376146788990823,125.65731134327756,21.2,16.4,9.454545454545457,109,2.0,0.0,1.6,1.0,Low,Low
Abishek Porel,Delhi Capitals,Rajasthan Royals,2024,1,18.0,120.0,18.07692307692308,133.55503815181234,30.4,20.7,8.0,13,2.0,1.0,3.8,0.8,High,Low
Gulbadin Naib,Delhi Capitals,Rajasthan Royals,2024,1,0.0,0.0,0.0,0.0,0.0,0.0,0.0,0,0.0,0.0,0.0,0.0,Low,Low
J Fraser-McGurk,Delhi Capitals,Rajasthan Royals,2024,1,12.0,200.0,43.16666666666666,234.2694342694343,40.8,43.16666666666666,0.0,6,1.0,1.0,4.2,3.6,High,Low
Kuldeep Yadav,Delhi Capitals,Rajasthan Royals,2024,1,35.0,134.6153846153846,5.733333333333333,69.85107943312278,9.2,5.7,1.5,30,5.0,1.0,1.0,0.2,Low,Low
RR Pant,Delhi Capitals,Rajasthan Royals,2024,1,27.0,135.0,29.27027027027027,134.8458786950108,40.8,38.0,38.5,111,2.0,1.0,3.0,2.6,Low,Low
Rasikh Salam,Delhi Capitals,Rajasthan Royals,2024,1,8.0,80.0,5.25,85.41666666666667,5.25,5.25,0.0,4,1.0,0.0,0.5,0.0,Low,Low
SD Hope,Delhi Capitals,Rajasthan Royals,2024,1,6.0,200.0,19.166666666666668,159.41830065359477,16.4,19.166666666666668,0.0,6,0.0,1.0,0.6,1.6,Low,Low
T Stubbs,Delhi Capitals,Rajasthan Royals,2024,1,4.0,57.14285714285714,21.714285714285715,131.94403649512847,20.6,27.7,44.0,14,0.0,0.0,1.8,1.0,High,Low
Avesh Khan,Rajasthan Royals,Delhi Capitals,2024,2,0.0,0.0,4.428571428571429,148.57142857142858,4.4,4.428571428571429,0.0,7,0.0,0.0,0.0,0.6,Low,Low
D Ferreira,Rajasthan Royals,Delhi Capitals,2024,2,0.0,0.0,0.0,0.0,0.0,0.0,0.0,0,0.0,0.0,0.0,0.0,Low,Low
JC Buttler,Rajasthan Royals,Delhi Capitals,2024,2,0.0,0.0,33.74285714285714,127.92986302347556,36.8,31.9,35.714285714285715,105,0.0,0.0,3.8,1.4,Low,High
R Ashwin,Rajasthan Royals,Delhi Capitals,2024,2,2.0,100.0,9.047058823529412,108.2098059670546,11.4,9.1,24.5,85,0.0,0.0,0.4,0.6,Low,Low
R Parag,Rajasthan Royals,Delhi Capitals,2024,2,77.0,160.41666666666669,19.0377358490566,117.46887933925645,44.8,42.9,19.875,53,8.0,4.0,3.2,2.6,Moderate,Low
R Powell,Rajasthan Royals,Delhi Capitals,2024,2,27.0,180.0,17.833333333333332,120.04532368502956,14.0,18.6,0.0,18,3.0,1.0,1.4,0.8,Low,Low
SB Dubey,Rajasthan Royals,Delhi Capitals,2024,2,8.0,133.33333333333331,8.0,133.33333333333331,8.0,8.0,0.0,1,1.0,0.0,1.0,0.0,Moderate,Low
SV Samson,Rajasthan Royals,Delhi Capitals,2024,2,0.0,0.0,27.21656050955414,118.10543948252167,27.8,38.5,19.55555555555556,157,0.0,0.0,2.4,1.4,High,Low
TA Boult,Rajasthan Royals,Delhi Capitals,2024,2,0.0,0.0,3.631578947368421,82.43810283283968,3.2,5.3,2.0,19,0.0,0.0,0.2,0.2,Low,Low
YBK Jaiswal,Rajasthan Royals,Delhi Capitals,2024,2,67.0,171.7948717948718,31.659574468085108,126.8579942664464,50.6,31.6,24.6,47,7.0,2.0,5.2,2.2,Low,Low
A Badoni,Lucknow Super Giants,Sunrisers Hyderabad,2024,1,15.0,125.0,17.21875,118.0317108488503,24.6,15.3,19.0,32,0.0,1.0,1.8,0.6,High,Low
KH Pandya,Lucknow Super Giants,Sunrisers Hyderabad,2024,1,5.0,83.33333333333334,15.317307692307692,122.21350106066446,6.2,9.6,17.615384615384617,104,0.0,0.0,0.2,0.0,Moderate,Low
KL Rahul,Lucknow Super Giants,Sunrisers Hyderabad,2024,1,25.0,119.04761904761904,38.01652892561984,122.41695783462328,45.4,37.3,35.666666666666664,121,3.0,0.0,4.8,1.4,Moderate,Low
MP Stoinis,Lucknow Super Giants,Sunrisers Hyderabad,2024,1,36.0,171.42857142857142,21.529411764705884,119.74593526834212,46.0,34.9,17.666666666666668,85,4.0,2.0,5.0,2.0,Low,Low
N Pooran,Lucknow Super Giants,Sunrisers Hyderabad,2024,1,10.0,125.0,22.323943661971832,135.89018046219215,18.4,25.1,32.166666666666664,71,0.0,1.0,1.6,0.8,High,Low
Q de Kock,Lucknow Super Giants,Sunrisers Hyderabad,2024,1,8.0,266.66666666666663,29.67924528301887,117.76282732800452,18.2,26.4,33.416666666666664,106,2.0,0.0,2.6,0.2,Low,Low
Abhishek Sharma,Sunrisers Hyderabad,Lucknow Super Giants,2024,2,11.0,68.75,21.767857142857142,134.11724605293276,23.0,29.4,10.0,56,0.0,1.0,1.2,2.2,High,Low
TM Head,Sunrisers Hyderabad,Lucknow Super Giants,2024,2,48.0,171.42857142857142,32.45,140.1080887035901,41.8,44.4,0.0,20,7.0,1.0,5.0,2.2,High,Low
C Green,Royal Challengers Bengaluru,Punjab Kings,2024,1,1.0,50.0,23.5,130.36147308756205,11.6,18.3,31.0,24,0.0,0.0,1.2,0.2,High,Low
F du Plessis,Royal Challengers Bengaluru,Punjab Kings,2024,1,64.0,278.2608695652174,33.47014925373134,122.44119401124456,36.4,31.7,49.5,134,10.0,3.0,4.4,2.2,Low,Low
KD Karthik,Royal Challengers Bengaluru,Punjab Kings,2024,1,21.0,175.0,20.77922077922078,120.68632371702526,38.6,28.3,16.833333333333332,231,3.0,0.0,3.6,2.4,Low,Low
MK Lomror,Royal Challengers Bengaluru,Punjab Kings,2024,1,7.0,175.0,15.548387096774194,125.5959168024862,12.6,13.7,18.25,31,1.0,0.0,1.0,1.0,Low,Low
RM Patidar,Royal Challengers Bengaluru,Punjab Kings,2024,1,2.0,66.66666666666666,30.85,131.22201419645938,32.6,27.1,25.0,20,0.0,0.0,1.6,3.0,High,Low
Swapnil Singh,Royal Challengers Bengaluru,Punjab Kings,2024,1,15.0,166.66666666666669,6.833333333333333,95.91503267973856,8.2,6.833333333333333,0.0,6,2.0,1.0,0.6,0.4,Low,Low
V Kohli,Royal Challengers Bengaluru,Punjab Kings,2024,1,42.0,155.55555555555557,32.29338842975206,117.99709206993724,44.6,52.1,42.833333333333336,242,2.0,4.0,3.8,2.4,High,Low
WG Jacks,Royal Challengers Bengaluru,Punjab Kings,2024,1,1.0,33.33333333333333,29.5,138.36805555555554,33.8,29.5,0.0,6,0.0,0.0,2.0,3.0,Low,Low
Arshdeep Singh,Punjab Kings,Royal Challengers Bengaluru,2024,2,2.0,100.0,2.5,56.96078431372549,2.6,2.5,0.0,10,0.0,0.0,0.4,0.0,Low,Low
Ashutosh Sharma,Punjab Kings,Royal Challengers Bengaluru,2024,2,3.0,30.0,27.0,151.8558320764203,26.2,27.0,0.0,6,0.0,0.0,1.2,2.4,Low,Low
HV Patel,Punjab Kings,Royal Challengers Bengaluru,2024,2,12.0,92.3076923076923,6.916666666666667,105.2356249415073,3.8,4.3,0.0,36,1.0,1.0,0.2,0.4,Low,Low
JM Bairstow,Punjab Kings,Royal Challengers Bengaluru,2024,2,7.0,116.66666666666669,32.25,131.43735322261418,35.2,28.0,8.0,48,1.0,0.0,3.4,2.0,Moderate,Low
JM Sharma,Punjab Kings,Royal Challengers Bengaluru,2024,2,0.0,0.0,20.33333333333333,144.96262418092613,14.0,17.2,27.0,33,0.0,0.0,0.6,0.8,Low,Low
LS Livingstone,Punjab Kings,Royal Challengers Bengaluru,2024,2,6.0,66.66666666666666,24.710526315789476,137.10943140829397,14.6,23.3,17.0,38,1.0,0.0,1.2,0.8,Low,Low
P Simran Singh,Punjab Kings,Royal Challengers Bengaluru,2024,2,30.0,130.43478260869566,21.70967741935484,123.33193972884116,26.4,22.5,25.0,31,2.0,2.0,2.0,2.2,Low,Low
RD Chahar,Punjab Kings,Royal Challengers Bengaluru,2024,2,16.0,160.0,5.904761904761905,77.5453514739229,8.6,9.3,0.0,21,2.0,1.0,0.8,0.4,Low,Low
RR Rossouw,Punjab Kings,Royal Challengers Bengaluru,2024,2,0.0,0.0,17.94736842105263,100.37357151201545,15.8,23.6,0.0,19,0.0,0.0,1.6,0.8,High,Low
SM Curran,Punjab Kings,Royal Challengers Bengaluru,2024,2,7.0,63.63636363636363,17.347826086956523,125.86520379914786,13.0,18.5,23.0,46,0.0,0.0,1.2,0.0,Moderate,Low
Shashank Singh,Punjab Kings,Royal Challengers Bengaluru,2024,2,27.0,135.0,24.0,153.82035361668983,33.8,31.5,21.0,16,4.0,0.0,1.8,2.4,Moderate,Low
B Sai Sudharsan,Gujarat Titans,Chennai Super Kings,2024,1,6.0,42.85714285714285,38.79166666666666,131.83705081692435,39.6,37.9,51.66666666666666,24,0.0,0.0,4.0,1.2,High,Low
DA Miller,Gujarat Titans,Chennai Super Kings,2024,1,30.0,150.0,23.642276422764223,124.78767252847878,23.4,20.4,27.785714285714285,123,3.0,2.0,2.2,1.2,Low,Low
M Shahrukh Khan,Gujarat Titans,Chennai Super Kings,2024,1,37.0,154.16666666666669,15.305555555555555,140.03786417948822,22.2,19.5,15.75,36,5.0,1.0,1.6,1.6,Low,Low
Shubman Gill,Gujarat Titans,Chennai Super Kings,2024,1,2.0,28.57142857142857,31.755102040816325,120.9685036309528,13.4,29.1,24.857142857142858,98,0.0,0.0,1.8,0.0,High,Low
AM Rahane,Chennai Super Kings,Gujarat Titans,2024,2,9.0,128.57142857142858,27.266272189349117,105.41933058558428,16.8,20.8,18.666666666666668,169,1.0,0.0,2.4,0.2,Low,Low
DJ Mitchell,Chennai Super Kings,Gujarat Titans,2024,2,30.0,157.89473684210526,21.83333333333333,118.85351612325296,22.2,22.9,24.0,12,2.0,1.0,2.2,0.4,High,Low
MJ Santner,Chennai Super Kings,Gujarat Titans,2024,2,11.0,100.0,7.444444444444445,112.74204028589992,3.0,7.444444444444445,1.0,9,1.0,0.0,0.2,0.0,Low,Low
MM Ali,Chennai Super Kings,Gujarat Titans,2024,2,17.0,85.0,19.92727272727273,120.4280462161989,14.4,13.7,13.5,55,2.0,0.0,0.6,1.0,High,Low
MS Dhoni,Chennai Super Kings,Gujarat Titans,2024,2,0.0,0.0,22.97345132743363,132.16984414052402,10.2,11.0,5.5,226,0.0,0.0,1.2,0.6,Moderate,Low
R Ravindra,Chennai Super Kings,Gujarat Titans,2024,2,0.0,0.0,19.0,135.0595238095238,10.0,19.0,46.0,7,0.0,0.0,1.4,0.2,Low,Low
RA Jadeja,Chennai Super Kings,Gujarat Titans,2024,2,43.0,165.3846153846154,16.350282485875706,132.11981400394606,29.8,23.9,13.4,177,3.0,2.0,2.8,0.6,Low,Low
RD Gaikwad,Chennai Super Kings,Gujarat Titans,2024,2,32.0,152.38095238095238,37.70967741935484,115.36485185771544,63.4,52.6,58.333333333333336,62,4.0,1.0,6.4,1.8,Low,Low
S Dube,Chennai Super Kings,Gujarat Titans,2024,2,0.0,0.0,25.103448275862068,126.1385650963099,21.6,31.6,20.33333333333333,58,0.0,0.0,0.8,2.2,Moderate,Low
SN Thakur,Chennai Super Kings,Gujarat Titans,2024,2,17.0,154.54545454545453,9.181818181818182,107.78798346361454,5.8,13.0,0.6666666666666666,33,2.0,1.0,0.6,0.2,Low,Low
AD Russell,Kolkata Knight Riders,Mumbai Indians,2024,1,12.0,150.0,23.692307692307693,152.07316748431683,16.6,20.7,16.5,104,1.0,1.0,1.8,0.8,Moderate,Low
MA Starc,Kolkata Knight Riders,Mumbai Indians,2024,1,0.0,0.0,6.866666666666666,92.49543295579102,1.6,3.8,2.5,15,0.0,0.0,0.2,0.0,Low,Low
N Rana,Kolkata Knight Riders,Mumbai Indians,2024,1,9.0,81.81818181818183,26.03,118.86405300388836,29.4,27.2,22.5,100,1.0,0.0,3.2,0.4,Moderate,Low
PD Salt,Kolkata Knight Riders,Mumbai Indians,2024,1,32.0,228.57142857142856,32.35,145.45227811404283,45.6,37.5,5.0,20,5.0,1.0,5.2,3.0,Low,Low
RK Singh,Kolkata Knight Riders,Mumbai Indians,2024,1,16.0,145.45454545454547,22.384615384615383,137.60564364941007,13.0,14.8,11.8,39,2.0,0.0,1.6,0.2,Moderate,Low
Ramandeep Singh,Kolkata Knight Riders,Mumbai Indians,2024,1,25.0,416.6666666666667,12.75,173.22916666666666,11.6,13.5,2.0,12,1.0,3.0,0.6,1.2,Low,Low
SP Narine,Kolkata Knight Riders,Mumbai Indians,2024,1,81.0,207.6923076923077,14.631067961165048,122.64960493507716,37.0,45.9,4.636363636363637,103,6.0,7.0,4.0,2.4,Low,Low
SS Iyer,Kolkata Knight Riders,Mumbai Indians,2024,1,23.0,153.33333333333334,27.321428571428573,113.05931608789383,28.0,28.0,22.41176470588235,112,3.0,0.0,3.0,1.0,Low,Low
VR Iyer,Kolkata Knight Riders,Mumbai Indians,2024,1,1.0,100.0,25.67391304347826,120.74504163678657,30.4,22.5,64.0,46,0.0,0.0,2.8,1.2,High,Low
A Kamboj,Mumbai Indians,Kolkata Knight Riders,2024,2,0.0,0.0,0.0,0.0,0.0,0.0,0.0,0,0.0,0.0,0.0,0.0,Low,Low
HH Pandya,Mumbai Indians,Kolkata Knight Riders,2024,2,1.0,33.33333333333333,19.503875968992247,141.3636765909998,13.4,18.7,30.23076923076923,129,0.0,0.0,1.0,0.8,Low,Low
Ishan Kishan,Mumbai Indians,Kolkata Knight Riders,2024,2,9.0,128.57142857142858,26.701030927835053,118.11838000016051,14.8,23.2,27.125,97,2.0,0.0,2.0,0.2,High,Low
N Wadhera,Mumbai Indians,Kolkata Knight Riders,2024,2,6.0,54.54545454545454,24.714285714285715,141.09096879413542,21.8,27.9,6.0,14,1.0,0.0,2.0,1.2,Low,Low
Naman Dhir,Mumbai Indians,Kolkata Knight Riders,2024,2,0.0,0.0,12.2,102.85714285714285,12.2,12.2,11.0,5,0.0,0.0,1.4,0.6,Low,Low
PP Chawla,Mumbai Indians,Kolkata Knight Riders,2024,2,0.0,0.0,7.329411764705882,105.83507161912736,2.8,3.9,7.125,85,0.0,0.0,0.2,0.2,Low,Low
RG Sharma,Mumbai Indians,Kolkata Knight Riders,2024,2,4.0,80.0,26.172,112.31790026459716,6.6,26.1,32.84375,250,1.0,0.0,0.8,0.2,Low,Low
SA Yadav,Mumbai Indians,Kolkata Knight Riders,2024,2,102.0,200.0,26.73880597014925,135.17649103892649,40.8,39.5,39.63636363636363,134,12.0,6.0,4.6,2.2,Low,Low
TH David,Mumbai Indians,Kolkata Knight Riders,2024,2,24.0,120.0,19.38235294117647,151.69111597744816,22.6,24.1,20.33333333333333,34,1.0,1.0,1.6,1.2,Low,Low
Tilak Varma,Mumbai Indians,Kolkata Knight Riders,2024,2,37.0,115.625,30.37837837837838,138.0253411392945,35.2,29.5,19.5,37,6.0,0.0,3.2,1.4,Moderate,Low
Dhruv Jurel,Rajasthan Royals,Chennai Super Kings,2024,1,1.0,33.33333333333333,14.166666666666666,127.78364881306058,12.6,12.3,19.0,18,0.0,0.0,1.0,0.4,Moderate,Low
JC Buttler,Rajasthan Royals,Chennai Super Kings,2024,1,19.0,111.76470588235294,33.60377358490566,127.77736154101214,39.0,33.8,38.44444444444444,106,2.0,1.0,4.2,1.6,Moderate,Low
R Ashwin,Rajasthan Royals,Chennai Super Kings,2024,1,2.0,66.66666666666666,8.965116279069768,107.72674620774777,11.4,8.3,14.5,86,0.0,0.0,0.4,0.6,Low,Low
R Parag,Rajasthan Royals,Chennai Super Kings,2024,1,27.0,122.72727272727272,19.185185185185187,117.56625699459006,35.0,43.6,8.75,54,1.0,3.0,2.8,2.2,High,Low
SB Dubey,Rajasthan Royals,Chennai Super Kings,2024,1,25.0,208.33333333333331,16.5,170.83333333333331,16.5,16.5,0.0,2,2.0,2.0,1.5,1.0,Low,Low
SV Samson,Rajasthan Royals,Chennai Super Kings,2024,1,86.0,191.11111111111111,27.588607594936708,118.56750069536086,41.4,38.9,15.285714285714286,158,8.0,6.0,3.8,2.4,Low,Low
YBK Jaiswal,Rajasthan Royals,Chennai Super Kings,2024,1,4.0,200.0,31.08333333333333,128.3817860525621,43.6,29.6,40.4,48,1.0,0.0,4.6,2.2,Moderate,Low
DJ Mitchell,Chennai Super Kings,Rajasthan Royals,2024,2,63.0,185.29411764705884,25.0,123.96433162508418,31.4,27.0,0.0,13,7.0,3.0,3.4,1.0,Moderate,Low
MM Ali,Chennai Super Kings,Rajasthan Royals,2024,2,56.0,155.55555555555557,20.571428571428573,121.0553231686874,25.4,17.4,27.0,56,4.0,4.0,1.4,1.8,Low,Low
R Ravindra,Chennai Super Kings,Rajasthan Royals,2024,2,1.0,50.0,16.75,124.42708333333331,9.8,16.75,0.0,8,0.0,0.0,1.4,0.2,Moderate,Low
RA Jadeja,Chennai Super Kings,Rajasthan Royals,2024,2,18.0,180.0,16.359550561797754,132.38880381291267,27.2,23.5,16.0,178,2.0,1.0,2.4,0.8,Low,Low
RD Gaikwad,Chennai Super Kings,Rajasthan Royals,2024,2,0.0,0.0,37.11111111111112,113.5336637329898,60.0,48.0,28.0,63,0.0,0.0,6.2,1.8,High,Low
S Dube,Chennai Super Kings,Rajasthan Royals,2024,2,21.0,161.53846153846155,25.033898305084747,126.73856334109212,25.2,28.6,30.0,59,2.0,1.0,1.2,2.4,Low,Low
Sameer Rizvi,Chennai Super Kings,Rajasthan Royals,2024,2,21.0,91.30434782608695,9.0,86.15942028985508,9.0,9.0,0.0,4,1.0,0.0,0.25,0.5,Low,Low
C Green,Royal Challengers Bengaluru,Delhi Capitals,2024,1,46.0,170.37037037037038,24.4,131.96182897887437,19.0,18.8,17.0,25,5.0,1.0,2.0,0.4,Moderate,Low
F du Plessis,Royal Challengers Bengaluru,Delhi Capitals,2024,1,9.0,128.57142857142858,33.28888888888889,122.4866031561348,25.8,32.3,27.6,135,2.0,0.0,3.4,1.4,Low,Low
KD Karthik,Royal Challengers Bengaluru,Delhi Capitals,2024,1,18.0,300.0,20.767241379310345,121.45922749410704,31.6,30.1,15.0,232,1.0,2.0,2.8,2.0,Low,Low
KV Sharma,Royal Challengers Bengaluru,Delhi Capitals,2024,1,20.0,285.7142857142857,9.18918918918919,115.09919377566436,5.6,8.0,0.0,37,0.0,3.0,0.0,0.6,Low,Low
MK Lomror,Royal Challengers Bengaluru,Delhi Capitals,2024,1,0.0,0.0,15.0625,121.6710444024085,6.0,8.3,21.6,32,0.0,0.0,0.4,0.4,Low,Low
RM Patidar,Royal Challengers Bengaluru,Delhi Capitals,2024,1,55.0,239.1304347826087,32.0,136.36051041484745,33.6,26.8,31.0,21,3.0,6.0,1.6,3.4,High,Low
Swapnil Singh,Royal Challengers Bengaluru,Delhi Capitals,2024,1,1.0,100.0,6.0,96.49859943977592,8.0,6.0,0.0,7,0.0,0.0,0.6,0.4,Low,Low
V Kohli,Royal Challengers Bengaluru,Delhi Capitals,2024,1,92.0,195.74468085106383,32.53909465020576,118.31704099496244,54.6,53.6,29.88888888888889,243,7.0,6.0,4.0,3.2,Moderate,Low
WG Jacks,Royal Challengers Bengaluru,Delhi Capitals,2024,1,12.0,171.42857142857142,27.0,143.0909863945578,34.8,27.0,0.0,7,1.0,1.0,2.0,3.2,High,Low
AR Patel,Delhi Capitals,Royal Challengers Bengaluru,2024,2,15.0,150.0,14.38181818181818,125.87860851288414,22.6,16.4,0.0,110,1.0,1.0,1.6,1.2,High,Low
Abishek Porel,Delhi Capitals,Royal Challengers Bengaluru,2024,2,65.0,180.5555555555556,21.428571428571427,136.91221796636543,35.2,26.7,0.0,14,7.0,3.0,4.2,1.4,Low,Low
DA Warner,Delhi Capitals,Royal Challengers Bengaluru,2024,2,1.0,33.33333333333333,35.30107526881721,120.6589422059984,17.8,35.3,0.0,186,0.0,0.0,1.8,1.0,Low,Low
I Sharma,Delhi Capitals,Royal Challengers Bengaluru,2024,2,1.0,33.33333333333333,2.85,104.0,3.6,2.4,0.0,20,0.0,0.0,0.4,0.2,Low,Low
J Fraser-McGurk,Delhi Capitals,Royal Challengers Bengaluru,2024,2,50.0,250.0,44.142857142857146,236.51665794522935,46.8,44.142857142857146,0.0,7,7.0,3.0,5.2,3.8,Moderate,Low
Kuldeep Yadav,Delhi Capitals,Royal Challengers Bengaluru,2024,2,5.0,250.0,5.709677419354839,75.6623349352801,8.2,6.2,0.0,31,1.0,0.0,1.2,0.2,Low,Low
Kumar Kushagra,Delhi Capitals,Royal Challengers Bengaluru,2024,2,1.0,33.33333333333333,0.5,16.666666666666664,0.5,0.5,0.0,2,0.0,0.0,0.0,0.0,Low,Low
Mukesh Kumar,Delhi Capitals,Royal Challengers Bengaluru,2024,2,0.0,0.0,1.75,46.42857142857143,1.75,1.75,0.0,4,0.0,0.0,0.0,0.0,Low,Low
Rasikh Salam,Delhi Capitals,Royal Challengers Bengaluru,2024,2,9.0,300.0,6.0,128.33333333333334,6.0,6.0,0.0,5,2.0,0.0,0.8,0.0,Low,Low
SD Hope,Delhi Capitals,Royal Challengers Bengaluru,2024,2,1.0,100.0,16.571428571428573,150.92997198879553,14.4,16.571428571428573,0.0,7,0.0,0.0,0.4,1.6,Moderate,Low
T Stubbs,Delhi Capitals,Royal Challengers Bengaluru,2024,2,41.0,205.0,23.0,136.8144340621199,25.8,31.3,0.0,15,3.0,3.0,2.4,1.4,Low,Low
AR Patel,Delhi Capitals,Lucknow Super Giants,2024,1,57.0,146.15384615384613,14.765765765765764,126.06126831145136,32.8,20.0,29.0,111,5.0,3.0,2.6,1.8,Low,Low
Abishek Porel,Delhi Capitals,Lucknow Super Giants,2024,1,2.0,66.66666666666666,20.133333333333333,132.2291812130522,32.6,23.7,0.0,15,0.0,0.0,3.8,1.2,High,Low
J Fraser-McGurk,Delhi Capitals,Lucknow Super Giants,2024,1,21.0,262.5,41.25,239.7645757020757,38.0,41.25,55.0,8,2.0,2.0,4.6,2.8,Low,Low
RR Pant,Delhi Capitals,Lucknow Super Giants,2024,1,15.0,115.38461538461536,29.142857142857142,134.6721174154537,40.6,36.7,41.333333333333336,112,0.0,1.0,2.8,2.6,Moderate,Low
SD Hope,Delhi Capitals,Lucknow Super Giants,2024,1,29.0,126.08695652173914,18.125,147.82459505541348,16.4,18.125,11.0,8,4.0,0.0,1.0,1.2,Moderate,Low
T Stubbs,Delhi Capitals,Lucknow Super Giants,2024,1,3.0,75.0,21.75,132.9510319332374,24.4,27.2,15.0,16,0.0,0.0,2.4,1.4,High,Low
A Badoni,Lucknow Super Giants,Delhi Capitals,2024,2,55.0,183.3333333333333,18.363636363636363,120.01054789383464,24.6,20.7,27.666666666666668,33,9.0,0.0,2.6,0.4,Low,Low
Arshad Khan,Lucknow Super Giants,Delhi Capitals,2024,2,20.0,125.0,9.5,97.91666666666669,9.5,9.5,20.0,4,2.0,0.0,0.5,0.25,High,Low
DJ Hooda,Lucknow Super Giants,Delhi Capitals,2024,2,5.0,166.66666666666669,15.31578947368421,119.59596189213882,19.6,16.5,14.5,95,1.0,0.0,2.6,0.2,Low,Low
KH Pandya,Lucknow Super Giants,Delhi Capitals,2024,2,24.0,114.28571428571428,15.4,122.13799832947448,10.4,11.1,14.090909090909092,105,0.0,2.0,0.2,0.4,Low,Low
KL Rahul,Lucknow Super Giants,Delhi Capitals,2024,2,29.0,87.87878787878788,37.94262295081968,122.13385808088694,34.8,38.7,27.4,122,1.0,1.0,3.2,1.0,Low,High
MP Stoinis,Lucknow Super Giants,Delhi Capitals,2024,2,3.0,60.0,21.313953488372093,119.05121509080324,45.0,33.3,16.8,86,0.0,0.0,4.8,2.0,Low,Low
N Pooran,Lucknow Super Giants,Delhi Capitals,2024,2,48.0,184.6153846153846,22.68055555555556,136.56691940876428,23.4,25.7,22.857142857142858,72,6.0,1.0,2.2,0.8,High,Low
Naveen-ul-Haq,Lucknow Super Giants,Delhi Capitals,2024,2,1.0,20.0,5.333333333333333,65.0,5.333333333333333,5.333333333333333,0.0,3,0.0,0.0,0.6666666666666666,0.0,Low,Low
Q de Kock,Lucknow Super Giants,Delhi Capitals,2024,2,2.0,40.0,29.42056074766355,117.03607193241572,14.8,23.8,31.272727272727277,107,0.0,0.0,1.8,0.2,Low,High
Ravi Bishnoi,Lucknow Super Giants,Delhi Capitals,2024,2,2.0,66.66666666666666,2.3076923076923075,71.33699633699634,2.2,2.2,0.0,13,0.0,0.0,0.2,0.0,Low,Low
Yudhvir Singh,Lucknow Super Giants,Delhi Capitals,2024,2,7.0,100.0,2.6666666666666665,66.66666666666667,2.6666666666666665,2.6666666666666665,0.0,3,0.0,1.0,0.0,0.3333333333333333,Low,Low
Avesh Khan,Rajasthan Royals,Punjab Kings,2024,1,7.0,233.33333333333331,4.75,159.16666666666666,4.4,4.75,2.0,8,1.0,0.0,0.2,0.4,Low,Low
D Ferreira,Rajasthan Royals,Punjab Kings,2024,1,1.0,33.33333333333333,1.0,33.33333333333333,1.0,1.0,0.0,1,0.0,0.0,0.0,0.0,Low,Low
Dhruv Jurel,Rajasthan Royals,Punjab Kings,2024,1,28.0,155.55555555555557,14.894736842105264,129.24532811529716,17.8,14.2,16.0,19,1.0,2.0,1.2,0.8,Low,Low
R Ashwin,Rajasthan Royals,Punjab Kings,2024,1,1.0,100.0,8.873563218390805,107.63793303294604,5.8,8.1,0.0,87,0.0,0.0,0.4,0.0,Moderate,Low
R Parag,Rajasthan Royals,Punjab Kings,2024,1,47.0,134.28571428571428,19.69090909090909,117.87024712715596,39.8,44.0,15.333333333333334,55,1.0,3.0,2.8,2.6,High,Low
R Powell,Rajasthan Royals,Punjab Kings,2024,1,13.0,130.0,17.57894736842105,120.56925401739645,16.2,13.2,6.5,19,1.0,1.0,1.6,1.0,Low,Low
SV Samson,Rajasthan Royals,Punjab Kings,2024,1,15.0,78.94736842105263,27.50943396226415,118.31831747350984,42.0,38.9,34.666666666666664,159,0.0,0.0,3.4,2.4,Low,Low
T Kohler-Cadmore,Rajasthan Royals,Punjab Kings,2024,1,0.0,0.0,0.0,0.0,0.0,0.0,0.0,0,0.0,0.0,0.0,0.0,Low,Low
TA Boult,Rajasthan Royals,Punjab Kings,2024,1,2.0,66.66666666666666,3.55,81.64953102453102,3.6,5.0,1.0,20,0.0,0.0,0.2,0.2,Low,Low
YBK Jaiswal,Rajasthan Royals,Punjab Kings,2024,1,24.0,114.28571428571428,30.93877551020408,128.09411111854482,44.6,31.5,43.4,49,3.0,1.0,4.6,2.2,Low,Low
Ashutosh Sharma,Punjab Kings,Rajasthan Royals,2024,2,8.0,160.0,24.285714285714285,153.0192846369317,21.2,24.285714285714285,31.0,7,0.0,1.0,0.6,2.2,Low,Low
JM Bairstow,Punjab Kings,Rajasthan Royals,2024,2,27.0,168.75,32.142857142857146,132.19883580990776,40.6,28.4,28.666666666666668,49,4.0,1.0,4.2,2.2,Low,Low
JM Sharma,Punjab Kings,Rajasthan Royals,2024,2,5.0,125.0,19.88235294117647,144.37548817560477,11.2,13.3,34.5,34,1.0,0.0,0.6,0.6,Moderate,Low
P Simran Singh,Punjab Kings,Rajasthan Royals,2024,2,6.0,150.0,21.21875,124.16531661231488,27.6,20.6,24.0,32,1.0,0.0,2.2,2.2,Low,Low
RR Rossouw,Punjab Kings,Rajasthan Royals,2024,2,61.0,225.9259259259259,20.1,106.65118923271098,27.8,26.2,14.0,20,9.0,3.0,3.4,1.4,Moderate,Low
SM Curran,Punjab Kings,Rajasthan Royals,2024,2,22.0,137.5,17.4468085106383,126.11275265448512,16.2,14.4,18.0,47,2.0,0.0,1.6,0.0,High,Low
Shashank Singh,Punjab Kings,Rajasthan Royals,2024,2,37.0,194.73684210526315,24.764705882352946,156.22720588072357,33.0,33.1,9.0,17,4.0,2.0,2.2,2.2,Low,Low
A Badoni,Lucknow Super Giants,Mumbai Indians,2024,1,6.0,66.66666666666666,18.0,118.44161021068264,20.0,21.2,7.0,34,0.0,0.0,2.2,0.2,Moderate,Low
Arshad Khan,Lucknow Super Giants,Mumbai Indians,2024,1,58.0,175.75757575757575,19.2,113.4848484848485,19.2,19.2,0.0,5,3.0,5.0,1.0,1.2,Low,Low
D Padikkal,Lucknow Super Giants,Mumbai Indians,2024,1,13.0,72.22222222222221,24.746031746031747,104.60189075284784,7.6,10.7,25.33333333333333,63,0.0,0.0,0.6,0.0,Low,Low
DJ Hooda,Lucknow Super Giants,Mumbai Indians,2024,1,0.0,0.0,15.15625,118.35017062242903,18.0,15.4,14.785714285714286,96,0.0,0.0,2.4,0.2,Low,Low
KH Pandya,Lucknow Super Giants,Mumbai Indians,2024,1,18.0,100.0,15.424528301886792,121.92914928863036,12.6,12.1,12.0,106,2.0,0.0,0.6,0.4,Low,Low
KL Rahul,Lucknow Super Giants,Mumbai Indians,2024,1,5.0,166.66666666666669,37.67479674796748,122.49591343524288,32.6,37.2,49.94444444444444,123,1.0,0.0,3.2,0.8,High,High
MP Stoinis,Lucknow Super Giants,Mumbai Indians,2024,1,5.0,71.42857142857143,21.1264367816092,118.50382838204196,21.2,31.4,24.0,87,1.0,0.0,2.4,0.8,Moderate,Low
N Pooran,Lucknow Super Giants,Mumbai Indians,2024,1,61.0,225.9259259259259,23.2054794520548,137.79101538845143,28.8,27.8,16.25,73,6.0,4.0,2.8,1.2,High,Low
D Brevis,Mumbai Indians,Lucknow Super Giants,2024,2,0.0,0.0,23.0,112.23745455324404,18.0,23.0,17.0,9,0.0,0.0,0.6,1.2,Moderate,Low
HH Pandya,Mumbai Indians,Lucknow Super Giants,2024,2,2.0,50.0,19.369230769230768,140.66087907876135,11.8,16.5,27.0,130,0.0,0.0,1.0,0.6,Low,Low
Ishan Kishan,Mumbai Indians,Lucknow Super Giants,2024,2,40.0,181.8181818181818,26.836734693877556,118.76837797789544,22.8,25.6,25.4,98,5.0,2.0,3.0,0.6,Low,Low
N Wadhera,Mumbai Indians,Lucknow Super Giants,2024,2,3.0,100.0,23.266666666666666,138.35157087452637,21.6,21.8,28.33333333333333,15,0.0,0.0,1.8,1.2,Low,Low
Naman Dhir,Mumbai Indians,Lucknow Super Giants,2024,2,17.0,283.33333333333337,13.0,132.93650793650795,11.6,13.0,0.0,6,1.0,2.0,1.0,0.8,High,Low
R Shepherd,Mumbai Indians,Lucknow Super Giants,2024,2,1.0,50.0,14.25,144.88095238095238,11.2,14.25,8.0,8,0.0,0.0,1.0,1.0,Low,Low
RG Sharma,Mumbai Indians,Lucknow Super Giants,2024,2,19.0,82.6086956521739,26.14342629482072,112.19953689960744,9.2,28.0,19.4,251,1.0,1.0,0.8,0.4,High,Low
SA Yadav,Mumbai Indians,Lucknow Super Giants,2024,2,11.0,78.57142857142857,26.622222222222224,134.75719427990796,41.0,34.5,18.8,135,1.0,0.0,4.4,2.2,Low,Low
C Green,Royal Challengers Bengaluru,Chennai Super Kings,2024,1,32.0,133.33333333333331,24.692307692307693,132.01457914635355,24.4,19.0,12.0,26,1.0,2.0,2.2,0.8,Moderate,Low
F du Plessis,Royal Challengers Bengaluru,Chennai Super Kings,2024,1,6.0,85.71428571428571,33.088235294117645,122.2162184690624,25.6,32.1,35.75,136,1.0,0.0,3.4,1.4,High,Low
GJ Maxwell,Royal Challengers Bengaluru,Chennai Super Kings,2024,1,4.0,133.33333333333331,21.700787401574804,125.42381866847995,6.6,10.6,28.0,127,1.0,0.0,0.8,0.2,Low,Low
KD Karthik,Royal Challengers Bengaluru,Chennai Super Kings,2024,1,0.0,0.0,20.678111587982837,120.93794325593493,15.0,26.3,23.766666666666666,233,0.0,0.0,1.8,0.6,Low,Low
MK Lomror,Royal Challengers Bengaluru,Chennai Super Kings,2024,1,13.0,162.5,15.0,122.9082854811234,8.6,9.5,21.0,33,0.0,1.0,0.4,0.6,Low,Low
RM Patidar,Royal Challengers Bengaluru,Chennai Super Kings,2024,1,52.0,162.5,32.90909090909091,137.54866903235438,42.2,32.0,10.5,22,3.0,3.0,2.2,3.8,High,Low
V Kohli,Royal Challengers Bengaluru,Chennai Super Kings,2024,1,27.0,207.6923076923077,32.51639344262295,118.68333307159092,56.4,48.0,32.45161290322581,244,1.0,3.0,4.0,3.4,High,Low
AM Rahane,Chennai Super Kings,Royal Challengers Bengaluru,2024,2,1.0,20.0,27.111764705882354,104.91686393508084,9.8,18.2,27.0,170,0.0,0.0,1.4,0.0,Moderate,Low
DJ Mitchell,Chennai Super Kings,Royal Challengers Bengaluru,2024,2,22.0,169.23076923076923,24.785714285714285,127.19764859691884,33.6,26.8,22.0,14,4.0,0.0,4.0,1.0,Low,Low
MJ Santner,Chennai Super Kings,Royal Challengers Bengaluru,2024,2,0.0,0.0,6.7,101.46783625730994,2.8,6.7,0.0,10,0.0,0.0,0.2,0.0,Low,Low
MS Dhoni,Chennai Super Kings,Royal Challengers Bengaluru,2024,2,26.0,236.3636363636364,22.986784140969164,132.62884763049365,9.8,13.6,0.0,227,1.0,3.0,0.8,0.8,Moderate,Low
R Ravindra,Chennai Super Kings,Royal Challengers Bengaluru,2024,2,27.0,150.0,17.88888888888889,127.2685185185185,12.8,17.88888888888889,37.0,9,1.0,2.0,1.2,0.6,High,Low
RA Jadeja,Chennai Super Kings,Royal Challengers Bengaluru,2024,2,5.0,83.33333333333334,16.29608938547486,132.1147509052055,16.8,22.5,25.0,179,0.0,0.0,1.4,0.6,High,Low
RD Gaikwad,Chennai Super Kings,Royal Challengers Bengaluru,2024,2,42.0,102.4390243902439,37.1875,113.3603099932594,46.8,52.1,15.0,64,1.0,2.0,4.0,1.6,Low,Low
S Dube,Chennai Super Kings,Royal Challengers Bengaluru,2024,2,18.0,163.63636363636363,24.916666666666668,127.35352667934666,15.6,28.6,34.0,60,2.0,1.0,1.0,1.2,Low,Low
SN Thakur,Chennai Super Kings,Royal Challengers Bengaluru,2024,2,3.0,75.0,9.0,106.82363100880237,6.4,12.5,0.0,34,0.0,0.0,0.6,0.2,Low,Low
Ashutosh Sharma,Punjab Kings,Sunrisers Hyderabad,2024,1,17.0,154.54545454545453,23.375,153.21005587549706,18.4,23.375,33.0,8,1.0,1.0,0.6,1.8,Low,Low
Atharva Taide,Punjab Kings,Sunrisers Hyderabad,2024,1,15.0,125.0,25.125,130.58473389355743,33.6,25.125,0.0,8,2.0,0.0,3.6,1.0,High,Low
JM Sharma,Punjab Kings,Sunrisers Hyderabad,2024,1,22.0,110.0,19.942857142857143,143.3933313705875,9.8,14.6,13.25,35,0.0,2.0,0.4,0.6,Moderate,Low
P Simran Singh,Punjab Kings,Sunrisers Hyderabad,2024,1,6.0,150.0,20.75757575757576,124.94818580588108,21.8,19.3,9.0,33,1.0,0.0,1.8,1.6,High,Low
RR Rossouw,Punjab Kings,Sunrisers Hyderabad,2024,1,22.0,169.23076923076923,20.19047619047619,109.6311692326185,30.4,24.9,14.0,21,5.0,0.0,4.0,1.4,High,Low
Shashank Singh,Punjab Kings,Sunrisers Hyderabad,2024,1,0.0,0.0,23.38888888888889,147.5479166651278,31.4,32.2,46.0,18,0.0,0.0,2.2,2.2,Low,Low
Shivam Singh,Punjab Kings,Sunrisers Hyderabad,2024,1,0.0,0.0,0.0,0.0,0.0,0.0,0.0,0,0.0,0.0,0.0,0.0,Low,Low
Abdul Samad,Sunrisers Hyderabad,Punjab Kings,2024,2,3.0,75.0,15.22222222222222,137.48974331505167,16.4,19.2,13.0,36,0.0,0.0,1.2,1.2,Low,Low
Abhishek Sharma,Sunrisers Hyderabad,Punjab Kings,2024,2,75.0,267.85714285714283,22.70175438596491,136.463560031954,28.8,30.6,30.0,57,8.0,6.0,2.4,2.2,High,Low
H Klaasen,Sunrisers Hyderabad,Punjab Kings,2024,2,2.0,50.0,30.464285714285715,161.8044025082389,17.2,27.6,9.0,28,0.0,0.0,0.6,1.4,High,Low
Nithish Kumar Reddy,Sunrisers Hyderabad,Punjab Kings,2024,2,20.0,133.33333333333331,34.142857142857146,142.7565320422463,32.2,34.142857142857146,64.0,7,2.0,0.0,1.4,2.2,Moderate,Low
RA Tripathi,Sunrisers Hyderabad,Punjab Kings,2024,2,11.0,78.57142857142857,23.617977528089888,126.1405914698766,13.4,18.0,35.666666666666664,89,1.0,0.0,1.4,0.4,Moderate,Low
Sanvir Singh,Sunrisers Hyderabad,Punjab Kings,2024,2,8.0,114.28571428571428,6.333333333333333,121.42857142857144,6.333333333333333,6.333333333333333,0.0,3,0.0,0.0,0.3333333333333333,0.3333333333333333,Low,Low
Shahbaz Ahmed,Sunrisers Hyderabad,Punjab Kings,2024,2,10.0,83.33333333333334,15.363636363636363,118.05803171969372,26.0,19.0,8.8,33,0.0,0.0,1.0,1.4,Low,Low
TM Head,Sunrisers Hyderabad,Punjab Kings,2024,2,89.0,296.6666666666667,35.142857142857146,147.56325908278427,41.8,47.1,21.0,21,8.0,8.0,4.4,2.6,Low,Low
Abdul Samad,Sunrisers Hyderabad,Kolkata Knight Riders,2024,1,11.0,137.5,15.108108108108109,137.49002052275296,11.2,16.6,17.5,37,0.0,1.0,0.4,0.8,Low,Low
Abhishek Sharma,Sunrisers Hyderabad,Kolkata Knight Riders,2024,1,66.0,235.7142857142857,23.448275862068964,138.17477944027004,35.8,34.3,18.142857142857142,58,5.0,6.0,2.8,3.0,Low,Low
B Kumar,Sunrisers Hyderabad,Kolkata Knight Riders,2024,1,4.0,133.33333333333331,4.857142857142857,88.7617188807665,10.4,7.2,4.583333333333333,63,0.0,0.0,1.2,0.0,Low,Low
H Klaasen,Sunrisers Hyderabad,Kolkata Knight Riders,2024,1,42.0,161.53846153846155,30.86206896551724,161.79523212997074,22.6,23.8,33.25,29,3.0,2.0,1.2,1.4,Moderate,Low
Nithish Kumar Reddy,Sunrisers Hyderabad,Kolkata Knight Riders,2024,1,37.0,148.0,34.5,143.41196553696554,32.2,34.5,0.0,8,1.0,3.0,1.2,2.4,Low,Low
PJ Cummins,Sunrisers Hyderabad,Kolkata Knight Riders,2024,1,35.0,218.75,12.666666666666666,124.82493926734122,15.0,8.0,1.5,36,2.0,2.0,0.8,1.0,Moderate,Low
RA Tripathi,Sunrisers Hyderabad,Kolkata Knight Riders,2024,1,33.0,194.11764705882356,23.72222222222222,126.89589208753158,16.0,19.2,29.818181818181817,90,4.0,2.0,1.4,0.8,High,Low
Sanvir Singh,Sunrisers Hyderabad,Kolkata Knight Riders,2024,1,6.0,150.0,6.25,128.57142857142856,6.25,6.25,0.0,4,1.0,0.0,0.5,0.25,Low,Low
Shahbaz Ahmed,Sunrisers Hyderabad,Kolkata Knight Riders,2024,1,3.0,50.0,15.0,116.0563249044086,23.8,19.1,11.8,34,0.0,0.0,0.8,1.2,Low,Low
TM Head,Sunrisers Hyderabad,Kolkata Knight Riders,2024,1,0.0,0.0,33.54545454545455,140.85583821538498,41.6,45.2,75.0,22,0.0,0.0,4.4,2.6,Low,High
V Viyaskanth,Sunrisers Hyderabad,Kolkata Knight Riders,2024,1,0.0,0.0,0.0,0.0,0.0,0.0,0.0,0,0.0,0.0,0.0,0.0,Low,Low
Rahmanullah Gurbaz,Kolkata Knight Riders,Sunrisers Hyderabad,2024,2,10.0,66.66666666666666,20.63636363636364,94.18943459641132,8.8,20.5,0.0,11,0.0,0.0,0.4,0.6,Moderate,Low
SP Narine,Kolkata Knight Riders,Sunrisers Hyderabad,2024,2,0.0,0.0,14.490384615384617,121.4702818107014,35.0,41.2,7.714285714285714,104,0.0,0.0,3.6,2.4,Moderate,Low
SS Iyer,Kolkata Knight Riders,Sunrisers Hyderabad,2024,2,7.0,70.0,27.141592920353983,112.6782601933107,19.4,24.8,26.3125,113,1.0,0.0,1.8,0.8,High,Low
VR Iyer,Kolkata Knight Riders,Sunrisers Hyderabad,2024,2,42.0,200.0,26.02127659574468,122.43131734664216,35.6,26.0,7.5,47,6.0,2.0,3.4,1.6,High,Low
C Green,Royal Challengers Bengaluru,Rajasthan Royals,2024,1,38.0,223.52941176470588,25.185185185185187,135.4040173914777,30.8,21.0,24.5,27,3.0,3.0,2.8,1.2,Moderate,Low
F du Plessis,Royal Challengers Bengaluru,Rajasthan Royals,2024,1,54.0,138.46153846153845,33.24087591240876,122.33479744710966,31.4,35.6,33.3125,137,3.0,3.0,3.4,1.8,Low,Low
GJ Maxwell,Royal Challengers Bengaluru,Rajasthan Royals,2024,1,16.0,320.0,21.65625,126.94394508513246,4.2,6.8,24.53333333333333,128,2.0,1.0,0.6,0.2,Low,Low
KD Karthik,Royal Challengers Bengaluru,Rajasthan Royals,2024,1,14.0,233.33333333333331,20.64957264957265,121.41826543575289,12.8,24.9,22.5,234,1.0,1.0,1.4,0.6,Low,Low
KV Sharma,Royal Challengers Bengaluru,Rajasthan Royals,2024,1,6.0,150.0,9.105263157894736,116.01763604472583,6.0,7.8,3.2,38,1.0,0.0,0.2,0.6,Low,Low
MK Lomror,Royal Challengers Bengaluru,Rajasthan Royals,2024,1,0.0,0.0,14.558823529411764,119.29333590814916,4.8,9.4,5.666666666666667,34,0.0,0.0,0.4,0.2,Moderate,Low
RM Patidar,Royal Challengers Bengaluru,Rajasthan Royals,2024,1,41.0,178.26086956521738,33.26086956521739,139.31876470769626,40.0,34.3,37.0,23,2.0,4.0,2.0,3.6,Moderate,Low
Swapnil Singh,Royal Challengers Bengaluru,Rajasthan Royals,2024,1,0.0,0.0,5.25,84.43627450980392,6.0,5.25,0.0,8,0.0,0.0,0.6,0.4,Low,Low
V Kohli,Royal Challengers Bengaluru,Rajasthan Royals,2024,1,47.0,162.06896551724137,32.57551020408163,118.8604172856548,55.6,50.5,25.20689655172414,245,3.0,4.0,3.8,4.0,Moderate,Low
Dhruv Jurel,Rajasthan Royals,Royal Challengers Bengaluru,2024,2,0.0,0.0,14.15,122.78306170953228,16.6,14.1,2.0,20,0.0,0.0,1.2,0.8,Low,Low
R Parag,Rajasthan Royals,Royal Challengers Bengaluru,2024,2,48.0,141.1764705882353,20.196428571428573,118.28642968896096,42.6,40.4,4.0,56,6.0,0.0,3.2,2.2,Moderate,Low
R Powell,Rajasthan Royals,Royal Challengers Bengaluru,2024,2,4.0,80.0,16.9,118.5407913165266,16.2,13.3,0.0,20,1.0,0.0,1.6,1.0,Low,Low
SO Hetmyer,Rajasthan Royals,Royal Challengers Bengaluru,2024,2,13.0,144.44444444444443,19.253968253968253,138.64413253390484,12.8,17.1,11.0,63,1.0,1.0,1.0,1.0,Moderate,Low
SV Samson,Rajasthan Royals,Royal Challengers Bengaluru,2024,2,18.0,120.0,27.45,118.3288279893004,38.0,39.5,69.0,160,3.0,0.0,3.6,2.0,Low,Low
T Kohler-Cadmore,Rajasthan Royals,Royal Challengers Bengaluru,2024,2,18.0,78.26086956521739,18.0,78.26086956521739,18.0,18.0,0.0,1,2.0,1.0,2.0,1.0,Moderate,Low
YBK Jaiswal,Rajasthan Royals,Royal Challengers Bengaluru,2024,2,4.0,100.0,30.4,127.5322288961739,24.6,30.9,0.0,50,1.0,0.0,3.0,0.8,High,Low
AK Markram,Sunrisers Hyderabad,Rajasthan Royals,2024,1,32.0,128.0,24.35,119.4939966812486,14.4,21.2,29.666666666666668,40,4.0,0.0,1.4,0.4,Low,Low
Abdul Samad,Sunrisers Hyderabad,Rajasthan Royals,2024,1,16.0,133.33333333333331,15.13157894736842,137.38063401776824,11.8,17.8,15.75,38,0.0,2.0,0.2,1.0,Low,Low
Abhishek Sharma,Sunrisers Hyderabad,Rajasthan Royals,2024,1,3.0,75.0,23.10169491525424,137.10402046670615,33.4,30.9,19.4,59,0.0,0.0,2.6,2.8,Low,Low
H Klaasen,Sunrisers Hyderabad,Rajasthan Royals,2024,1,32.0,160.0,30.9,161.73539105897171,27.6,24.6,24.666666666666668,30,3.0,1.0,1.8,1.4,High,Low
JD Unadkat,Sunrisers Hyderabad,Rajasthan Royals,2024,1,1.0,50.0,7.52,116.20041657688716,5.0,8.9,0.0,25,0.0,0.0,0.4,0.2,Low,Low
Nithish Kumar Reddy,Sunrisers Hyderabad,Rajasthan Royals,2024,1,9.0,90.0,31.666666666666668,137.47730269952493,31.4,31.666666666666668,76.0,9,1.0,0.0,1.4,2.2,Low,Low
PJ Cummins,Sunrisers Hyderabad,Rajasthan Royals,2024,1,30.0,125.0,13.135135135135137,124.82967063849416,20.4,10.7,9.25,37,2.0,2.0,1.2,1.4,Low,Low
RA Tripathi,Sunrisers Hyderabad,Rajasthan Royals,2024,1,55.0,161.76470588235296,24.065934065934066,127.27906586549663,26.8,23.2,23.83333333333333,91,7.0,1.0,2.8,1.0,Moderate,Low
Shahbaz Ahmed,Sunrisers Hyderabad,Rajasthan Royals,2024,1,0.0,0.0,14.571428571428571,112.74042990713978,12.0,18.9,19.0,35,0.0,0.0,0.4,0.2,Low,Low
TM Head,Sunrisers Hyderabad,Rajasthan Royals,2024,1,0.0,0.0,32.08695652173913,134.7316713364552,39.0,42.1,58.0,23,0.0,0.0,4.2,2.4,Moderate,High
Dhruv Jurel,Rajasthan Royals,Sunrisers Hyderabad,2024,2,8.0,100.0,13.857142857142858,121.69815400907837,17.8,13.9,1.0,21,1.0,0.0,1.4,0.8,High,Low
R Ashwin,Rajasthan Royals,Sunrisers Hyderabad,2024,2,28.0,147.36842105263156,9.090909090909092,108.08941585135156,8.2,9.7,7.166666666666667,88,3.0,1.0,0.8,0.2,Low,Low
R Parag,Rajasthan Royals,Sunrisers Hyderabad,2024,2,36.0,138.46153846153845,20.473684210526315,118.64037896567282,47.0,38.6,24.714285714285715,57,2.0,2.0,3.6,2.4,Low,Low
R Powell,Rajasthan Royals,Sunrisers Hyderabad,2024,2,16.0,200.0,16.857142857142858,122.41980125383486,17.2,14.7,47.0,21,2.0,1.0,1.6,1.2,Low,Low
SO Hetmyer,Rajasthan Royals,Sunrisers Hyderabad,2024,2,26.0,185.7142857142857,19.359375,139.37960367734829,15.8,19.0,23.8,64,3.0,1.0,1.2,1.2,Low,Low
SV Samson,Rajasthan Royals,Sunrisers Hyderabad,2024,2,17.0,130.76923076923077,27.385093167701864,118.40609757178444,27.2,34.3,35.95454545454545,161,0.0,1.0,2.2,1.4,Low,Low
T Kohler-Cadmore,Rajasthan Royals,Sunrisers Hyderabad,2024,2,20.0,133.33333333333331,19.0,105.79710144927536,19.0,19.0,0.0,2,4.0,0.0,3.0,0.5,Low,Low
TA Boult,Rajasthan Royals,Sunrisers Hyderabad,2024,2,12.0,133.33333333333331,3.952380952380953,84.11066446780733,6.0,6.1,0.0,21,2.0,0.0,0.6,0.2,Low,Low
YBK Jaiswal,Rajasthan Royals,Sunrisers Hyderabad,2024,2,45.0,150.0,30.686274509803923,127.97277342762148,28.8,35.4,37.333333333333336,51,8.0,0.0,4.0,0.6,High,Low
AK Markram,Sunrisers Hyderabad,Kolkata Knight Riders,2024,1,1.0,50.0,23.78048780487805,117.79902115243765,14.6,20.0,37.833333333333336,41,0.0,0.0,1.4,0.4,Moderate,Low
Abdul Samad,Sunrisers Hyderabad,Kolkata Knight Riders,2024,1,0.0,0.0,14.743589743589745,133.8580536583383,9.8,16.3,17.285714285714285,39,0.0,0.0,0.2,0.8,Low,Low
Abhishek Sharma,Sunrisers Hyderabad,Kolkata Knight Riders,2024,1,12.0,240.0,22.916666666666668,138.81895345892772,33.4,30.5,16.25,60,1.0,1.0,2.8,2.8,Low,Low
B Kumar,Sunrisers Hyderabad,Kolkata Knight Riders,2024,1,0.0,0.0,4.78125,87.37481702325452,10.0,6.6,4.230769230769231,64,0.0,0.0,1.2,0.0,Low,Low
H Klaasen,Sunrisers Hyderabad,Kolkata Knight Riders,2024,1,50.0,147.05882352941177,31.516129032258064,161.26195339672785,33.6,28.6,33.0,31,0.0,4.0,1.8,2.0,Low,Low
JD Unadkat,Sunrisers Hyderabad,Kolkata Knight Riders,2024,1,5.0,250.0,7.423076923076923,121.34655440085304,5.8,8.8,8.4,26,1.0,0.0,0.6,0.2,Low,Low
Nithish Kumar Reddy,Sunrisers Hyderabad,Kolkata Knight Riders,2024,1,5.0,50.0,29.0,128.72957242957244,29.4,29.0,9.0,10,0.0,0.0,1.4,2.2,Low,Low
PJ Cummins,Sunrisers Hyderabad,Kolkata Knight Riders,2024,1,5.0,100.0,12.921052631578949,124.17625825327065,21.2,11.2,11.0,38,1.0,0.0,1.4,1.4,Moderate,Low
RA Tripathi,Sunrisers Hyderabad,Kolkata Knight Riders,2024,1,37.0,246.66666666666669,24.206521739130437,128.57675717855287,31.2,25.9,31.916666666666668,92,5.0,2.0,3.4,1.2,Low,Low
Shahbaz Ahmed,Sunrisers Hyderabad,Kolkata Knight Riders,2024,1,18.0,100.0,14.666666666666666,112.3865290763859,7.6,19.1,9.833333333333334,36,0.0,1.0,0.2,0.2,Low,Low
TM Head,Sunrisers Hyderabad,Kolkata Knight Riders,2024,1,34.0,121.42857142857142,32.166666666666664,134.17737550696003,34.2,43.4,37.5,24,3.0,1.0,3.6,2.0,Low,Low
Rahmanullah Gurbaz,Kolkata Knight Riders,Sunrisers Hyderabad,2024,2,23.0,164.28571428571428,20.83333333333333,100.03079123718658,13.4,17.1,7.666666666666667,12,2.0,2.0,0.8,1.0,Moderate,Low
SP Narine,Kolkata Knight Riders,Sunrisers Hyderabad,2024,2,21.0,131.25,14.552380952380952,121.56342198393284,25.0,34.8,8.6,105,4.0,0.0,2.6,1.6,Low,Low
SS Iyer,Kolkata Knight Riders,Sunrisers Hyderabad,2024,2,58.0,241.66666666666663,27.412280701754387,113.80973744307698,25.4,28.8,28.176470588235293,114,5.0,4.0,2.6,1.0,Low,Low
VR Iyer,Kolkata Knight Riders,Sunrisers Hyderabad,2024,2,51.0,182.14285714285717,26.541666666666668,123.6753077590633,38.0,26.1,13.714285714285714,48,5.0,4.0,3.8,2.0,High,Low
A Raghuvanshi,Kolkata Knight Riders,Royal Challengers Bengaluru,2025,1,32.0,123.07692307692308,23.285714285714285,147.34432234432234,17.0,23.285714285714285,3.0,7,3.0,1.0,1.6,0.8,Moderate,Low
AD Russell,Kolkata Knight Riders,Royal Challengers Bengaluru,2025,1,24.0,171.42857142857142,23.695238095238096,152.2575046647383,18.8,22.9,27.0,105,2.0,2.0,1.8,1.2,Low,Low
AM Rahane,Kolkata Knight Riders,Royal Challengers Bengaluru,2025,1,33.0,150.0,27.14619883040936,105.18050800563594,16.2,20.3,30.0,171,3.0,1.0,2.0,0.2,High,Low
Harshit Rana,Kolkata Knight Riders,Royal Challengers Bengaluru,2025,1,0.0,0.0,0.6666666666666666,66.66666666666667,0.6666666666666666,0.6666666666666666,0.0,3,0.0,0.0,0.0,0.0,Low,Low
Q de Kock,Kolkata Knight Riders,Royal Challengers Bengaluru,2025,1,12.0,150.0,29.25925925925926,117.34129348859705,15.2,24.6,81.0,108,2.0,0.0,1.8,0.2,Low,Low
RK Singh,Kolkata Knight Riders,Royal Challengers Bengaluru,2025,1,20.0,166.66666666666669,22.325,138.3321692248415,12.2,14.5,14.5,40,0.0,2.0,1.2,0.4,Low,Low
Ramandeep Singh,Kolkata Knight Riders,Royal Challengers Bengaluru,2025,1,17.0,212.5,13.076923076923077,176.25,14.8,13.8,24.0,13,1.0,1.0,0.8,1.4,Low,Low
SH Johnson,Kolkata Knight Riders,Royal Challengers Bengaluru,2025,1,1.0,100.0,2.0,66.66666666666667,2.0,2.0,0.0,3,0.0,0.0,0.3333333333333333,0.0,Low,Low
SP Narine,Kolkata Knight Riders,Royal Challengers Bengaluru,2025,1,6.0,300.0,14.471698113207546,123.24678592748064,23.2,32.7,28.5,106,0.0,1.0,2.0,1.8,High,Low
VR Iyer,Kolkata Knight Riders,Royal Challengers Bengaluru,2025,1,52.0,200.0,27.06122448979592,125.2329545394906,43.2,30.8,33.0,49,4.0,3.0,4.2,2.4,Low,Low
D Padikkal,Royal Challengers Bengaluru,Kolkata Knight Riders,2025,2,0.0,0.0,24.359375,102.9674862098346,5.8,10.5,21.571428571428573,64,0.0,0.0,0.2,0.0,Low,Low
LS Livingstone,Royal Challengers Bengaluru,Kolkata Knight Riders,2025,2,0.0,0.0,24.07692307692308,133.59380496192748,11.2,21.8,13.333333333333334,39,0.0,0.0,1.0,0.6,Low,Low
PD Salt,Royal Challengers Bengaluru,Kolkata Knight Riders,2025,2,6.0,120.0,31.09523809523809,144.24026487051697,37.2,35.1,5.0,21,0.0,1.0,3.8,2.6,High,Low
RM Patidar,Royal Challengers Bengaluru,Kolkata Knight Riders,2025,2,34.0,154.54545454545453,33.291666666666664,139.95321011760285,36.8,37.4,18.666666666666668,24,2.0,2.0,2.0,3.0,Moderate,Low
V Kohli,Royal Challengers Bengaluru,Kolkata Knight Riders,2025,2,33.0,137.5,32.577235772357724,118.93618794709522,48.2,42.5,31.032258064516128,246,3.0,1.0,3.2,3.6,High,Low
A Manohar,Sunrisers Hyderabad,Rajasthan Royals,2025,1,8.0,57.14285714285714,15.4,108.65423465423466,15.8,12.5,23.666666666666668,15,1.0,0.0,0.8,0.8,Low,Low
Abhishek Sharma,Sunrisers Hyderabad,Rajasthan Royals,2025,1,2.0,40.0,22.57377049180328,137.19897061533874,31.6,27.3,18.166666666666668,61,0.0,0.0,2.8,2.6,Moderate,Low
Aniket Verma,Sunrisers Hyderabad,Rajasthan Royals,2025,1,0.0,0.0,0.0,0.0,0.0,0.0,0.0,0,0.0,0.0,0.0,0.0,Low,Low
H Klaasen,Sunrisers Hyderabad,Rajasthan Royals,2025,1,16.0,94.11764705882352,31.03125,159.16369382366832,28.4,29.3,31.0,32,1.0,0.0,1.4,1.4,Moderate,Low
Ishan Kishan,Sunrisers Hyderabad,Rajasthan Royals,2025,1,14.0,93.33333333333331,26.707070707070702,118.51145833502106,21.6,22.8,26.0,99,1.0,0.0,2.4,0.6,High,Low
Nithish Kumar Reddy,Sunrisers Hyderabad,Rajasthan Royals,2025,1,13.0,130.0,27.545454545454547,128.84506584506585,16.8,28.9,40.5,11,1.0,1.0,1.0,0.8,Moderate,Low
PJ Cummins,Sunrisers Hyderabad,Rajasthan Royals,2025,1,24.0,126.3157894736842,13.205128205128204,124.23111802815303,19.8,13.6,8.4,39,2.0,1.0,1.6,1.0,Low,Low
TM Head,Sunrisers Hyderabad,Rajasthan Royals,2025,1,0.0,0.0,30.88,128.81028048668162,24.6,33.2,46.0,25,0.0,0.0,2.2,1.8,High,Low
Dhruv Jurel,Rajasthan Royals,Sunrisers Hyderabad,2025,2,56.0,160.0,15.772727272727272,123.43914700866571,18.6,17.5,28.5,22,7.0,2.0,1.8,0.8,High,Low
JC Archer,Rajasthan Royals,Sunrisers Hyderabad,2025,2,3.0,150.0,8.652173913043478,134.09655561829476,5.6,7.7,8.5,23,0.0,0.0,0.2,0.2,Low,Low
N Rana,Rajasthan Royals,Sunrisers Hyderabad,2025,2,33.0,143.47826086956522,26.099009900990097,119.1077580322614,25.8,30.1,34.125,101,4.0,1.0,2.8,0.4,Low,Low
R Parag,Rajasthan Royals,Sunrisers Hyderabad,2025,2,6.0,60.0,20.224137931034484,117.6293379490233,32.8,38.8,22.375,58,0.0,0.0,2.0,1.6,Low,Low
SB Dubey,Rajasthan Royals,Sunrisers Hyderabad,2025,2,0.0,0.0,11.0,113.88888888888889,11.0,11.0,0.0,3,0.0,0.0,1.0,0.6666666666666666,Moderate,Low
SO Hetmyer,Rajasthan Royals,Sunrisers Hyderabad,2025,2,4.0,44.44444444444444,19.123076923076923,137.9190627660728,14.0,15.9,22.0,65,0.0,0.0,1.0,1.0,High,Low
SV Samson,Rajasthan Royals,Sunrisers Hyderabad,2025,2,10.0,90.9090909090909,27.27777777777778,118.23636296275548,29.2,28.5,34.82608695652174,162,1.0,0.0,2.4,1.4,High,Low
YBK Jaiswal,Rajasthan Royals,Sunrisers Hyderabad,2025,2,42.0,200.0,30.903846153846157,129.3579124001672,23.8,37.2,38.0,52,4.0,3.0,3.4,0.8,Low,Low
DL Chahar,Mumbai Indians,Chennai Super Kings,2025,1,1.0,50.0,6.666666666666667,91.25,1.8,6.6,0.0,12,0.0,0.0,0.0,0.0,Moderate,Low
MJ Santner,Mumbai Indians,Chennai Super Kings,2025,1,3.0,75.0,6.363636363636363,99.06166932482724,3.2,6.0,0.0,11,0.0,0.0,0.2,0.0,Low,Low
Naman Dhir,Mumbai Indians,Chennai Super Kings,2025,1,62.0,229.6296296296296,20.0,146.7498110355253,18.0,20.0,0.0,7,4.0,5.0,1.4,1.4,Low,Low
PVSN Raju,Mumbai Indians,Chennai Super Kings,2025,1,0.0,0.0,0.0,0.0,0.0,0.0,0.0,0,0.0,0.0,0.0,0.0,Low,Low
R Minz,Mumbai Indians,Chennai Super Kings,2025,1,0.0,0.0,0.0,0.0,0.0,0.0,0.0,0,0.0,0.0,0.0,0.0,Low,Low
RD Rickelton,Mumbai Indians,Chennai Super Kings,2025,1,0.0,0.0,0.0,0.0,0.0,0.0,0.0,0,0.0,0.0,0.0,0.0,Low,Low
RG Sharma,Mumbai Indians,Chennai Super Kings,2025,1,68.0,178.94736842105263,26.30952380952381,112.46440924691476,21.2,29.9,26.352941176470587,252,10.0,3.0,2.6,1.0,Low,Low
SA Yadav,Mumbai Indians,Chennai Super Kings,2025,1,0.0,0.0,26.426470588235293,133.7663325572616,35.8,34.5,22.666666666666668,136,0.0,0.0,3.8,1.8,Moderate,Low
TA Boult,Mumbai Indians,Chennai Super Kings,2025,1,0.0,0.0,3.772727272727273,80.28745244654336,3.0,5.8,2.333333333333333,22,0.0,0.0,0.4,0.0,Low,Low
Tilak Varma,Mumbai Indians,Chennai Super Kings,2025,1,32.0,188.23529411764704,30.42105263157895,139.3466556913564,28.6,29.5,34.5,38,5.0,1.0,3.2,1.0,Moderate,Low
WG Jacks,Mumbai Indians,Chennai Super Kings,2025,1,41.0,141.3793103448276,28.75,142.87702688834153,32.0,28.75,0.0,8,3.0,2.0,1.8,2.6,Low,Low
DJ Hooda,Chennai Super Kings,Mumbai Indians,2025,2,11.0,122.22222222222224,15.11340206185567,118.39008868015884,16.8,16.0,14.533333333333331,97,1.0,0.0,2.2,0.0,Low,Low
MS Dhoni,Chennai Super Kings,Mumbai Indians,2025,2,25.0,208.33333333333331,22.99561403508772,132.96088484848858,14.0,12.4,21.33333333333333,228,3.0,1.0,1.2,1.0,Low,Low
R Ravindra,Chennai Super Kings,Mumbai Indians,2025,2,61.0,169.44444444444443,22.2,131.48611111111111,22.0,22.2,21.0,10,5.0,3.0,1.6,1.2,High,Low
RA Jadeja,Chennai Super Kings,Mumbai Indians,2025,2,42.0,190.9090909090909,16.43888888888889,132.4413861274493,22.0,24.2,13.478260869565217,180,3.0,3.0,1.6,1.2,Low,Low
RA Tripathi,Chennai Super Kings,Mumbai Indians,2025,2,9.0,69.23076923076923,24.04301075268817,127.9386282758885,29.0,24.8,22.7,93,1.0,0.0,3.6,1.0,Low,Low
RD Gaikwad,Chennai Super Kings,Mumbai Indians,2025,2,0.0,0.0,36.61538461538461,111.61630522413232,27.2,49.5,29.75,65,0.0,0.0,2.0,1.0,High,Low
S Dube,Chennai Super Kings,Mumbai Indians,2025,2,7.0,46.66666666666666,24.62295081967213,126.03079126930272,9.2,24.8,21.9,61,0.0,0.0,0.8,0.4,Low,Low
SM Curran,Chennai Super Kings,Mumbai Indians,2025,2,63.0,153.65853658536585,18.39583333333333,126.68662315304516,27.6,18.4,27.8,48,5.0,3.0,2.4,0.6,Low,Low
A Badoni,Lucknow Super Giants,Delhi Capitals,2025,1,22.0,220.00000000000003,18.114285714285717,121.34327849037744,20.8,22.6,22.25,35,1.0,2.0,2.2,0.6,Low,Low
AK Markram,Lucknow Super Giants,Delhi Capitals,2025,1,20.0,86.95652173913044,23.69047619047619,117.06467592831127,12.2,20.2,13.5,42,3.0,0.0,1.6,0.0,Low,Low
DA Miller,Lucknow Super Giants,Delhi Capitals,2025,1,16.0,145.45454545454547,23.580645161290324,124.95434085852771,26.2,21.4,25.22222222222222,124,1.0,0.0,2.4,1.2,Moderate,Low
MR Marsh,Lucknow Super Giants,Delhi Capitals,2025,1,0.0,0.0,18.47222222222222,106.91193237797282,12.8,18.5,0.0,36,0.0,0.0,1.8,0.6,High,Low
N Pooran,Lucknow Super Giants,Delhi Capitals,2025,1,75.0,258.62068965517244,23.905405405405407,139.4238488244882,41.6,32.1,27.625,74,5.0,8.0,3.6,2.8,High,Low
RR Pant,Lucknow Super Giants,Delhi Capitals,2025,1,33.0,143.47826086956522,29.17699115044248,134.75004788849893,38.4,34.9,0.0,113,5.0,0.0,2.8,2.4,Low,Low
Ravi Bishnoi,Lucknow Super Giants,Delhi Capitals,2025,1,2.0,100.0,2.2857142857142856,73.3843537414966,1.8,2.4,2.0,14,0.0,0.0,0.0,0.0,Low,Low
SN Thakur,Lucknow Super Giants,Delhi Capitals,2025,1,1.0,50.0,8.771428571428572,105.20009869426514,5.0,5.8,0.0,35,0.0,0.0,0.4,0.2,Low,Low
Shahbaz Ahmed,Lucknow Super Giants,Delhi Capitals,2025,1,8.0,114.28571428571428,14.486486486486486,112.43785840636777,7.8,17.7,28.0,37,0.0,1.0,0.0,0.4,Low,Low
AR Patel,Delhi Capitals,Lucknow Super Giants,2025,2,14.0,140.0,14.758928571428571,126.18572127295626,22.4,19.9,24.0,112,2.0,0.0,2.0,1.0,Moderate,Low
Abishek Porel,Delhi Capitals,Lucknow Super Giants,2025,2,58.0,175.75757575757575,22.5,134.9497058720849,35.8,28.6,58.0,16,5.0,4.0,3.4,1.8,Low,Low
Ashutosh Sharma,Delhi Capitals,Lucknow Super Giants,2025,2,2.0,66.66666666666666,21.0,143.59412374118256,6.6,21.0,0.0,9,0.0,0.0,0.2,0.4,High,Low
F du Plessis,Delhi Capitals,Lucknow Super Giants,2025,2,17.0,121.42857142857142,33.1231884057971,122.32823059190284,30.0,32.9,47.6,138,2.0,1.0,3.6,1.4,Moderate,Low
J Fraser-McGurk,Delhi Capitals,Lucknow Super Giants,2025,2,0.0,0.0,36.66666666666666,213.124067290734,33.4,36.66666666666666,27.5,9,0.0,0.0,4.2,2.4,Low,Low
Kuldeep Yadav,Delhi Capitals,Lucknow Super Giants,2025,2,6.0,60.0,5.71875,75.1728869685526,9.4,6.1,11.0,32,0.0,0.0,1.2,0.2,Low,Low
MA Starc,Delhi Capitals,Lucknow Super Giants,2025,2,2.0,100.0,6.5625,92.96446839605407,1.8,3.4,0.0,16,0.0,0.0,0.2,0.0,Low,Low
MM Sharma,Delhi Capitals,Lucknow Super Giants,2025,2,0.0,0.0,4.428571428571429,81.4158163265306,0.8,2.4,0.0,28,0.0,0.0,0.0,0.0,Low,Low
Sameer Rizvi,Delhi Capitals,Lucknow Super Giants,2025,2,15.0,187.5,10.2,106.42753623188403,10.2,10.2,1.0,5,3.0,0.0,0.8,0.4,Low,Low
T Stubbs,Delhi Capitals,Lucknow Super Giants,2025,2,57.0,228.0,23.823529411764707,138.5421477018705,30.6,32.9,36.0,17,3.0,4.0,2.4,1.8,Moderate,Low
V Nigam,Delhi Capitals,Lucknow Super Giants,2025,2,0.0,0.0,0.0,0.0,0.0,0.0,0.0,0,0.0,0.0,0.0,0.0,Moderate,Low
Azmatullah Omarzai,Punjab Kings,Gujarat Titans,2025,1,1.0,50.0,10.5,111.13636363636364,10.5,10.5,0.0,4,0.0,0.0,0.5,0.5,Low,Low
GJ Maxwell,Punjab Kings,Gujarat Titans,2025,1,0.0,0.0,21.48837209302325,125.95988349532524,4.2,6.3,22.0,129,0.0,0.0,0.6,0.2,Low,Low
MP Stoinis,Punjab Kings,Gujarat Titans,2025,1,28.0,127.27272727272728,21.204545454545453,118.6034749603452,26.8,28.4,16.0,88,5.0,0.0,3.4,0.8,Moderate,Low
P Simran Singh,Punjab Kings,Gujarat Titans,2025,1,71.0,157.77777777777777,22.235294117647054,125.91376204034864,25.2,22.9,23.33333333333333,34,7.0,4.0,2.4,1.4,Low,Low
Priyansh Arya,Punjab Kings,Gujarat Titans,2025,1,0.0,0.0,0.0,0.0,0.0,0.0,0.0,0,0.0,0.0,0.0,0.0,High,Low
SS Iyer,Punjab Kings,Gujarat Titans,2025,1,6.0,200.0,27.22608695652174,114.55921798705025,20.0,26.0,12.0,115,1.0,0.0,2.2,0.8,High,Low
Shashank Singh,Punjab Kings,Gujarat Titans,2025,1,2.0,50.0,22.26315789473684,142.4138157880158,18.2,26.3,31.33333333333333,19,0.0,0.0,1.8,0.6,High,Low
Arshad Khan,Gujarat Titans,Punjab Kings,2025,2,0.0,0.0,16.0,94.57070707070709,16.2,16.0,0.0,6,0.0,0.0,1.0,1.0,Low,Low
B Sai Sudharsan,Gujarat Titans,Punjab Kings,2025,2,103.0,201.96078431372547,41.36,134.64200015679637,57.8,44.5,36.6,25,5.0,8.0,4.6,2.8,High,Low
JC Buttler,Gujarat Titans,Punjab Kings,2025,2,21.0,84.0,33.48598130841121,127.36822732100268,21.8,34.8,18.5,107,2.0,0.0,2.8,0.4,High,Low
M Shahrukh Khan,Gujarat Titans,Punjab Kings,2025,2,2.0,66.66666666666666,14.945945945945946,138.05485884130383,22.6,17.6,8.0,37,0.0,0.0,1.6,1.6,Low,Low
R Tewatia,Gujarat Titans,Punjab Kings,2025,2,35.0,166.66666666666669,15.584615384615384,131.30916699185536,21.4,19.1,13.142857142857142,65,5.0,1.0,3.2,0.2,Low,Low
SE Rutherford,Gujarat Titans,Punjab Kings,2025,2,5.0,50.0,11.77777777777778,116.33903133903134,12.6,11.77777777777778,0.0,9,0.0,0.0,0.2,0.8,High,Low
Shubman Gill,Gujarat Titans,Punjab Kings,2025,2,104.0,189.0909090909091,32.484848484848484,121.65660873660892,32.6,38.7,44.57142857142857,99,9.0,6.0,3.2,1.2,Moderate,Low
Dhruv Jurel,Rajasthan Royals,Kolkata Knight Riders,2025,1,70.0,200.0,18.130434782608692,126.76787974741936,32.4,22.5,2.0,23,5.0,6.0,2.8,2.0,Moderate,Low
JC Archer,Rajasthan Royals,Kolkata Knight Riders,2025,1,1.0,100.0,8.333333333333334,132.6758658008658,5.4,7.2,11.25,24,0.0,0.0,0.2,0.2,Low,Low
M Theekshana,Rajasthan Royals,Kolkata Knight Riders,2025,1,0.0,0.0,3.5,87.5,3.5,3.5,0.0,2,0.0,0.0,0.0,0.5,Low,Low
N Rana,Rajasthan Royals,Kolkata Knight Riders,2025,1,11.0,137.5,25.95098039215686,119.28807412998432,23.6,28.5,50.0,102,2.0,0.0,2.8,0.4,Low,Low
PWH de Silva,Rajasthan Royals,Kolkata Knight Riders,2025,1,12.0,150.0,5.142857142857143,89.68334297281665,6.6,6.0,3.0,14,2.0,0.0,0.6,0.0,Low,Low
R Parag,Rajasthan Royals,Kolkata Knight Riders,2025,1,4.0,200.0,19.94915254237288,119.02545086514154,28.2,31.6,17.666666666666668,59,1.0,0.0,2.0,1.0,Moderate,Low
SB Dubey,Rajasthan Royals,Kolkata Knight Riders,2025,1,34.0,340.0,16.75,170.41666666666666,16.75,16.75,0.0,4,1.0,4.0,1.0,1.5,Low,Low
SO Hetmyer,Rajasthan Royals,Kolkata Knight Riders,2025,1,42.0,182.6086956521739,19.46969696969697,138.59617841586223,17.0,15.5,11.375,66,1.0,4.0,1.0,1.2,Low,Low
SV Samson,Rajasthan Royals,Kolkata Knight Riders,2025,1,66.0,183.3333333333333,27.51533742331288,118.6357308791394,25.2,33.3,26.45,163,7.0,4.0,2.2,1.0,Low,Low
TU Deshpande,Rajasthan Royals,Kolkata Knight Riders,2025,1,0.0,0.0,5.25,63.888888888888886,5.25,5.25,1.0,4,0.0,0.0,0.5,0.25,Low,Low
YBK Jaiswal,Rajasthan Royals,Kolkata Knight Riders,2025,1,1.0,20.0,30.339622641509436,127.29455556242822,23.2,33.4,34.75,53,0.0,0.0,3.2,0.8,Moderate,Low
A Raghuvanshi,Kolkata Knight Riders,Rajasthan Royals,2025,2,30.0,136.36363636363637,24.125,145.9717365967366,21.6,24.125,30.0,8,2.0,1.0,2.0,0.8,Moderate,Low
AM Rahane,Kolkata Knight Riders,Rajasthan Royals,2025,2,56.0,180.64516129032256,27.313953488372093,105.61925598984922,25.6,21.4,11.8,172,6.0,4.0,3.0,1.0,Low,Low
MM Ali,Kolkata Knight Riders,Rajasthan Royals,2025,2,10.0,76.92307692307693,20.385964912280706,120.28107323455389,25.6,17.8,24.875,57,0.0,0.0,1.4,1.6,Low,Low
Q de Kock,Kolkata Knight Riders,Rajasthan Royals,2025,2,4.0,80.0,29.027522935779817,116.99871281438972,5.2,19.6,33.72727272727273,109,1.0,0.0,1.0,0.0,High,Low
A Manohar,Sunrisers Hyderabad,Lucknow Super Giants,2025,1,0.0,0.0,14.4375,101.863344988345,7.4,12.3,9.0,16,0.0,0.0,0.2,0.2,Low,Low
Abhishek Sharma,Sunrisers Hyderabad,Lucknow Super Giants,2025,1,24.0,218.18181818181816,22.596774193548388,138.5051455760884,21.4,25.1,31.666666666666668,62,5.0,0.0,2.2,1.4,Low,Low
Aniket Verma,Sunrisers Hyderabad,Lucknow Super Giants,2025,1,7.0,233.33333333333331,7.0,233.33333333333331,7.0,7.0,0.0,1,0.0,1.0,0.0,1.0,Moderate,Low
H Klaasen,Sunrisers Hyderabad,Lucknow Super Giants,2025,1,34.0,242.85714285714283,31.12121212121212,161.69985894589485,34.8,26.0,47.0,33,5.0,1.0,2.4,1.6,Moderate,Low
HV Patel,Sunrisers Hyderabad,Lucknow Super Giants,2025,1,0.0,0.0,6.72972972972973,102.3914188620071,3.8,4.3,0.0,37,0.0,0.0,0.2,0.4,Low,Low
Ishan Kishan,Sunrisers Hyderabad,Lucknow Super Giants,2025,1,106.0,230.43478260869568,27.5,119.6306915777578,36.4,26.5,23.5,100,11.0,6.0,4.0,1.8,Low,Low
Mohammed Shami,Sunrisers Hyderabad,Lucknow Super Giants,2025,1,5.0,100.0,3.217391304347826,71.73913043478261,3.6,2.8,0.0,23,1.0,0.0,0.2,0.0,Low,Low
Nithish Kumar Reddy,Sunrisers Hyderabad,Lucknow Super Giants,2025,1,30.0,200.0,27.75,134.77464369131036,18.8,25.5,0.0,12,4.0,1.0,1.4,1.0,Moderate,Low
PJ Cummins,Sunrisers Hyderabad,Lucknow Super Giants,2025,1,0.0,0.0,12.875,121.1253400774492,18.8,13.6,0.0,40,0.0,0.0,1.4,1.0,Low,Low
Simarjeet Singh,Sunrisers Hyderabad,Lucknow Super Giants,2025,1,3.0,100.0,2.333333333333333,88.88888888888887,2.333333333333333,2.333333333333333,0.0,3,0.0,0.0,0.0,0.0,Low,Low
TM Head,Sunrisers Hyderabad,Lucknow Super Giants,2025,1,67.0,231.0344827586207,32.26923076923077,132.74198057406392,20.2,31.0,89.0,26,9.0,3.0,2.4,0.8,High,Low
A Badoni,Lucknow Super Giants,Sunrisers Hyderabad,2025,2,4.0,80.0,17.72222222222222,120.19485408786694,20.4,23.0,37.0,36,0.0,0.0,2.0,0.6,Low,Low
AK Markram,Lucknow Super Giants,Sunrisers Hyderabad,2025,2,15.0,115.38461538461536,23.48837209302325,117.0256047528765,15.0,17.5,27.0,43,1.0,1.0,1.8,0.2,Low,Low
Abdul Samad,Lucknow Super Giants,Sunrisers Hyderabad,2025,2,4.0,100.0,14.475,133.01160231687984,6.8,13.8,0.0,40,0.0,0.0,0.0,0.6,Moderate,Low
DA Miller,Lucknow Super Giants,Sunrisers Hyderabad,2025,2,27.0,150.0,23.608,125.1547061316595,30.8,23.7,18.2,125,1.0,2.0,2.6,1.6,Low,Low
MR Marsh,Lucknow Super Giants,Sunrisers Hyderabad,2025,2,72.0,200.0,19.91891891891892,109.42782609748706,26.6,25.5,23.8,37,6.0,6.0,3.0,1.8,High,Low
N Pooran,Lucknow Super Giants,Sunrisers Hyderabad,2025,2,75.0,250.0,24.586666666666662,140.89819750682835,53.8,39.6,34.42857142857143,75,6.0,7.0,4.6,4.2,High,Low
RR Pant,Lucknow Super Giants,Sunrisers Hyderabad,2025,2,0.0,0.0,28.92105263157895,133.56802992456474,20.8,29.4,31.823529411764707,114,0.0,0.0,1.8,0.8,Low,Low
B Kumar,Royal Challengers Bengaluru,Chennai Super Kings,2025,1,0.0,0.0,4.707692307692308,86.0305890690506,4.6,6.5,7.8,65,0.0,0.0,0.6,0.0,Low,Low
D Padikkal,Royal Challengers Bengaluru,Chennai Super Kings,2025,1,10.0,100.0,24.138461538461534,102.92183257583712,6.6,10.3,30.0,65,1.0,0.0,0.4,0.0,Moderate,Low
JM Sharma,Royal Challengers Bengaluru,Chennai Super Kings,2025,1,32.0,213.33333333333331,20.27777777777778,145.33610920288598,14.4,15.1,15.666666666666666,36,2.0,2.0,0.6,1.0,Low,Low
KH Pandya,Royal Challengers Bengaluru,Chennai Super Kings,2025,1,12.0,171.42857142857142,15.392523364485982,122.39176071049896,12.0,13.0,13.9,107,1.0,1.0,0.6,0.6,Low,Low
LS Livingstone,Royal Challengers Bengaluru,Chennai Super Kings,2025,1,15.0,300.0,23.85,137.75395983787928,8.6,22.9,39.66666666666666,40,2.0,1.0,1.0,0.4,Low,Low
PD Salt,Royal Challengers Bengaluru,Chennai Super Kings,2025,1,56.0,180.64516129032256,32.22727272727273,145.8950328895991,33.4,38.9,6.666666666666667,22,9.0,2.0,4.4,1.8,Moderate,Low
RM Patidar,Royal Challengers Bengaluru,Chennai Super Kings,2025,1,34.0,212.5,33.32,142.85508171289874,43.2,37.9,20.666666666666668,25,5.0,1.0,3.0,3.2,High,Low
TH David,Royal Challengers Bengaluru,Chennai Super Kings,2025,1,0.0,0.0,18.82857142857143,147.35708409237822,19.8,23.0,12.6,35,0.0,0.0,1.2,1.0,Moderate,Low
V Kohli,Royal Challengers Bengaluru,Chennai Super Kings,2025,1,59.0,163.88888888888889,32.68421052631579,119.11818268775026,51.6,48.1,32.90625,247,4.0,3.0,3.6,3.4,Moderate,Low
DJ Hooda,Chennai Super Kings,Royal Challengers Bengaluru,2025,2,3.0,60.0,14.989795918367347,117.79427144872868,7.4,14.8,0.0,98,0.0,0.0,0.8,0.0,Low,Low
MS Dhoni,Chennai Super Kings,Royal Challengers Bengaluru,2025,2,0.0,0.0,22.895196506550217,132.3802696308096,13.0,12.3,25.0,229,0.0,0.0,1.0,1.0,Moderate,Low
Noor Ahmad,Chennai Super Kings,Royal Challengers Bengaluru,2025,2,1.0,14.285714285714285,2.6,77.52380952380952,2.6,2.6,0.0,5,0.0,0.0,0.4,0.0,Low,Low
R Ashwin,Chennai Super Kings,Royal Challengers Bengaluru,2025,2,0.0,0.0,8.98876404494382,106.87492803279706,6.6,9.6,0.0,89,0.0,0.0,0.6,0.2,Low,Low
R Ravindra,Chennai Super Kings,Royal Challengers Bengaluru,2025,2,65.0,144.44444444444443,26.09090909090909,132.6641414141414,30.8,25.0,49.0,11,2.0,4.0,1.6,1.8,High,Low
RA Jadeja,Chennai Super Kings,Royal Challengers Bengaluru,2025,2,17.0,94.44444444444444,16.441988950276244,132.2314582728471,25.0,25.2,33.5,181,1.0,0.0,1.8,1.2,Moderate,Low
RA Tripathi,Chennai Super Kings,Royal Challengers Bengaluru,2025,2,2.0,66.66666666666666,23.80851063829787,127.28679889706702,27.2,20.3,0.0,94,0.0,0.0,3.4,1.0,Low,Low
RD Gaikwad,Chennai Super Kings,Royal Challengers Bengaluru,2025,2,53.0,203.84615384615384,36.86363636363637,113.01372717295084,25.4,48.1,7.5,66,6.0,3.0,2.2,1.2,Low,Low
S Dube,Chennai Super Kings,Royal Challengers Bengaluru,2025,2,9.0,128.57142857142858,24.370967741935484,126.07176929030476,11.0,22.9,20.5,62,0.0,1.0,0.8,0.6,Low,Low
SM Curran,Chennai Super Kings,Royal Challengers Bengaluru,2025,2,4.0,44.44444444444444,18.10204081632653,125.00821134266556,24.4,18.8,22.5,49,0.0,0.0,2.0,0.6,Low,Low
B Sai Sudharsan,Gujarat Titans,Mumbai Indians,2025,1,74.0,180.4878048780488,42.61538461538461,136.40530033838303,66.4,47.4,34.0,26,5.0,6.0,5.0,4.0,High,Low
JC Buttler,Gujarat Titans,Mumbai Indians,2025,1,54.0,163.63636363636363,33.675925925925924,127.70404339799676,25.6,39.1,53.3,108,4.0,2.0,2.4,0.8,Moderate,Low
K Rabada,Gujarat Titans,Mumbai Indians,2025,1,11.0,110.0,7.357142857142857,106.50804552590266,4.0,3.1,14.666666666666666,28,0.0,1.0,0.0,0.4,Low,Low
M Shahrukh Khan,Gujarat Titans,Mumbai Indians,2025,1,6.0,600.0,14.710526315789474,150.2113099244274,22.2,18.0,15.0,38,0.0,1.0,1.6,1.6,Low,Low
R Sai Kishore,Gujarat Titans,Mumbai Indians,2025,1,13.0,216.66666666666663,13.0,216.66666666666663,13.0,13.0,0.0,1,0.0,2.0,0.0,2.0,Low,Low
Rashid Khan,Gujarat Titans,Mumbai Indians,2025,1,18.0,128.57142857142858,9.39655172413793,120.8172227676538,19.4,10.7,9.25,58,2.0,1.0,2.2,0.6,Low,Low
SE Rutherford,Gujarat Titans,Mumbai Indians,2025,1,46.0,164.28571428571428,15.2,121.13369963369964,19.6,15.2,0.0,10,4.0,3.0,1.0,1.2,Low,Low
Shubman Gill,Gujarat Titans,Mumbai Indians,2025,1,33.0,235.7142857142857,32.49,122.79718550638567,32.2,38.4,36.66666666666666,100,2.0,3.0,2.6,1.8,Moderate,Low
HH Pandya,Mumbai Indians,Gujarat Titans,2025,2,16.0,123.07692307692308,19.34351145038168,140.5266504069916,13.0,14.7,11.0,131,1.0,1.0,1.0,0.8,Low,Low
MJ Santner,Mumbai Indians,Gujarat Titans,2025,2,11.0,84.61538461538461,6.75,97.857812265707,5.2,4.9,0.6666666666666666,12,1.0,0.0,0.4,0.0,Low,Low
Naman Dhir,Mumbai Indians,Gujarat Titans,2025,2,17.0,141.66666666666669,19.625,146.114417989418,21.4,19.625,20.0,8,1.0,0.0,1.6,1.4,Low,Low
R Minz,Mumbai Indians,Gujarat Titans,2025,2,3.0,33.33333333333333,3.0,33.33333333333333,3.0,3.0,0.0,1,0.0,0.0,0.0,0.0,Low,Low
RD Rickelton,Mumbai Indians,Gujarat Titans,2025,2,13.0,185.7142857142857,13.0,185.7142857142857,13.0,13.0,0.0,1,3.0,0.0,3.0,0.0,Low,Low
RG Sharma,Mumbai Indians,Gujarat Titans,2025,2,0.0,0.0,26.205533596837945,112.0198858902076,20.4,26.1,25.0,253,0.0,0.0,2.4,1.0,Low,Low
SA Yadav,Mumbai Indians,Gujarat Titans,2025,2,29.0,111.53846153846156,26.445255474452555,133.60408532354774,39.6,32.2,50.0,137,2.0,1.0,4.2,1.8,High,Low
Tilak Varma,Mumbai Indians,Gujarat Titans,2025,2,31.0,129.16666666666669,30.435897435897434,139.085630331749,22.2,32.0,22.75,39,2.0,2.0,2.8,0.6,Moderate,Low
A Manohar,Sunrisers Hyderabad,Delhi Capitals,2025,1,2.0,33.33333333333333,13.705882352941176,97.83216783216784,2.6,12.5,11.666666666666666,17,0.0,0.0,0.2,0.0,Low,Low
Abhishek Sharma,Sunrisers Hyderabad,Delhi Capitals,2025,1,6.0,100.0,22.33333333333333,137.89395278916638,9.4,22.6,19.0,63,1.0,0.0,1.4,0.2,Low,Low
Aniket Verma,Sunrisers Hyderabad,Delhi Capitals,2025,1,36.0,276.9230769230769,21.5,255.12820512820517,21.5,21.5,0.0,2,0.0,5.0,0.0,3.0,High,Low
H Klaasen,Sunrisers Hyderabad,Delhi Capitals,2025,1,26.0,152.94117647058823,30.97058823529412,161.44225063779754,31.6,27.1,25.5,34,2.0,1.0,2.2,1.4,Moderate,Low
HV Patel,Sunrisers Hyderabad,Delhi Capitals,2025,1,12.0,109.09090909090908,6.868421052631579,102.56772123645187,5.0,5.1,6.0,38,0.0,0.0,0.2,0.2,Low,Low
Ishan Kishan,Sunrisers Hyderabad,Delhi Capitals,2025,1,0.0,0.0,27.22772277227723,118.44622928490872,33.8,24.2,43.6,101,0.0,0.0,3.8,1.6,Low,Low
Mohammed Shami,Sunrisers Hyderabad,Delhi Capitals,2025,1,1.0,33.33333333333333,3.125,70.13888888888889,2.0,2.2,0.0,24,0.0,0.0,0.2,0.0,Low,Low
Nithish Kumar Reddy,Sunrisers Hyderabad,Delhi Capitals,2025,1,32.0,114.28571428571428,28.07692307692308,133.1985721985722,17.8,25.0,37.0,13,2.0,0.0,1.6,0.4,Low,Low
PJ Cummins,Sunrisers Hyderabad,Delhi Capitals,2025,1,18.0,450.0,13.0,129.14667324629193,15.4,15.2,5.25,41,0.0,3.0,1.0,1.2,Low,Low
PWA Mulder,Sunrisers Hyderabad,Delhi Capitals,2025,1,0.0,0.0,0.0,0.0,0.0,0.0,0.0,0,0.0,0.0,0.0,0.0,Low,Low
TM Head,Sunrisers Hyderabad,Delhi Capitals,2025,1,47.0,174.07407407407408,32.81481481481482,134.27279885184203,29.6,35.6,89.0,27,5.0,3.0,3.4,1.4,Moderate,Low
Abishek Porel,Delhi Capitals,Sunrisers Hyderabad,2025,2,0.0,0.0,21.176470588235293,127.01148787960932,28.6,27.7,42.0,17,0.0,0.0,2.8,1.6,Moderate,Low
F du Plessis,Delhi Capitals,Sunrisers Hyderabad,2025,2,29.0,161.11111111111111,33.093525179856115,122.60724412081804,23.0,29.7,31.72222222222222,139,3.0,2.0,2.2,1.2,High,Low
J Fraser-McGurk,Delhi Capitals,Sunrisers Hyderabad,2025,2,1.0,50.0,33.1,196.81166056166057,16.8,33.1,65.0,10,0.0,0.0,2.0,1.2,Moderate,Low
KL Rahul,Delhi Capitals,Sunrisers Hyderabad,2025,2,55.0,134.14634146341464,37.814516129032256,122.5898684999862,28.4,39.4,35.15384615384615,124,3.0,3.0,2.2,1.0,Low,High
T Stubbs,Delhi Capitals,Sunrisers Hyderabad,2025,2,34.0,154.54545454545453,24.38888888888889,139.43122030429183,27.8,30.9,6.0,18,1.0,3.0,1.4,2.0,Moderate,Low
Dhruv Jurel,Rajasthan Royals,Chennai Super Kings,2025,1,33.0,117.85714285714286,18.75,126.39659904365789,33.4,25.6,22.0,24,5.0,0.0,3.6,1.6,Low,Low
JC Archer,Rajasthan Royals,Chennai Super Kings,2025,1,16.0,228.57142857142856,8.64,136.51168831168832,5.4,7.2,16.75,25,0.0,2.0,0.0,0.4,Low,Low
K Kartikeya,Rajasthan Royals,Chennai Super Kings,2025,1,6.0,85.71428571428571,4.5,72.85714285714286,4.5,4.5,0.0,2,1.0,0.0,0.5,0.0,Low,Low
M Theekshana,Rajasthan Royals,Chennai Super Kings,2025,1,1.0,100.0,2.6666666666666665,91.66666666666669,2.6666666666666665,2.6666666666666665,0.0,3,0.0,0.0,0.0,0.3333333333333333,Low,Low
N Rana,Rajasthan Royals,Chennai Super Kings,2025,1,8.0,88.88888888888889,25.776699029126213,118.992936409197,13.8,24.5,25.818181818181817,103,0.0,0.0,1.6,0.2,High,Low
PWH de Silva,Rajasthan Royals,Chennai Super Kings,2025,1,4.0,100.0,5.066666666666666,90.3711201079622,7.0,5.6,2.5,15,0.0,0.0,0.6,0.0,Low,Low
R Parag,Rajasthan Royals,Chennai Super Kings,2025,1,25.0,166.66666666666669,20.03333333333333,119.8194711285003,23.8,31.8,16.4,60,0.0,3.0,1.8,1.0,Moderate,Low
SO Hetmyer,Rajasthan Royals,Chennai Super Kings,2025,1,7.0,87.5,19.28358208955224,137.83354888726728,18.4,15.7,18.166666666666668,67,1.0,0.0,1.2,1.2,Low,Low
SV Samson,Rajasthan Royals,Chennai Super Kings,2025,1,13.0,118.1818181818182,27.42682926829268,118.63296311878987,24.8,33.4,15.266666666666667,164,2.0,0.0,2.6,1.0,Moderate,Low
TU Deshpande,Rajasthan Royals,Chennai Super Kings,2025,1,2.0,200.0,4.6,91.11111111111111,4.6,4.6,0.0,5,0.0,0.0,0.4,0.2,Low,Low
YBK Jaiswal,Rajasthan Royals,Chennai Super Kings,2025,1,29.0,120.83333333333331,30.314814814814813,127.17490329892644,24.2,34.4,37.66666666666666,54,2.0,2.0,3.0,1.0,Low,Low
J Overton,Chennai Super Kings,Rajasthan Royals,2025,2,0.0,0.0,0.0,0.0,0.0,0.0,0.0,0,0.0,0.0,0.0,0.0,Low,Low
MS Dhoni,Chennai Super Kings,Rajasthan Royals,2025,2,30.0,187.5,22.92608695652174,132.61992063241476,16.2,15.2,23.041666666666668,230,3.0,2.0,1.4,1.2,Low,Low
R Ravindra,Chennai Super Kings,Rajasthan Royals,2025,2,41.0,132.25806451612902,27.33333333333333,132.63030167264037,39.0,24.5,27.0,12,5.0,0.0,2.6,1.8,Low,Low
RA Jadeja,Chennai Super Kings,Rajasthan Royals,2025,2,25.0,131.57894736842107,16.48901098901099,132.2278730480975,21.4,25.6,15.3125,182,2.0,1.0,1.6,1.0,Moderate,Low
RA Tripathi,Chennai Super Kings,Rajasthan Royals,2025,2,5.0,166.66666666666669,23.610526315789475,127.70132382095753,21.6,18.8,25.714285714285715,95,1.0,0.0,2.8,0.6,Moderate,Low
RD Gaikwad,Chennai Super Kings,Rajasthan Royals,2025,2,0.0,0.0,36.3134328358209,111.32695512559336,19.0,41.2,30.0,67,0.0,0.0,1.4,1.0,High,Low
S Dube,Chennai Super Kings,Rajasthan Royals,2025,2,19.0,126.66666666666666,24.285714285714285,126.08121210580256,14.8,18.2,26.0,63,2.0,1.0,1.2,0.8,Low,Low
V Shankar,Chennai Super Kings,Rajasthan Royals,2025,2,10.0,142.85714285714286,19.224137931034484,121.8160993774726,13.0,17.9,17.625,58,2.0,0.0,1.4,0.2,Low,Low
A Raghuvanshi,Kolkata Knight Riders,Mumbai Indians,2025,1,22.0,129.41176470588235,23.88888888888889,144.131739719975,20.0,23.88888888888889,13.0,9,2.0,0.0,1.4,0.8,Moderate,Low
AD Russell,Kolkata Knight Riders,Mumbai Indians,2025,1,4.0,133.33333333333331,23.50943396226415,152.0789747465175,14.2,22.6,17.0,106,1.0,0.0,1.2,1.2,Low,Low
AM Rahane,Kolkata Knight Riders,Mumbai Indians,2025,1,18.0,120.0,27.260115606936417,105.70238167776915,23.4,19.7,28.48,173,1.0,1.0,2.2,1.2,Low,Low
Harshit Rana,Kolkata Knight Riders,Mumbai Indians,2025,1,5.0,83.33333333333334,1.75,70.83333333333334,1.75,1.75,0.0,4,1.0,0.0,0.25,0.0,Low,Low
MK Pandey,Kolkata Knight Riders,Mumbai Indians,2025,1,42.0,140.0,24.11875,106.16562723174351,14.2,20.2,31.12,160,2.0,2.0,0.6,0.8,Low,Low
Q de Kock,Kolkata Knight Riders,Mumbai Indians,2025,1,97.0,159.01639344262296,29.645454545454545,117.38069172919184,24.6,21.2,17.625,110,8.0,6.0,2.6,1.2,Low,Low
RK Singh,Kolkata Knight Riders,Mumbai Indians,2025,1,12.0,120.0,22.07317073170732,137.88504314618683,13.6,15.2,13.166666666666666,41,1.0,0.0,1.2,0.4,Low,Low
Ramandeep Singh,Kolkata Knight Riders,Mumbai Indians,2025,1,6.0,66.66666666666666,12.571428571428571,168.42261904761904,11.2,13.1,9.5,14,0.0,0.0,0.4,1.0,Moderate,Low
SH Johnson,Kolkata Knight Riders,Mumbai Indians,2025,1,1.0,100.0,1.75,75.0,1.75,1.75,0.0,4,0.0,0.0,0.25,0.0,Low,Low
SP Narine,Kolkata Knight Riders,Mumbai Indians,2025,1,44.0,169.23076923076923,14.74766355140187,123.6765427807824,30.4,36.5,4.25,107,5.0,3.0,3.0,2.2,Low,Low
VR Iyer,Kolkata Knight Riders,Mumbai Indians,2025,1,6.0,85.71428571428571,26.64,124.4425811629865,30.4,31.1,60.333333333333336,50,1.0,0.0,3.2,1.8,Low,Low
RD Rickelton,Mumbai Indians,Kolkata Knight Riders,2025,2,6.0,66.66666666666666,9.5,126.1904761904762,9.5,9.5,0.0,2,1.0,0.0,2.0,0.0,High,Low
RG Sharma,Mumbai Indians,Kolkata Knight Riders,2025,2,8.0,200.0,26.133858267716537,112.36626429221464,19.8,16.4,32.42424242424242,254,2.0,0.0,2.8,0.8,Low,Low
SA Yadav,Mumbai Indians,Kolkata Knight Riders,2025,2,48.0,171.42857142857142,26.60144927536232,133.87817580256964,38.0,37.0,37.25,138,1.0,4.0,3.2,2.2,Moderate,Low
WG Jacks,Mumbai Indians,Kolkata Knight Riders,2025,2,11.0,157.14285714285714,26.77777777777778,144.46211913884326,33.0,26.77777777777778,55.0,9,2.0,0.0,2.2,2.6,Low,Low
A Badoni,Lucknow Super Giants,Punjab Kings,2025,1,6.0,100.0,17.405405405405407,119.6490472206273,18.6,21.6,15.0,37,1.0,0.0,2.2,0.4,High,Low
AK Markram,Lucknow Super Giants,Punjab Kings,2025,1,1.0,25.0,22.977272727272727,114.93411373576568,13.8,15.9,24.75,44,0.0,0.0,1.6,0.2,Moderate,Low
Abdul Samad,Lucknow Super Giants,Punjab Kings,2025,1,22.0,275.0,14.658536585365852,136.47473396768763,10.6,13.5,12.333333333333334,41,2.0,2.0,0.4,1.0,Moderate,Low
Avesh Khan,Lucknow Super Giants,Punjab Kings,2025,1,3.0,150.0,4.555555555555555,158.14814814814815,4.6,4.555555555555555,2.5,9,0.0,0.0,0.2,0.4,Low,Low
DA Miller,Lucknow Super Giants,Punjab Kings,2025,1,13.0,185.7142857142857,23.52380952380953,125.63533771564856,22.4,23.8,9.5,126,2.0,0.0,1.8,1.0,Low,Low
MR Marsh,Lucknow Super Giants,Punjab Kings,2025,1,52.0,167.74193548387098,20.76315789473684,110.96240792344454,33.0,28.2,28.666666666666668,38,7.0,2.0,4.0,1.8,Low,Low
N Pooran,Lucknow Super Giants,Punjab Kings,2025,1,70.0,269.2307692307692,25.18421052631579,142.58678397688018,65.8,42.1,25.4,76,6.0,6.0,5.8,5.2,High,Low
RR Pant,Lucknow Super Giants,Punjab Kings,2025,1,15.0,100.0,28.8,133.2761340121772,18.0,30.8,13.5,115,0.0,1.0,1.4,0.6,Low,Low
SN Thakur,Lucknow Super Giants,Punjab Kings,2025,1,0.0,0.0,8.527777777777779,102.27787373053556,4.8,5.8,9.333333333333334,36,0.0,0.0,0.4,0.2,Low,Low
N Wadhera,Punjab Kings,Lucknow Super Giants,2025,2,1.0,33.33333333333333,21.875,131.78793102820185,12.0,16.7,21.5,16,0.0,0.0,1.2,0.4,High,Low
P Simran Singh,Punjab Kings,Lucknow Super Giants,2025,2,5.0,62.5,21.742857142857144,124.10194026776723,23.6,23.0,10.666666666666666,35,1.0,0.0,2.4,1.2,High,Low
Priyansh Arya,Punjab Kings,Lucknow Super Giants,2025,2,47.0,204.34782608695653,47.0,204.34782608695653,47.0,47.0,0.0,1,7.0,2.0,7.0,2.0,Low,Low
SS Iyer,Punjab Kings,Lucknow Super Giants,2025,2,97.0,230.9523809523809,27.82758620689655,115.56260732295826,38.2,31.9,29.25,116,5.0,9.0,3.0,2.6,High,Low
B Kumar,Royal Challengers Bengaluru,Gujarat Titans,2025,1,0.0,0.0,4.636363636363637,84.72709529527711,3.4,5.9,27.0,66,0.0,0.0,0.6,0.0,Low,Low
D Padikkal,Royal Challengers Bengaluru,Gujarat Titans,2025,1,27.0,192.8571428571429,24.181818181818183,104.28448879222056,10.6,12.6,12.5,66,2.0,2.0,0.6,0.4,Low,Low
JM Sharma,Royal Challengers Bengaluru,Gujarat Titans,2025,1,12.0,200.0,20.054054054054053,146.81351165686203,14.2,15.7,19.25,37,1.0,1.0,0.8,1.0,Moderate,Low
KH Pandya,Royal Challengers Bengaluru,Gujarat Titans,2025,1,0.0,0.0,15.25,121.25850366688324,11.8,8.7,10.2,108,0.0,0.0,0.6,0.6,Low,Low
LS Livingstone,Royal Challengers Bengaluru,Gujarat Titans,2025,1,10.0,111.11111111111111,23.51219512195122,137.1041342591776,6.4,14.5,33.333333333333336,41,0.0,1.0,0.6,0.4,High,Low
PD Salt,Royal Challengers Bengaluru,Gujarat Titans,2025,1,32.0,200.0,32.21739130434783,148.24742276396432,26.2,42.1,0.0,23,5.0,1.0,4.0,1.0,Low,Low
RM Patidar,Royal Challengers Bengaluru,Gujarat Titans,2025,1,51.0,159.375,34.0,143.49046318547954,42.4,38.0,27.0,26,4.0,3.0,3.2,2.6,Low,Low
TH David,Royal Challengers Bengaluru,Gujarat Titans,2025,1,22.0,275.0,18.916666666666668,150.9027206453677,23.6,21.0,12.4,36,1.0,3.0,1.4,1.6,Moderate,Low
V Kohli,Royal Challengers Bengaluru,Gujarat Titans,2025,1,31.0,103.33333333333334,32.67741935483871,119.05453410164374,39.4,47.0,68.8,248,2.0,1.0,2.6,2.4,Low,Low
B Sai Sudharsan,Gujarat Titans,Royal Challengers Bengaluru,2025,2,63.0,153.65853658536585,43.37037037037037,137.04430908827126,66.0,50.4,45.0,27,4.0,2.0,4.4,4.0,High,Low
JC Buttler,Gujarat Titans,Royal Challengers Bengaluru,2025,2,39.0,162.5,33.72477064220183,128.02327235764818,26.6,41.7,100.0,109,5.0,1.0,2.6,0.8,High,Low
SE Rutherford,Gujarat Titans,Royal Challengers Bengaluru,2025,2,18.0,163.63636363636363,15.454545454545457,124.99757817939636,21.4,16.8,0.0,11,0.0,2.0,1.0,1.4,Moderate,Low
Shubman Gill,Gujarat Titans,Royal Challengers Bengaluru,2025,2,38.0,140.74074074074073,32.54455445544554,122.97484446910208,38.6,33.3,9.0,101,4.0,1.0,3.2,2.0,Low,Low
A Raghuvanshi,Kolkata Knight Riders,Sunrisers Hyderabad,2025,1,26.0,162.5,24.1,145.9685657479775,24.6,24.1,0.0,10,3.0,1.0,2.0,1.0,High,Low
AD Russell,Kolkata Knight Riders,Sunrisers Hyderabad,2025,1,5.0,45.45454545454545,23.33644859813084,151.08248475313457,10.4,16.7,20.33333333333333,107,1.0,0.0,1.0,0.8,Low,Low
AM Rahane,Kolkata Knight Riders,Sunrisers Hyderabad,2025,1,11.0,157.14285714285714,27.166666666666668,105.9980165942352,23.8,20.3,23.9,174,1.0,1.0,2.2,1.4,Moderate,Low
Q de Kock,Kolkata Knight Riders,Sunrisers Hyderabad,2025,1,1.0,33.33333333333333,29.38738738738739,116.62350832022015,23.2,20.7,31.0,111,0.0,0.0,2.2,1.2,Low,High
RK Singh,Kolkata Knight Riders,Sunrisers Hyderabad,2025,1,17.0,121.42857142857142,21.952380952380956,137.4932223910055,14.8,14.3,32.4,42,1.0,1.0,1.2,0.6,Moderate,Low
SP Narine,Kolkata Knight Riders,Sunrisers Hyderabad,2025,1,0.0,0.0,14.61111111111111,122.53138960688626,14.2,25.6,8.4375,108,0.0,0.0,1.8,0.8,Low,Low
VR Iyer,Kolkata Knight Riders,Sunrisers Hyderabad,2025,1,3.0,33.33333333333333,26.176470588235293,122.65612532318936,30.8,30.6,18.5,51,0.0,0.0,3.2,1.8,High,Low
Abhishek Sharma,Sunrisers Hyderabad,Kolkata Knight Riders,2025,2,1.0,100.0,22.0,137.30185977683564,9.0,21.2,14.666666666666666,64,0.0,0.0,1.4,0.2,Low,Low
Aniket Verma,Sunrisers Hyderabad,Kolkata Knight Riders,2025,2,74.0,180.4878048780488,39.0,230.24807171148635,39.0,39.0,0.0,3,5.0,6.0,1.6666666666666667,4.0,Low,Low
H Klaasen,Sunrisers Hyderabad,Kolkata Knight Riders,2025,2,32.0,188.23529411764704,31.0,162.2077661657933,31.6,29.6,30.166666666666668,35,2.0,2.0,2.0,1.6,Moderate,Low
HV Patel,Sunrisers Hyderabad,Kolkata Knight Riders,2025,2,5.0,55.55555555555556,6.82051282051282,101.36228109078787,5.8,4.8,8.166666666666666,39,0.0,0.0,0.2,0.2,Low,Low
Ishan Kishan,Sunrisers Hyderabad,Kolkata Knight Riders,2025,2,2.0,40.0,26.980392156862745,117.6771486056449,32.4,23.6,28.55555555555556,102,0.0,0.0,3.4,1.6,Low,Low
Mohammed Shami,Sunrisers Hyderabad,Kolkata Knight Riders,2025,2,1.0,100.0,3.04,71.33333333333333,1.6,2.3,2.0,25,0.0,0.0,0.2,0.0,Low,Low
Nithish Kumar Reddy,Sunrisers Hyderabad,Kolkata Knight Riders,2025,2,0.0,0.0,26.071428571428573,123.68438847010276,16.0,23.7,11.0,14,0.0,0.0,1.4,0.4,Low,Low
PHKD Mendis,Sunrisers Hyderabad,Kolkata Knight Riders,2025,2,0.0,0.0,0.0,0.0,0.0,0.0,0.0,0,0.0,0.0,0.0,0.0,Moderate,Low
PJ Cummins,Sunrisers Hyderabad,Kolkata Knight Riders,2025,2,2.0,28.57142857142857,12.738095238095235,126.75202456355709,9.8,15.1,14.25,42,0.0,0.0,0.6,0.8,Low,Low
Simarjeet Singh,Sunrisers Hyderabad,Kolkata Knight Riders,2025,2,3.0,75.0,2.5,85.41666666666666,2.5,2.5,0.0,4,0.0,0.0,0.0,0.0,Low,Low
TM Head,Sunrisers Hyderabad,Kolkata Knight Riders,2025,2,22.0,183.3333333333333,32.42857142857143,136.0249607976096,34.0,36.5,25.0,28,4.0,0.0,4.2,1.4,Low,Low
A Badoni,Lucknow Super Giants,Mumbai Indians,2025,1,41.0,124.24242424242424,18.026315789473685,119.76992556330616,15.8,20.2,10.75,38,1.0,3.0,0.6,1.0,Moderate,Low
AK Markram,Lucknow Super Giants,Mumbai Indians,2025,1,28.0,155.55555555555557,23.08888888888889,115.83681244287212,13.0,13.7,24.2,45,4.0,1.0,1.6,0.4,High,Low
Abdul Samad,Lucknow Super Giants,Mumbai Indians,2025,1,27.0,225.0,14.952380952380953,138.5824783970284,13.8,12.5,8.2,42,2.0,2.0,0.8,1.2,Low,Low
Akash Deep,Lucknow Super Giants,Mumbai Indians,2025,1,2.0,100.0,6.333333333333333,104.16666666666669,6.333333333333333,6.333333333333333,2.0,3,0.0,0.0,0.6666666666666666,0.3333333333333333,Low,Low
Avesh Khan,Lucknow Super Giants,Mumbai Indians,2025,1,0.0,0.0,4.1,142.33333333333331,2.2,4.1,0.0,10,0.0,0.0,0.2,0.0,Low,Low
DA Miller,Lucknow Super Giants,Mumbai Indians,2025,1,19.0,105.55555555555556,23.488188976377952,125.47722919470296,21.0,23.6,23.5,127,3.0,0.0,2.0,0.8,Moderate,Low
MR Marsh,Lucknow Super Giants,Mumbai Indians,2025,1,0.0,0.0,20.23076923076923,108.11721797668956,28.4,21.9,19.0,39,0.0,0.0,3.0,1.8,High,Low
N Pooran,Lucknow Super Giants,Mumbai Indians,2025,1,44.0,146.66666666666666,25.428571428571427,142.63976946635796,65.0,44.2,22.77777777777778,77,5.0,2.0,5.6,5.4,Low,Low
RR Pant,Lucknow Super Giants,Mumbai Indians,2025,1,2.0,40.0,28.56896551724138,132.47202940862397,13.0,26.9,25.125,116,0.0,0.0,1.0,0.4,Low,Low
SN Thakur,Lucknow Super Giants,Mumbai Indians,2025,1,3.0,100.0,8.378378378378379,102.2163095756562,4.8,4.9,9.285714285714286,37,0.0,0.0,0.4,0.2,Low,Low
HH Pandya,Mumbai Indians,Lucknow Super Giants,2025,2,11.0,64.70588235294117,19.28030303030303,139.95225064900634,6.0,11.9,25.166666666666668,132,1.0,0.0,0.4,0.2,Moderate,Low
MJ Santner,Mumbai Indians,Lucknow Super Giants,2025,2,18.0,200.0,7.615384615384615,105.7149036298834,8.6,5.6,1.0,13,1.0,2.0,0.6,0.4,Low,Low
Naman Dhir,Mumbai Indians,Lucknow Super Giants,2025,2,18.0,163.63636363636363,19.444444444444443,148.06130083907863,22.8,19.444444444444443,62.0,9,3.0,0.0,1.8,1.4,High,Low
RD Rickelton,Mumbai Indians,Lucknow Super Giants,2025,2,62.0,155.0,27.0,135.7936507936508,27.0,27.0,0.0,3,4.0,5.0,2.6666666666666665,1.6666666666666667,Low,Low
SA Yadav,Mumbai Indians,Lucknow Super Giants,2025,2,27.0,300.0,26.60431654676259,135.07329683996122,23.0,31.9,15.666666666666666,139,3.0,2.0,1.4,1.4,High,Low
Tilak Varma,Mumbai Indians,Lucknow Super Giants,2025,2,39.0,108.33333333333331,30.65,138.3168229067886,28.6,34.3,24.25,40,3.0,1.0,3.2,0.8,Moderate,Low
WG Jacks,Mumbai Indians,Lucknow Super Giants,2025,2,16.0,94.11764705882352,25.7,139.4276719308413,16.2,25.7,0.0,10,0.0,1.0,1.2,0.8,Low,Low
AR Patel,Delhi Capitals,Chennai Super Kings,2025,1,22.0,200.0,14.823008849557525,126.83894497850532,24.6,21.4,11.285714285714286,113,3.0,1.0,2.6,1.0,Moderate,Low
Abishek Porel,Delhi Capitals,Chennai Super Kings,2025,1,34.0,188.88888888888889,21.88888888888889,130.44912126901374,31.8,31.1,9.0,18,2.0,2.0,2.8,1.8,Moderate,Low
Ashutosh Sharma,Delhi Capitals,Chennai Super Kings,2025,1,66.0,212.9032258064516,25.5,150.52503394770946,19.2,25.5,3.0,10,5.0,5.0,1.2,1.4,Low,Low
J Fraser-McGurk,Delhi Capitals,Chennai Super Kings,2025,1,38.0,118.75,33.54545454545455,189.715145965146,22.0,31.4,0.0,11,4.0,2.0,2.6,1.4,Low,Low
KL Rahul,Delhi Capitals,Chennai Super Kings,2025,1,15.0,300.0,37.632,124.00914955198633,25.8,37.0,39.5,125,2.0,1.0,2.0,1.0,High,Low
Sameer Rizvi,Delhi Capitals,Chennai Super Kings,2025,1,4.0,100.0,9.166666666666666,105.35628019323671,8.2,9.166666666666666,0.0,6,1.0,0.0,1.0,0.0,Moderate,Low
T Stubbs,Delhi Capitals,Chennai Super Kings,2025,1,21.0,150.0,24.210526315789476,139.98747186722383,31.2,25.9,6.25,19,3.0,0.0,2.0,2.0,Moderate,Low
V Nigam,Delhi Capitals,Chennai Super Kings,2025,1,39.0,260.0,39.0,260.0,39.0,39.0,0.0,1,5.0,2.0,5.0,2.0,Low,Low
DP Conway,Chennai Super Kings,Delhi Capitals,2025,2,47.0,188.0,42.0,112.06157595882576,42.8,49.1,61.333333333333336,22,4.0,2.0,4.6,1.0,Low,High
MS Dhoni,Chennai Super Kings,Delhi Capitals,2025,2,16.0,145.45454545454547,22.89610389610389,132.6754817788309,19.4,14.8,18.5,231,1.0,1.0,1.6,1.4,Moderate,Low
R Ravindra,Chennai Super Kings,Delhi Capitals,2025,2,0.0,0.0,25.23076923076923,122.42797077474496,38.8,24.3,2.0,13,0.0,0.0,2.6,1.8,Low,Low
RA Jadeja,Chennai Super Kings,Delhi Capitals,2025,2,32.0,145.45454545454547,16.57377049180328,132.3001499464934,24.2,25.7,19.875,183,2.0,1.0,1.6,1.0,Low,Low
RD Gaikwad,Chennai Super Kings,Delhi Capitals,2025,2,63.0,143.1818181818182,36.70588235294117,111.79540899406726,31.6,45.8,29.75,68,7.0,1.0,2.8,1.2,Low,Low
S Dube,Chennai Super Kings,Delhi Capitals,2025,2,18.0,180.0,24.1875,126.9236931666494,14.2,19.7,18.875,64,1.0,2.0,1.0,1.0,Low,Low
V Shankar,Chennai Super Kings,Delhi Capitals,2025,2,9.0,150.0,19.05084745762712,122.2937926083629,12.0,15.9,14.0,59,0.0,1.0,1.0,0.4,High,Low
Dhruv Jurel,Rajasthan Royals,Punjab Kings,2025,1,3.0,42.85714285714285,18.12,123.05502079619724,34.0,25.3,12.0,25,0.0,0.0,3.6,1.6,Low,Low
N Rana,Rajasthan Royals,Punjab Kings,2025,1,81.0,225.0,26.307692307692307,120.01223509757013,28.4,32.2,21.2,104,10.0,5.0,3.4,1.2,Low,Low
R Parag,Rajasthan Royals,Punjab Kings,2025,1,37.0,132.14285714285714,20.311475409836067,120.02149385004712,21.6,32.1,20.0,61,2.0,2.0,1.0,1.4,High,Low
SO Hetmyer,Rajasthan Royals,Punjab Kings,2025,1,19.0,118.75,19.279411764705884,137.55290846245452,19.6,16.2,31.2,68,1.0,1.0,1.2,1.2,Moderate,Low
SV Samson,Rajasthan Royals,Punjab Kings,2025,1,20.0,125.0,27.381818181818183,118.67155122110024,25.2,31.6,32.285714285714285,165,1.0,1.0,2.2,1.2,Moderate,Low
YBK Jaiswal,Rajasthan Royals,Punjab Kings,2025,1,4.0,133.33333333333331,29.83636363636364,127.2868747540975,24.2,24.4,36.833333333333336,55,1.0,0.0,3.0,1.0,High,Low
Arshdeep Singh,Punjab Kings,Rajasthan Royals,2025,2,4.0,133.33333333333331,2.636363636363636,63.90374331550802,3.4,2.9,0.0,11,1.0,0.0,0.6,0.0,Low,Low
GJ Maxwell,Punjab Kings,Rajasthan Royals,2025,2,0.0,0.0,21.32307692307692,124.99096131459196,4.0,5.2,23.0,130,0.0,0.0,0.6,0.2,Moderate,Low
LH Ferguson,Punjab Kings,Rajasthan Royals,2025,2,1.0,100.0,9.714285714285714,121.43315018315018,9.6,9.714285714285714,0.0,7,0.0,0.0,1.0,0.4,Low,Low
M Jansen,Punjab Kings,Rajasthan Royals,2025,2,17.0,141.66666666666669,5.5,86.43939393939394,5.0,6.6,3.0,12,1.0,1.0,0.2,0.2,Low,Low
MP Stoinis,Punjab Kings,Rajasthan Royals,2025,2,20.0,133.33333333333331,21.191011235955056,118.768978987008,18.4,29.6,17.583333333333332,89,1.0,2.0,2.2,0.8,Low,Low
N Wadhera,Punjab Kings,Rajasthan Royals,2025,2,43.0,172.0,23.11764705882353,134.1533468500723,19.8,19.5,49.0,17,3.0,4.0,1.6,1.2,High,Low
P Simran Singh,Punjab Kings,Rajasthan Royals,2025,2,69.0,202.94117647058823,23.05555555555556,126.29191905117894,31.4,28.9,19.5,36,9.0,3.0,3.8,1.4,Low,Low
Priyansh Arya,Punjab Kings,Rajasthan Royals,2025,2,8.0,88.88888888888889,27.5,146.6183574879227,27.5,27.5,0.0,2,1.0,0.0,4.0,1.0,Low,Low
SS Iyer,Punjab Kings,Rajasthan Royals,2025,2,52.0,173.33333333333334,28.034188034188038,116.05637421193585,44.0,36.0,33.27272727272727,117,3.0,4.0,3.0,3.4,Low,Low
Shashank Singh,Punjab Kings,Rajasthan Royals,2025,2,44.0,275.0,23.35,149.043124998615,22.0,26.1,4.5,20,6.0,2.0,2.8,0.8,Low,Low
Suryansh Shedge,Punjab Kings,Rajasthan Royals,2025,2,0.0,0.0,0.0,0.0,0.0,0.0,0.0,0,0.0,0.0,0.0,0.0,Low,Low
Abhishek Sharma,Sunrisers Hyderabad,Gujarat Titans,2025,1,2.0,33.33333333333333,21.692307692307693,135.70234398539716,7.0,20.2,35.25,65,0.0,0.0,1.2,0.0,Low,Low
Aniket Verma,Sunrisers Hyderabad,Gujarat Titans,2025,1,6.0,100.0,30.75,197.6860537836148,30.75,30.75,0.0,4,1.0,0.0,1.5,3.0,Low,Low
H Klaasen,Sunrisers Hyderabad,Gujarat Titans,2025,1,33.0,157.14285714285714,31.05555555555556,162.0670742484895,28.2,30.9,44.0,36,2.0,2.0,2.4,1.2,Moderate,Low
Ishan Kishan,Sunrisers Hyderabad,Gujarat Titans,2025,1,2.0,40.0,26.737864077669904,116.92300153180368,24.8,23.8,22.25,103,0.0,0.0,2.4,1.2,Low,Low
Mohammed Shami,Sunrisers Hyderabad,Gujarat Titans,2025,1,2.0,50.0,3.0,70.51282051282051,1.8,2.4,0.0,26,0.0,0.0,0.2,0.0,Low,Low
Nithish Kumar Reddy,Sunrisers Hyderabad,Gujarat Titans,2025,1,19.0,126.66666666666666,25.6,123.88320701654035,18.8,24.1,0.0,15,2.0,1.0,1.8,0.6,Moderate,Low
PHKD Mendis,Sunrisers Hyderabad,Gujarat Titans,2025,1,27.0,135.0,27.0,135.0,27.0,27.0,0.0,1,1.0,2.0,1.0,2.0,Low,Low
PJ Cummins,Sunrisers Hyderabad,Gujarat Titans,2025,1,14.0,93.33333333333331,12.767441860465116,125.97484569773792,11.6,16.4,2.0,43,2.0,0.0,0.8,0.8,Moderate,Low
Simarjeet Singh,Sunrisers Hyderabad,Gujarat Titans,2025,1,0.0,0.0,2.0,68.33333333333333,2.0,2.0,0.0,5,0.0,0.0,0.0,0.0,Low,Low
TM Head,Sunrisers Hyderabad,Gujarat Titans,2025,1,4.0,200.0,31.448275862068964,138.2309966321748,28.0,31.1,19.0,29,1.0,0.0,3.8,1.2,Low,Low
B Sai Sudharsan,Gujarat Titans,Sunrisers Hyderabad,2025,2,49.0,136.11111111111111,43.57142857142857,137.01098058908696,59.0,52.2,34.333333333333336,28,7.0,1.0,4.2,3.4,Low,Low
JC Buttler,Gujarat Titans,Sunrisers Hyderabad,2025,2,73.0,187.1794871794872,34.08181818181818,128.56105612875578,41.2,39.0,29.307692307692307,110,5.0,6.0,3.6,2.0,Low,Low
SE Rutherford,Gujarat Titans,Sunrisers Hyderabad,2025,2,30.0,166.66666666666669,16.666666666666668,128.4700022200022,25.4,18.7,9.0,12,1.0,3.0,1.2,1.8,Moderate,Low
Shubman Gill,Gujarat Titans,Sunrisers Hyderabad,2025,2,14.0,100.0,32.36274509803921,122.7496008958756,38.2,32.8,33.166666666666664,102,1.0,1.0,3.2,2.2,High,Low
Washington Sundar,Gujarat Titans,Sunrisers Hyderabad,2025,2,0.0,0.0,9.947368421052632,106.07748937735089,11.8,10.0,7.0,38,0.0,0.0,1.2,0.0,High,Low
D Padikkal,Royal Challengers Bengaluru,Mumbai Indians,2025,1,4.0,133.33333333333331,23.88059701492537,104.71805363611776,10.8,7.9,21.714285714285715,67,1.0,0.0,0.8,0.4,Moderate,Low
JM Sharma,Royal Challengers Bengaluru,Mumbai Indians,2025,1,33.0,157.14285714285714,20.394736842105264,147.08533653807245,20.8,17.4,28.25,38,5.0,1.0,1.8,1.2,High,Low
LS Livingstone,Royal Challengers Bengaluru,Mumbai Indians,2025,1,54.0,135.0,24.23809523809524,137.0540358244353,17.0,19.0,19.2,42,1.0,5.0,0.8,1.4,Low,Low
PD Salt,Royal Challengers Bengaluru,Mumbai Indians,2025,1,14.0,107.6923076923077,31.45833333333333,146.55762630264528,28.0,34.6,5.5,24,1.0,1.0,4.0,1.2,Low,Low
RM Patidar,Royal Challengers Bengaluru,Mumbai Indians,2025,1,12.0,100.0,33.18518518518518,141.87970528972104,34.4,38.3,29.0,27,2.0,0.0,3.0,2.0,High,High
TH David,Royal Challengers Bengaluru,Mumbai Indians,2025,1,32.0,177.77777777777777,19.27027027027027,151.62907354083825,22.6,22.5,0.0,37,3.0,2.0,1.6,1.4,Low,Low
V Kohli,Royal Challengers Bengaluru,Mumbai Indians,2025,1,7.0,116.66666666666669,32.57429718875502,119.0449442725876,35.4,45.9,26.060606060606062,249,1.0,0.0,2.6,1.8,High,Low
DL Chahar,Mumbai Indians,Royal Challengers Bengaluru,2025,2,28.0,186.66666666666663,8.307692307692308,98.5897435897436,6.4,9.3,0.0,13,2.0,2.0,0.4,0.4,Low,Low
HH Pandya,Mumbai Indians,Royal Challengers Bengaluru,2025,2,28.0,175.0,19.345864661654137,140.21576756141985,11.6,12.6,21.0,133,2.0,1.0,0.8,0.4,High,Low
JJ Bumrah,Mumbai Indians,Royal Challengers Bengaluru,2025,2,1.0,100.0,2.6153846153846154,73.8850038850039,2.4,1.8,0.0,26,0.0,0.0,0.2,0.0,Low,Low
MJ Santner,Mumbai Indians,Royal Challengers Bengaluru,2025,2,2.0,100.0,7.214285714285714,105.30669622774886,6.8,4.9,3.0,14,0.0,0.0,0.4,0.4,Low,Low
Naman Dhir,Mumbai Indians,Royal Challengers Bengaluru,2025,2,46.0,191.66666666666669,22.1,152.42183742183744,32.0,22.1,0.0,10,4.0,3.0,2.6,2.0,Low,Low
RD Rickelton,Mumbai Indians,Royal Challengers Bengaluru,2025,2,10.0,200.0,22.75,151.8452380952381,22.75,22.75,0.0,4,2.0,0.0,2.5,1.25,Low,Low
RG Sharma,Mumbai Indians,Royal Challengers Bengaluru,2025,2,13.0,118.1818181818182,26.08235294117647,112.38907038589936,21.6,14.1,38.0,255,0.0,1.0,2.6,1.0,Low,Low
SA Yadav,Mumbai Indians,Royal Challengers Bengaluru,2025,2,67.0,155.8139534883721,26.892857142857142,135.22144438744988,34.2,37.6,52.0,140,9.0,1.0,3.0,1.6,Moderate,Low
TA Boult,Mumbai Indians,Royal Challengers Bengaluru,2025,2,1.0,50.0,3.652173913043478,78.970606687998,3.0,4.2,0.0,23,0.0,0.0,0.4,0.0,Low,Low
Tilak Varma,Mumbai Indians,Royal Challengers Bengaluru,2025,2,25.0,108.69565217391305,30.51219512195122,137.59435532793796,32.8,33.7,16.0,41,2.0,0.0,3.6,0.8,High,Low
WG Jacks,Mumbai Indians,Royal Challengers Bengaluru,2025,2,5.0,71.42857142857143,23.818181818181817,133.24593552154403,17.0,25.4,0.0,11,0.0,0.0,1.2,0.8,Moderate,Low
AK Markram,Lucknow Super Giants,Kolkata Knight Riders,2025,1,53.0,139.4736842105263,23.73913043478261,116.35065748129936,23.4,19.0,35.285714285714285,46,2.0,4.0,2.0,1.2,High,Low
Abdul Samad,Lucknow Super Giants,Kolkata Knight Riders,2025,1,4.0,200.0,14.69767441860465,140.01079285291146,11.4,11.6,15.625,43,1.0,0.0,1.0,0.8,Low,Low
DA Miller,Lucknow Super Giants,Kolkata Knight Riders,2025,1,27.0,192.8571428571429,23.515625,126.0036347701908,20.4,21.9,18.933333333333334,128,3.0,1.0,2.0,0.6,Low,Low
MR Marsh,Lucknow Super Giants,Kolkata Knight Riders,2025,1,60.0,193.5483870967742,21.225,110.25299720469164,36.8,25.3,5.0,40,9.0,2.0,4.4,2.0,High,Low
N Pooran,Lucknow Super Giants,Kolkata Knight Riders,2025,1,12.0,200.0,25.256410256410252,143.3751570373021,55.2,42.0,21.7,78,1.0,1.0,4.6,4.8,High,Low
A Raghuvanshi,Kolkata Knight Riders,Lucknow Super Giants,2025,2,50.0,156.25,26.454545454545453,146.90324158907046,32.0,23.7,19.5,11,5.0,2.0,3.0,1.0,Low,Low
AD Russell,Kolkata Knight Riders,Lucknow Super Giants,2025,2,1.0,50.0,23.12962962962963,150.1465358202352,9.2,12.7,17.25,108,0.0,0.0,1.0,0.6,Low,Low
AM Rahane,Kolkata Knight Riders,Lucknow Super Giants,2025,2,38.0,140.74074074074073,27.228571428571428,106.19654644650096,31.2,20.5,18.5,175,1.0,4.0,2.4,2.2,High,Low
Harshit Rana,Kolkata Knight Riders,Lucknow Super Giants,2025,2,4.0,57.14285714285714,2.2,68.0952380952381,2.2,2.2,2.0,5,0.0,0.0,0.2,0.0,Low,Low
Q de Kock,Kolkata Knight Riders,Lucknow Super Giants,2025,2,1.0,16.666666666666664,29.133928571428573,115.731036519742,23.0,18.9,0.0,112,0.0,0.0,2.2,1.2,Low,Low
RK Singh,Kolkata Knight Riders,Lucknow Super Giants,2025,2,32.0,188.23529411764704,22.186046511627907,138.67327057069485,19.4,16.6,32.25,43,4.0,1.0,1.6,0.8,Moderate,Low
Ramandeep Singh,Kolkata Knight Riders,Lucknow Super Giants,2025,2,22.0,183.3333333333333,13.2,169.41666666666666,14.4,11.8,25.0,15,1.0,2.0,0.6,1.2,Low,Low
SP Narine,Kolkata Knight Riders,Lucknow Super Giants,2025,2,7.0,100.0,14.541284403669724,122.3246796104928,15.6,25.3,26.2,109,0.0,1.0,1.8,1.0,Moderate,Low
VR Iyer,Kolkata Knight Riders,Lucknow Super Giants,2025,2,60.0,206.89655172413796,26.82692307692308,124.2761335232076,34.4,35.0,8.333333333333334,52,7.0,3.0,3.4,2.0,High,Low
GJ Maxwell,Punjab Kings,Chennai Super Kings,2025,1,30.0,142.85714285714286,21.38931297709924,125.12734437980228,10.0,8.2,27.142857142857142,131,3.0,1.0,1.2,0.4,Low,Low
M Jansen,Punjab Kings,Chennai Super Kings,2025,1,3.0,50.0,5.307692307692308,83.63636363636364,5.4,6.1,17.0,13,0.0,0.0,0.2,0.2,Moderate,Low
MP Stoinis,Punjab Kings,Chennai Super Kings,2025,1,1.0,14.285714285714285,20.966666666666665,117.60805382366028,11.4,28.7,27.0,90,0.0,0.0,1.4,0.4,Low,Low
N Wadhera,Punjab Kings,Chennai Super Kings,2025,1,62.0,151.21951219512195,25.27777777777778,135.10146714701952,23.0,24.1,64.0,18,4.0,3.0,1.6,1.4,Low,Low
P Simran Singh,Punjab Kings,Chennai Super Kings,2025,1,17.0,106.25,22.89189189189189,125.75024556330924,33.6,30.6,28.33333333333333,37,2.0,0.0,4.0,1.4,Low,Low
Priyansh Arya,Punjab Kings,Chennai Super Kings,2025,1,0.0,0.0,18.33333333333333,97.74557165861512,18.33333333333333,18.33333333333333,0.0,3,0.0,0.0,2.6666666666666665,0.6666666666666666,High,Low
SS Iyer,Punjab Kings,Chennai Super Kings,2025,1,10.0,200.0,27.88135593220339,116.76776087115672,44.6,32.0,22.307692307692307,118,2.0,0.0,3.2,3.4,Low,Low
Shashank Singh,Punjab Kings,Chennai Super Kings,2025,1,10.0,76.92307692307693,22.714285714285715,145.60883699501795,18.6,26.2,22.33333333333333,21,0.0,0.0,2.0,0.8,High,Low
DP Conway,Chennai Super Kings,Punjab Kings,2025,2,13.0,92.85714285714286,40.73913043478261,111.22660060657869,43.4,42.7,92.0,23,1.0,0.0,4.6,1.0,High,High
MS Dhoni,Chennai Super Kings,Punjab Kings,2025,2,30.0,115.38461538461536,22.92672413793104,132.60095218230413,20.2,15.0,12.333333333333334,232,1.0,1.0,1.6,1.0,Moderate,Low
R Ravindra,Chennai Super Kings,Punjab Kings,2025,2,3.0,60.0,23.642857142857142,117.96883000512032,34.0,23.4,0.0,14,0.0,0.0,2.4,1.4,Moderate,Low
RA Jadeja,Chennai Super Kings,Punjab Kings,2025,2,2.0,66.66666666666666,16.494565217391305,131.94344623301606,23.6,20.2,15.5,184,0.0,0.0,1.6,1.0,Low,Low
RD Gaikwad,Chennai Super Kings,Punjab Kings,2025,2,5.0,125.0,36.2463768115942,111.9867798782112,24.2,35.5,25.571428571428573,69,1.0,0.0,2.8,0.8,Low,Low
S Dube,Chennai Super Kings,Punjab Kings,2025,2,18.0,120.0,24.09230769230769,126.8171748102394,14.2,14.9,19.33333333333333,65,1.0,1.0,0.8,1.0,High,Low
V Shankar,Chennai Super Kings,Punjab Kings,2025,2,69.0,130.18867924528303,19.883333333333333,122.42537405231155,24.2,17.5,8.0,60,5.0,1.0,2.0,0.6,Low,Low
B Sai Sudharsan,Gujarat Titans,Rajasthan Royals,2025,1,5.0,55.55555555555556,42.241379310344826,134.20217282931003,58.8,49.2,27.5,29,0.0,0.0,4.2,3.4,High,High
JC Buttler,Gujarat Titans,Rajasthan Royals,2025,1,0.0,0.0,33.77477477477478,127.40284841588412,37.4,38.2,0.0,111,0.0,0.0,3.2,1.8,Moderate,Low
M Shahrukh Khan,Gujarat Titans,Rajasthan Royals,2025,1,9.0,128.57142857142858,14.564102564102564,149.65644117178644,22.4,18.3,18.0,39,0.0,1.0,1.6,1.6,Moderate,Low
R Tewatia,Gujarat Titans,Rajasthan Royals,2025,1,6.0,300.0,15.43939393939394,133.86508870409995,18.2,19.4,11.5,66,0.0,1.0,2.6,0.4,Moderate,Low
Rashid Khan,Gujarat Titans,Rajasthan Royals,2025,1,6.0,150.0,9.33898305084746,121.31184611057492,15.8,10.8,9.666666666666666,59,0.0,1.0,1.4,0.8,Low,Low
SE Rutherford,Gujarat Titans,Rajasthan Royals,2025,1,35.0,218.75,18.07692307692308,135.4146174338482,26.8,19.4,9.0,13,6.0,1.0,2.2,1.8,Low,Low
Shubman Gill,Gujarat Titans,Rajasthan Royals,2025,1,61.0,141.86046511627907,32.640776699029125,122.93514326694746,50.0,31.7,34.15384615384615,103,9.0,0.0,5.0,2.2,Low,Low
Dhruv Jurel,Rajasthan Royals,Gujarat Titans,2025,2,13.0,260.0,17.923076923076923,128.3221353809589,35.0,26.4,13.5,26,1.0,1.0,3.6,1.8,Low,Low
JC Archer,Rajasthan Royals,Gujarat Titans,2025,2,0.0,0.0,8.307692307692308,131.26123876123876,4.2,4.8,0.0,26,0.0,0.0,0.0,0.4,Low,Low
M Theekshana,Rajasthan Royals,Gujarat Titans,2025,2,2.0,50.0,2.5,81.25,2.5,2.5,0.0,4,0.0,0.0,0.0,0.25,Low,Low
N Rana,Rajasthan Royals,Gujarat Titans,2025,2,12.0,171.42857142857142,26.17142857142857,120.50191449119868,29.0,29.2,17.0,105,2.0,0.0,3.6,1.2,Low,Low
R Parag,Rajasthan Royals,Gujarat Titans,2025,2,43.0,172.0,20.677419354838708,120.85985685246573,23.0,35.0,20.33333333333333,62,3.0,3.0,1.2,1.6,Moderate,Low
SB Dubey,Rajasthan Royals,Gujarat Titans,2025,2,9.0,75.0,15.2,151.33333333333331,15.2,15.2,0.0,5,1.0,0.0,1.0,1.2,Low,Low
SO Hetmyer,Rajasthan Royals,Gujarat Titans,2025,2,20.0,166.66666666666669,19.28985507246377,137.97484698715326,18.4,17.1,20.0,69,2.0,1.0,1.0,1.2,High,Low
SV Samson,Rajasthan Royals,Gujarat Titans,2025,2,38.0,146.15384615384613,27.44578313253012,118.837107214671,29.4,28.3,38.333333333333336,166,6.0,0.0,3.4,1.0,High,Low
Sandeep Sharma,Rajasthan Royals,Gujarat Titans,2025,2,0.0,0.0,2.16,65.31111111111112,2.4,2.3,2.0,25,0.0,0.0,0.2,0.0,Low,Low
TU Deshpande,Rajasthan Royals,Gujarat Titans,2025,2,1.0,50.0,4.0,84.25925925925925,4.6,4.0,0.0,6,0.0,0.0,0.4,0.2,Low,Low
YBK Jaiswal,Rajasthan Royals,Gujarat Titans,2025,2,67.0,148.88888888888889,30.5,127.67262500650448,28.6,28.7,12.8,56,3.0,5.0,2.0,2.0,Low,Low
B Kumar,Royal Challengers Bengaluru,Delhi Capitals,2025,1,1.0,50.0,4.582089552238806,84.20878044012372,1.0,5.8,4.0,67,0.0,0.0,0.0,0.0,Low,Low
D Padikkal,Royal Challengers Bengaluru,Delhi Capitals,2025,1,37.0,168.1818181818182,24.073529411764707,105.65134429120158,15.6,11.6,25.142857142857142,68,2.0,3.0,1.2,1.0,Low,Low
JM Sharma,Royal Challengers Bengaluru,Delhi Capitals,2025,1,40.0,210.52631578947367,20.897435897435894,148.7120283137494,27.8,19.5,18.0,39,2.0,4.0,2.0,2.0,Low,Low
KH Pandya,Royal Challengers Bengaluru,Delhi Capitals,2025,1,5.0,100.0,15.155963302752294,121.06347152315035,11.8,9.0,14.416666666666666,109,1.0,0.0,0.8,0.6,Low,Low
LS Livingstone,Royal Challengers Bengaluru,Delhi Capitals,2025,1,0.0,0.0,23.67441860465116,133.8667326657275,15.8,15.2,22.285714285714285,43,0.0,0.0,0.6,1.4,Low,Low
PD Salt,Royal Challengers Bengaluru,Delhi Capitals,2025,1,4.0,200.0,30.36,148.69532125053948,22.4,34.0,43.0,25,1.0,0.0,3.2,1.0,Moderate,Low
RM Patidar,Royal Challengers Bengaluru,Delhi Capitals,2025,1,64.0,200.0,34.285714285714285,143.95543010080243,39.0,39.5,41.5,28,5.0,4.0,3.6,2.0,Moderate,Low
TH David,Royal Challengers Bengaluru,Delhi Capitals,2025,1,1.0,100.0,18.789473684210527,150.27041371081617,15.8,18.1,28.2,38,0.0,0.0,1.0,1.2,Moderate,Low
V Kohli,Royal Challengers Bengaluru,Delhi Capitals,2025,1,67.0,159.52380952380955,32.712,119.2068597335925,39.4,47.5,29.6,250,8.0,2.0,3.6,1.4,Moderate,Low
AR Patel,Delhi Capitals,Royal Challengers Bengaluru,2025,2,21.0,150.0,14.87719298245614,127.04211212781668,25.8,23.5,57.0,114,2.0,1.0,2.6,1.2,Low,Low
Abishek Porel,Delhi Capitals,Royal Challengers Bengaluru,2025,2,33.0,165.0,22.473684210526315,132.2675885706446,25.4,30.3,2.0,19,4.0,1.0,2.2,1.4,Low,Low
F du Plessis,Delhi Capitals,Royal Challengers Bengaluru,2025,2,50.0,185.1851851851852,33.214285714285715,123.05422941413497,31.2,28.5,0.0,140,3.0,3.0,2.4,1.8,Low,Low
J Fraser-McGurk,Delhi Capitals,Royal Challengers Bengaluru,2025,2,0.0,0.0,30.75,173.90555046805048,12.0,29.4,21.0,12,0.0,0.0,1.2,0.8,Low,Low
KL Rahul,Delhi Capitals,Royal Challengers Bengaluru,2025,2,77.0,150.9803921568627,37.94444444444444,124.22320703297738,36.2,40.8,20.0,126,6.0,3.0,2.6,1.6,High,Low
T Stubbs,Delhi Capitals,Royal Challengers Bengaluru,2025,2,24.0,200.0,24.2,142.98809827386265,27.8,26.8,3.0,20,2.0,1.0,1.8,1.6,Moderate,Low
A Kamboj,Chennai Super Kings,Kolkata Knight Riders,2025,1,2.0,100.0,2.0,100.0,2.0,2.0,2.0,1,0.0,0.0,0.0,0.0,Low,Low
DJ Hooda,Chennai Super Kings,Kolkata Knight Riders,2025,1,4.0,44.44444444444444,14.87878787878788,117.05336410525103,4.6,12.6,11.272727272727272,99,1.0,0.0,0.6,0.0,Low,Low
DP Conway,Chennai Super Kings,Kolkata Knight Riders,2025,1,69.0,140.81632653061226,41.91666666666666,112.45950585341342,51.2,44.0,29.666666666666668,24,6.0,2.0,5.2,1.4,Low,High
MS Dhoni,Chennai Super Kings,Kolkata Knight Riders,2025,1,27.0,225.0,22.94420600858369,132.99751461928994,20.6,17.3,19.857142857142858,233,1.0,3.0,1.2,1.4,Low,Low
Noor Ahmad,Chennai Super Kings,Kolkata Knight Riders,2025,1,0.0,0.0,2.1666666666666665,64.6031746031746,2.4,2.1666666666666665,0.0,6,0.0,0.0,0.4,0.0,Low,Low
R Ashwin,Chennai Super Kings,Kolkata Knight Riders,2025,1,11.0,137.5,9.011111111111113,107.21520661021044,8.4,9.9,10.4,90,1.0,0.0,0.8,0.2,Low,Low
R Ravindra,Chennai Super Kings,Kolkata Knight Riders,2025,1,36.0,163.63636363636363,24.466666666666665,121.0133322472032,29.0,25.5,15.0,15,6.0,0.0,2.6,0.8,Low,Low
RA Jadeja,Chennai Super Kings,Kolkata Knight Riders,2025,1,9.0,180.0,16.454054054054055,132.20321138851327,17.0,19.5,17.576923076923077,185,0.0,1.0,1.0,0.6,Low,Low
RA Tripathi,Chennai Super Kings,Kolkata Knight Riders,2025,1,23.0,121.05263157894736,23.604166666666668,127.63206661010328,15.2,21.0,30.153846153846157,96,3.0,1.0,2.0,0.6,Low,Low
S Dube,Chennai Super Kings,Kolkata Knight Riders,2025,1,42.0,155.55555555555557,24.363636363636363,127.25260482153206,21.2,15.2,28.166666666666668,66,3.0,2.0,1.4,1.4,Moderate,Low
V Shankar,Chennai Super Kings,Kolkata Knight Riders,2025,1,2.0,100.0,19.59016393442623,122.0577449694868,21.2,16.3,28.0,61,0.0,0.0,2.0,0.4,Moderate,Low
AM Rahane,Kolkata Knight Riders,Chennai Super Kings,2025,2,61.0,174.28571428571428,27.420454545454547,106.58341671831468,36.8,26.5,19.8125,176,8.0,2.0,3.4,2.4,Moderate,Low
Q de Kock,Kolkata Knight Riders,Chennai Super Kings,2025,2,15.0,166.66666666666669,29.00884955752212,116.18179430865284,23.6,19.4,25.933333333333334,113,0.0,2.0,1.8,1.6,Moderate,Low
RK Singh,Kolkata Knight Riders,Chennai Super Kings,2025,2,38.0,253.3333333333333,22.545454545454547,141.27918108802754,23.8,18.4,24.166666666666668,44,6.0,2.0,2.4,1.2,Low,Low
SP Narine,Kolkata Knight Riders,Chennai Super Kings,2025,2,30.0,230.76923076923077,14.681818181818182,123.31053916648132,17.4,21.2,9.461538461538462,110,4.0,2.0,1.8,1.4,High,Low
B Sai Sudharsan,Gujarat Titans,Lucknow Super Giants,2025,1,82.0,154.7169811320755,43.56666666666667,134.88599977273554,54.6,56.2,31.0,30,8.0,3.0,4.8,2.4,High,Low
JC Buttler,Gujarat Titans,Lucknow Super Giants,2025,1,36.0,144.0,33.794642857142854,127.55103726931372,40.4,31.1,20.0,112,5.0,0.0,3.8,1.8,Low,Low
M Shahrukh Khan,Gujarat Titans,Lucknow Super Giants,2025,1,36.0,180.0,15.1,150.4150301424918,18.0,17.8,14.5,40,4.0,2.0,1.8,1.0,Low,Low
R Tewatia,Gujarat Titans,Lucknow Super Giants,2025,1,24.0,200.0,15.567164179104475,134.852176932397,21.0,19.6,23.5,67,2.0,2.0,2.8,0.8,Low,Low
Rashid Khan,Gujarat Titans,Lucknow Super Giants,2025,1,12.0,300.0,9.383333333333333,124.289982008732,12.0,12.0,0.0,60,1.0,1.0,1.2,0.8,Low,Low
SE Rutherford,Gujarat Titans,Lucknow Super Giants,2025,1,7.0,233.33333333333331,17.285714285714285,142.40881142666856,27.2,19.9,0.0,14,0.0,1.0,2.2,2.0,Moderate,Low
Shubman Gill,Gujarat Titans,Lucknow Super Giants,2025,1,2.0,66.66666666666666,32.34615384615385,122.394100222714,29.6,31.1,35.2,104,0.0,0.0,3.2,1.0,High,Low
Washington Sundar,Gujarat Titans,Lucknow Super Giants,2025,1,49.0,168.9655172413793,10.948717948717947,107.69000291232597,18.4,14.7,17.0,39,5.0,2.0,2.2,0.4,Low,Low
A Badoni,Lucknow Super Giants,Gujarat Titans,2025,2,30.0,157.89473684210526,18.33333333333333,120.7474848268651,20.6,20.3,22.2,39,4.0,0.0,1.4,1.0,Moderate,Low
AK Markram,Lucknow Super Giants,Gujarat Titans,2025,2,47.0,167.85714285714286,24.23404255319149,117.44654014887053,28.8,20.5,23.75,47,4.0,2.0,2.2,1.6,High,Low
Abdul Samad,Lucknow Super Giants,Gujarat Titans,2025,2,6.0,150.0,14.5,140.23782028807258,12.6,11.2,16.5,44,1.0,0.0,1.2,0.8,Low,Low
DA Miller,Lucknow Super Giants,Gujarat Titans,2025,2,4.0,100.0,23.36434108527132,125.80205620608078,18.0,22.1,0.0,129,0.0,0.0,1.8,0.6,Low,Low
N Pooran,Lucknow Super Giants,Gujarat Titans,2025,2,87.0,241.66666666666663,26.037974683544306,144.61935336172442,57.6,49.6,14.6,79,7.0,8.0,5.0,4.8,High,Low
RR Pant,Lucknow Super Giants,Gujarat Titans,2025,2,2.0,33.33333333333333,28.34188034188034,131.62469012592916,10.4,25.5,49.0,117,0.0,0.0,1.0,0.2,Moderate,Low
GJ Maxwell,Punjab Kings,Sunrisers Hyderabad,2025,1,1.0,50.0,21.234848484848484,124.55819783147044,9.4,8.0,22.6,132,0.0,0.0,1.0,0.4,Low,Low
M Jansen,Punjab Kings,Sunrisers Hyderabad,2025,1,34.0,178.94736842105263,7.357142857142857,90.44429254955573,11.6,9.4,0.0,14,2.0,2.0,0.6,0.6,Low,Low
MP Stoinis,Punjab Kings,Sunrisers Hyderabad,2025,1,4.0,57.14285714285714,20.78021978021978,116.94360111288222,11.6,28.3,15.571428571428571,91,0.0,0.0,1.4,0.4,Moderate,Low
N Wadhera,Punjab Kings,Sunrisers Hyderabad,2025,1,9.0,150.0,24.42105263157895,135.8856004550711,23.6,22.7,0.0,19,0.0,1.0,1.4,1.6,Moderate,Low
P Simran Singh,Punjab Kings,Sunrisers Hyderabad,2025,1,0.0,0.0,22.289473684210527,122.44102857480112,32.4,27.1,19.33333333333333,38,0.0,0.0,3.8,1.4,High,Low
Priyansh Arya,Punjab Kings,Sunrisers Hyderabad,2025,1,103.0,251.21951219512195,39.5,136.11405679274185,39.5,39.5,0.0,4,7.0,9.0,3.75,2.75,Moderate,Low
SS Iyer,Punjab Kings,Sunrisers Hyderabad,2025,1,9.0,128.57142857142858,27.722689075630253,116.86695135603294,34.8,30.1,26.944444444444443,119,0.0,1.0,2.2,2.8,High,Low
Shashank Singh,Punjab Kings,Sunrisers Hyderabad,2025,1,52.0,144.44444444444443,24.045454545454547,145.55591006090097,21.6,27.3,24.0,22,2.0,3.0,1.6,1.0,Low,Low
Abhishek Sharma,Sunrisers Hyderabad,Punjab Kings,2025,2,18.0,112.5,21.63636363636364,135.35079331895173,10.2,20.9,39.0,66,4.0,0.0,2.0,0.0,High,Low
H Klaasen,Sunrisers Hyderabad,Punjab Kings,2025,2,27.0,142.10526315789474,30.945945945945947,161.5275658406356,30.4,29.4,25.5,37,2.0,1.0,2.6,1.4,Moderate,Low
Ishan Kishan,Sunrisers Hyderabad,Punjab Kings,2025,2,17.0,121.42857142857142,26.64423076923077,116.96632431927262,25.4,23.5,18.6,104,2.0,0.0,2.6,1.2,Low,Low
TM Head,Sunrisers Hyderabad,Punjab Kings,2025,2,8.0,160.0,30.666666666666668,138.95663007776895,29.6,27.1,10.5,30,2.0,0.0,4.2,1.2,High,Low
Dhruv Jurel,Rajasthan Royals,Royal Challengers Bengaluru,2025,1,5.0,125.0,17.444444444444443,128.19909332981229,24.8,21.7,5.0,27,1.0,0.0,2.4,1.4,Moderate,Low
N Rana,Rajasthan Royals,Royal Challengers Bengaluru,2025,1,1.0,33.33333333333333,25.933962264150946,119.6795693859358,22.6,24.2,0.0,106,0.0,0.0,2.8,1.0,Low,Low
R Parag,Rajasthan Royals,Royal Challengers Bengaluru,2025,1,26.0,185.7142857142857,20.761904761904763,121.8892922312248,27.0,29.9,20.0,63,1.0,3.0,1.4,2.2,Moderate,Low
SO Hetmyer,Rajasthan Royals,Royal Challengers Bengaluru,2025,1,52.0,162.5,19.757142857142856,138.32520631590822,28.0,21.0,18.5,70,4.0,3.0,1.8,1.8,Low,Low
SV Samson,Rajasthan Royals,Royal Challengers Bengaluru,2025,1,41.0,146.42857142857142,27.526946107784436,119.00232556325722,35.6,32.4,43.0,167,4.0,2.0,4.0,1.4,Low,Low
YBK Jaiswal,Rajasthan Royals,Royal Challengers Bengaluru,2025,1,6.0,85.71428571428571,30.07017543859649,126.93651379085152,21.4,22.6,22.5,57,1.0,0.0,1.4,1.4,High,Low
D Padikkal,Royal Challengers Bengaluru,Rajasthan Royals,2025,2,1.0,12.5,23.73913043478261,104.3013248087204,15.8,10.8,44.2,69,0.0,0.0,1.2,1.0,High,Low
PD Salt,Royal Challengers Bengaluru,Rajasthan Royals,2025,2,37.0,231.25,30.615384615384617,151.8705012024418,28.6,32.9,10.0,26,4.0,3.0,4.0,1.4,High,Low
V Kohli,Royal Challengers Bengaluru,Rajasthan Royals,2025,2,22.0,157.14285714285714,32.669322709163346,119.35799916550192,37.2,42.7,25.466666666666665,251,1.0,2.0,3.2,1.6,High,Low
HH Pandya,Mumbai Indians,Delhi Capitals,2025,1,42.0,280.0,19.51492537313433,141.2589334751406,19.8,16.6,22.416666666666668,134,3.0,4.0,1.4,1.2,Low,Low
Naman Dhir,Mumbai Indians,Delhi Capitals,2025,1,11.0,183.3333333333333,21.09090909090909,155.2319734137916,30.8,21.2,0.0,11,1.0,1.0,2.6,1.8,Moderate,Low
RD Rickelton,Mumbai Indians,Delhi Capitals,2025,1,17.0,170.0,21.6,155.47619047619048,21.6,21.6,0.0,5,4.0,0.0,2.8,1.0,High,Low
RG Sharma,Mumbai Indians,Delhi Capitals,2025,1,17.0,188.88888888888889,26.046875,112.68789780192668,21.2,15.2,27.75,256,2.0,1.0,2.8,1.0,Low,Low
SA Yadav,Mumbai Indians,Delhi Capitals,2025,1,28.0,107.6923076923077,26.90070921985816,135.02620228322905,39.8,37.8,22.363636363636363,141,5.0,0.0,4.0,1.6,High,Low
Tilak Varma,Mumbai Indians,Delhi Capitals,2025,1,56.0,193.1034482758621,31.11904761904762,138.91600039812664,36.6,35.9,30.6,42,4.0,4.0,3.2,1.6,High,Low
WG Jacks,Mumbai Indians,Delhi Capitals,2025,1,22.0,122.22222222222224,23.666666666666668,132.32729274660053,19.0,26.9,41.0,12,2.0,1.0,1.4,0.8,Low,Low
AR Patel,Delhi Capitals,Mumbai Indians,2025,2,15.0,136.36363636363637,14.878260869565215,127.12316886030206,25.8,24.2,16.0,115,2.0,0.0,2.8,1.0,Low,Low
Abishek Porel,Delhi Capitals,Mumbai Indians,2025,2,7.0,100.0,21.7,130.65420914211236,26.4,29.5,26.0,20,1.0,0.0,2.4,1.4,Moderate,Low
Ashutosh Sharma,Delhi Capitals,Mumbai Indians,2025,2,1.0,100.0,23.272727272727277,145.93184904337224,18.8,22.5,61.0,11,0.0,0.0,1.2,1.4,Low,Low
J Fraser-McGurk,Delhi Capitals,Mumbai Indians,2025,2,7.0,116.66666666666669,28.923076923076923,169.50255940640557,9.2,23.6,84.0,13,1.0,0.0,1.0,0.4,Low,Low
KK Nair,Delhi Capitals,Mumbai Indians,2025,2,13.0,100.0,22.0,111.2098327906705,6.4,9.8,15.636363636363637,68,1.0,0.0,0.6,0.0,High,Low
KL Rahul,Delhi Capitals,Mumbai Indians,2025,2,93.0,175.47169811320757,38.37795275590551,124.62673845880596,49.0,41.9,50.21052631578947,127,7.0,6.0,3.8,2.6,Low,Low
Kuldeep Yadav,Delhi Capitals,Mumbai Indians,2025,2,5.0,100.0,5.696969696969697,75.92522372708132,10.2,6.2,4.6,33,1.0,0.0,1.4,0.2,Low,Low
MA Starc,Delhi Capitals,Mumbai Indians,2025,2,2.0,40.0,6.294117647058823,89.8489114315803,1.0,2.4,2.333333333333333,17,0.0,0.0,0.0,0.0,Low,Low
MM Sharma,Delhi Capitals,Mumbai Indians,2025,2,1.0,50.0,4.310344827586207,80.33251231527093,0.6,1.9,4.8,29,0.0,0.0,0.0,0.0,Low,Low
T Stubbs,Delhi Capitals,Mumbai Indians,2025,2,38.0,165.2173913043478,24.857142857142858,144.0466360372191,34.8,29.6,59.5,21,4.0,1.0,2.6,1.8,Low,Low
V Nigam,Delhi Capitals,Mumbai Indians,2025,2,1.0,50.0,20.0,155.0,20.0,20.0,0.0,2,0.0,0.0,2.5,1.0,Low,Low
A Badoni,Lucknow Super Giants,Chennai Super Kings,2025,1,28.0,140.0,18.575,121.22879770619348,21.8,21.3,33.666666666666664,40,2.0,1.0,1.6,0.8,Moderate,Low
AK Markram,Lucknow Super Giants,Chennai Super Kings,2025,1,58.0,187.0967741935484,24.9375,118.89758669146796,37.4,26.2,24.8,48,9.0,1.0,3.8,1.6,Low,Low
Abdul Samad,Lucknow Super Giants,Chennai Super Kings,2025,1,2.0,66.66666666666666,14.22222222222222,138.60290576315245,12.2,9.5,15.0,45,0.0,0.0,1.2,0.8,Moderate,Low
MR Marsh,Lucknow Super Giants,Chennai Super Kings,2025,1,81.0,168.75,22.682926829268293,111.67975337043087,53.0,32.9,12.2,41,6.0,5.0,5.6,3.0,Moderate,Low
N Pooran,Lucknow Super Giants,Chennai Super Kings,2025,1,61.0,179.41176470588235,26.475,145.0542585035264,54.8,54.3,24.9,80,1.0,7.0,4.0,4.8,Low,Low
RR Pant,Lucknow Super Giants,Chennai Super Kings,2025,1,21.0,116.66666666666669,28.279661016949152,131.49792721525745,8.0,23.2,34.09090909090909,118,4.0,0.0,0.8,0.2,High,Low
SN Thakur,Lucknow Super Giants,Chennai Super Kings,2025,1,5.0,250.0,8.289473684210526,106.10535406050737,2.4,4.1,24.0,38,1.0,0.0,0.2,0.0,Low,Low
MS Dhoni,Chennai Super Kings,Lucknow Super Giants,2025,2,1.0,25.0,22.85042735042735,132.5359867790366,20.8,16.9,15.0,234,0.0,0.0,1.2,1.4,Moderate,Low
R Ravindra,Chennai Super Kings,Lucknow Super Giants,2025,2,4.0,44.44444444444444,23.1875,116.22777675953078,16.8,23.8,0.0,16,0.0,0.0,2.2,0.0,Moderate,Low
RA Jadeja,Chennai Super Kings,Lucknow Super Giants,2025,2,0.0,0.0,16.365591397849464,131.49244143481158,13.6,19.3,23.25,186,0.0,0.0,0.8,0.6,Low,Low
RA Tripathi,Chennai Super Kings,Lucknow Super Giants,2025,2,16.0,72.72727272727273,23.52577319587629,127.06603780718748,11.0,21.1,32.666666666666664,97,1.0,0.0,1.2,0.2,Low,Low
S Dube,Chennai Super Kings,Lucknow Super Giants,2025,2,31.0,106.89655172413792,24.46268656716418,126.94878313351126,25.6,18.3,36.25,67,3.0,0.0,2.0,1.2,High,Low
SK Rasheed,Chennai Super Kings,Lucknow Super Giants,2025,2,0.0,0.0,0.0,0.0,0.0,0.0,0.0,0,0.0,0.0,0.0,0.0,Moderate,Low
V Shankar,Chennai Super Kings,Lucknow Super Giants,2025,2,29.0,138.0952380952381,19.741935483870968,122.31641421345051,23.8,18.6,10.333333333333334,62,2.0,1.0,1.8,0.6,Low,Low
Arshdeep Singh,Punjab Kings,Kolkata Knight Riders,2025,1,1.0,20.0,2.5,60.24509803921568,1.8,2.9,0.5,12,0.0,0.0,0.2,0.0,Low,Low
GJ Maxwell,Punjab Kings,Kolkata Knight Riders,2025,1,3.0,42.85714285714285,21.09774436090225,123.9439041850469,6.8,5.5,24.0,133,0.0,0.0,0.6,0.2,Low,Low
JP Inglis,Punjab Kings,Kolkata Knight Riders,2025,1,0.0,0.0,0.0,0.0,0.0,0.0,0.0,0,0.0,0.0,0.0,0.0,Low,Low
M Jansen,Punjab Kings,Kolkata Knight Riders,2025,1,5.0,100.0,7.2,91.08133971291866,12.0,8.6,0.75,15,0.0,0.0,0.6,0.6,Low,Low
N Wadhera,Punjab Kings,Kolkata Knight Riders,2025,1,27.0,122.72727272727272,24.55,135.2276840686812,28.4,25.0,5.0,20,2.0,1.0,1.8,1.8,Low,Low
P Simran Singh,Punjab Kings,Kolkata Knight Riders,2025,1,42.0,182.6086956521739,22.7948717948718,123.98378926909272,26.6,25.9,23.25,39,7.0,1.0,3.8,0.8,Moderate,Low
Priyansh Arya,Punjab Kings,Kolkata Knight Riders,2025,1,36.0,276.9230769230769,38.8,164.27586081880887,38.8,38.8,0.0,5,2.0,4.0,3.4,3.0,Moderate,Low
SS Iyer,Punjab Kings,Kolkata Knight Riders,2025,1,82.0,227.77777777777777,28.175,117.79120824288084,50.0,35.0,30.666666666666668,120,6.0,6.0,3.2,4.0,Low,Low
Shashank Singh,Punjab Kings,Kolkata Knight Riders,2025,1,2.0,66.66666666666666,23.08695652173913,142.12594295680384,22.0,26.7,39.5,23,0.0,0.0,1.6,1.0,Low,Low
Suryansh Shedge,Punjab Kings,Kolkata Knight Riders,2025,1,2.0,50.0,2.0,50.0,2.0,2.0,0.0,1,0.0,0.0,0.0,0.0,Low,Low
XC Bartlett,Punjab Kings,Kolkata Knight Riders,2025,1,0.0,0.0,0.0,0.0,0.0,0.0,0.0,0,0.0,0.0,0.0,0.0,Low,Low
A Raghuvanshi,Kolkata Knight Riders,Punjab Kings,2025,2,5.0,125.0,24.666666666666668,145.07797145664793,26.6,21.8,0.0,12,1.0,0.0,2.6,0.8,Moderate,Low
AD Russell,Kolkata Knight Riders,Punjab Kings,2025,2,7.0,175.0,22.98165137614679,150.37454925307708,8.2,12.4,36.2,109,0.0,1.0,0.8,0.6,Low,Low
AM Rahane,Kolkata Knight Riders,Punjab Kings,2025,2,20.0,117.64705882352942,27.37853107344633,106.6459231708865,29.6,27.6,16.666666666666668,177,1.0,1.0,2.4,1.8,Low,Low
Harshit Rana,Kolkata Knight Riders,Punjab Kings,2025,2,10.0,111.11111111111111,3.5,75.26455026455027,4.2,3.5,0.0,6,2.0,0.0,0.6,0.0,Low,Low
Q de Kock,Kolkata Knight Riders,Punjab Kings,2025,2,23.0,153.33333333333334,28.95614035087719,116.5076850018518,27.4,16.3,32.5,114,0.0,3.0,1.6,2.2,Low,Low
RK Singh,Kolkata Knight Riders,Punjab Kings,2025,2,15.0,136.36363636363637,22.377777777777776,141.16994676081885,22.8,17.5,10.0,45,1.0,1.0,2.6,1.0,Low,Low
Ramandeep Singh,Kolkata Knight Riders,Punjab Kings,2025,2,1.0,50.0,12.4375,161.953125,14.2,11.7,6.0,16,0.0,0.0,0.6,1.2,Low,Low
SP Narine,Kolkata Knight Riders,Punjab Kings,2025,2,44.0,244.44444444444449,14.945945945945946,124.40183561042694,25.0,24.1,20.25,111,2.0,5.0,2.2,2.2,Low,Low
VG Arora,Kolkata Knight Riders,Punjab Kings,2025,2,1.0,100.0,1.2857142857142858,76.19047619047618,1.2,1.2857142857142858,0.0,7,0.0,0.0,0.0,0.0,Low,Low
VR Iyer,Kolkata Knight Riders,Punjab Kings,2025,2,45.0,155.17241379310346,27.16981132075472,124.85908220754528,33.2,35.6,30.8,53,6.0,1.0,3.6,1.4,Low,Low
AR Patel,Delhi Capitals,Rajasthan Royals,2025,1,9.0,150.0,14.827586206896552,127.32038292185118,16.2,24.5,9.916666666666666,116,2.0,0.0,2.2,0.4,Moderate,Low
Abishek Porel,Delhi Capitals,Rajasthan Royals,2025,1,33.0,132.0,22.23809523809524,130.7182944210594,21.4,28.6,27.0,21,3.0,1.0,2.0,0.8,High,Low
Ashutosh Sharma,Delhi Capitals,Rajasthan Royals,2025,1,17.0,121.42857142857142,22.75,143.88990924213883,20.6,20.9,24.0,12,2.0,0.0,1.6,1.2,Low,Low
J Fraser-McGurk,Delhi Capitals,Rajasthan Royals,2025,1,0.0,0.0,26.857142857142858,157.39523373451945,9.2,21.3,50.0,14,0.0,0.0,1.0,0.4,Low,Low
KK Nair,Delhi Capitals,Rajasthan Royals,2025,1,89.0,222.5,22.971014492753625,112.82273376471876,24.0,18.4,17.0,69,12.0,5.0,3.0,1.0,Low,Low
KL Rahul,Delhi Capitals,Rajasthan Royals,2025,1,15.0,115.38461538461536,38.1953125,124.55453437228886,51.0,41.8,44.5625,128,1.0,0.0,3.8,2.6,Moderate,Low
T Stubbs,Delhi Capitals,Rajasthan Royals,2025,1,1.0,25.0,23.772727272727277,138.63542530825458,23.6,27.1,42.5,22,0.0,0.0,2.0,1.0,Moderate,Low
Dhruv Jurel,Rajasthan Royals,Delhi Capitals,2025,2,35.0,152.17391304347828,18.071428571428573,129.05533689101463,17.8,25.1,14.0,28,2.0,2.0,1.8,0.6,Moderate,Low
N Rana,Rajasthan Royals,Delhi Capitals,2025,2,4.0,400.0,25.72897196261682,122.29938649447848,21.2,22.4,30.6,107,1.0,0.0,2.6,1.0,High,Low
R Parag,Rajasthan Royals,Delhi Capitals,2025,2,30.0,136.36363636363637,20.90625,122.1154538582937,32.2,30.2,20.666666666666668,64,3.0,1.0,1.8,2.4,Low,Low
SO Hetmyer,Rajasthan Royals,Delhi Capitals,2025,2,9.0,112.5,19.6056338028169,137.96147101568417,21.4,19.2,18.0,71,1.0,0.0,1.8,1.0,Low,Low
SV Samson,Rajasthan Royals,Delhi Capitals,2025,2,15.0,78.94736842105263,27.452380952380956,118.76390319931554,25.4,25.3,26.2,168,1.0,0.0,2.8,0.6,Moderate,Low
YBK Jaiswal,Rajasthan Royals,Delhi Capitals,2025,2,75.0,159.5744680851064,30.844827586206897,127.49923714075248,36.2,29.7,21.166666666666668,58,10.0,2.0,3.4,1.8,High,Low
R Parag,Rajasthan Royals,Delhi Capitals,2025,3,8.0,72.72727272727273,20.70769230769231,121.35563568704724,28.8,26.3,19.4,65,1.0,0.0,2.0,1.8,Low,Low
SO Hetmyer,Rajasthan Royals,Delhi Capitals,2025,3,15.0,166.66666666666669,19.541666666666668,138.36015428861447,23.0,20.7,17.25,72,1.0,0.0,1.8,1.0,Low,Low
KL Rahul,Delhi Capitals,Rajasthan Royals,2025,4,38.0,118.75,38.1937984496124,124.509537981806,47.6,38.0,44.1764705882353,129,2.0,2.0,3.6,2.4,Low,Low
T Stubbs,Delhi Capitals,Rajasthan Royals,2025,4,34.0,188.88888888888889,24.217391304347824,140.82035850741258,23.6,25.7,39.66666666666666,23,2.0,2.0,2.2,0.8,Low,Low
Abhishek Sharma,Sunrisers Hyderabad,Mumbai Indians,2025,1,141.0,261.11111111111114,23.417910447761194,137.22781298749143,33.6,27.5,16.22222222222222,67,14.0,10.0,3.8,2.0,High,Low
Aniket Verma,Sunrisers Hyderabad,Mumbai Indians,2025,1,18.0,128.57142857142858,28.2,183.86312874117752,28.2,28.2,0.0,5,2.0,0.0,1.6,2.4,Low,Low
H Klaasen,Sunrisers Hyderabad,Mumbai Indians,2025,1,21.0,150.0,30.68421052631579,161.22420884482938,27.8,31.3,27.2,38,2.0,1.0,2.0,1.4,Moderate,Low
Ishan Kishan,Sunrisers Hyderabad,Mumbai Indians,2025,1,9.0,150.0,26.476190476190474,117.28093075432716,6.0,21.2,29.5,105,1.0,0.0,0.6,0.0,Low,Low
Nithish Kumar Reddy,Sunrisers Hyderabad,Mumbai Indians,2025,1,31.0,91.17647058823528,25.9375,121.83903598977128,22.4,19.6,20.0,16,3.0,0.0,2.2,0.4,Low,Low
PJ Cummins,Sunrisers Hyderabad,Mumbai Indians,2025,1,22.0,244.44444444444449,12.977272727272728,128.6673365783449,11.2,15.5,23.875,44,3.0,1.0,1.0,0.8,Low,Low
TM Head,Sunrisers Hyderabad,Mumbai Indians,2025,1,66.0,178.3783783783784,31.806451612903224,140.22829937778863,29.4,24.8,39.75,31,9.0,3.0,4.2,1.2,Moderate,Low
HH Pandya,Mumbai Indians,Sunrisers Hyderabad,2025,2,2.0,50.0,19.385185185185183,140.58294137532474,19.8,15.8,13.666666666666666,135,0.0,0.0,1.4,1.2,Moderate,Low
MJ Santner,Mumbai Indians,Sunrisers Hyderabad,2025,2,8.0,200.0,7.266666666666667,111.61958314589894,8.4,5.6,0.0,15,0.0,1.0,0.4,0.6,Low,Low
Naman Dhir,Mumbai Indians,Sunrisers Hyderabad,2025,2,38.0,223.52941176470588,22.5,160.92342660970112,26.0,22.0,15.0,12,4.0,2.0,2.6,1.2,Low,Low
RD Rickelton,Mumbai Indians,Sunrisers Hyderabad,2025,2,41.0,164.0,24.83333333333333,156.8968253968254,27.2,24.83333333333333,0.0,6,5.0,2.0,3.2,1.4,Moderate,Low
RG Sharma,Mumbai Indians,Sunrisers Hyderabad,2025,2,18.0,150.0,26.01556420233463,112.83308107896195,11.2,16.2,19.08695652173913,257,2.0,1.0,1.2,0.6,Moderate,High
SA Yadav,Mumbai Indians,Sunrisers Hyderabad,2025,2,40.0,142.85714285714286,26.992957746478872,135.0813497520594,42.0,40.8,25.529411764705884,142,5.0,2.0,4.6,1.8,Moderate,Low
Tilak Varma,Mumbai Indians,Sunrisers Hyderabad,2025,2,59.0,178.78787878787878,31.76744186046512,139.8432533839348,42.0,35.3,36.5,43,6.0,3.0,3.4,2.0,Moderate,Low
WG Jacks,Mumbai Indians,Sunrisers Hyderabad,2025,2,1.0,100.0,21.923076923076923,129.84057791993897,11.0,21.5,6.5,13,0.0,0.0,0.8,0.4,Moderate,Low
B Kumar,Royal Challengers Bengaluru,Punjab Kings,2025,1,1.0,25.0,4.529411764705882,83.33806308071014,0.4,5.4,3.333333333333333,68,0.0,0.0,0.0,0.0,Low,Low
JM Sharma,Royal Challengers Bengaluru,Punjab Kings,2025,1,3.0,27.27272727272727,20.45,145.67604578772384,24.0,16.9,0.0,40,0.0,0.0,2.0,1.6,Low,Low
JR Hazlewood,Royal Challengers Bengaluru,Punjab Kings,2025,1,1.0,50.0,3.1666666666666665,67.04545454545455,2.4,3.1666666666666665,7.0,6,0.0,0.0,0.2,0.0,Low,Low
KH Pandya,Royal Challengers Bengaluru,Punjab Kings,2025,1,18.0,100.0,15.181818181818182,120.87198541839444,10.6,10.5,15.2,110,1.0,0.0,1.0,0.2,Low,Low
LS Livingstone,Royal Challengers Bengaluru,Punjab Kings,2025,1,4.0,66.66666666666666,23.227272727272727,132.3394584384761,16.6,13.9,25.0,44,0.0,0.0,0.6,1.4,Low,Low
MS Bhandage,Royal Challengers Bengaluru,Punjab Kings,2025,1,0.0,0.0,0.0,0.0,0.0,0.0,0.0,0,0.0,0.0,0.0,0.0,Low,Low
PD Salt,Royal Challengers Bengaluru,Punjab Kings,2025,1,65.0,196.96969696969697,31.88888888888889,153.5408417864142,30.4,31.9,40.66666666666666,27,5.0,6.0,3.2,2.2,Low,Low
RM Patidar,Royal Challengers Bengaluru,Punjab Kings,2025,1,25.0,108.69565217391305,33.96551724137931,142.73957568953037,37.2,37.0,32.5,29,1.0,1.0,3.4,1.8,Moderate,Low
TH David,Royal Challengers Bengaluru,Punjab Kings,2025,1,37.0,185.0,19.256410256410252,151.16091592335937,18.4,20.5,19.33333333333333,39,2.0,4.0,1.2,1.8,High,Low
V Kohli,Royal Challengers Bengaluru,Punjab Kings,2025,1,62.0,137.77777777777777,32.785714285714285,119.43109352507444,37.8,44.7,49.85714285714285,252,4.0,2.0,3.2,1.4,Low,Low
Yash Dayal,Royal Challengers Bengaluru,Punjab Kings,2025,1,0.0,0.0,0.0,0.0,0.0,0.0,0.0,1,0.0,0.0,0.0,0.0,Low,Low
JP Inglis,Punjab Kings,Royal Challengers Bengaluru,2025,2,2.0,33.33333333333333,2.0,33.33333333333333,2.0,2.0,0.0,1,0.0,0.0,0.0,0.0,Low,Low
MP Stoinis,Punjab Kings,Royal Challengers Bengaluru,2025,2,34.0,309.09090909090907,20.92391304347826,119.03215880829556,17.4,19.3,24.0,92,1.0,4.0,1.4,1.2,Low,Low
N Wadhera,Punjab Kings,Royal Challengers Bengaluru,2025,2,10.0,111.11111111111111,23.857142857142858,134.07927583260644,30.2,21.1,0.0,21,2.0,0.0,2.2,1.8,Moderate,Low
P Simran Singh,Punjab Kings,Royal Challengers Bengaluru,2025,2,30.0,200.0,22.975,125.8841945373654,31.6,27.6,15.5,40,2.0,3.0,4.0,1.4,Low,Low
Priyansh Arya,Punjab Kings,Royal Challengers Bengaluru,2025,2,22.0,183.3333333333333,36.0,167.45210623789626,33.8,36.0,0.0,6,3.0,1.0,2.6,2.8,Low,Low
SS Iyer,Punjab Kings,Royal Challengers Bengaluru,2025,2,0.0,0.0,27.94214876033058,116.8177271830223,30.6,34.4,44.5,121,0.0,0.0,2.2,2.2,Low,Low
Shashank Singh,Punjab Kings,Royal Challengers Bengaluru,2025,2,18.0,105.88235294117648,22.875,140.61579337281935,25.2,21.7,29.0,24,1.0,1.0,1.8,1.2,Low,Low
AR Patel,Delhi Capitals,Gujarat Titans,2025,1,34.0,242.85714285714283,14.991452991452991,128.3078765965118,20.2,21.3,34.25,117,4.0,2.0,2.6,0.8,Moderate,Low
Abishek Porel,Delhi Capitals,Gujarat Titans,2025,1,49.0,132.43243243243242,23.454545454545453,130.7962097852127,31.2,29.9,17.5,22,5.0,1.0,3.0,1.0,Low,Low
Ashutosh Sharma,Delhi Capitals,Gujarat Titans,2025,1,15.0,150.0,22.153846153846157,144.35991622351278,20.2,19.3,17.0,13,2.0,0.0,1.8,1.0,Moderate,Low
D Ferreira,Delhi Capitals,Gujarat Titans,2025,1,7.0,87.5,4.0,60.41666666666666,4.0,4.0,0.0,2,0.0,0.0,0.0,0.0,Low,Low
KK Nair,Delhi Capitals,Gujarat Titans,2025,1,0.0,0.0,22.642857142857142,111.2109804252228,21.0,18.1,0.0,70,0.0,0.0,2.6,1.0,Moderate,Low
KL Rahul,Delhi Capitals,Gujarat Titans,2025,1,7.0,233.33333333333331,37.95384615384615,125.34664409989468,46.0,35.9,27.25,130,1.0,0.0,3.4,2.2,Moderate,Low
Kuldeep Yadav,Delhi Capitals,Gujarat Titans,2025,1,1.0,100.0,5.5588235294117645,76.63330538216715,10.4,6.3,5.0,34,0.0,0.0,1.4,0.2,Low,Low
MA Starc,Delhi Capitals,Gujarat Titans,2025,1,1.0,100.0,6.0,90.41286079649252,1.0,2.3,0.0,18,0.0,0.0,0.0,0.0,Low,Low
T Stubbs,Delhi Capitals,Gujarat Titans,2025,1,6.0,600.0,23.45833333333333,159.95284356960374,20.6,25.9,26.0,24,0.0,1.0,1.6,1.0,Moderate,Low
V Nigam,Delhi Capitals,Gujarat Titans,2025,1,14.0,175.0,18.0,161.66666666666666,18.0,18.0,0.0,3,1.0,1.0,2.0,1.0,Low,Low
B Sai Sudharsan,Gujarat Titans,Delhi Capitals,2025,2,56.0,151.35135135135135,43.96774193548387,135.41714014623926,51.0,58.7,46.333333333333336,31,7.0,1.0,5.2,1.4,Moderate,Low
JC Buttler,Gujarat Titans,Delhi Capitals,2025,2,16.0,114.28571428571428,33.63716814159292,127.43364503052082,32.8,29.2,33.625,113,2.0,0.0,3.4,1.4,High,Low
R Tewatia,Gujarat Titans,Delhi Capitals,2025,2,0.0,0.0,15.338235294117649,132.86905668339116,13.8,19.0,16.0,68,0.0,0.0,1.4,0.8,Low,Low
SE Rutherford,Gujarat Titans,Delhi Capitals,2025,2,22.0,115.78947368421052,17.6,140.6341889105047,22.4,21.0,0.0,15,3.0,0.0,2.0,1.4,High,Low
Shubman Gill,Gujarat Titans,Delhi Capitals,2025,2,60.0,157.89473684210526,32.60952380952381,122.73220152385105,35.0,33.6,28.58333333333333,105,6.0,1.0,4.0,0.6,Low,Low
A Badoni,Lucknow Super Giants,Rajasthan Royals,2025,1,22.0,137.5,18.65853658536585,121.62565629872536,25.4,22.9,5.0,41,1.0,2.0,1.8,1.2,High,Low
AK Markram,Lucknow Super Giants,Rajasthan Royals,2025,1,6.0,100.0,24.551020408163264,118.51192165694822,38.4,26.1,22.5,49,1.0,0.0,4.0,1.6,High,Low
Abdul Samad,Lucknow Super Giants,Rajasthan Royals,2025,1,20.0,181.8181818181818,14.347826086956522,139.54236828608785,11.8,11.2,12.6,46,0.0,2.0,0.8,0.8,Moderate,Low
DA Miller,Lucknow Super Giants,Rajasthan Royals,2025,1,7.0,63.63636363636363,23.23846153846154,125.3238585709291,14.0,22.4,34.72727272727273,130,0.0,0.0,1.6,0.2,Low,Low
MR Marsh,Lucknow Super Giants,Rajasthan Royals,2025,1,30.0,120.0,22.857142857142858,111.87785448065873,44.6,35.6,49.0,42,2.0,2.0,4.8,2.2,Low,Low
N Pooran,Lucknow Super Giants,Rajasthan Royals,2025,1,8.0,88.88888888888889,26.246913580246915,144.36085887865434,42.4,54.1,20.0,81,2.0,0.0,3.2,3.6,Low,Low
RR Pant,Lucknow Super Giants,Rajasthan Royals,2025,1,63.0,128.57142857142858,28.571428571428573,131.47333478967906,20.6,20.7,36.36363636363637,119,4.0,4.0,1.6,1.0,Low,Low
Dhruv Jurel,Rajasthan Royals,Lucknow Super Giants,2025,2,26.0,152.94117647058823,18.344827586206897,129.8789865316896,16.4,24.9,24.0,29,0.0,2.0,0.8,1.0,Low,Low
N Rana,Rajasthan Royals,Lucknow Super Giants,2025,2,51.0,182.14285714285717,25.96296296296296,122.85349270418568,29.8,21.8,17.333333333333332,108,6.0,2.0,3.8,1.4,Low,Low
R Parag,Rajasthan Royals,Lucknow Super Giants,2025,2,4.0,400.0,20.454545454545453,125.57751999481924,22.2,21.9,19.8,66,1.0,0.0,1.8,1.4,Moderate,Low
SB Dubey,Rajasthan Royals,Lucknow Super Giants,2025,2,1.0,33.33333333333333,12.833333333333334,131.66666666666666,13.8,12.833333333333334,0.0,6,0.0,0.0,0.8,1.2,Low,Low
SO Hetmyer,Rajasthan Royals,Lucknow Super Giants,2025,2,6.0,150.0,19.356164383561644,138.51960422986633,20.4,20.0,22.0,73,1.0,0.0,1.8,0.8,Low,Low
V Suryavanshi,Rajasthan Royals,Lucknow Super Giants,2025,2,0.0,0.0,0.0,0.0,0.0,0.0,0.0,0,0.0,0.0,0.0,0.0,Moderate,Low
YBK Jaiswal,Rajasthan Royals,Lucknow Super Giants,2025,2,51.0,137.83783783783784,31.1864406779661,127.67446766104204,40.6,32.4,33.25,59,3.0,4.0,3.6,2.2,High,Low
JP Inglis,Punjab Kings,Royal Challengers Bengaluru,2025,1,14.0,82.35294117647058,8.0,57.843137254901954,8.0,8.0,14.0,2,2.0,0.0,1.0,0.0,Moderate,Low
M Jansen,Punjab Kings,Royal Challengers Bengaluru,2025,1,1.0,50.0,6.8125,88.51375598086125,12.0,7.0,0.0,16,0.0,0.0,0.6,0.6,Moderate,Low
MP Stoinis,Punjab Kings,Royal Challengers Bengaluru,2025,1,7.0,350.0,20.774193548387096,121.5156839823999,13.2,20.0,15.5,93,0.0,1.0,0.4,1.4,Low,Low
N Wadhera,Punjab Kings,Royal Challengers Bengaluru,2025,1,33.0,173.6842105263158,24.272727272727277,135.87950013686594,28.2,24.0,33.0,22,3.0,3.0,2.2,1.6,Low,Low
P Simran Singh,Punjab Kings,Royal Challengers Bengaluru,2025,1,13.0,144.44444444444443,22.73170731707317,126.33688355948928,20.4,25.9,14.666666666666666,41,2.0,0.0,2.6,0.8,Moderate,Low
Priyansh Arya,Punjab Kings,Royal Challengers Bengaluru,2025,1,16.0,145.45454545454547,33.142857142857146,164.30959755456044,35.4,33.142857142857146,16.0,7,1.0,1.0,2.6,3.0,Moderate,Low
SS Iyer,Punjab Kings,Royal Challengers Bengaluru,2025,1,7.0,70.0,27.770491803278688,116.43397532086638,21.6,32.8,32.0,122,0.0,0.0,1.6,1.4,Low,Low
Shashank Singh,Punjab Kings,Royal Challengers Bengaluru,2025,1,1.0,20.0,22.0,135.79116163790658,16.6,19.3,19.666666666666668,25,0.0,0.0,0.6,0.8,Moderate,Low
D Padikkal,Royal Challengers Bengaluru,Punjab Kings,2025,2,40.0,148.14814814814815,23.97142857142857,104.92770799928368,21.8,14.2,26.5,70,5.0,1.0,2.0,1.2,High,Low
JM Sharma,Royal Challengers Bengaluru,Punjab Kings,2025,2,2.0,28.57142857142857,20.0,142.81983561171663,18.0,16.2,2.0,41,0.0,0.0,1.6,1.2,Low,Low
PD Salt,Royal Challengers Bengaluru,Punjab Kings,2025,2,4.0,100.0,30.892857142857142,151.62866886547084,24.8,25.5,31.5,28,1.0,0.0,2.4,2.0,Low,Low
RM Patidar,Royal Challengers Bengaluru,Punjab Kings,2025,2,23.0,127.77777777777776,33.6,142.24084909247196,35.0,39.1,30.6,30,1.0,1.0,2.6,1.8,Low,Low
V Kohli,Royal Challengers Bengaluru,Punjab Kings,2025,2,1.0,33.33333333333333,32.6600790513834,119.09078617253792,31.8,35.6,43.75,253,0.0,0.0,2.8,1.2,High,Low
A Mhatre,Chennai Super Kings,Mumbai Indians,2025,1,0.0,0.0,0.0,0.0,0.0,0.0,0.0,0,0.0,0.0,0.0,0.0,Moderate,Low
J Overton,Chennai Super Kings,Mumbai Indians,2025,1,11.0,275.0,11.0,275.0,11.0,11.0,0.0,1,0.0,1.0,0.0,1.0,Low,Low
MS Dhoni,Chennai Super Kings,Mumbai Indians,2025,1,26.0,236.3636363636364,22.86382978723404,132.97780656450297,20.0,18.1,20.75675675675676,235,4.0,1.0,1.4,1.2,Low,Low
R Ravindra,Chennai Super Kings,Mumbai Indians,2025,1,37.0,168.1818181818182,24.0,119.28389684319475,16.0,27.5,43.0,17,5.0,0.0,2.2,0.0,Low,Low
RA Jadeja,Chennai Super Kings,Mumbai Indians,2025,1,7.0,63.63636363636363,16.315508021390375,131.12957470861667,10.0,15.7,13.625,187,0.0,0.0,0.4,0.4,High,Low
S Dube,Chennai Super Kings,Mumbai Indians,2025,1,43.0,119.44444444444444,24.735294117647054,126.83842521161324,30.4,22.6,20.727272727272727,68,3.0,2.0,2.2,1.4,High,Low
SK Rasheed,Chennai Super Kings,Mumbai Indians,2025,1,27.0,142.10526315789474,27.0,142.10526315789474,27.0,27.0,0.0,1,6.0,0.0,6.0,0.0,Low,Low
RD Rickelton,Mumbai Indians,Chennai Super Kings,2025,2,31.0,140.9090909090909,25.714285714285715,154.61286332714903,32.2,25.714285714285715,13.0,7,5.0,0.0,4.0,1.4,Moderate,Low
RG Sharma,Mumbai Indians,Chennai Super Kings,2025,2,26.0,162.5,26.015503875968992,113.0255885166404,16.4,18.4,25.6,258,0.0,3.0,1.2,1.2,High,Low
SA Yadav,Mumbai Indians,Chennai Super Kings,2025,2,26.0,173.33333333333334,26.986013986013987,135.34884614073962,37.6,37.8,23.0625,143,2.0,2.0,4.8,1.4,High,Low
B Sai Sudharsan,Gujarat Titans,Kolkata Knight Riders,2025,1,36.0,171.42857142857142,43.71875,136.54249737381215,45.6,55.8,53.0,32,5.0,1.0,5.4,1.2,High,Low
JC Buttler,Gujarat Titans,Kolkata Knight Riders,2025,1,97.0,179.62962962962962,34.19298245614035,127.89150454454808,44.4,35.5,36.69230769230769,114,11.0,4.0,4.6,2.0,High,Low
M Shahrukh Khan,Gujarat Titans,Kolkata Knight Riders,2025,1,11.0,183.3333333333333,15.0,151.21791558617085,12.8,17.5,13.4,41,0.0,1.0,0.8,1.0,Low,Low
R Tewatia,Gujarat Titans,Kolkata Knight Riders,2025,1,11.0,366.6666666666666,15.27536231884058,136.25742784256906,15.2,17.8,18.142857142857142,69,1.0,1.0,1.6,1.0,Low,Low
Shubman Gill,Gujarat Titans,Kolkata Knight Riders,2025,1,7.0,140.0,32.367924528301884,122.89510528306,28.8,33.7,31.666666666666668,106,1.0,0.0,3.4,0.4,High,Low
A Raghuvanshi,Kolkata Knight Riders,Gujarat Titans,2025,2,37.0,132.14285714285714,25.615384615384617,144.0829626632794,28.0,24.8,0.0,13,5.0,1.0,3.2,0.8,Moderate,Low
AD Russell,Kolkata Knight Riders,Gujarat Titans,2025,2,17.0,154.54545454545453,22.92727272727273,150.41246657391684,6.8,12.8,27.666666666666668,110,1.0,2.0,0.6,0.6,Moderate,Low
AM Rahane,Kolkata Knight Riders,Gujarat Titans,2025,2,17.0,100.0,27.320224719101123,106.60858652385906,29.4,26.4,14.25,178,1.0,1.0,2.4,1.8,High,Low
Harshit Rana,Kolkata Knight Riders,Gujarat Titans,2025,2,3.0,50.0,3.4285714285714284,71.65532879818593,4.4,3.4285714285714284,0.0,7,0.0,0.0,0.6,0.0,Low,Low
MM Ali,Kolkata Knight Riders,Gujarat Titans,2025,2,5.0,41.66666666666667,20.120689655172413,118.92565243165927,20.6,16.0,22.0,58,0.0,0.0,1.4,1.0,Low,Low
RK Singh,Kolkata Knight Riders,Gujarat Titans,2025,2,2.0,22.22222222222222,21.93478260869565,138.5841266621537,20.8,17.2,34.0,46,0.0,0.0,2.4,1.0,Low,Low
Rahmanullah Gurbaz,Kolkata Knight Riders,Gujarat Titans,2025,2,39.0,121.875,22.23076923076923,101.71111498817224,18.2,19.5,48.0,13,5.0,2.0,1.6,1.2,Low,Low
Ramandeep Singh,Kolkata Knight Riders,Gujarat Titans,2025,2,0.0,0.0,11.705882352941176,152.4264705882353,9.2,10.4,0.0,17,0.0,0.0,0.4,0.6,Low,Low
SP Narine,Kolkata Knight Riders,Gujarat Titans,2025,2,5.0,125.0,14.857142857142858,124.40717636390526,17.2,23.8,2.5,112,1.0,0.0,1.4,1.6,Low,Low
VR Iyer,Kolkata Knight Riders,Gujarat Titans,2025,2,7.0,175.0,26.796296296296298,125.78761772222036,24.2,33.7,37.0,54,0.0,0.0,2.8,0.8,Low,Low
A Badoni,Lucknow Super Giants,Delhi Capitals,2025,1,50.0,147.05882352941177,19.404761904761905,122.23120789945597,34.2,26.4,18.6,42,5.0,1.0,2.6,1.4,Moderate,Low
AK Markram,Lucknow Super Giants,Delhi Capitals,2025,1,66.0,146.66666666666666,25.38,119.0750165571426,46.0,29.5,13.8,50,5.0,3.0,4.2,2.0,High,Low
Abdul Samad,Lucknow Super Giants,Delhi Capitals,2025,1,30.0,300.0,14.680851063829786,142.95636045021365,12.4,13.1,22.8,47,0.0,4.0,0.4,1.2,Low,Low
DA Miller,Lucknow Super Giants,Delhi Capitals,2025,1,7.0,87.5,23.11450381679389,125.03512682611284,12.8,17.6,25.4,131,0.0,0.0,1.2,0.2,Low,Low
MR Marsh,Lucknow Super Giants,Delhi Capitals,2025,1,4.0,66.66666666666666,22.41860465116279,110.8264315082403,35.0,34.0,72.0,43,0.0,0.0,3.4,1.8,High,Low
N Pooran,Lucknow Super Giants,Delhi Capitals,2025,1,11.0,137.5,26.0609756097561,144.27718986793903,35.8,50.4,32.888888888888886,82,2.0,0.0,2.6,3.2,Low,Low
RR Pant,Lucknow Super Giants,Delhi Capitals,2025,1,3.0,33.33333333333333,28.35833333333333,130.6555014442095,18.2,18.1,0.0,120,0.0,0.0,1.6,0.8,Low,Low
AR Patel,Delhi Capitals,Lucknow Super Giants,2025,2,39.0,121.875,15.194915254237287,128.25336069315154,23.6,24.1,23.5,118,1.0,2.0,2.2,1.0,Moderate,Low
Abishek Porel,Delhi Capitals,Lucknow Super Giants,2025,2,18.0,200.0,23.217391304347824,133.8050702293339,28.0,29.9,29.0,23,3.0,1.0,3.2,0.8,High,Low
KK Nair,Delhi Capitals,Lucknow Super Giants,2025,2,31.0,172.22222222222223,22.76056338028169,112.07029368996926,27.2,21.1,0.0,71,2.0,2.0,3.0,1.4,Low,Low
KL Rahul,Delhi Capitals,Lucknow Super Giants,2025,2,28.0,200.0,37.87786259541985,125.916517045697,36.2,36.2,0.0,131,4.0,1.0,3.0,1.8,High,Low
A Manohar,Sunrisers Hyderabad,Mumbai Indians,2025,1,4.0,66.66666666666666,13.166666666666666,96.1007511007511,3.0,11.5,22.0,18,0.0,0.0,0.2,0.0,High,Low
Abhishek Sharma,Sunrisers Hyderabad,Mumbai Indians,2025,1,40.0,142.85714285714286,23.66176470588235,137.3105972502804,40.4,24.9,18.6,68,7.0,0.0,5.0,2.0,Low,Low
Aniket Verma,Sunrisers Hyderabad,Mumbai Indians,2025,1,18.0,225.0,26.5,190.7192739509813,30.4,26.5,18.0,6,0.0,2.0,1.6,2.6,Low,Low
H Klaasen,Sunrisers Hyderabad,Mumbai Indians,2025,1,37.0,132.14285714285714,30.846153846153847,160.4785331601634,30.0,30.8,28.83333333333333,39,3.0,2.0,2.2,1.6,High,Low
HV Patel,Sunrisers Hyderabad,Mumbai Indians,2025,1,3.0,60.0,6.725,100.32822406351818,6.4,4.0,4.0,40,0.0,0.0,0.2,0.2,Low,Low
Ishan Kishan,Sunrisers Hyderabad,Mumbai Indians,2025,1,2.0,66.66666666666666,26.245283018867923,116.8034376968964,6.4,20.1,20.33333333333333,106,0.0,0.0,0.6,0.0,Low,Low
Nithish Kumar Reddy,Sunrisers Hyderabad,Mumbai Indians,2025,1,19.0,90.47619047619048,25.529411764705884,119.99416272426652,20.2,19.5,19.5,17,1.0,0.0,1.6,0.2,Low,Low
PJ Cummins,Sunrisers Hyderabad,Mumbai Indians,2025,1,8.0,200.0,12.866666666666667,130.2525068766039,12.8,15.8,22.11111111111111,45,0.0,1.0,1.0,1.0,Low,Low
TM Head,Sunrisers Hyderabad,Mumbai Indians,2025,1,28.0,100.0,31.6875,138.97116502223273,25.6,27.6,37.4,32,3.0,0.0,3.8,0.6,Low,Low
RD Rickelton,Mumbai Indians,Sunrisers Hyderabad,2025,2,24.0,126.3157894736842,25.5,151.07572909546593,24.6,25.5,31.0,8,3.0,1.0,3.8,0.6,Low,Low
RG Sharma,Mumbai Indians,Sunrisers Hyderabad,2025,2,76.0,168.88888888888889,26.20849420849421,113.24127693506608,30.0,24.9,19.375,259,4.0,6.0,1.6,2.4,High,Low
SA Yadav,Mumbai Indians,Sunrisers Hyderabad,2025,2,68.0,226.66666666666663,27.27083333333333,135.9829976721697,45.8,34.4,25.55555555555556,144,6.0,5.0,5.4,2.0,High,Low
Tilak Varma,Mumbai Indians,Sunrisers Hyderabad,2025,2,21.0,123.52941176470588,31.522727272727277,139.47248425622507,40.0,31.1,33.4,44,2.0,0.0,3.4,1.6,Low,Low
WG Jacks,Mumbai Indians,Sunrisers Hyderabad,2025,2,36.0,138.46153846153845,22.928571428571427,130.4563608157675,16.0,24.5,16.333333333333332,14,3.0,2.0,1.0,0.8,Moderate,Low
D Padikkal,Royal Challengers Bengaluru,Rajasthan Royals,2025,1,61.0,174.28571428571428,24.492957746478872,105.90458132726155,28.6,19.6,43.5,71,6.0,4.0,2.8,1.6,High,Low
JM Sharma,Royal Challengers Bengaluru,Rajasthan Royals,2025,1,11.0,137.5,19.785714285714285,142.69317285905672,17.8,16.0,32.0,42,0.0,1.0,1.4,1.2,Moderate,Low
PD Salt,Royal Challengers Bengaluru,Rajasthan Royals,2025,1,1.0,33.33333333333333,29.86206896551724,147.54951936436265,22.2,25.1,37.5,29,0.0,0.0,2.2,1.8,Moderate,Low
RM Patidar,Royal Challengers Bengaluru,Rajasthan Royals,2025,1,12.0,92.3076923076923,32.903225806451616,140.63010209941456,27.2,34.8,36.0,31,1.0,0.0,2.0,1.2,Low,Low
TH David,Royal Challengers Bengaluru,Rajasthan Royals,2025,1,50.0,200.0,20.025,152.38189302527536,28.4,24.1,17.2,40,5.0,3.0,2.2,2.4,Moderate,Low
V Kohli,Royal Challengers Bengaluru,Rajasthan Royals,2025,1,73.0,135.1851851851852,32.818897637795274,119.15414994817826,45.0,40.2,26.64516129032258,254,7.0,1.0,4.0,1.4,High,Low
Dhruv Jurel,Rajasthan Royals,Royal Challengers Bengaluru,2025,2,6.0,120.0,17.933333333333334,129.54968698063328,17.0,25.5,15.0,30,0.0,0.0,0.8,1.0,High,Low
Fazalhaq Farooqi,Rajasthan Royals,Royal Challengers Bengaluru,2025,2,1.0,20.0,1.5,22.5,1.5,1.5,0.0,2,0.0,0.0,0.0,0.0,Low,Low
JC Archer,Rajasthan Royals,Royal Challengers Bengaluru,2025,2,4.0,100.0,8.148148148148149,130.1034151034151,4.8,5.0,0.0,27,0.0,0.0,0.0,0.4,Low,Low
N Rana,Rajasthan Royals,Royal Challengers Bengaluru,2025,2,8.0,114.28571428571428,25.79816513761468,122.77488923245656,15.2,21.8,4.0,109,0.0,1.0,1.8,0.6,Moderate,Low
PWH de Silva,Rajasthan Royals,Royal Challengers Bengaluru,2025,2,4.0,80.0,5.0,89.72292510121457,6.6,4.2,0.0,16,0.0,0.0,0.6,0.0,Low,Low
R Parag,Rajasthan Royals,Royal Challengers Bengaluru,2025,2,39.0,150.0,20.73134328358209,125.94203462176225,21.4,22.2,23.33333333333333,67,3.0,2.0,1.8,1.2,Moderate,Low
SB Dubey,Rajasthan Royals,Royal Challengers Bengaluru,2025,2,3.0,100.0,11.428571428571429,127.14285714285714,9.4,11.428571428571429,0.0,7,0.0,0.0,0.4,0.8,Low,Low
SO Hetmyer,Rajasthan Royals,Royal Challengers Bengaluru,2025,2,12.0,171.42857142857142,19.25675675675676,138.9643200028218,18.8,18.6,15.333333333333334,74,2.0,0.0,1.8,0.6,Low,Low
TU Deshpande,Rajasthan Royals,Royal Challengers Bengaluru,2025,2,3.0,100.0,3.857142857142857,86.5079365079365,1.2,3.857142857142857,0.0,7,0.0,0.0,0.0,0.0,Low,Low
V Suryavanshi,Rajasthan Royals,Royal Challengers Bengaluru,2025,2,34.0,170.0,34.0,170.0,34.0,34.0,0.0,1,2.0,3.0,2.0,3.0,Low,Low
YBK Jaiswal,Rajasthan Royals,Royal Challengers Bengaluru,2025,2,74.0,142.30769230769232,31.9,127.91835473848622,54.6,39.4,40.0,60,5.0,4.0,4.4,3.0,High,Low
A Kamboj,Chennai Super Kings,Sunrisers Hyderabad,2025,1,3.0,100.0,2.5,100.0,2.5,2.5,0.0,2,0.0,0.0,0.0,0.0,Low,Low
A Mhatre,Chennai Super Kings,Sunrisers Hyderabad,2025,1,32.0,213.33333333333331,32.0,213.33333333333331,32.0,32.0,0.0,1,4.0,2.0,4.0,2.0,Moderate,Low
D Brevis,Chennai Super Kings,Sunrisers Hyderabad,2025,1,23.0,115.0,23.0,112.51370909791964,21.8,23.0,0.0,10,1.0,2.0,0.8,1.6,High,Low
DJ Hooda,Chennai Super Kings,Sunrisers Hyderabad,2025,1,0.0,0.0,14.73,115.88283046419856,3.6,11.6,15.166666666666666,100,0.0,0.0,0.4,0.0,Moderate,Low
KK Ahmed,Chennai Super Kings,Sunrisers Hyderabad,2025,1,0.0,0.0,0.2,10.0,0.2,0.2,0.0,5,0.0,0.0,0.0,0.0,Low,Low
MS Dhoni,Chennai Super Kings,Sunrisers Hyderabad,2025,1,4.0,66.66666666666666,22.783898305084747,132.6968271581562,17.6,18.5,24.7,236,0.0,0.0,1.2,1.0,Low,Low
Noor Ahmad,Chennai Super Kings,Sunrisers Hyderabad,2025,1,1.0,12.5,2.0,57.15986394557823,2.6,2.0,0.0,7,0.0,0.0,0.4,0.0,Low,Low
RA Jadeja,Chennai Super Kings,Sunrisers Hyderabad,2025,1,53.0,151.42857142857142,16.51063829787234,131.23754809542496,14.2,19.2,15.058823529411764,188,4.0,2.0,0.8,0.6,Moderate,Low
S Dube,Chennai Super Kings,Sunrisers Hyderabad,2025,1,50.0,156.25,25.10144927536232,127.2646799186913,36.8,25.5,17.833333333333332,69,2.0,4.0,2.4,1.8,Low,Low
SK Rasheed,Chennai Super Kings,Sunrisers Hyderabad,2025,1,19.0,95.0,23.0,118.55263157894736,23.0,23.0,0.0,2,1.0,0.0,3.5,0.0,Low,Low
SM Curran,Chennai Super Kings,Sunrisers Hyderabad,2025,1,8.0,61.53846153846154,17.9,123.73881634658146,20.8,19.1,20.4,50,0.0,0.0,1.4,0.6,Low,Low
Abhishek Sharma,Sunrisers Hyderabad,Chennai Super Kings,2025,2,8.0,100.0,23.43478260869565,136.76986395679808,41.8,25.4,31.375,69,0.0,1.0,5.0,2.2,Low,Low
Aniket Verma,Sunrisers Hyderabad,Chennai Super Kings,2025,2,12.0,85.71428571428571,24.428571428571427,175.71856134573906,25.6,24.428571428571427,0.0,7,1.0,0.0,1.8,1.6,Low,Low
H Klaasen,Sunrisers Hyderabad,Chennai Super Kings,2025,2,71.0,161.36363636363637,31.85,160.50066074025025,37.8,34.7,13.5,40,9.0,2.0,3.6,1.6,Low,Low
Ishan Kishan,Sunrisers Hyderabad,Chennai Super Kings,2025,2,1.0,25.0,26.009345794392523,115.94546164365438,6.2,19.3,23.8,107,0.0,0.0,0.6,0.0,High,Low
Nithish Kumar Reddy,Sunrisers Hyderabad,Chennai Super Kings,2025,2,2.0,33.33333333333333,24.22222222222222,115.17967220254802,14.2,16.0,14.5,18,0.0,0.0,1.2,0.2,Low,Low
PHKD Mendis,Sunrisers Hyderabad,Chennai Super Kings,2025,2,1.0,20.0,14.0,77.5,14.0,14.0,0.0,2,0.0,0.0,0.5,1.0,Moderate,Low
TM Head,Sunrisers Hyderabad,Chennai Super Kings,2025,2,0.0,0.0,30.727272727272727,134.7599175973166,21.2,27.6,22.0,33,0.0,0.0,3.0,0.6,Low,Low
GJ Maxwell,Punjab Kings,Kolkata Knight Riders,2025,1,7.0,70.0,20.99253731343284,123.54133773590476,8.2,6.2,23.19047619047619,134,1.0,0.0,0.8,0.2,Low,Low
JP Inglis,Punjab Kings,Kolkata Knight Riders,2025,1,29.0,170.58823529411765,15.0,95.42483660130718,15.0,15.0,2.0,3,2.0,1.0,1.3333333333333333,0.3333333333333333,Low,Low
M Jansen,Punjab Kings,Kolkata Knight Riders,2025,1,25.0,125.0,7.882352941176471,90.66000562904588,13.6,9.3,0.8,17,0.0,2.0,0.4,0.8,Low,Low
P Simran Singh,Punjab Kings,Kolkata Knight Riders,2025,1,33.0,194.11764705882356,22.976190476190474,127.95071126185437,23.6,28.6,24.6,42,5.0,1.0,3.2,1.0,High,Low
Priyansh Arya,Punjab Kings,Kolkata Knight Riders,2025,1,22.0,146.66666666666666,31.75,162.10423119357372,39.8,31.75,22.0,8,3.0,1.0,3.2,3.2,High,Low
SS Iyer,Punjab Kings,Kolkata Knight Riders,2025,1,6.0,60.0,27.59349593495935,115.97516251337969,20.8,32.7,28.75,123,1.0,0.0,1.4,1.4,Moderate,Low
Rahmanullah Gurbaz,Kolkata Knight Riders,Punjab Kings,2025,2,1.0,25.0,20.714285714285715,96.2317496318742,14.8,19.6,18.5,14,0.0,0.0,1.4,0.8,Low,Low
SP Narine,Kolkata Knight Riders,Punjab Kings,2025,2,17.0,130.76923076923077,14.876106194690266,124.46347773032409,20.6,17.4,17.2,113,2.0,1.0,1.8,1.8,Low,Low
C Bosch,Mumbai Indians,Lucknow Super Giants,2025,1,0.0,0.0,0.0,0.0,0.0,0.0,0.0,0,0.0,0.0,0.0,0.0,Moderate,Low
DL Chahar,Mumbai Indians,Lucknow Super Giants,2025,1,0.0,0.0,7.714285714285714,91.54761904761904,6.0,5.4,0.0,14,0.0,0.0,0.4,0.4,Low,Low
HH Pandya,Mumbai Indians,Lucknow Super Giants,2025,1,21.0,233.33333333333331,19.397058823529413,141.26492955148657,20.8,16.9,25.571428571428573,136,3.0,1.0,1.8,1.2,Low,Low
Naman Dhir,Mumbai Indians,Lucknow Super Giants,2025,1,0.0,0.0,20.76923076923077,148.54470148587797,22.6,22.0,54.0,13,0.0,0.0,2.4,1.2,Moderate,Low
RD Rickelton,Mumbai Indians,Lucknow Super Giants,2025,1,11.0,137.5,23.88888888888889,149.56731475152526,24.8,23.88888888888889,10.0,9,2.0,0.0,3.8,0.6,High,Low
RG Sharma,Mumbai Indians,Lucknow Super Giants,2025,1,70.0,152.17391304347828,26.37692307692308,113.39101784317536,41.4,31.5,27.5,260,8.0,3.0,3.2,2.8,Low,Low
SA Yadav,Mumbai Indians,Lucknow Super Giants,2025,1,40.0,210.52631578947367,27.35862068965517,136.49708952125454,40.4,37.3,23.0,145,5.0,2.0,4.6,2.2,High,Low
Tilak Varma,Mumbai Indians,Lucknow Super Giants,2025,1,2.0,100.0,30.866666666666667,138.59531793942008,32.6,30.6,24.4,45,0.0,0.0,2.8,1.4,Low,Low
WG Jacks,Mumbai Indians,Lucknow Super Giants,2025,1,22.0,115.78947368421052,22.866666666666667,129.47856834033036,17.2,16.7,5.0,15,2.0,1.0,1.4,0.8,Moderate,Low
A Badoni,Lucknow Super Giants,Mumbai Indians,2025,2,36.0,171.42857142857142,19.79069767441861,123.3753326326912,33.2,24.5,14.6,43,6.0,0.0,3.6,0.8,Moderate,Low
AK Markram,Lucknow Super Giants,Mumbai Indians,2025,2,52.0,157.57575757575756,25.90196078431373,119.82993304770366,45.8,34.6,29.0,51,2.0,3.0,4.2,1.8,Low,Low
Abdul Samad,Lucknow Super Giants,Mumbai Indians,2025,2,2.0,25.0,14.416666666666666,140.49893627416753,12.0,11.7,7.5,48,0.0,0.0,0.2,1.2,Low,Low
Avesh Khan,Lucknow Super Giants,Mumbai Indians,2025,2,2.0,200.0,3.909090909090909,147.57575757575756,2.4,3.9,2.0,11,0.0,0.0,0.2,0.0,Low,Low
DA Miller,Lucknow Super Giants,Mumbai Indians,2025,2,14.0,93.33333333333331,23.045454545454547,124.79496172389484,11.8,16.4,23.705882352941178,132,1.0,0.0,0.8,0.2,Moderate,Low
DS Rathi,Lucknow Super Giants,Mumbai Indians,2025,2,0.0,0.0,0.0,0.0,0.0,0.0,0.0,0,0.0,0.0,0.0,0.0,Low,Low
MR Marsh,Lucknow Super Giants,Mumbai Indians,2025,2,45.0,125.0,22.931818181818183,111.1485580648712,44.0,36.2,32.666666666666664,44,3.0,1.0,4.0,2.0,Moderate,Low
N Pooran,Lucknow Super Giants,Mumbai Indians,2025,2,9.0,180.0,25.85542168674699,144.70758517073494,35.2,45.2,21.7,83,2.0,0.0,2.8,3.0,Moderate,Low
Prince Yadav,Lucknow Super Giants,Mumbai Indians,2025,2,0.0,0.0,0.0,0.0,0.0,0.0,0.0,0,0.0,0.0,0.0,0.0,Low,Low
RR Pant,Lucknow Super Giants,Mumbai Indians,2025,2,0.0,0.0,28.12396694214876,129.57570391161275,17.8,15.4,23.764705882352946,121,0.0,0.0,1.6,0.8,Low,Low
Ravi Bishnoi,Lucknow Super Giants,Mumbai Indians,2025,2,0.0,0.0,2.1333333333333333,68.49206349206348,1.4,2.1,2.0,15,0.0,0.0,0.0,0.0,Low,Low
AR Patel,Delhi Capitals,Royal Challengers Bengaluru,2025,1,34.0,170.0,15.352941176470589,128.60417278816706,26.2,26.0,36.0,119,1.0,4.0,2.0,1.6,Low,Low
Abishek Porel,Delhi Capitals,Royal Challengers Bengaluru,2025,1,51.0,141.66666666666669,24.375,134.13263674755612,31.6,28.5,4.5,24,5.0,1.0,3.4,0.8,Moderate,Low
Ashutosh Sharma,Delhi Capitals,Royal Challengers Bengaluru,2025,1,37.0,194.73684210526315,23.214285714285715,147.95826807220922,27.2,16.9,8.0,14,2.0,3.0,2.2,1.6,Low,Low
F du Plessis,Delhi Capitals,Royal Challengers Bengaluru,2025,1,2.0,28.57142857142857,32.99290780141844,122.38413862801646,30.4,28.0,2.0,141,0.0,0.0,2.2,1.8,Moderate,Low
KK Nair,Delhi Capitals,Royal Challengers Bengaluru,2025,1,15.0,166.66666666666669,22.65277777777778,112.82857664797896,29.6,17.2,0.0,72,2.0,1.0,3.4,1.6,Low,Low
KL Rahul,Delhi Capitals,Royal Challengers Bengaluru,2025,1,57.0,135.71428571428572,38.02272727272727,125.99074256591358,29.0,39.0,56.5,132,3.0,3.0,2.2,1.2,High,Low
PVD Chameera,Delhi Capitals,Royal Challengers Bengaluru,2025,1,11.0,275.0,6.142857142857143,109.14965986394556,5.8,6.142857142857143,0.0,7,1.0,1.0,0.2,0.6,Low,Low
T Stubbs,Delhi Capitals,Royal Challengers Bengaluru,2025,1,31.0,147.61904761904762,23.76,159.4594917315815,22.0,24.9,20.5,25,2.0,1.0,1.6,1.0,Moderate,Low
V Nigam,Delhi Capitals,Royal Challengers Bengaluru,2025,1,0.0,0.0,13.5,121.25,13.5,13.5,0.0,4,0.0,0.0,1.5,0.75,Low,Low
D Padikkal,Royal Challengers Bengaluru,Delhi Capitals,2025,2,50.0,185.1851851851852,24.84722222222222,107.00570082528829,37.8,24.3,22.125,72,4.0,3.0,3.4,2.2,Low,Low
JG Bethell,Royal Challengers Bengaluru,Delhi Capitals,2025,2,0.0,0.0,0.0,0.0,0.0,0.0,0.0,0,0.0,0.0,0.0,0.0,Low,Low
KH Pandya,Royal Challengers Bengaluru,Delhi Capitals,2025,2,1.0,50.0,15.054054054054054,120.23349906327378,7.2,9.9,14.692307692307692,111,0.0,0.0,0.6,0.2,High,Low
RM Patidar,Royal Challengers Bengaluru,Delhi Capitals,2025,2,1.0,33.33333333333333,31.90625,137.27707807547452,25.0,29.7,36.0,32,0.0,0.0,1.6,1.2,Low,Low
TH David,Royal Challengers Bengaluru,Delhi Capitals,2025,2,23.0,153.33333333333334,20.09756097560976,152.40509888644752,28.6,26.1,29.666666666666668,41,2.0,1.0,2.4,2.0,Low,Low
V Kohli,Royal Challengers Bengaluru,Delhi Capitals,2025,2,70.0,166.66666666666669,32.96470588235294,119.34047354315273,45.6,42.5,28.90909090909091,255,8.0,2.0,4.0,1.4,High,Low
B Sai Sudharsan,Gujarat Titans,Rajasthan Royals,2025,1,52.0,144.44444444444443,43.96969696969697,136.78195031534645,46.2,52.6,45.66666666666666,33,6.0,1.0,5.2,1.2,Moderate,Low
JC Buttler,Gujarat Titans,Rajasthan Royals,2025,1,41.0,178.26086956521738,34.25217391304348,128.32949902298867,38.0,39.6,36.0,115,8.0,0.0,5.2,0.8,High,Low
M Shahrukh Khan,Gujarat Titans,Rajasthan Royals,2025,1,11.0,220.00000000000003,14.904761904761903,152.85558426269057,14.6,18.6,21.6,42,0.0,1.0,0.8,1.2,Low,Low
R Tewatia,Gujarat Titans,Rajasthan Royals,2025,1,0.0,0.0,15.057142857142855,134.31089315910378,8.2,14.8,15.666666666666666,70,0.0,0.0,0.6,0.8,Low,Low
Shubman Gill,Gujarat Titans,Rajasthan Royals,2025,1,90.0,166.66666666666669,32.90654205607477,123.3041852959909,44.0,41.1,31.857142857142858,107,10.0,3.0,5.2,0.8,High,Low
Washington Sundar,Gujarat Titans,Rajasthan Royals,2025,1,2.0,66.66666666666666,10.725,106.66441950618449,16.8,14.5,25.33333333333333,40,0.0,0.0,1.8,0.4,Low,Low
N Rana,Rajasthan Royals,Gujarat Titans,2025,2,28.0,127.27272727272728,25.818181818181817,122.81577866918632,18.4,23.7,13.0,110,3.0,1.0,2.0,0.8,Low,Low
R Parag,Rajasthan Royals,Gujarat Titans,2025,2,22.0,220.00000000000003,20.75,127.3252399949716,20.6,23.8,21.142857142857142,68,2.0,2.0,2.0,1.0,Moderate,Low
V Suryavanshi,Rajasthan Royals,Gujarat Titans,2025,2,16.0,133.33333333333331,25.0,151.66666666666666,25.0,25.0,0.0,2,0.0,2.0,1.0,2.5,High,Low
YBK Jaiswal,Rajasthan Royals,Gujarat Titans,2025,2,49.0,257.89473684210526,32.18032786885246,130.04911510084065,51.0,39.8,11.666666666666666,61,7.0,3.0,5.2,2.6,High,Low
A Raghuvanshi,Kolkata Knight Riders,Delhi Capitals,2025,1,27.0,207.6923076923077,25.714285714285715,148.62648730821,29.0,24.5,54.0,14,3.0,1.0,3.4,1.0,High,Low
AD Russell,Kolkata Knight Riders,Delhi Capitals,2025,1,21.0,140.0,22.90990990990991,150.31866056874642,10.2,12.2,30.22222222222222,111,3.0,1.0,1.0,0.8,Low,Low
AM Rahane,Kolkata Knight Riders,Delhi Capitals,2025,1,50.0,138.88888888888889,27.44692737430168,106.78892340857988,37.2,30.5,36.2,179,5.0,1.0,3.2,1.8,Moderate,Low
AS Roy,Kolkata Knight Riders,Delhi Capitals,2025,1,3.0,100.0,4.333333333333333,77.61904761904762,5.2,4.333333333333333,0.0,6,0.0,0.0,0.6,0.0,Low,Low
CV Varun,Kolkata Knight Riders,Delhi Capitals,2025,1,0.0,0.0,2.5,56.583333333333336,2.6,2.5,1.0,10,0.0,0.0,0.4,0.0,Low,Low
Harshit Rana,Kolkata Knight Riders,Delhi Capitals,2025,1,1.0,50.0,3.125,68.9484126984127,4.6,3.125,0.0,8,0.0,0.0,0.6,0.0,Low,Low
R Powell,Kolkata Knight Riders,Delhi Capitals,2025,1,6.0,50.0,16.363636363636363,119.12799210593327,13.2,11.0,13.0,22,0.0,0.0,1.4,0.6,Low,Low
RK Singh,Kolkata Knight Riders,Delhi Capitals,2025,1,17.0,121.42857142857142,21.829787234042552,138.21911484867323,20.8,17.8,16.5,47,1.0,1.0,2.4,1.0,Moderate,Low
Rahmanullah Gurbaz,Kolkata Knight Riders,Delhi Capitals,2025,1,1.0,33.33333333333333,19.4,92.03852187863816,14.8,18.9,0.0,15,0.0,0.0,1.4,0.8,Moderate,Low
SP Narine,Kolkata Knight Riders,Delhi Capitals,2025,1,4.0,133.33333333333331,14.780701754385966,124.54128348122768,20.0,17.8,19.6,114,1.0,0.0,2.0,1.6,Moderate,Low
VR Iyer,Kolkata Knight Riders,Delhi Capitals,2025,1,14.0,73.68421052631578,26.563636363636363,124.84028304593116,25.8,28.1,17.714285714285715,55,0.0,0.0,2.6,0.8,Low,Low
AR Patel,Delhi Capitals,Kolkata Knight Riders,2025,2,15.0,115.38461538461536,15.35,128.49400980980414,26.2,26.0,9.529411764705882,120,1.0,1.0,1.8,1.8,High,Low
Abishek Porel,Delhi Capitals,Kolkata Knight Riders,2025,2,28.0,254.54545454545453,24.52,138.94914945947204,35.8,31.1,9.0,25,2.0,2.0,3.6,1.2,Low,Low
Ashutosh Sharma,Delhi Capitals,Kolkata Knight Riders,2025,2,2.0,66.66666666666666,21.8,142.5388279785064,14.4,16.8,0.0,15,0.0,0.0,1.2,0.6,Low,Low
F du Plessis,Delhi Capitals,Kolkata Knight Riders,2025,2,22.0,88.0,32.91549295774648,122.1419968066924,24.0,27.7,27.05555555555556,142,2.0,0.0,2.0,1.2,High,Low
KK Nair,Delhi Capitals,Kolkata Knight Riders,2025,2,4.0,100.0,22.3972602739726,112.65284272129428,27.8,17.1,18.7,73,1.0,0.0,3.4,1.6,Low,Low
KL Rahul,Delhi Capitals,Kolkata Knight Riders,2025,2,41.0,105.12820512820514,38.04511278195488,125.83388138217144,34.2,42.6,36.785714285714285,133,3.0,0.0,2.6,1.2,Low,Low
Kuldeep Yadav,Delhi Capitals,Kolkata Knight Riders,2025,2,4.0,400.0,5.514285714285714,85.87235379981952,4.2,6.7,35.0,35,1.0,0.0,0.6,0.0,Low,Low
MA Starc,Delhi Capitals,Kolkata Knight Riders,2025,2,2.0,100.0,5.789473684210527,90.91744707036132,1.4,1.6,12.0,19,0.0,0.0,0.0,0.0,Low,Low
PVD Chameera,Delhi Capitals,Kolkata Knight Riders,2025,2,0.0,0.0,5.375,95.50595238095238,5.6,5.375,0.0,8,0.0,0.0,0.2,0.6,Low,Low
T Stubbs,Delhi Capitals,Kolkata Knight Riders,2025,2,34.0,188.88888888888889,24.153846153846157,160.59139162224716,21.2,28.0,29.0,26,5.0,1.0,1.8,1.0,Low,Low
V Nigam,Delhi Capitals,Kolkata Knight Riders,2025,2,12.0,200.0,13.2,137.0,13.2,13.2,0.0,5,1.0,1.0,1.4,0.8,Moderate,Low
A Kamboj,Chennai Super Kings,Punjab Kings,2025,1,2.0,50.0,2.333333333333333,83.33333333333333,2.333333333333333,2.333333333333333,0.0,3,0.0,0.0,0.0,0.0,Low,Low
A Mhatre,Chennai Super Kings,Punjab Kings,2025,1,30.0,157.89473684210526,31.0,185.6140350877193,31.0,31.0,0.0,2,6.0,0.0,5.0,1.0,Low,Low
D Brevis,Chennai Super Kings,Punjab Kings,2025,1,42.0,168.0,24.727272727272727,117.55791736174513,29.6,24.3,49.0,11,1.0,4.0,1.0,2.4,Moderate,Low
DJ Hooda,Chennai Super Kings,Punjab Kings,2025,1,22.0,110.0,14.801980198019802,115.82458461801836,8.0,13.0,15.666666666666666,101,1.0,1.0,0.6,0.2,Low,Low
MS Dhoni,Chennai Super Kings,Punjab Kings,2025,1,6.0,60.0,22.71308016877637,132.3900894908222,12.8,16.5,14.428571428571429,237,1.0,0.0,1.2,0.8,Low,Low
Noor Ahmad,Chennai Super Kings,Punjab Kings,2025,1,2.0,66.66666666666666,2.0,58.34821428571428,1.6,2.0,0.0,8,0.0,0.0,0.2,0.0,Low,Low
RA Jadeja,Chennai Super Kings,Punjab Kings,2025,1,21.0,123.52941176470588,16.534391534391535,131.19676430531533,18.0,20.8,14.571428571428571,189,1.0,1.0,1.0,0.8,Low,Low
S Dube,Chennai Super Kings,Punjab Kings,2025,1,12.0,133.33333333333331,24.914285714285715,127.3513749674719,35.6,24.9,22.571428571428573,70,2.0,0.0,2.6,1.6,Low,Low
SK Rasheed,Chennai Super Kings,Punjab Kings,2025,1,0.0,0.0,15.333333333333334,79.03508771929825,15.333333333333334,15.333333333333334,0.0,3,0.0,0.0,2.333333333333333,0.0,Low,Low
SM Curran,Chennai Super Kings,Punjab Kings,2025,1,9.0,100.0,17.725490196078432,123.2733493593936,21.2,17.1,5.0,51,1.0,0.0,1.6,0.6,High,Low
JP Inglis,Punjab Kings,Chennai Super Kings,2025,2,11.0,183.3333333333333,14.0,117.40196078431372,14.0,14.0,0.0,4,2.0,0.0,1.5,0.25,Low,Low
M Jansen,Punjab Kings,Chennai Super Kings,2025,2,3.0,42.85714285714285,7.611111111111111,88.00429103060681,13.6,9.5,25.5,18,0.0,0.0,0.4,0.8,Low,Low
N Wadhera,Punjab Kings,Chennai Super Kings,2025,2,5.0,83.33333333333334,23.43478260869565,133.59488418888623,16.8,19.9,36.5,23,0.0,0.0,1.4,1.0,Low,Low
P Simran Singh,Punjab Kings,Chennai Super Kings,2025,2,83.0,172.91666666666669,24.37209302325581,128.99643115498955,40.2,36.3,21.25,43,6.0,6.0,4.4,2.2,High,Low
Priyansh Arya,Punjab Kings,Chennai Super Kings,2025,2,69.0,197.1428571428572,35.888888888888886,165.99741185460522,33.0,35.888888888888886,103.0,9,8.0,4.0,3.4,2.2,Moderate,Low
SS Iyer,Punjab Kings,Chennai Super Kings,2025,2,25.0,156.25,27.57258064516129,116.29995958988466,24.0,29.4,21.357142857142858,124,1.0,1.0,1.6,1.4,High,Low
Shashank Singh,Punjab Kings,Chennai Super Kings,2025,2,31.0,93.93939393939394,22.346153846153847,134.18147826488686,20.8,19.7,29.75,26,1.0,0.0,0.8,0.8,Moderate,Low
Suryansh Shedge,Punjab Kings,Chennai Super Kings,2025,2,4.0,100.0,3.0,75.0,3.0,3.0,0.0,2,0.0,0.0,0.0,0.0,Low,Low
HH Pandya,Mumbai Indians,Rajasthan Royals,2025,1,5.0,71.42857142857143,19.291970802919707,140.7551751126332,19.6,12.8,32.714285714285715,137,0.0,0.0,1.6,1.2,High,Low
RD Rickelton,Mumbai Indians,Rajasthan Royals,2025,1,58.0,181.25,27.3,152.73558327637275,33.0,27.3,0.0,10,6.0,4.0,4.2,1.4,High,Low
RG Sharma,Mumbai Indians,Rajasthan Royals,2025,1,12.0,240.0,26.32183908045977,113.8761097288337,40.4,30.8,19.535714285714285,261,0.0,2.0,2.8,3.0,High,Low
SA Yadav,Mumbai Indians,Rajasthan Royals,2025,1,54.0,192.8571428571429,27.54109589041096,136.88311728382914,45.6,42.7,30.933333333333334,146,4.0,4.0,4.4,3.0,High,Low
Akash Madhwal,Rajasthan Royals,Mumbai Indians,2025,2,4.0,80.0,4.0,80.0,4.0,4.0,0.0,1,0.0,0.0,0.0,0.0,Low,Low
Dhruv Jurel,Rajasthan Royals,Mumbai Indians,2025,2,47.0,138.23529411764704,18.870967741935484,129.8298678560208,23.8,29.4,2.0,31,3.0,3.0,1.2,1.4,Low,Low
JC Archer,Rajasthan Royals,Mumbai Indians,2025,2,0.0,0.0,7.857142857142857,125.45686456400742,4.2,4.9,16.0,28,0.0,0.0,0.0,0.4,Moderate,Low
K Kartikeya,Rajasthan Royals,Mumbai Indians,2025,2,1.0,100.0,3.333333333333333,81.90476190476191,3.333333333333333,3.333333333333333,0.0,3,0.0,0.0,0.3333333333333333,0.0,Low,Low
M Theekshana,Rajasthan Royals,Mumbai Indians,2025,2,5.0,38.46153846153847,3.0,72.6923076923077,3.0,3.0,0.0,5,0.0,0.0,0.0,0.2,Low,Low
N Rana,Rajasthan Royals,Mumbai Indians,2025,2,4.0,200.0,25.62162162162162,123.51113201450896,19.0,20.8,23.454545454545453,111,1.0,0.0,2.2,0.8,Low,Low
R Parag,Rajasthan Royals,Mumbai Indians,2025,2,32.0,213.33333333333331,20.91304347826087,128.5717341013247,21.0,26.6,22.6,69,2.0,2.0,1.8,1.2,Low,Low
SB Dubey,Rajasthan Royals,Mumbai Indians,2025,2,12.0,171.42857142857142,11.5,132.67857142857142,11.8,11.5,8.0,8,1.0,1.0,0.6,1.0,Low,Low
SO Hetmyer,Rajasthan Royals,Mumbai Indians,2025,2,11.0,137.5,19.14666666666667,138.94479573611753,10.6,19.3,12.375,75,1.0,0.0,1.2,0.0,Low,Low
V Suryavanshi,Rajasthan Royals,Mumbai Indians,2025,2,101.0,265.7894736842105,50.333333333333336,189.7076023391813,50.333333333333336,50.333333333333336,0.0,3,7.0,11.0,3.0,5.333333333333333,Low,Low
YBK Jaiswal,Rajasthan Royals,Mumbai Indians,2025,2,70.0,175.0,32.79032258064516,130.77412937340773,63.8,42.6,40.42857142857143,62,9.0,2.0,6.8,3.0,Low,Low
B Sai Sudharsan,Gujarat Titans,Sunrisers Hyderabad,2025,1,39.0,130.0,43.8235294117647,136.5824811884245,53.0,55.9,27.0,34,4.0,1.0,6.0,1.4,High,Low
JC Buttler,Gujarat Titans,Sunrisers Hyderabad,2025,1,50.0,192.30769230769232,34.38793103448276,128.88103517199477,48.0,42.7,27.214285714285715,116,3.0,4.0,5.8,1.6,High,Low
M Shahrukh Khan,Gujarat Titans,Sunrisers Hyderabad,2025,1,5.0,250.0,14.674418604651162,155.11475672169777,14.4,18.3,17.75,43,1.0,0.0,1.0,1.0,Low,Low
R Tewatia,Gujarat Titans,Sunrisers Hyderabad,2025,1,9.0,225.0,14.971830985915492,135.58820452306009,8.8,13.5,14.428571428571429,71,0.0,1.0,0.6,0.8,Low,Low
Rashid Khan,Gujarat Titans,Sunrisers Hyderabad,2025,1,4.0,200.0,9.295081967213116,125.53112984465444,12.2,12.0,10.333333333333334,61,0.0,0.0,1.2,0.8,Low,Low
Shubman Gill,Gujarat Titans,Sunrisers Hyderabad,2025,1,84.0,168.0,33.379629629629626,123.71803543213912,48.6,49.3,35.30769230769231,108,5.0,4.0,4.4,1.6,High,Low
Washington Sundar,Gujarat Titans,Sunrisers Hyderabad,2025,1,13.0,162.5,10.78048780487805,108.0262629328629,17.6,14.9,14.0,41,0.0,1.0,1.6,0.6,Moderate,Low
Abhishek Sharma,Sunrisers Hyderabad,Gujarat Titans,2025,2,0.0,0.0,23.1,134.81600875741526,41.4,24.2,31.8,70,0.0,0.0,5.0,2.2,High,Low
Aniket Verma,Sunrisers Hyderabad,Gujarat Titans,2025,2,19.0,100.0,23.75,166.25374117752168,14.6,23.75,18.0,8,0.0,2.0,0.8,0.8,Low,Low
H Klaasen,Sunrisers Hyderabad,Gujarat Titans,2025,2,7.0,87.5,31.24390243902439,158.72015681975634,32.6,30.4,38.333333333333336,41,1.0,0.0,3.4,1.2,Moderate,Low
Ishan Kishan,Sunrisers Hyderabad,Gujarat Titans,2025,2,44.0,129.41176470588235,26.175925925925927,116.0701496349713,14.6,19.7,21.2,108,5.0,1.0,1.6,0.2,Low,Low
Nithish Kumar Reddy,Sunrisers Hyderabad,Gujarat Titans,2025,2,19.0,158.33333333333331,23.94736842105263,117.45091752522092,18.0,17.0,31.0,19,2.0,0.0,1.6,0.2,Moderate,Low
PHKD Mendis,Sunrisers Hyderabad,Gujarat Titans,2025,2,32.0,152.38095238095238,20.0,102.46031746031748,20.0,20.0,1.0,3,3.0,0.0,1.3333333333333333,0.6666666666666666,Low,Low
PJ Cummins,Sunrisers Hyderabad,Gujarat Titans,2025,2,1.0,50.0,12.608695652173912,128.5078871618951,9.4,12.4,12.0,46,0.0,0.0,1.0,0.4,Low,Low
TM Head,Sunrisers Hyderabad,Gujarat Titans,2025,2,19.0,118.75,30.38235294117647,134.2890376679837,24.2,26.1,13.5,34,4.0,0.0,3.6,0.6,Moderate,Low
D Padikkal,Royal Challengers Bengaluru,Chennai Super Kings,2025,1,0.0,0.0,24.506849315068493,105.53986930713364,30.4,23.0,29.666666666666668,73,0.0,0.0,3.0,1.6,Low,Low
JG Bethell,Royal Challengers Bengaluru,Chennai Super Kings,2025,1,12.0,200.0,12.0,200.0,12.0,12.0,0.0,1,1.0,1.0,1.0,1.0,High,Low
JM Sharma,Royal Challengers Bengaluru,Chennai Super Kings,2025,1,20.0,200.0,19.79069767441861,144.02588976931122,15.2,18.0,14.75,43,4.0,0.0,1.2,1.0,Low,Low
R Shepherd,Royal Challengers Bengaluru,Chennai Super Kings,2025,1,1.0,100.0,12.77777777777778,139.8941798941799,11.4,12.77777777777778,1.0,9,0.0,0.0,1.0,1.0,High,Low
RM Patidar,Royal Challengers Bengaluru,Chennai Super Kings,2025,1,6.0,100.0,31.12121212121212,136.147469648945,13.4,26.2,28.25,33,1.0,0.0,0.8,0.4,Low,Low
TH David,Royal Challengers Bengaluru,Chennai Super Kings,2025,1,19.0,475.0,20.071428571428573,160.08592986534163,26.0,24.3,14.166666666666666,42,3.0,1.0,2.4,1.8,Low,Low
V Kohli,Royal Challengers Bengaluru,Chennai Super Kings,2025,1,51.0,108.51063829787232,33.03515625,119.29816949922584,51.4,44.3,32.84848484848485,256,4.0,0.0,4.6,1.0,High,Low
A Mhatre,Chennai Super Kings,Royal Challengers Bengaluru,2025,2,7.0,116.66666666666669,23.0,162.6315789473684,23.0,23.0,0.0,3,1.0,0.0,3.6666666666666665,0.6666666666666666,High,Low
D Brevis,Chennai Super Kings,Royal Challengers Bengaluru,2025,2,32.0,123.07692307692308,25.33333333333333,118.0178345046766,28.6,26.7,0.0,12,2.0,1.0,1.2,2.0,Low,Low
MS Dhoni,Chennai Super Kings,Royal Challengers Bengaluru,2025,2,11.0,275.0,22.66386554621849,132.98929079548262,9.6,15.1,27.5,238,1.0,1.0,1.2,0.4,Low,Low
RA Jadeja,Chennai Super Kings,Royal Challengers Bengaluru,2025,2,17.0,141.66666666666669,16.53684210526316,131.2518690545856,19.6,18.3,30.666666666666668,190,4.0,0.0,1.8,0.6,High,Low
S Dube,Chennai Super Kings,Royal Challengers Bengaluru,2025,2,6.0,100.0,24.64788732394366,126.96614433412722,28.4,24.8,20.0,71,1.0,0.0,2.2,1.2,Low,Low
SK Rasheed,Chennai Super Kings,Royal Challengers Bengaluru,2025,2,11.0,91.66666666666666,14.25,82.19298245614036,14.25,14.25,0.0,4,1.0,1.0,2.0,0.25,Low,Low
SM Curran,Chennai Super Kings,Royal Challengers Bengaluru,2025,2,88.0,191.30434782608697,19.07692307692308,124.5816377914454,34.4,25.3,17.666666666666668,52,9.0,4.0,3.0,1.4,Low,Low
A Raghuvanshi,Kolkata Knight Riders,Rajasthan Royals,2025,1,44.0,141.93548387096774,26.933333333333334,148.18042041239383,32.6,28.6,26.0,15,3.0,2.0,3.4,1.2,High,Low
AD Russell,Kolkata Knight Riders,Rajasthan Royals,2025,1,17.0,188.88888888888889,22.857142857142858,150.66303760731915,12.6,11.5,16.666666666666668,112,2.0,1.0,1.2,1.0,High,Low
AM Rahane,Kolkata Knight Riders,Rajasthan Royals,2025,1,26.0,185.7142857142857,27.43888888888889,107.22739764361158,34.8,33.0,12.833333333333334,180,4.0,1.0,3.8,1.2,Moderate,Low
RK Singh,Kolkata Knight Riders,Rajasthan Royals,2025,1,36.0,144.0,22.125,138.33954995599254,21.6,20.5,20.25,48,3.0,1.0,2.2,1.0,Low,Low
Rahmanullah Gurbaz,Kolkata Knight Riders,Rajasthan Royals,2025,1,26.0,216.66666666666663,19.8125,99.82778092788992,18.0,13.4,18.0,16,5.0,1.0,2.4,1.0,Moderate,Low
SP Narine,Kolkata Knight Riders,Rajasthan Royals,2025,1,27.0,168.75,14.88695652173913,124.92570710313004,19.4,18.4,19.76923076923077,115,2.0,2.0,1.6,1.6,Low,Low
Dhruv Jurel,Rajasthan Royals,Kolkata Knight Riders,2025,2,11.0,100.0,18.625,128.89768448552016,25.0,24.9,17.5,32,0.0,1.0,1.0,1.6,Low,Low
JC Archer,Rajasthan Royals,Kolkata Knight Riders,2025,2,30.0,111.11111111111111,8.620689655172415,124.96218341045928,10.0,7.7,12.2,29,2.0,2.0,0.4,0.8,Low,Low
KS Rathore,Rajasthan Royals,Kolkata Knight Riders,2025,2,0.0,0.0,0.0,0.0,0.0,0.0,0.0,0,0.0,0.0,0.0,0.0,Low,Low
PWH de Silva,Rajasthan Royals,Kolkata Knight Riders,2025,2,1.0,33.33333333333333,4.764705882352941,86.4058902913392,5.8,4.3,3.25,17,0.0,0.0,0.6,0.0,Low,Low
R Parag,Rajasthan Royals,Kolkata Knight Riders,2025,2,16.0,200.0,20.84285714285714,129.5921378998772,22.6,25.7,18.714285714285715,70,3.0,0.0,2.2,1.2,High,Low
SB Dubey,Rajasthan Royals,Kolkata Knight Riders,2025,2,15.0,166.66666666666669,11.88888888888889,136.45502645502646,8.0,11.88888888888889,9.0,9,2.0,1.0,0.8,0.4,Moderate,Low
SO Hetmyer,Rajasthan Royals,Kolkata Knight Riders,2025,2,0.0,0.0,18.894736842105264,137.11657473958965,8.8,15.1,10.88888888888889,76,0.0,0.0,1.0,0.0,Moderate,Low
V Suryavanshi,Rajasthan Royals,Kolkata Knight Riders,2025,2,0.0,0.0,37.75,142.28070175438597,37.75,37.75,0.0,4,0.0,0.0,2.25,4.0,Low,Low
YBK Jaiswal,Rajasthan Royals,Kolkata Knight Riders,2025,2,13.0,216.66666666666663,32.476190476190474,132.13750298123722,51.4,43.8,33.6,63,0.0,2.0,4.8,3.0,Moderate,Low
JP Inglis,Punjab Kings,Lucknow Super Giants,2025,1,6.0,100.0,12.4,113.92156862745098,12.4,12.4,0.0,5,1.0,0.0,1.4,0.2,Moderate,Low
MP Stoinis,Punjab Kings,Lucknow Super Giants,2025,1,1.0,50.0,20.56382978723404,120.75487883365098,9.4,13.9,0.0,94,0.0,0.0,0.2,1.0,Low,Low
N Wadhera,Punjab Kings,Lucknow Super Giants,2025,1,5.0,166.66666666666669,22.666666666666668,134.97287512546046,16.0,19.8,25.8,24,1.0,0.0,1.6,0.8,Low,Low
P Simran Singh,Punjab Kings,Lucknow Super Giants,2025,1,54.0,150.0,25.045454545454547,129.47378499237615,42.6,34.6,25.25,44,5.0,3.0,4.0,2.6,High,Low
Priyansh Arya,Punjab Kings,Lucknow Super Giants,2025,1,23.0,153.33333333333334,34.6,164.73100400247802,30.4,34.6,8.0,10,5.0,0.0,4.0,1.4,Low,Low
SS Iyer,Punjab Kings,Lucknow Super Giants,2025,1,72.0,175.609756097561,27.928,116.77443796194606,22.0,36.0,33.8,125,5.0,4.0,1.4,1.0,High,Low
Shashank Singh,Punjab Kings,Lucknow Super Giants,2025,1,23.0,191.66666666666669,22.37037037037037,136.31055931680464,15.0,18.3,9.0,27,1.0,2.0,0.6,0.6,Moderate,Low
A Badoni,Lucknow Super Giants,Punjab Kings,2025,2,35.0,159.0909090909091,20.13636363636364,124.18705027946888,34.2,27.4,20.2,44,2.0,2.0,3.2,1.2,High,Low
AK Markram,Lucknow Super Giants,Punjab Kings,2025,2,9.0,81.81818181818183,25.57692307692308,119.09893783175131,38.2,33.5,25.4,52,2.0,0.0,3.8,1.4,Low,Low
Abdul Samad,Lucknow Super Giants,Punjab Kings,2025,2,2.0,50.0,14.16326530612245,138.6520192073478,11.2,11.9,16.0,49,0.0,0.0,0.0,1.2,High,Low
Avesh Khan,Lucknow Super Giants,Punjab Kings,2025,2,0.0,0.0,3.583333333333333,135.27777777777777,2.4,3.4,1.6666666666666667,12,0.0,0.0,0.2,0.0,Low,Low
DA Miller,Lucknow Super Giants,Punjab Kings,2025,2,24.0,150.0,23.05263157894737,124.98447328988058,11.2,15.8,11.4,133,3.0,0.0,0.8,0.0,Low,Low
MR Marsh,Lucknow Super Giants,Punjab Kings,2025,2,34.0,147.82608695652172,23.177777777777777,111.96361426246344,38.8,37.8,21.5,45,3.0,2.0,2.8,2.0,Low,Low
N Pooran,Lucknow Super Giants,Punjab Kings,2025,2,27.0,180.0,25.86904761904762,145.12773296632145,23.2,40.4,28.5,84,1.0,3.0,1.6,2.0,Low,Low
Prince Yadav,Lucknow Super Giants,Punjab Kings,2025,2,4.0,44.44444444444444,4.0,44.44444444444444,4.0,4.0,0.0,1,0.0,0.0,0.0,0.0,Low,Low
RR Pant,Lucknow Super Giants,Punjab Kings,2025,2,4.0,200.0,27.92622950819672,130.15295224020608,18.2,14.3,11.2,122,1.0,0.0,1.8,0.8,Low,Low
AR Patel,Delhi Capitals,Sunrisers Hyderabad,2025,1,43.0,186.95652173913044,15.578512396694215,128.9771710654184,33.0,24.6,15.615384615384617,121,4.0,3.0,2.2,2.4,Low,Low
Abishek Porel,Delhi Capitals,Sunrisers Hyderabad,2025,1,4.0,200.0,23.73076923076923,141.2972590956462,30.0,25.7,38.0,26,1.0,0.0,3.2,1.0,Low,Low
Ashutosh Sharma,Delhi Capitals,Sunrisers Hyderabad,2025,1,7.0,116.66666666666669,20.875,140.92181789651642,15.6,17.2,17.5,16,0.0,1.0,1.2,0.8,High,Low
F du Plessis,Delhi Capitals,Sunrisers Hyderabad,2025,1,62.0,140.9090909090909,33.11888111888112,122.2732352269889,33.0,31.5,32.68421052631579,143,7.0,2.0,3.0,1.4,Low,Low
KK Nair,Delhi Capitals,Sunrisers Hyderabad,2025,1,15.0,115.38461538461536,22.2972972972973,112.68975856809593,13.0,18.5,24.5,74,2.0,0.0,1.4,0.6,Low,Low
KL Rahul,Delhi Capitals,Sunrisers Hyderabad,2025,1,7.0,140.0,37.8134328358209,125.93959868528954,28.0,37.8,33.714285714285715,134,1.0,0.0,2.4,0.8,Low,High
MA Starc,Delhi Capitals,Sunrisers Hyderabad,2025,1,0.0,0.0,5.5,86.37157471684326,1.4,1.5,5.666666666666667,20,0.0,0.0,0.0,0.0,Low,Low
T Stubbs,Delhi Capitals,Sunrisers Hyderabad,2025,1,1.0,33.33333333333333,23.296296296296298,155.87813020413924,21.2,22.4,11.0,27,0.0,0.0,1.8,1.0,High,Low
V Nigam,Delhi Capitals,Sunrisers Hyderabad,2025,1,38.0,200.0,17.333333333333332,147.5,13.0,17.333333333333332,0.0,6,5.0,2.0,1.4,0.8,Low,Low
C Bosch,Mumbai Indians,Gujarat Titans,2025,1,20.0,200.0,20.0,200.0,20.0,20.0,0.0,1,2.0,1.0,2.0,1.0,Moderate,Low
DL Chahar,Mumbai Indians,Gujarat Titans,2025,1,1.0,100.0,7.266666666666667,92.11111111111111,6.2,4.5,0.0,15,0.0,0.0,0.4,0.4,Low,Low
HH Pandya,Mumbai Indians,Gujarat Titans,2025,1,48.0,208.69565217391303,19.5,141.24749741017868,23.6,17.6,11.0,138,6.0,1.0,2.4,1.2,Low,Low
KV Sharma,Mumbai Indians,Gujarat Titans,2025,1,5.0,125.0,9.0,116.24795306922005,6.8,7.2,0.0,39,1.0,0.0,0.4,0.6,Low,Low
Naman Dhir,Mumbai Indians,Gujarat Titans,2025,1,25.0,227.27272727272728,21.071428571428573,154.1681318992243,24.0,23.4,19.0,14,2.0,2.0,2.2,1.6,Low,Low
RD Rickelton,Mumbai Indians,Gujarat Titans,2025,1,61.0,160.5263157894737,30.363636363636363,153.44383168665465,37.0,32.1,6.0,11,7.0,3.0,4.6,1.6,Low,Low
RG Sharma,Mumbai Indians,Gujarat Titans,2025,1,53.0,147.22222222222223,26.423664122137403,114.00338496735807,47.4,29.3,22.166666666666668,262,9.0,0.0,4.2,2.8,Low,Low
SA Yadav,Mumbai Indians,Gujarat Titans,2025,1,48.0,208.69565217391303,27.68027210884354,137.3716379293399,47.2,44.6,49.6,147,4.0,3.0,4.2,3.2,Moderate,Low
Tilak Varma,Mumbai Indians,Gujarat Titans,2025,1,6.0,120.0,30.32608695652174,138.19107189725878,28.8,30.8,26.0,46,1.0,0.0,2.6,1.4,Low,Low
WG Jacks,Mumbai Indians,Gujarat Titans,2025,1,29.0,138.0952380952381,23.25,130.0171102000121,22.0,19.5,50.5,16,3.0,1.0,2.0,1.0,High,Low
Arshad Khan,Gujarat Titans,Mumbai Indians,2025,2,1.0,100.0,13.857142857142858,95.34632034632035,16.0,13.857142857142858,0.0,7,0.0,0.0,1.0,1.0,Low,Low
B Sai Sudharsan,Gujarat Titans,Mumbai Indians,2025,2,48.0,208.69565217391303,43.94285714285714,138.6428575022956,46.2,50.4,41.25,35,9.0,0.0,6.2,0.8,Low,Low
G Coetzee,Gujarat Titans,Mumbai Indians,2025,2,8.0,114.28571428571428,2.8,48.41269841269841,2.8,2.8,0.0,5,0.0,1.0,0.0,0.2,Low,Low
JC Buttler,Gujarat Titans,Mumbai Indians,2025,2,64.0,172.97297297297297,34.64102564102564,129.2578893412339,53.6,47.0,52.0,117,3.0,4.0,5.4,2.4,Moderate,Low
M Shahrukh Khan,Gujarat Titans,Mumbai Indians,2025,2,6.0,300.0,14.477272727272728,158.40760315984102,13.8,18.1,12.0,44,0.0,1.0,1.0,1.0,Low,Low
R Tewatia,Gujarat Titans,Mumbai Indians,2025,2,6.0,200.0,14.84722222222222,136.48281279357312,5.2,13.1,12.142857142857142,72,0.0,1.0,0.2,0.6,Low,Low
Rashid Khan,Gujarat Titans,Mumbai Indians,2025,2,0.0,0.0,9.14516129032258,123.50643420199872,8.0,11.9,9.0,62,0.0,0.0,0.6,0.6,Low,Low
SE Rutherford,Gujarat Titans,Mumbai Indians,2025,2,43.0,130.3030303030303,19.1875,139.98849149753755,27.4,24.4,18.0,16,1.0,3.0,2.2,1.6,Moderate,Low
Shubman Gill,Gujarat Titans,Mumbai Indians,2025,2,76.0,200.0,33.77064220183486,124.41786996945896,63.4,46.5,36.76923076923077,109,10.0,2.0,6.4,2.0,High,Low
A Raghuvanshi,Kolkata Knight Riders,Chennai Super Kings,2025,1,44.0,141.93548387096774,28.0,147.7901118785547,31.4,31.7,24.0,16,5.0,0.0,3.4,0.8,Low,Low
AD Russell,Kolkata Knight Riders,Chennai Super Kings,2025,1,57.0,228.0,23.15929203539823,151.3474355045995,23.8,16.5,24.692307692307693,113,4.0,6.0,2.0,2.2,Moderate,Low
AM Rahane,Kolkata Knight Riders,Chennai Super Kings,2025,1,30.0,125.0,27.45303867403315,107.3255888168513,28.6,32.7,19.823529411764707,181,1.0,2.0,2.4,1.2,High,Low
MK Pandey,Kolkata Knight Riders,Chennai Super Kings,2025,1,19.0,135.71428571428572,24.08695652173913,106.34915927200775,17.8,22.1,18.8,161,2.0,1.0,1.0,1.0,Moderate,Low
RK Singh,Kolkata Knight Riders,Chennai Super Kings,2025,1,19.0,316.66666666666663,22.06122448979592,141.97887886845527,17.8,20.8,22.857142857142858,49,1.0,2.0,1.2,1.0,Low,Low
Rahmanullah Gurbaz,Kolkata Knight Riders,Chennai Super Kings,2025,1,35.0,140.0,20.705882352941178,102.19085263801404,20.4,16.9,1.0,17,4.0,1.0,2.8,0.8,Low,Low
Ramandeep Singh,Kolkata Knight Riders,Chennai Super Kings,2025,1,1.0,50.0,11.11111111111111,146.73611111111111,6.0,10.4,13.0,18,0.0,0.0,0.2,0.4,Low,Low
SP Narine,Kolkata Knight Riders,Chennai Super Kings,2025,1,11.0,122.22222222222224,14.85344827586207,124.90240119898428,12.8,18.9,11.928571428571429,116,1.0,1.0,1.4,0.8,Moderate,Low
A Kamboj,Chennai Super Kings,Kolkata Knight Riders,2025,2,0.0,0.0,1.75,62.5,1.75,1.75,2.5,4,0.0,0.0,0.0,0.0,Low,Low
A Mhatre,Chennai Super Kings,Kolkata Knight Riders,2025,2,94.0,195.8333333333333,40.75,170.93201754385964,40.75,40.75,0.0,4,9.0,5.0,5.0,1.75,Low,Low
D Brevis,Chennai Super Kings,Kolkata Knight Riders,2025,2,0.0,0.0,23.384615384615383,108.93953954277842,19.4,21.8,29.0,13,0.0,0.0,0.8,1.4,High,Low
DP Conway,Chennai Super Kings,Kolkata Knight Riders,2025,2,12.0,109.09090909090908,40.72,112.32476198291324,36.2,44.4,25.25,25,2.0,0.0,3.4,0.8,Low,Low
MS Dhoni,Chennai Super Kings,Kolkata Knight Riders,2025,2,12.0,150.0,22.619246861924687,133.06046531098266,11.8,16.3,19.20689655172414,239,0.0,1.0,1.2,0.6,Low,Low
Noor Ahmad,Chennai Super Kings,Kolkata Knight Riders,2025,2,0.0,0.0,1.7777777777777777,51.86507936507936,0.8,1.7777777777777777,1.0,9,0.0,0.0,0.0,0.0,Low,Low
R Ashwin,Chennai Super Kings,Kolkata Knight Riders,2025,2,1.0,14.285714285714285,8.923076923076923,106.19400339785332,8.2,9.8,9.545454545454543,91,0.0,0.0,0.8,0.2,Low,Low
RA Jadeja,Chennai Super Kings,Kolkata Knight Riders,2025,2,77.0,171.11111111111111,16.853403141361255,131.4605561857716,35.0,24.3,16.925925925925927,191,8.0,2.0,3.4,1.0,Low,Low
S Dube,Chennai Super Kings,Kolkata Knight Riders,2025,2,8.0,400.0,24.416666666666668,130.75828121837546,23.8,24.7,28.571428571428573,72,0.0,1.0,1.6,1.4,High,Low
Urvil Patel,Chennai Super Kings,Kolkata Knight Riders,2025,2,0.0,0.0,0.0,0.0,0.0,0.0,0.0,0,0.0,0.0,0.0,0.0,Moderate,Low
P Simran Singh,Punjab Kings,Delhi Capitals,2025,1,91.0,189.5833333333333,26.511111111111116,130.8095527332863,54.8,43.2,40.75,45,6.0,7.0,4.8,3.4,High,Low
Priyansh Arya,Punjab Kings,Delhi Capitals,2025,1,1.0,25.0,31.545454545454547,152.02818545679818,26.2,30.0,0.0,11,0.0,0.0,3.4,1.2,High,Low
Azmatullah Omarzai,Punjab Kings,Rajasthan Royals,2025,1,16.0,106.66666666666669,11.6,110.24242424242424,11.6,11.6,0.0,5,2.0,1.0,0.8,0.6,Moderate,Low
MJ Owen,Punjab Kings,Rajasthan Royals,2025,1,0.0,0.0,0.0,0.0,0.0,0.0,0.0,0,0.0,0.0,0.0,0.0,Low,Low
N Wadhera,Punjab Kings,Rajasthan Royals,2025,1,16.0,177.77777777777777,22.4,136.68507123155314,13.8,21.1,55.5,25,2.0,1.0,1.6,0.8,High,Low
P Simran Singh,Punjab Kings,Rajasthan Royals,2025,1,50.0,185.1851851851852,27.02173913043478,131.99163169963194,62.2,41.3,19.0,46,7.0,0.0,5.8,3.4,Moderate,Low
Priyansh Arya,Punjab Kings,Rajasthan Royals,2025,1,70.0,205.8823529411765,34.75,156.51603274716305,37.0,36.2,0.0,12,5.0,6.0,4.2,2.2,Low,Low
SS Iyer,Punjab Kings,Rajasthan Royals,2025,1,45.0,180.0,28.063492063492063,117.27622813685126,31.0,30.8,31.33333333333333,126,4.0,2.0,2.2,1.4,Moderate,Low
Shashank Singh,Punjab Kings,Rajasthan Royals,2025,1,33.0,220.00000000000003,22.75,139.29946791263305,21.2,21.6,6.333333333333333,28,4.0,1.0,1.4,0.8,High,Low
Dhruv Jurel,Rajasthan Royals,Punjab Kings,2025,2,0.0,0.0,18.060606060606062,124.991694046565,18.0,17.9,12.2,33,0.0,0.0,0.6,1.2,High,Low
KT Maphaka,Rajasthan Royals,Punjab Kings,2025,2,0.0,0.0,0.0,0.0,0.0,0.0,0.0,0,0.0,0.0,0.0,0.0,Low,Low
PWH de Silva,Rajasthan Royals,Punjab Kings,2025,2,0.0,0.0,4.5,81.60556305293147,4.2,4.2,1.0,18,0.0,0.0,0.4,0.0,Low,Low
R Parag,Rajasthan Royals,Punjab Kings,2025,2,95.0,215.9090909090909,21.88732394366197,130.80786963240135,40.8,31.5,22.875,71,6.0,8.0,3.2,2.8,Low,Low
SB Dubey,Rajasthan Royals,Punjab Kings,2025,2,25.0,178.57142857142858,13.2,140.66666666666669,11.2,13.2,0.0,10,1.0,2.0,0.8,0.8,Low,Low
SO Hetmyer,Rajasthan Royals,Punjab Kings,2025,2,29.0,126.08695652173914,19.025974025974023,136.97333294455262,11.6,17.3,29.33333333333333,77,1.0,1.0,1.0,0.2,Low,Low
SV Samson,Rajasthan Royals,Punjab Kings,2025,2,31.0,172.22222222222223,27.473372781065088,119.08022461365226,29.0,26.9,33.0,169,2.0,3.0,2.8,1.2,Moderate,Low
V Suryavanshi,Rajasthan Royals,Punjab Kings,2025,2,4.0,200.0,31.0,153.82456140350877,31.0,31.0,0.0,5,1.0,0.0,2.0,3.2,High,Low
YBK Jaiswal,Rajasthan Royals,Punjab Kings,2025,2,34.0,161.9047619047619,32.5,132.6026164019173,48.0,44.3,41.142857142857146,64,5.0,1.0,5.2,2.4,High,Low
AR Patel,Delhi Capitals,Gujarat Titans,2025,1,6.0,85.71428571428571,15.5,128.62255725106485,27.4,23.8,35.2,122,1.0,0.0,1.6,2.0,Moderate,Low
Abishek Porel,Delhi Capitals,Gujarat Titans,2025,1,8.0,80.0,23.14814814814815,139.0269902402519,21.8,26.5,17.666666666666668,27,1.0,0.0,2.4,0.8,Moderate,Low
F du Plessis,Delhi Capitals,Gujarat Titans,2025,1,3.0,37.5,32.90972222222222,121.68453220457926,27.8,25.4,32.0,144,0.0,0.0,2.4,1.0,Low,Low
KL Rahul,Delhi Capitals,Gujarat Titans,2025,1,10.0,71.42857142857143,37.60740740740741,125.53581329820275,28.6,37.3,27.4,135,1.0,0.0,2.4,0.8,High,High
T Stubbs,Delhi Capitals,Gujarat Titans,2025,1,41.0,113.88888888888889,23.928571428571427,154.3785144428803,22.6,23.1,28.5,28,4.0,0.0,2.2,0.6,Moderate,Low
B Sai Sudharsan,Gujarat Titans,Delhi Capitals,2025,2,5.0,100.0,42.86111111111112,137.5694447938985,36.0,43.5,43.75,36,1.0,0.0,5.0,0.6,High,Low
Shubman Gill,Gujarat Titans,Delhi Capitals,2025,2,43.0,97.72727272727272,33.85454545454545,124.17522817634816,60.0,47.5,26.923076923076923,110,3.0,1.0,5.8,2.0,High,Low
A Badoni,Lucknow Super Giants,Sunrisers Hyderabad,2025,1,74.0,185.0,21.33333333333333,125.53844916214736,43.4,32.6,26.666666666666668,45,5.0,5.0,3.8,2.0,Low,Low
AK Markram,Lucknow Super Giants,Sunrisers Hyderabad,2025,1,13.0,130.0,25.339622641509436,119.30461825002016,29.2,33.3,14.0,53,1.0,1.0,2.2,1.4,High,Low
Abdul Samad,Lucknow Super Giants,Sunrisers Hyderabad,2025,1,45.0,187.5,14.78,139.62897882320084,19.8,16.0,22.0,50,2.0,4.0,0.4,2.0,Low,Low
Akash Deep,Lucknow Super Giants,Sunrisers Hyderabad,2025,1,0.0,0.0,4.75,78.125,4.75,4.75,0.0,4,0.0,0.0,0.5,0.25,Low,Low
MR Marsh,Lucknow Super Giants,Sunrisers Hyderabad,2025,1,0.0,0.0,22.67391304347826,109.52962264806207,22.6,37.8,28.5,46,0.0,0.0,1.6,1.0,High,Low
N Pooran,Lucknow Super Giants,Sunrisers Hyderabad,2025,1,6.0,120.0,25.63529411764706,144.83211257848237,12.2,33.5,38.875,85,1.0,0.0,1.6,0.6,High,Low
RR Pant,Lucknow Super Giants,Sunrisers Hyderabad,2025,1,18.0,105.88235294117648,27.84552845528455,129.9556302946855,17.6,12.8,30.88888888888889,123,2.0,1.0,1.4,1.0,Low,Low
SN Thakur,Lucknow Super Giants,Sunrisers Hyderabad,2025,1,6.0,150.0,8.23076923076923,107.23085780254564,3.0,4.7,8.75,39,1.0,0.0,0.4,0.0,Low,Low
Abhishek Sharma,Sunrisers Hyderabad,Lucknow Super Giants,2025,2,74.0,180.4878048780488,23.816901408450704,135.4592734915087,52.6,31.4,25.25,71,4.0,6.0,5.0,3.4,High,Low
Aniket Verma,Sunrisers Hyderabad,Lucknow Super Giants,2025,2,3.0,42.85714285714285,21.444444444444443,152.54300803081293,14.0,21.444444444444443,36.0,9,0.0,0.0,0.6,0.8,Low,Low
Atharva Taide,Sunrisers Hyderabad,Lucknow Super Giants,2025,2,46.0,170.37037037037038,27.444444444444443,135.00536016875887,29.6,27.444444444444443,33.0,9,5.0,2.0,3.0,1.0,Low,Low
H Klaasen,Sunrisers Hyderabad,Lucknow Super Giants,2025,2,23.0,127.77777777777776,31.047619047619047,157.98343350923304,31.8,31.1,36.5,42,1.0,1.0,3.2,1.2,High,Low
Ishan Kishan,Sunrisers Hyderabad,Lucknow Super Giants,2025,2,13.0,76.47058823529412,26.05504587155963,115.7068509065339,13.8,19.6,20.142857142857142,109,0.0,0.0,1.2,0.2,Moderate,Low
Nithish Kumar Reddy,Sunrisers Hyderabad,Lucknow Super Giants,2025,2,21.0,210.0,23.8,122.07837164895987,18.4,18.6,32.0,20,1.0,2.0,1.4,0.4,Low,Low
PHKD Mendis,Sunrisers Hyderabad,Lucknow Super Giants,2025,2,0.0,0.0,15.0,76.8452380952381,15.0,15.0,0.0,4,0.0,0.0,1.0,0.5,Moderate,Low
A Kamboj,Chennai Super Kings,Rajasthan Royals,2025,1,4.0,400.0,2.2,130.0,2.2,2.2,0.0,5,1.0,0.0,0.2,0.0,Low,Low
A Mhatre,Chennai Super Kings,Rajasthan Royals,2025,1,0.0,0.0,32.6,136.74561403508773,32.6,32.6,0.0,5,0.0,0.0,4.0,1.4,High,Low
D Brevis,Chennai Super Kings,Rajasthan Royals,2025,1,52.0,208.0,25.428571428571427,116.01528671829423,29.8,23.9,0.0,14,4.0,4.0,1.6,2.2,High,Low
DP Conway,Chennai Super Kings,Rajasthan Royals,2025,1,0.0,0.0,39.15384615384615,108.00457882972428,28.2,35.2,24.666666666666668,26,0.0,0.0,2.6,0.8,Low,Low
MS Dhoni,Chennai Super Kings,Rajasthan Royals,2025,1,17.0,94.44444444444444,22.59583333333333,132.89956522403878,10.0,15.0,22.76,240,0.0,1.0,0.4,0.6,Low,Low
Noor Ahmad,Chennai Super Kings,Rajasthan Royals,2025,1,2.0,100.0,1.8,56.67857142857142,1.0,1.8,0.0,10,0.0,0.0,0.0,0.0,Low,Low
R Ashwin,Chennai Super Kings,Rajasthan Royals,2025,1,8.0,114.28571428571428,8.91304347826087,106.2819567770692,9.6,7.7,7.571428571428571,92,1.0,0.0,1.0,0.2,Low,Low
RA Jadeja,Chennai Super Kings,Rajasthan Royals,2025,1,19.0,190.0,16.864583333333332,131.76544912230403,37.4,23.7,16.294117647058822,192,2.0,1.0,3.8,1.2,Low,Low
S Dube,Chennai Super Kings,Rajasthan Royals,2025,1,45.0,112.5,24.698630136986303,130.50816777702786,24.2,27.3,24.0,73,2.0,3.0,1.4,1.6,Moderate,Low
Urvil Patel,Chennai Super Kings,Rajasthan Royals,2025,1,31.0,281.8181818181818,31.0,281.8181818181818,31.0,31.0,0.0,1,1.0,4.0,1.0,4.0,Low,Low
Dhruv Jurel,Rajasthan Royals,Chennai Super Kings,2025,2,53.0,170.96774193548387,19.08823529411765,126.34393074918026,23.4,19.9,17.25,34,3.0,4.0,1.2,1.6,Moderate,Low
R Parag,Rajasthan Royals,Chennai Super Kings,2025,2,13.0,118.1818181818182,21.76388888888889,130.63250780669878,35.6,28.5,19.83333333333333,72,0.0,1.0,2.6,2.6,Low,Low
SO Hetmyer,Rajasthan Royals,Chennai Super Kings,2025,2,11.0,91.66666666666666,18.923076923076923,136.3924782486823,12.6,16.5,18.285714285714285,78,1.0,0.0,1.0,0.2,Low,Low
SV Samson,Rajasthan Royals,Chennai Super Kings,2025,2,20.0,125.0,27.429411764705883,119.11504682180724,29.0,27.1,15.5625,170,1.0,1.0,2.8,1.2,High,Low
V Suryavanshi,Rajasthan Royals,Chennai Super Kings,2025,2,40.0,266.66666666666663,32.5,172.6315789473684,32.2,32.5,0.0,6,4.0,4.0,2.4,3.4,High,Low
YBK Jaiswal,Rajasthan Royals,Chennai Super Kings,2025,2,50.0,200.0,32.76923076923077,133.63949922650318,43.2,48.9,32.857142857142854,65,9.0,1.0,6.0,1.8,Moderate,Low
HH Pandya,Mumbai Indians,Delhi Capitals,2025,1,1.0,33.33333333333333,19.366906474820144,140.4711365175395,15.4,17.6,20.846153846153847,139,0.0,0.0,1.8,0.4,Low,Low
Naman Dhir,Mumbai Indians,Delhi Capitals,2025,1,7.0,70.0,20.133333333333333,148.5569231059427,16.2,24.1,38.0,15,1.0,0.0,1.6,1.0,Moderate,Low
RD Rickelton,Mumbai Indians,Delhi Capitals,2025,1,2.0,100.0,28.0,148.9901790461001,31.2,31.7,41.0,12,0.0,0.0,3.6,1.6,Moderate,Low
RG Sharma,Mumbai Indians,Delhi Capitals,2025,1,7.0,87.5,26.34980988593156,113.902611640486,43.6,30.0,27.0,263,1.0,0.0,4.4,2.2,Low,Low
SA Yadav,Mumbai Indians,Delhi Capitals,2025,1,35.0,145.83333333333331,27.72972972972973,137.42881154693444,49.0,43.3,23.83333333333333,148,5.0,0.0,4.8,2.8,High,Low
Tilak Varma,Mumbai Indians,Delhi Capitals,2025,1,7.0,100.0,29.829787234042552,137.37849589944474,19.0,27.8,35.333333333333336,47,0.0,0.0,1.8,0.6,Moderate,Low
WG Jacks,Mumbai Indians,Delhi Capitals,2025,1,53.0,151.42857142857142,25.0,131.2766079193391,28.2,23.6,21.0,17,5.0,3.0,2.6,1.4,Moderate,Low
Abishek Porel,Delhi Capitals,Mumbai Indians,2025,2,30.0,157.89473684210526,23.392857142857142,139.70083833317523,24.2,26.1,27.75,28,1.0,3.0,2.0,1.2,Low,Low
Ashutosh Sharma,Delhi Capitals,Mumbai Indians,2025,2,41.0,157.69230769230768,22.058823529411764,141.90831729626885,20.4,20.5,39.0,17,2.0,3.0,1.2,1.4,Low,Low
F du Plessis,Delhi Capitals,Mumbai Indians,2025,2,5.0,50.0,32.717241379310344,121.19015612040974,18.8,25.0,28.1,145,0.0,0.0,1.8,0.4,Low,Low
KL Rahul,Delhi Capitals,Mumbai Indians,2025,2,112.0,172.30769230769232,38.15441176470589,125.87972417327252,45.4,40.8,48.45,136,14.0,4.0,4.4,1.4,Low,Low
Kuldeep Yadav,Delhi Capitals,Mumbai Indians,2025,2,1.0,100.0,5.388888888888889,86.2647884164912,3.4,5.8,4.0,36,0.0,0.0,0.4,0.0,Low,Low
M Tiwari,Delhi Capitals,Mumbai Indians,2025,2,0.0,0.0,0.0,0.0,0.0,0.0,0.0,0,0.0,0.0,0.0,0.0,Low,Low
Mustafizur Rahman,Delhi Capitals,Mumbai Indians,2025,2,1.0,100.0,2.1666666666666665,51.26984126984127,2.4,2.1666666666666665,4.5,6,0.0,0.0,0.0,0.2,Low,Low
PVD Chameera,Delhi Capitals,Mumbai Indians,2025,2,2.0,66.66666666666666,5.0,92.30158730158728,2.6,5.0,0.0,9,0.0,0.0,0.2,0.2,Low,Low
Sameer Rizvi,Delhi Capitals,Mumbai Indians,2025,2,20.0,133.33333333333331,10.714285714285714,109.35300207039336,12.2,10.714285714285714,0.0,7,1.0,1.0,1.2,0.2,Moderate,Low
T Stubbs,Delhi Capitals,Mumbai Indians,2025,2,21.0,210.0,23.82758620689655,156.29649670347064,25.6,23.1,40.0,29,0.0,2.0,2.2,0.8,Low,Low
V Nigam,Delhi Capitals,Mumbai Indians,2025,2,18.0,105.88235294117648,17.428571428571427,141.5546218487395,16.4,17.428571428571427,14.0,7,1.0,1.0,1.6,1.0,Moderate,Low
AK Markram,Lucknow Super Giants,Gujarat Titans,2025,1,61.0,164.86486486486487,26.0,120.14832652066544,40.2,39.3,30.6,54,4.0,4.0,2.8,2.2,Moderate,Low
MR Marsh,Lucknow Super Giants,Gujarat Titans,2025,1,65.0,166.66666666666669,23.574468085106385,110.74530443569192,29.6,37.1,4.0,47,6.0,4.0,2.4,1.4,High,Low
N Pooran,Lucknow Super Giants,Gujarat Titans,2025,1,45.0,180.0,25.86046511627907,145.24104150198838,19.6,31.0,22.33333333333333,86,6.0,1.0,2.4,0.8,High,Low
RR Pant,Lucknow Super Giants,Gujarat Titans,2025,1,7.0,116.66666666666669,27.677419354838708,129.84846123316925,6.4,13.5,42.0,124,1.0,0.0,0.8,0.2,Low,Low
Arshad Khan,Gujarat Titans,Lucknow Super Giants,2025,2,1.0,100.0,12.25,95.92803030303033,16.0,12.25,0.0,8,0.0,0.0,1.0,1.0,Low,Low
B Sai Sudharsan,Gujarat Titans,Lucknow Super Giants,2025,2,108.0,177.04918032786884,44.62162162162162,138.636464673195,50.4,48.0,43.5,37,12.0,4.0,6.4,1.2,Moderate,Low
JC Buttler,Gujarat Titans,Lucknow Super Giants,2025,2,30.0,111.11111111111111,34.601694915254235,129.1041030850464,56.4,44.6,19.33333333333333,118,3.0,1.0,5.6,2.6,Moderate,Low
K Rabada,Gujarat Titans,Lucknow Super Giants,2025,2,7.0,140.0,7.344827586206897,107.66294050776808,5.4,3.7,0.6666666666666666,29,0.0,1.0,0.0,0.6,Low,Low
M Shahrukh Khan,Gujarat Titans,Lucknow Super Giants,2025,2,6.0,100.0,14.28888888888889,157.10965642295565,7.8,12.9,13.333333333333334,45,1.0,0.0,0.4,0.6,High,Low
R Sai Kishore,Gujarat Titans,Lucknow Super Giants,2025,2,1.0,100.0,7.0,158.33333333333331,7.0,7.0,0.0,2,0.0,0.0,0.0,1.0,Low,Low
R Tewatia,Gujarat Titans,Lucknow Super Giants,2025,2,11.0,137.5,14.794520547945206,136.49674686489405,7.4,10.6,18.8,73,1.0,0.0,0.4,0.6,Low,Low
Rashid Khan,Gujarat Titans,Lucknow Super Giants,2025,2,2.0,66.66666666666666,9.031746031746032,122.60421566969188,4.8,12.1,2.0,63,0.0,0.0,0.2,0.4,Low,Low
SE Rutherford,Gujarat Titans,Lucknow Super Giants,2025,2,28.0,186.66666666666663,19.705882352941178,142.73426650748632,27.0,26.2,22.0,17,2.0,2.0,2.4,1.4,Moderate,Low
Shubman Gill,Gujarat Titans,Lucknow Super Giants,2025,2,93.0,175.47169811320757,34.387387387387385,124.6373585361397,77.2,53.0,39.333333333333336,111,3.0,7.0,6.2,3.4,Moderate,Low
A Manohar,Sunrisers Hyderabad,Royal Challengers Bengaluru,2025,1,43.0,116.2162162162162,14.736842105263158,97.15945979103874,11.4,13.1,0.0,19,2.0,3.0,0.6,0.6,Low,Low
Abhishek Sharma,Sunrisers Hyderabad,Royal Challengers Bengaluru,2025,1,59.0,295.0,24.30555555555556,137.67511691523774,36.2,34.9,32.5,72,4.0,6.0,3.0,2.6,Moderate,Low
Aniket Verma,Sunrisers Hyderabad,Royal Challengers Bengaluru,2025,1,5.0,250.0,19.8,162.28870722773163,11.4,19.8,0.0,10,1.0,0.0,0.4,0.8,Moderate,Low
H Klaasen,Sunrisers Hyderabad,Royal Challengers Bengaluru,2025,1,47.0,167.85714285714286,31.41860465116279,158.21305465685884,37.0,32.4,37.0,43,4.0,1.0,3.6,1.2,Moderate,Low
Ishan Kishan,Sunrisers Hyderabad,Royal Challengers Bengaluru,2025,1,35.0,125.0,26.13636363636364,115.79133408011089,19.0,12.5,69.0,110,3.0,2.0,1.6,0.6,High,Low
Nithish Kumar Reddy,Sunrisers Hyderabad,Royal Challengers Bengaluru,2025,1,5.0,250.0,22.904761904761905,128.16987776091418,13.2,17.8,13.0,21,1.0,0.0,1.0,0.4,Low,Low
PJ Cummins,Sunrisers Hyderabad,Royal Challengers Bengaluru,2025,1,19.0,190.0,12.74468085106383,129.81622998823778,12.8,11.3,31.0,47,1.0,1.0,1.2,0.6,Low,Low
TM Head,Sunrisers Hyderabad,Royal Challengers Bengaluru,2025,1,20.0,125.0,30.085714285714285,134.02363659175563,26.6,28.1,51.5,35,4.0,0.0,4.0,0.6,Low,Low
B Kumar,Royal Challengers Bengaluru,Sunrisers Hyderabad,2025,2,8.0,61.53846153846154,4.579710144927536,83.02212682647466,2.0,6.0,1.5,69,1.0,0.0,0.2,0.0,Low,Low
JM Sharma,Royal Challengers Bengaluru,Sunrisers Hyderabad,2025,2,7.0,87.5,19.5,142.74121045637233,8.6,18.2,17.0,44,1.0,0.0,1.0,0.2,Moderate,Low
KH Pandya,Royal Challengers Bengaluru,Sunrisers Hyderabad,2025,2,73.0,158.69565217391303,15.571428571428571,120.57691114461878,19.4,15.7,18.071428571428573,112,5.0,4.0,1.4,0.8,Low,Low
L Ngidi,Royal Challengers Bengaluru,Sunrisers Hyderabad,2025,2,0.0,0.0,0.0,0.0,0.0,0.0,0.0,0,0.0,0.0,0.0,0.0,Low,Low
MA Agarwal,Royal Challengers Bengaluru,Sunrisers Hyderabad,2025,2,5.0,83.33333333333334,21.87704918032787,117.02263767189744,29.4,26.9,17.0,122,1.0,0.0,3.2,1.0,Low,Low
PD Salt,Royal Challengers Bengaluru,Sunrisers Hyderabad,2025,2,26.0,113.04347826086956,29.73333333333333,146.39931799424622,26.6,24.5,37.66666666666666,30,4.0,0.0,2.8,1.8,High,Low
R Shepherd,Royal Challengers Bengaluru,Sunrisers Hyderabad,2025,2,53.0,407.6923076923077,16.8,166.67399267399267,19.0,16.8,7.5,10,4.0,6.0,1.4,2.0,Low,Low
RM Patidar,Royal Challengers Bengaluru,Sunrisers Hyderabad,2025,2,11.0,73.33333333333333,30.529411764705884,134.299995051427,10.6,23.9,35.666666666666664,34,1.0,0.0,0.8,0.2,Low,Low
TH David,Royal Challengers Bengaluru,Sunrisers Hyderabad,2025,2,2.0,66.66666666666666,19.65116279069768,157.91338886072128,26.2,21.0,34.666666666666664,43,0.0,0.0,2.4,1.8,Low,Low
V Kohli,Royal Challengers Bengaluru,Sunrisers Hyderabad,2025,2,62.0,187.87878787878788,33.14785992217899,119.56502015439924,51.4,44.6,31.95833333333333,257,5.0,5.0,4.8,1.6,High,Low
Yash Dayal,Royal Challengers Bengaluru,Sunrisers Hyderabad,2025,2,0.0,0.0,0.0,0.0,0.0,0.0,0.0,2,0.0,0.0,0.0,0.0,Low,Low
Azmatullah Omarzai,Punjab Kings,Delhi Capitals,2025,1,21.0,233.33333333333331,13.166666666666666,130.75757575757575,12.4,13.166666666666666,1.0,6,3.0,1.0,1.2,0.6,Low,Low
Harpreet Brar,Punjab Kings,Delhi Capitals,2025,1,17.0,130.76923076923077,9.708333333333334,119.6463443677066,14.2,9.4,4.833333333333333,24,2.0,0.0,1.6,0.4,Low,Low
JP Inglis,Punjab Kings,Delhi Capitals,2025,1,30.0,214.28571428571428,15.333333333333334,130.64892623716153,18.0,15.333333333333334,0.0,6,1.0,4.0,1.6,1.0,Moderate,Low
M Jansen,Punjab Kings,Delhi Capitals,2025,1,4.0,200.0,7.421052631578948,93.89880202899592,7.6,9.6,2.0,19,1.0,0.0,0.2,0.4,Low,Low
MP Stoinis,Punjab Kings,Delhi Capitals,2025,1,15.0,300.0,20.50526315789474,122.64166958277043,12.2,11.8,14.833333333333334,95,1.0,1.0,0.4,1.2,High,Low
N Wadhera,Punjab Kings,Delhi Capitals,2025,1,70.0,189.1891891891892,24.23076923076923,138.7044603837699,25.8,28.0,4.0,26,5.0,5.0,2.2,1.8,Low,Low
P Simran Singh,Punjab Kings,Delhi Capitals,2025,1,21.0,210.0,26.8936170212766,133.65138421666103,59.8,41.7,42.6,47,3.0,1.0,5.4,3.4,Moderate,Low
Priyansh Arya,Punjab Kings,Delhi Capitals,2025,1,9.0,128.57142857142858,32.76923076923077,154.3664478105681,34.4,37.1,70.0,13,1.0,0.0,3.8,2.0,Low,Low
SS Iyer,Punjab Kings,Delhi Capitals,2025,1,30.0,120.0,28.078740157480315,117.29767515939574,35.6,28.6,36.75,127,5.0,0.0,3.2,1.4,High,Low
Shashank Singh,Punjab Kings,Delhi Capitals,2025,1,59.0,196.66666666666663,24.0,141.2776471800135,29.4,27.3,5.0,29,5.0,3.0,2.2,1.2,Low,Low
F du Plessis,Delhi Capitals,Punjab Kings,2025,2,6.0,85.71428571428571,32.534246575342465,120.94717070666916,19.6,25.0,43.71428571428572,146,1.0,0.0,2.0,0.4,Moderate,Low
KK Nair,Delhi Capitals,Punjab Kings,2025,2,0.0,0.0,22.0,111.18722845385464,13.0,17.0,0.0,75,0.0,0.0,1.4,0.6,High,Low
KL Rahul,Delhi Capitals,Punjab Kings,2025,2,11.0,183.3333333333333,37.956204379562045,126.29909358319996,36.2,32.6,26.75,137,2.0,0.0,4.2,0.8,Moderate,Low
Sameer Rizvi,Delhi Capitals,Punjab Kings,2025,2,39.0,111.42857142857144,14.25,109.61244824016563,19.8,14.25,21.0,8,6.0,1.0,2.4,0.4,High,Low
Sediqullah Atal,Delhi Capitals,Punjab Kings,2025,2,0.0,0.0,0.0,0.0,0.0,0.0,0.0,0,0.0,0.0,0.0,0.0,Moderate,Low
T Stubbs,Delhi Capitals,Punjab Kings,2025,2,2.0,50.0,23.1,152.75328014668827,19.8,20.9,5.0,30,0.0,0.0,1.8,0.6,Low,Low
A Mhatre,Chennai Super Kings,Gujarat Titans,2025,1,43.0,215.0,34.333333333333336,149.78801169590642,34.8,34.333333333333336,0.0,6,8.0,1.0,4.8,1.2,Moderate,Low
D Brevis,Chennai Super Kings,Gujarat Titans,2025,1,42.0,168.0,26.53333333333333,119.48093427040796,33.6,27.7,46.0,15,2.0,3.0,1.8,2.4,High,Low
DP Conway,Chennai Super Kings,Gujarat Titans,2025,1,10.0,125.0,38.07407407407408,108.63403887306782,20.8,31.8,23.25,27,2.0,0.0,2.2,0.4,High,Low
RA Jadeja,Chennai Super Kings,Gujarat Titans,2025,1,1.0,20.0,16.78238341968912,131.18635353099677,27.0,20.6,14.166666666666666,193,0.0,0.0,3.0,0.8,Moderate,Low
S Dube,Chennai Super Kings,Gujarat Titans,2025,1,39.0,121.875,24.89189189189189,130.39150334760856,22.0,29.4,20.428571428571427,74,2.0,2.0,1.4,1.2,Low,Low
Urvil Patel,Chennai Super Kings,Gujarat Titans,2025,1,0.0,0.0,15.5,140.9090909090909,15.5,15.5,0.0,2,0.0,0.0,0.5,2.0,Moderate,Low
Arshad Khan,Gujarat Titans,Chennai Super Kings,2025,2,1.0,33.33333333333333,11.0,88.97306397306397,12.2,11.0,1.5,9,0.0,0.0,0.6,1.0,Moderate,Low
B Sai Sudharsan,Gujarat Titans,Chennai Super Kings,2025,2,21.0,131.25,44.0,138.4420840239004,44.2,45.2,64.5,38,4.0,0.0,6.0,1.0,High,Low
G Coetzee,Gujarat Titans,Chennai Super Kings,2025,2,12.0,240.0,4.333333333333333,80.34391534391534,5.0,4.333333333333333,0.0,6,1.0,1.0,0.2,0.4,Low,Low
JC Buttler,Gujarat Titans,Chennai Super Kings,2025,2,33.0,183.3333333333333,34.588235294117645,129.5598109022589,43.6,44.0,36.7,119,3.0,2.0,4.0,2.2,Low,Low
M Shahrukh Khan,Gujarat Titans,Chennai Super Kings,2025,2,57.0,196.55172413793105,15.217391304347826,157.96709267762904,17.0,14.9,13.0,46,5.0,3.0,1.4,1.0,Low,Low
Mohammed Siraj,Gujarat Titans,Chennai Super Kings,2025,2,12.0,150.0,5.45,79.53946053946053,5.4,6.3,7.25,20,0.0,2.0,0.4,0.4,Low,Low
R Sai Kishore,Gujarat Titans,Chennai Super Kings,2025,2,1.0,50.0,5.0,122.2222222222222,5.0,5.0,0.0,3,0.0,0.0,0.0,0.6666666666666666,Low,Low
R Tewatia,Gujarat Titans,Chennai Super Kings,2025,2,2.0,66.66666666666666,14.62162162162162,135.55309713248556,5.6,10.4,9.25,74,0.0,0.0,0.2,0.4,Low,Low
Rashid Khan,Gujarat Titans,Chennai Super Kings,2025,2,4.0,100.0,8.953125,122.25102479985291,4.4,10.1,16.125,64,0.0,0.0,0.2,0.2,Low,Low
SE Rutherford,Gujarat Titans,Chennai Super Kings,2025,2,38.0,172.72727272727272,20.72222222222222,144.4005446308078,27.6,27.2,6.0,18,1.0,3.0,1.4,1.8,Low,Low
Shubman Gill,Gujarat Titans,Chennai Super Kings,2025,2,35.0,175.0,34.392857142857146,125.08702497778133,66.2,55.1,30.133333333333333,112,7.0,0.0,5.6,2.8,Low,Low
Abhishek Sharma,Sunrisers Hyderabad,Kolkata Knight Riders,2025,1,34.0,212.5,24.438356164383563,138.70011531365915,35.0,37.7,13.4,73,3.0,3.0,2.2,3.2,Moderate,Low
Aniket Verma,Sunrisers Hyderabad,Kolkata Knight Riders,2025,1,26.0,288.88888888888886,20.363636363636363,173.79781465147315,13.0,21.7,6.0,11,1.0,3.0,0.6,1.0,Low,Low
H Klaasen,Sunrisers Hyderabad,Kolkata Knight Riders,2025,1,24.0,184.6153846153846,31.25,158.81310761046169,34.4,32.2,30.571428571428573,44,2.0,2.0,3.4,1.2,High,Low
Ishan Kishan,Sunrisers Hyderabad,Kolkata Knight Riders,2025,1,94.0,195.8333333333333,26.74774774774775,116.51243317248225,37.4,21.9,25.9,111,7.0,5.0,3.0,1.6,Moderate,Low
TM Head,Sunrisers Hyderabad,Kolkata Knight Riders,2025,1,17.0,170.0,29.72222222222222,135.02298001976243,16.8,23.1,19.75,36,3.0,0.0,2.8,0.0,High,Low
A Raghuvanshi,Kolkata Knight Riders,Sunrisers Hyderabad,2025,2,1.0,50.0,26.41176470588235,142.03775235628677,30.6,28.6,50.0,17,0.0,0.0,3.2,0.8,Low,Low
AD Russell,Kolkata Knight Riders,Sunrisers Hyderabad,2025,2,38.0,180.95238095238096,23.289473684210527,151.6071280085274,30.0,19.1,19.125,114,4.0,3.0,2.8,2.6,Low,Low
AM Rahane,Kolkata Knight Riders,Sunrisers Hyderabad,2025,2,48.0,145.45454545454547,27.565934065934066,107.53508857859688,34.2,31.9,24.571428571428573,182,4.0,2.0,3.0,1.4,Low,Low
Harshit Rana,Kolkata Knight Riders,Sunrisers Hyderabad,2025,2,0.0,0.0,2.7777777777777777,61.28747795414462,3.6,2.7777777777777777,0.0,9,0.0,0.0,0.4,0.0,Moderate,Low
MK Pandey,Kolkata Knight Riders,Sunrisers Hyderabad,2025,2,36.0,128.57142857142858,24.160493827160494,106.48633377385605,24.8,23.1,25.071428571428573,162,1.0,1.0,1.2,1.2,Moderate,Low
Q de Kock,Kolkata Knight Riders,Sunrisers Hyderabad,2025,2,2.0,50.0,28.721739130434784,115.92935730618352,8.4,16.5,28.857142857142858,115,0.0,0.0,0.0,1.0,Low,Low
RK Singh,Kolkata Knight Riders,Sunrisers Hyderabad,2025,2,9.0,150.0,21.8,142.13930129108616,16.6,19.7,32.333333333333336,50,2.0,0.0,1.4,0.8,Low,Low
Ramandeep Singh,Kolkata Knight Riders,Sunrisers Hyderabad,2025,2,4.0,100.0,10.736842105263158,144.27631578947367,5.6,8.4,24.5,19,0.0,0.0,0.2,0.4,Low,Low
SP Narine,Kolkata Knight Riders,Sunrisers Hyderabad,2025,2,26.0,152.94117647058823,14.948717948717947,125.14204885087833,17.0,17.1,8.352941176470589,117,4.0,1.0,2.0,1.0,Moderate,Low
VG Arora,Kolkata Knight Riders,Sunrisers Hyderabad,2025,2,0.0,0.0,1.125,66.66666666666666,1.2,1.125,1.0,8,0.0,0.0,0.0,0.0,Low,Low
HH Pandya,Mumbai Indians,Punjab Kings,2025,1,3.0,50.0,19.25,139.8249141138428,15.6,17.7,14.5,140,0.0,0.0,1.8,0.4,Moderate,Low
MJ Santner,Mumbai Indians,Punjab Kings,2025,1,0.0,0.0,6.8125,104.64335919928024,7.8,5.5,10.0,16,0.0,0.0,0.4,0.6,Low,Low
Naman Dhir,Mumbai Indians,Punjab Kings,2025,1,24.0,300.0,20.375,158.0221154118213,18.8,24.8,0.0,16,2.0,2.0,1.8,1.2,Moderate,Low
RD Rickelton,Mumbai Indians,Punjab Kings,2025,1,25.0,138.88888888888889,27.76923076923077,148.21315672631462,31.4,28.0,0.0,13,0.0,2.0,3.0,1.8,Moderate,Low
RG Sharma,Mumbai Indians,Punjab Kings,2025,1,5.0,100.0,26.268939393939394,113.84995023275688,29.4,29.7,29.83333333333333,264,1.0,0.0,3.8,1.0,Moderate,Low
SA Yadav,Mumbai Indians,Punjab Kings,2025,1,73.0,169.7674418604651,28.033557046979865,137.64584933427358,50.0,47.9,46.16666666666666,149,7.0,4.0,5.0,2.6,High,Low
Tilak Varma,Mumbai Indians,Punjab Kings,2025,1,27.0,100.0,29.77083333333333,136.599777234873,12.6,27.3,24.75,48,1.0,1.0,0.8,0.2,Low,Low
WG Jacks,Mumbai Indians,Punjab Kings,2025,1,21.0,161.53846153846155,24.77777777777778,132.95782200929037,32.2,21.6,12.0,18,3.0,1.0,3.2,1.6,Low,Low
JP Inglis,Punjab Kings,Mumbai Indians,2025,2,32.0,266.66666666666663,17.714285714285715,150.0800320128051,21.6,17.714285714285715,0.0,7,3.0,2.0,1.8,1.4,High,Low
N Wadhera,Punjab Kings,Mumbai Indians,2025,2,16.0,100.0,23.925925925925927,137.2709618510377,22.4,25.3,0.0,27,1.0,0.0,1.8,1.2,Low,Low
P Simran Singh,Punjab Kings,Mumbai Indians,2025,2,28.0,155.55555555555557,26.916666666666668,134.10772111955467,48.8,44.5,11.666666666666666,48,4.0,1.0,5.0,2.4,Low,Low
Priyansh Arya,Punjab Kings,Mumbai Indians,2025,2,6.0,66.66666666666666,30.857142857142858,148.10217772886085,21.8,27.4,0.0,14,1.0,0.0,2.4,1.2,High,Low
SS Iyer,Punjab Kings,Mumbai Indians,2025,2,53.0,160.6060606060606,28.2734375,117.6360219206978,45.0,32.9,21.55555555555556,128,5.0,2.0,4.0,1.8,Moderate,Low
Abdul Samad,Lucknow Super Giants,Royal Challengers Bengaluru,2025,1,3.0,50.0,14.549019607843135,137.87154786588317,16.4,14.1,23.5,51,0.0,0.0,0.4,1.6,Low,Low
MP Breetzke,Lucknow Super Giants,Royal Challengers Bengaluru,2025,1,0.0,0.0,0.0,0.0,0.0,0.0,0.0,0,0.0,0.0,0.0,0.0,Low,Low
MR Marsh,Lucknow Super Giants,Royal Challengers Bengaluru,2025,1,117.0,182.8125,25.52083333333333,112.24670434328168,52.2,43.6,0.0,48,10.0,8.0,4.4,3.0,High,Low
N Pooran,Lucknow Super Giants,Royal Challengers Bengaluru,2025,1,56.0,215.3846153846154,26.20689655172414,146.04728947765076,28.6,32.2,40.0,87,4.0,5.0,2.8,1.8,Low,Low
RR Pant,Lucknow Super Giants,Royal Challengers Bengaluru,2025,1,16.0,266.66666666666663,27.584,130.9430068766372,9.0,13.6,0.0,125,0.0,2.0,0.8,0.6,High,Low
JM Sharma,Royal Challengers Bengaluru,Lucknow Super Giants,2025,2,24.0,160.0,19.6,143.12473911289737,12.8,18.4,8.5,45,1.0,2.0,1.2,0.6,High,Low
LS Livingstone,Royal Challengers Bengaluru,Lucknow Super Giants,2025,2,4.0,66.66666666666666,22.8,130.88006306576924,14.4,11.5,23.0,45,1.0,0.0,0.4,1.2,Low,Low
MA Agarwal,Royal Challengers Bengaluru,Lucknow Super Giants,2025,2,11.0,110.0,21.788617886178866,116.96554305667875,15.0,23.2,16.5,123,1.0,0.0,1.8,0.2,High,Low
PD Salt,Royal Challengers Bengaluru,Lucknow Super Giants,2025,2,62.0,200.0,30.774193548387096,148.12837225249635,31.6,30.1,60.5,31,4.0,5.0,2.8,2.2,Moderate,Low
RM Patidar,Royal Challengers Bengaluru,Lucknow Super Giants,2025,2,18.0,112.5,30.17142857142857,133.67713804995765,9.6,22.3,70.5,35,1.0,0.0,0.8,0.0,Low,Low
V Kohli,Royal Challengers Bengaluru,Lucknow Super Giants,2025,2,43.0,172.0,33.18604651162791,119.76825651038996,59.8,45.8,27.8,258,7.0,1.0,6.2,1.8,High,Low
Azmatullah Omarzai,Punjab Kings,Royal Challengers Bengaluru,2025,1,1.0,33.33333333333333,11.428571428571429,116.83982683982684,10.4,11.428571428571429,0.0,7,0.0,0.0,1.0,0.6,Low,Low
Harpreet Brar,Punjab Kings,Royal Challengers Bengaluru,2025,1,7.0,350.0,9.6,128.86049059299833,15.4,8.4,2.0,25,0.0,1.0,1.6,0.6,Low,Low
JP Inglis,Punjab Kings,Royal Challengers Bengaluru,2025,1,73.0,173.80952380952382,24.625,153.04621848739495,30.4,24.625,21.5,8,9.0,3.0,3.2,1.8,Low,Low
KA Jamieson,Punjab Kings,Royal Challengers Bengaluru,2025,1,2.0,100.0,9.285714285714286,130.02830502830503,9.8,9.285714285714286,0.0,7,0.0,0.0,0.6,0.6,Low,Low
MP Stoinis,Punjab Kings,Royal Challengers Bengaluru,2025,1,44.0,293.3333333333333,20.75,124.4197077468388,20.2,15.9,10.666666666666666,96,3.0,4.0,1.0,2.0,Moderate,Low
Musheer Khan,Punjab Kings,Royal Challengers Bengaluru,2025,1,0.0,0.0,0.0,0.0,0.0,0.0,0.0,0,0.0,0.0,0.0,0.0,Low,Low
N Wadhera,Punjab Kings,Royal Challengers Bengaluru,2025,1,2.0,100.0,23.142857142857142,135.93985607064351,21.8,19.3,19.0,28,0.0,0.0,1.8,1.2,Low,Low
P Simran Singh,Punjab Kings,Royal Challengers Bengaluru,2025,1,13.0,81.25,26.632653061224488,133.0289921171148,40.6,41.6,19.25,49,1.0,1.0,4.2,2.0,Low,Low
Priyansh Arya,Punjab Kings,Royal Challengers Bengaluru,2025,1,62.0,177.14285714285714,32.93333333333333,150.03822302312727,29.6,30.0,19.0,15,9.0,2.0,3.2,1.6,Low,Low
SS Iyer,Punjab Kings,Royal Challengers Bengaluru,2025,1,26.0,162.5,28.25581395348837,117.98380469650635,45.2,34.6,25.5,129,1.0,2.0,4.0,2.0,Low,Low
Shashank Singh,Punjab Kings,Royal Challengers Bengaluru,2025,1,11.0,110.0,23.566666666666663,140.23505894067972,31.4,24.0,22.5,30,0.0,0.0,2.2,1.2,Low,Low
MA Agarwal,Royal Challengers Bengaluru,Punjab Kings,2025,2,41.0,178.26086956521738,21.943548387096776,117.45986020594115,16.8,27.1,21.0,124,5.0,0.0,2.0,0.0,Low,Low
PD Salt,Royal Challengers Bengaluru,Punjab Kings,2025,2,30.0,157.89473684210526,30.75,148.43357114592163,24.6,27.5,25.4,32,6.0,0.0,3.0,1.0,High,Low
RM Patidar,Royal Challengers Bengaluru,Punjab Kings,2025,2,14.0,200.0,29.72222222222222,135.51943977079216,10.0,18.6,27.5,36,1.0,1.0,0.8,0.2,Low,Low
V Kohli,Royal Challengers Bengaluru,Punjab Kings,2025,2,54.0,180.0,33.26640926640927,120.00081150455831,56.0,50.5,47.0,259,10.0,0.0,6.8,1.6,Low,Low
HH Pandya,Mumbai Indians,Gujarat Titans,2025,1,26.0,173.33333333333334,19.29787234042553,140.06256247710158,16.6,18.7,7.666666666666667,141,2.0,2.0,1.6,0.6,Moderate,Low
JM Bairstow,Mumbai Indians,Gujarat Titans,2025,1,14.0,63.63636363636363,31.78,130.8275863664369,40.4,28.9,10.333333333333334,50,1.0,0.0,4.2,2.2,High,Low
MJ Santner,Mumbai Indians,Gujarat Titans,2025,1,1.0,100.0,6.470588235294118,104.370220422852,5.8,5.5,5.0,17,0.0,0.0,0.2,0.6,Low,Low
Naman Dhir,Mumbai Indians,Gujarat Titans,2025,1,20.0,166.66666666666669,20.352941176470587,158.53061842681225,15.2,20.6,15.0,17,0.0,2.0,1.0,1.2,Low,Low
RG Sharma,Mumbai Indians,Gujarat Titans,2025,1,24.0,114.28571428571428,26.260377358490565,113.85159462540956,20.2,30.8,20.0,265,2.0,1.0,2.6,0.6,High,Low
SA Yadav,Mumbai Indians,Gujarat Titans,2025,1,57.0,146.15384615384613,28.226666666666667,137.70256931307074,53.4,46.9,47.16666666666666,150,6.0,2.0,5.2,2.6,Moderate,Low
Tilak Varma,Mumbai Indians,Gujarat Titans,2025,1,1.0,25.0,29.18367346938776,134.3222307606919,8.6,24.3,22.83333333333333,49,0.0,0.0,0.4,0.2,Moderate,Low
B Sai Sudharsan,Gujarat Titans,Mumbai Indians,2025,2,41.0,146.42857142857142,43.92307692307692,138.6468657522253,44.6,48.8,34.0,39,6.0,0.0,6.4,0.8,High,Low
BKG Mendis,Gujarat Titans,Mumbai Indians,2025,2,0.0,0.0,0.0,0.0,0.0,0.0,0.0,0,0.0,0.0,0.0,0.0,Moderate,Low
M Shahrukh Khan,Gujarat Titans,Mumbai Indians,2025,2,19.0,126.66666666666666,15.297872340425531,157.3011261667575,18.6,16.6,10.0,47,0.0,2.0,1.4,1.2,Low,Low
R Tewatia,Gujarat Titans,Mumbai Indians,2025,2,14.0,140.0,14.613333333333332,135.61238917071907,8.4,8.3,12.0,75,1.0,0.0,0.4,0.4,Low,Low
Rashid Khan,Gujarat Titans,Mumbai Indians,2025,2,12.0,150.0,9.0,122.67793211062444,4.4,8.2,8.5,65,1.0,1.0,0.2,0.2,Low,Low
SE Rutherford,Gujarat Titans,Mumbai Indians,2025,2,0.0,0.0,19.63157894736842,136.80051596602843,26.2,26.7,23.0,19,0.0,0.0,1.4,1.6,Moderate,Low
Shubman Gill,Gujarat Titans,Mumbai Indians,2025,2,13.0,144.44444444444443,34.203539823008846,125.25832957483144,52.0,50.3,37.21428571428572,113,1.0,1.0,4.8,2.2,Low,Low
Washington Sundar,Gujarat Titans,Mumbai Indians,2025,2,21.0,131.25,11.023809523809524,108.57920905350905,17.0,14.5,6.125,42,0.0,1.0,1.0,0.8,High,Low
HH Pandya,Mumbai Indians,Punjab Kings,2025,1,22.0,244.44444444444449,19.316901408450704,140.79764615292794,20.0,19.8,16.142857142857142,142,0.0,3.0,1.6,1.2,Low,Low
JM Bairstow,Mumbai Indians,Punjab Kings,2025,1,47.0,213.63636363636363,32.07843137254902,132.4512878815335,28.2,32.8,63.0,51,4.0,3.0,3.4,1.0,Moderate,Low
MJ Santner,Mumbai Indians,Punjab Kings,2025,1,0.0,0.0,6.111111111111111,98.57187484380466,2.2,5.4,7.0,18,0.0,0.0,0.0,0.2,Low,Low
Naman Dhir,Mumbai Indians,Punjab Kings,2025,1,9.0,150.0,19.72222222222222,158.0566951808782,17.0,19.8,20.0,18,0.0,1.0,1.0,1.4,Moderate,Low
RA Bawa,Mumbai Indians,Punjab Kings,2025,1,11.0,84.61538461538461,5.5,42.30769230769231,5.5,5.5,0.0,2,1.0,0.0,0.5,0.0,Low,Low
RG Sharma,Mumbai Indians,Punjab Kings,2025,1,81.0,162.0,26.466165413533837,114.03260366817116,34.0,37.2,29.0,266,9.0,4.0,4.4,1.0,Low,Low
SA Yadav,Mumbai Indians,Punjab Kings,2025,1,33.0,165.0,28.258278145695364,137.88334699973913,49.2,47.4,47.71428571428572,151,1.0,3.0,4.6,2.4,High,Low
Tilak Varma,Mumbai Indians,Punjab Kings,2025,1,25.0,227.27272727272728,29.1,136.1812406909326,13.2,22.9,20.0,50,0.0,3.0,0.4,0.8,High,Low
JP Inglis,Punjab Kings,Mumbai Indians,2025,2,4.0,57.14285714285714,22.33333333333333,142.39028944911297,29.0,22.33333333333333,73.0,9,0.0,0.0,2.8,1.8,Moderate,Low
MP Stoinis,Punjab Kings,Mumbai Indians,2025,2,26.0,152.94117647058823,20.804123711340207,124.71374350687744,18.6,18.0,24.285714285714285,97,2.0,2.0,1.2,1.6,Low,Low
N Wadhera,Punjab Kings,Mumbai Indians,2025,2,8.0,88.88888888888889,22.620689655172413,134.31740892644507,22.4,19.2,2.0,29,1.0,0.0,1.8,1.2,High,Low
P Simran Singh,Punjab Kings,Mumbai Indians,2025,2,18.0,180.0,26.46,133.9684122747725,26.0,40.4,12.0,50,2.0,1.0,3.4,0.8,Low,Low
Priyansh Arya,Punjab Kings,Mumbai Indians,2025,2,7.0,140.0,31.3125,149.41083408418183,30.8,28.5,62.0,16,1.0,0.0,3.4,1.6,Moderate,Low
SS Iyer,Punjab Kings,Mumbai Indians,2025,2,2.0,66.66666666666666,28.053846153846155,117.5890574808922,31.2,26.6,21.789473684210527,130,0.0,0.0,3.0,1.2,High,Low
Shashank Singh,Punjab Kings,Mumbai Indians,2025,2,3.0,60.0,22.90322580645161,137.64683123291587,25.8,23.3,41.0,31,0.0,0.0,2.0,1.2,Low,Low
B Kumar,Royal Challengers Bengaluru,Punjab Kings,2025,1,3.0,150.0,4.557142857142857,83.97895358609645,2.6,3.6,4.5,70,0.0,0.0,0.2,0.0,Low,Low
JM Sharma,Royal Challengers Bengaluru,Punjab Kings,2025,1,85.0,265.625,21.02173913043478,145.787788262617,29.4,23.7,6.5,46,8.0,6.0,2.8,1.8,Moderate,Low
KH Pandya,Royal Challengers Bengaluru,Punjab Kings,2025,1,8.0,133.33333333333331,15.50442477876106,120.6897998365543,21.0,16.4,12.833333333333334,113,2.0,0.0,1.8,0.8,Low,Low
LS Livingstone,Royal Challengers Bengaluru,Punjab Kings,2025,1,0.0,0.0,22.30434782608696,128.0348443034699,12.4,9.4,14.5,46,0.0,0.0,0.4,1.0,Moderate,Low
MA Agarwal,Royal Challengers Bengaluru,Punjab Kings,2025,1,19.0,146.15384615384613,21.92,117.6894120935244,18.4,24.1,20.0,125,2.0,1.0,2.2,0.2,Moderate,Low
PD Salt,Royal Challengers Bengaluru,Punjab Kings,2025,1,56.0,207.4074074074074,31.51515151515152,150.22065709323937,35.0,29.9,30.5,33,6.0,3.0,4.0,1.6,Low,Low
R Shepherd,Royal Challengers Bengaluru,Punjab Kings,2025,1,0.0,0.0,15.272727272727272,151.52181152181151,11.2,14.4,13.5,11,0.0,0.0,0.8,1.2,Low,Low
RM Patidar,Royal Challengers Bengaluru,Punjab Kings,2025,1,15.0,187.5,29.324324324324323,136.92431977698698,12.8,18.9,25.714285714285715,37,1.0,1.0,1.0,0.4,Moderate,Low
V Kohli,Royal Challengers Bengaluru,Punjab Kings,2025,1,12.0,100.0,33.184615384615384,119.92388530646387,44.4,45.0,43.5,260,2.0,0.0,5.6,1.2,High,Low
Yash Dayal,Royal Challengers Bengaluru,Punjab Kings,2025,1,3.0,50.0,1.0,16.666666666666668,1.0,1.0,0.0,3,0.0,0.0,0.0,0.0,Low,Low
Azmatullah Omarzai,Punjab Kings,Royal Challengers Bengaluru,2025,2,18.0,150.0,12.25,120.98484848484848,11.4,12.25,18.0,8,1.0,1.0,1.2,0.6,Low,Low
JP Inglis,Punjab Kings,Royal Challengers Bengaluru,2025,2,38.0,180.95238095238096,23.9,146.24649859943978,35.4,23.9,15.666666666666666,10,5.0,2.0,3.6,2.2,Moderate,Low
KA Jamieson,Punjab Kings,Royal Challengers Bengaluru,2025,2,0.0,0.0,8.125,113.7747668997669,7.6,8.125,0.0,8,0.0,0.0,0.4,0.4,Low,Low
MP Stoinis,Punjab Kings,Royal Challengers Bengaluru,2025,2,2.0,100.0,20.612244897959183,124.46156245068482,17.6,15.4,14.5,98,0.0,0.0,1.2,1.4,Low,Low
N Wadhera,Punjab Kings,Royal Challengers Bengaluru,2025,2,48.0,165.51724137931035,23.466666666666665,135.35740334154056,28.8,21.3,15.333333333333334,30,4.0,2.0,2.2,1.4,Low,Low
P Simran Singh,Punjab Kings,Royal Challengers Bengaluru,2025,2,6.0,66.66666666666666,26.058823529411764,132.6487702040253,17.2,39.7,19.0,51,1.0,0.0,2.2,0.8,Moderate,Low
Priyansh Arya,Punjab Kings,Royal Challengers Bengaluru,2025,2,20.0,200.0,30.647058823529413,152.3866673733476,20.8,28.9,15.0,17,2.0,1.0,2.8,0.6,Moderate,Low
SS Iyer,Punjab Kings,Royal Challengers Bengaluru,2025,2,87.0,217.5,28.50381679389313,118.35173643141974,39.6,35.3,20.8,131,5.0,8.0,3.2,2.4,Low,Low
Shashank Singh,Punjab Kings,Royal Challengers Bengaluru,2025,2,2.0,66.66666666666666,22.25,135.4287010902206,21.6,18.3,18.6,32,0.0,0.0,1.8,0.8,High,Low
Abhishek Sharma,Sunrisers Hyderabad,Royal Challengers Bengaluru,2026,1,32.0,200.0,24.54054054054054,139.52849213374483,39.8,40.8,33.0,74,4.0,2.0,3.0,3.4,Low,Low
Aniket Verma,Sunrisers Hyderabad,Royal Challengers Bengaluru,2026,1,12.0,200.0,19.666666666666668,175.98133009718376,13.0,19.3,26.0,12,1.0,1.0,0.6,1.2,High,Low
DA Payne,Sunrisers Hyderabad,Royal Challengers Bengaluru,2026,1,0.0,0.0,0.0,0.0,0.0,0.0,0.0,0,0.0,0.0,0.0,0.0,Low,Low
H Klaasen,Sunrisers Hyderabad,Royal Challengers Bengaluru,2026,1,105.0,276.3157894736842,32.888888888888886,161.4242783185333,41.2,39.5,32.666666666666664,45,7.0,9.0,3.0,2.6,Moderate,Low
HV Patel,Sunrisers Hyderabad,Royal Challengers Bengaluru,2026,1,1.0,100.0,6.585365853658536,100.32021859855432,4.2,4.0,0.0,41,0.0,0.0,0.0,0.0,Low,Low
Harsh Dubey,Sunrisers Hyderabad,Royal Challengers Bengaluru,2026,1,0.0,0.0,0.0,0.0,0.0,0.0,0.0,0,0.0,0.0,0.0,0.0,Low,Low
Ishan Kishan,Sunrisers Hyderabad,Royal Challengers Bengaluru,2026,1,29.0,145.0,26.767857142857142,116.76678644772792,43.0,24.6,81.5,112,4.0,1.0,3.8,1.8,High,Low
JD Unadkat,Sunrisers Hyderabad,Royal Challengers Bengaluru,2026,1,4.0,36.36363636363637,7.296296296296297,118.19903891799316,4.8,7.9,8.0,27,0.0,0.0,0.4,0.2,Low,Low
Nithish Kumar Reddy,Sunrisers Hyderabad,Royal Challengers Bengaluru,2026,1,4.0,57.14285714285714,22.045454545454547,124.94137682372975,10.2,15.2,8.5,22,0.0,0.0,0.8,0.4,Low,Low
S Arora,Sunrisers Hyderabad,Royal Challengers Bengaluru,2026,1,0.0,0.0,0.0,0.0,0.0,0.0,0.0,0,0.0,0.0,0.0,0.0,Low,Low
TM Head,Sunrisers Hyderabad,Royal Challengers Bengaluru,2026,1,76.0,190.0,30.97297297297297,136.5088454246337,26.4,26.0,40.0,37,6.0,6.0,3.4,1.2,Low,Low
D Padikkal,Royal Challengers Bengaluru,Sunrisers Hyderabad,2026,2,17.0,113.33333333333331,24.405405405405407,105.64518638856876,33.6,24.7,22.428571428571427,74,1.0,1.0,3.2,1.8,High,Low
JM Sharma,Royal Challengers Bengaluru,Sunrisers Hyderabad,2026,2,24.0,240.0,21.08510638297872,147.79230340596558,32.0,24.9,18.166666666666668,47,2.0,2.0,3.2,2.0,Low,Low
PD Salt,Royal Challengers Bengaluru,Sunrisers Hyderabad,2026,2,16.0,177.77777777777777,31.058823529411764,151.0311606427846,38.0,30.1,43.75,34,2.0,1.0,4.4,1.8,Low,Low
RM Patidar,Royal Challengers Bengaluru,Sunrisers Hyderabad,2026,2,26.0,162.5,29.23684210526316,137.59736399338203,16.8,15.1,31.25,38,1.0,2.0,1.0,0.8,Moderate,Low
TH David,Royal Challengers Bengaluru,Sunrisers Hyderabad,2026,2,1.0,20.0,19.227272727272727,154.77899365934124,19.0,18.7,26.25,44,0.0,0.0,2.0,1.0,Low,Low
V Kohli,Royal Challengers Bengaluru,Sunrisers Hyderabad,2026,2,43.0,122.85714285714286,33.22222222222222,119.9351238411408,42.8,47.1,32.4,261,3.0,0.0,5.4,1.2,High,Low
A Raghuvanshi,Kolkata Knight Riders,Mumbai Indians,2026,1,14.0,77.77777777777779,25.72222222222222,138.46775376859185,26.0,27.0,19.5,18,1.0,0.0,2.4,0.6,High,Low
AM Rahane,Kolkata Knight Riders,Mumbai Indians,2026,1,15.0,187.5,27.49726775956284,107.97205530767556,33.8,31.6,27.807692307692307,183,3.0,0.0,3.4,1.2,High,Low
C Green,Kolkata Knight Riders,Mumbai Indians,2026,1,27.0,128.57142857142858,25.25,135.15999636219024,28.8,23.4,0.0,28,2.0,1.0,2.2,1.4,Low,Low
FH Allen,Kolkata Knight Riders,Mumbai Indians,2026,1,0.0,0.0,0.0,0.0,0.0,0.0,0.0,0,0.0,0.0,0.0,0.0,Moderate,Low
RK Singh,Kolkata Knight Riders,Mumbai Indians,2026,1,9.0,150.0,21.54901960784314,142.29343263831976,18.0,19.4,13.714285714285714,51,0.0,1.0,1.4,1.0,Moderate,Low
Ramandeep Singh,Kolkata Knight Riders,Mumbai Indians,2026,1,13.0,260.0,10.85,150.0625,3.8,9.1,13.666666666666666,20,0.0,2.0,0.0,0.4,Low,Low
HH Pandya,Mumbai Indians,Kolkata Knight Riders,2026,2,15.0,115.38461538461536,19.286713286713287,140.61993265105164,13.4,18.5,28.214285714285715,143,1.0,1.0,0.6,1.2,Low,Low
Naman Dhir,Mumbai Indians,Kolkata Knight Riders,2026,2,37.0,205.55555555555557,20.63157894736842,160.55663520059804,19.4,21.7,14.0,19,7.0,0.0,2.0,1.0,Low,Low
RD Rickelton,Mumbai Indians,Kolkata Knight Riders,2026,2,27.0,135.0,27.714285714285715,147.26935981729213,34.6,29.7,62.0,14,5.0,0.0,3.6,1.8,High,Low
RG Sharma,Mumbai Indians,Kolkata Knight Riders,2026,2,8.0,114.28571428571428,26.39700374531835,114.03355164801216,25.0,36.2,31.852941176470587,267,1.0,0.0,2.8,1.0,High,Low
SA Yadav,Mumbai Indians,Kolkata Knight Riders,2026,2,44.0,169.23076923076923,28.36184210526316,138.08958004073276,48.4,47.8,36.46153846153846,152,4.0,3.0,4.6,2.4,Low,Low
Tilak Varma,Mumbai Indians,Kolkata Knight Riders,2026,2,44.0,162.96296296296296,29.392156862745097,136.7063725001881,20.8,24.8,22.0,51,2.0,2.0,0.6,1.2,Moderate,Low
A Kamboj,Chennai Super Kings,Rajasthan Royals,2026,1,5.0,166.66666666666669,2.6666666666666665,136.11111111111111,2.8,2.6666666666666665,5.0,6,1.0,0.0,0.4,0.0,Low,Low
A Mhatre,Chennai Super Kings,Rajasthan Royals,2026,1,34.0,200.0,34.285714285714285,156.96115288220548,35.6,34.285714285714285,43.0,7,3.0,3.0,4.2,1.8,Low,Low
J Overton,Chennai Super Kings,Rajasthan Royals,2026,1,4.0,133.33333333333331,7.5,204.16666666666663,7.5,7.5,11.0,2,1.0,0.0,0.5,0.5,High,Low
Kartik Sharma,Chennai Super Kings,Rajasthan Royals,2026,1,0.0,0.0,0.0,0.0,0.0,0.0,0.0,0,0.0,0.0,0.0,0.0,Low,Low
MJ Henry,Chennai Super Kings,Rajasthan Royals,2026,1,0.0,0.0,0.0,0.0,0.0,0.0,0.0,0,0.0,0.0,0.0,0.0,Low,Low
MW Short,Chennai Super Kings,Rajasthan Royals,2026,1,27.0,103.84615384615384,19.5,111.001776001776,23.2,19.5,0.0,6,2.0,1.0,3.0,0.8,Low,Low
Noor Ahmad,Chennai Super Kings,Rajasthan Royals,2026,1,2.0,200.0,1.818181818181818,69.7077922077922,1.4,1.9,2.0,11,0.0,0.0,0.0,0.0,Low,Low
RD Gaikwad,Chennai Super Kings,Rajasthan Royals,2026,1,1.0,33.33333333333333,35.74285714285714,110.86315921328438,24.4,25.8,34.125,70,0.0,0.0,2.8,0.8,Low,Low
S Dube,Chennai Super Kings,Rajasthan Royals,2026,1,17.0,212.5,24.786666666666665,131.4862833029738,23.0,29.3,27.0,75,0.0,2.0,1.0,1.6,Low,Low
SN Khan,Chennai Super Kings,Rajasthan Royals,2026,1,9.0,90.0,16.25,118.27677218399523,12.6,14.4,20.0,36,1.0,0.0,0.8,0.4,Low,Low
SV Samson,Chennai Super Kings,Rajasthan Royals,2026,1,41.0,132.25806451612902,27.50877192982456,119.19190657440562,29.6,29.5,0.0,171,3.0,2.0,2.2,1.6,Low,Low
Dhruv Jurel,Rajasthan Royals,Chennai Super Kings,2026,2,31.0,258.33333333333337,19.428571428571427,130.11505653729895,28.4,22.7,20.0,35,2.0,3.0,1.6,2.2,Low,Low
R Parag,Rajasthan Royals,Chennai Super Kings,2026,2,3.0,75.0,21.506849315068493,129.87041865866183,31.8,26.2,17.428571428571427,73,0.0,0.0,2.2,2.2,Low,Low
V Suryavanshi,Rajasthan Royals,Chennai Super Kings,2026,2,57.0,178.125,36.0,173.41635338345864,40.4,36.0,57.0,7,4.0,4.0,3.2,3.8,High,Low
YBK Jaiswal,Rajasthan Royals,Chennai Super Kings,2026,2,36.0,189.4736842105263,32.81818181818182,134.4854717262611,40.6,45.8,33.25,66,5.0,2.0,5.6,1.6,Moderate,Low
B Sai Sudharsan,Gujarat Titans,Punjab Kings,2026,1,80.0,163.26530612244898,44.825,139.2623267614809,51.0,48.6,42.833333333333336,40,10.0,1.0,6.6,1.0,Low,Low
GD Phillips,Gujarat Titans,Punjab Kings,2026,1,1.0,25.0,8.125,117.239010989011,7.8,8.125,0.0,8,0.0,0.0,0.4,0.8,Moderate,Low
JC Buttler,Gujarat Titans,Punjab Kings,2026,1,5.0,71.42857142857143,34.34166666666667,129.07538390664482,36.4,37.2,25.6,120,0.0,0.0,2.4,2.2,Moderate,Low
M Shahrukh Khan,Gujarat Titans,Punjab Kings,2026,1,13.0,185.7142857142857,15.25,157.89306699066432,20.2,17.3,7.0,48,0.0,1.0,1.2,1.4,Low,Low
R Tewatia,Gujarat Titans,Punjab Kings,2026,1,16.0,145.45454545454547,14.63157894736842,135.74189122708523,9.8,9.3,12.25,76,1.0,1.0,0.6,0.4,Low,Low
Rashid Khan,Gujarat Titans,Punjab Kings,2026,1,0.0,0.0,8.863636363636363,120.81917556349374,3.6,7.9,2.0,66,0.0,0.0,0.2,0.2,Low,Low
Shubman Gill,Gujarat Titans,Punjab Kings,2026,1,1.0,50.0,33.91228070175438,124.5981687890873,37.0,50.2,43.125,114,0.0,0.0,2.8,1.8,Moderate,Low
Washington Sundar,Gujarat Titans,Punjab Kings,2026,1,48.0,200.0,11.883720930232558,110.70527395924138,26.6,19.2,25.0,43,5.0,3.0,2.0,1.4,Low,Low
C Connolly,Punjab Kings,Gujarat Titans,2026,2,0.0,0.0,0.0,0.0,0.0,0.0,0.0,0,0.0,0.0,0.0,0.0,High,Low
M Jansen,Punjab Kings,Gujarat Titans,2026,2,0.0,0.0,7.05,89.20386192754613,6.6,9.3,5.5,20,0.0,0.0,0.2,0.4,Low,Low
MP Stoinis,Punjab Kings,Gujarat Titans,2026,2,6.0,300.0,20.464646464646464,126.234677981486,18.6,14.0,16.8,99,0.0,1.0,1.2,1.6,Low,Low
N Wadhera,Punjab Kings,Gujarat Titans,2026,2,15.0,83.33333333333334,23.193548387096776,133.6792075348242,17.8,21.8,19.666666666666668,31,0.0,1.0,1.2,0.6,Low,Low
P Simran Singh,Punjab Kings,Gujarat Titans,2026,2,26.0,118.1818181818182,26.057692307692307,132.37055958821364,18.2,39.0,18.75,52,0.0,2.0,1.6,1.0,Moderate,Low
Priyansh Arya,Punjab Kings,Gujarat Titans,2026,2,24.0,126.3157894736842,30.27777777777778,150.93828526781076,23.8,29.1,47.0,18,4.0,0.0,3.4,0.6,Low,Low
SS Iyer,Punjab Kings,Gujarat Titans,2026,2,1.0,50.0,28.295454545454547,117.83392024633324,33.8,34.7,54.5,132,0.0,0.0,2.2,2.4,Low,Low
Shashank Singh,Punjab Kings,Gujarat Titans,2026,2,61.0,203.3333333333333,23.424242424242426,137.48641721879974,27.2,24.2,34.5,33,3.0,6.0,1.6,1.8,Low,Low
XC Bartlett,Punjab Kings,Gujarat Titans,2026,2,11.0,73.33333333333333,11.0,73.33333333333333,11.0,11.0,0.0,1,1.0,0.0,1.0,0.0,Low,Low
A Badoni,Lucknow Super Giants,Delhi Capitals,2026,1,3.0,60.0,20.93478260869565,124.11370026731808,39.6,32.5,21.5,46,0.0,0.0,3.6,1.6,Low,Low
A Nortje,Lucknow Super Giants,Delhi Capitals,2026,1,0.0,0.0,3.769230769230769,95.97069597069596,1.8,4.2,0.0,13,0.0,0.0,0.0,0.0,Low,Low
AK Markram,Lucknow Super Giants,Delhi Capitals,2026,1,36.0,150.0,26.181818181818183,120.6910842202897,34.2,40.1,20.166666666666668,55,3.0,2.0,2.4,2.0,Low,Low
Abdul Samad,Lucknow Super Giants,Delhi Capitals,2026,1,1.0,100.0,14.288461538461538,137.14324886846234,10.6,11.5,19.33333333333333,52,0.0,0.0,0.4,0.8,Moderate,Low
MD Choudhary,Lucknow Super Giants,Delhi Capitals,2026,1,0.0,0.0,0.0,0.0,0.0,0.0,0.0,0,0.0,0.0,0.0,0.0,Low,Low
MR Marsh,Lucknow Super Giants,Delhi Capitals,2026,1,67.0,186.11111111111111,26.367346938775512,113.75414121609454,56.6,50.3,58.5,49,4.0,5.0,4.6,3.8,Moderate,Low
Mohammed Shami,Lucknow Super Giants,Delhi Capitals,2026,1,6.0,300.0,3.111111111111111,79.01234567901236,3.0,2.8,0.5,27,1.0,0.0,0.4,0.0,Low,Low
Mohsin Khan,Lucknow Super Giants,Delhi Capitals,2026,1,2.0,200.0,5.0,115.71428571428572,5.0,5.0,0.0,5,0.0,0.0,0.4,0.2,Low,Low
N Pooran,Lucknow Super Giants,Delhi Capitals,2026,1,13.0,130.0,26.056818181818183,145.86493391540472,29.4,32.3,30.5,88,1.0,0.0,2.6,1.8,Low,Low
RR Pant,Lucknow Super Giants,Delhi Capitals,2026,1,118.0,193.44262295081967,28.3015873015873,131.43903557563866,32.6,25.2,0.0,126,11.0,8.0,3.0,2.2,Low,Low
Shahbaz Ahmed,Lucknow Super Giants,Delhi Capitals,2026,1,9.0,112.5,14.342105263157896,112.43949371146334,7.6,16.8,24.2,38,1.0,0.0,0.2,0.4,Low,Low
AR Patel,Delhi Capitals,Lucknow Super Giants,2026,2,25.0,156.25,15.577235772357724,128.84717060674726,24.6,24.1,25.6,123,2.0,1.0,1.8,1.8,Low,Low
KL Rahul,Delhi Capitals,Lucknow Super Giants,2026,2,35.0,166.66666666666669,37.93478260869565,126.59161222873234,35.0,34.6,57.0,138,6.0,1.0,4.8,1.0,Low,Low
N Rana,Delhi Capitals,Lucknow Super Giants,2026,2,9.0,81.81818181818183,25.473214285714285,123.13887353061318,20.0,20.6,15.0,112,2.0,0.0,2.4,0.8,Low,Low
P Nissanka,Delhi Capitals,Lucknow Super Giants,2026,2,0.0,0.0,0.0,0.0,0.0,0.0,0.0,0,0.0,0.0,0.0,0.0,Low,Low
Sameer Rizvi,Delhi Capitals,Lucknow Super Giants,2026,2,58.0,232.0,19.11111111111111,123.21106510236945,27.2,19.11111111111111,2.5,9,3.0,5.0,2.8,1.4,High,Low
T Stubbs,Delhi Capitals,Lucknow Super Giants,2026,2,18.0,128.57142857142858,22.93548387096774,151.97322041845408,16.6,18.9,35.333333333333336,31,2.0,0.0,1.2,0.4,Moderate,Low
Abhishek Sharma,Sunrisers Hyderabad,Kolkata Knight Riders,2026,1,7.0,87.5,24.30666666666667,138.8347789052949,41.2,41.3,15.090909090909092,75,0.0,1.0,3.0,3.6,High,Low
Aniket Verma,Sunrisers Hyderabad,Kolkata Knight Riders,2026,1,43.0,238.88888888888889,21.46153846153846,180.82037308116108,17.8,16.2,9.0,13,3.0,4.0,1.2,1.6,Low,Low
H Klaasen,Sunrisers Hyderabad,Kolkata Knight Riders,2026,1,31.0,140.9090909090909,32.84782608695652,160.97829598354542,46.0,39.3,39.875,46,2.0,1.0,3.2,2.8,High,Low
Harsh Dubey,Sunrisers Hyderabad,Kolkata Knight Riders,2026,1,3.0,100.0,3.0,100.0,3.0,3.0,0.0,1,0.0,0.0,0.0,0.0,Low,Low
Ishan Kishan,Sunrisers Hyderabad,Kolkata Knight Riders,2026,1,80.0,210.52631578947367,27.238938053097343,117.59651679588498,50.2,32.4,26.181818181818183,113,8.0,5.0,4.4,2.6,Low,Low
Nithish Kumar Reddy,Sunrisers Hyderabad,Kolkata Knight Riders,2026,1,1.0,16.666666666666664,21.130434782608692,120.2337807299444,10.0,12.1,13.666666666666666,23,0.0,0.0,0.8,0.4,Moderate,Low
S Arora,Sunrisers Hyderabad,Kolkata Knight Riders,2026,1,9.0,150.0,9.0,150.0,9.0,9.0,0.0,1,0.0,1.0,0.0,1.0,Low,Low
Shivang Kumar,Sunrisers Hyderabad,Kolkata Knight Riders,2026,1,0.0,0.0,0.0,0.0,0.0,0.0,0.0,0,0.0,0.0,0.0,0.0,Low,Low
TM Head,Sunrisers Hyderabad,Kolkata Knight Riders,2026,1,11.0,122.22222222222224,30.44736842105263,136.1328816561492,28.6,24.9,31.0,38,2.0,0.0,3.8,1.2,High,Low
A Raghuvanshi,Kolkata Knight Riders,Sunrisers Hyderabad,2026,2,51.0,175.86206896551724,27.05263157894737,140.4358756210616,30.8,29.9,32.0,19,6.0,2.0,3.0,0.8,High,Low
AM Rahane,Kolkata Knight Riders,Sunrisers Hyderabad,2026,2,67.0,167.5,27.71195652173913,108.29557674622082,37.2,37.2,24.13636363636364,184,3.0,5.0,3.0,2.0,Low,Low
AS Roy,Kolkata Knight Riders,Sunrisers Hyderabad,2026,2,0.0,0.0,3.7142857142857135,66.53061224489797,4.4,3.7142857142857135,13.0,7,0.0,0.0,0.4,0.0,Low,Low
C Green,Kolkata Knight Riders,Sunrisers Hyderabad,2026,2,18.0,180.0,25.0,136.70620338418368,32.2,21.9,67.0,29,1.0,1.0,2.4,1.6,Low,Low
CV Varun,Kolkata Knight Riders,Sunrisers Hyderabad,2026,2,1.0,100.0,2.363636363636364,60.530303030303024,0.8,2.5,0.0,11,0.0,0.0,0.0,0.0,Low,Low
FH Allen,Kolkata Knight Riders,Sunrisers Hyderabad,2026,2,37.0,217.6470588235294,37.0,217.6470588235294,37.0,37.0,0.0,1,6.0,2.0,6.0,2.0,Moderate,Low
Kartik Tyagi,Kolkata Knight Riders,Sunrisers Hyderabad,2026,2,0.0,0.0,2.1666666666666665,67.77777777777777,2.2,2.1666666666666665,0.0,6,0.0,0.0,0.2,0.0,Low,Low
RK Singh,Kolkata Knight Riders,Sunrisers Hyderabad,2026,2,33.0,165.0,21.76923076923077,142.73009739527515,21.2,21.0,29.0,52,4.0,0.0,2.0,0.8,Moderate,Low
Ramandeep Singh,Kolkata Knight Riders,Sunrisers Hyderabad,2026,2,4.0,100.0,10.523809523809524,147.67857142857142,4.4,9.3,20.666666666666668,21,0.0,0.0,0.0,0.4,Low,Low
SP Narine,Kolkata Knight Riders,Sunrisers Hyderabad,2026,2,31.0,193.75,15.084745762711863,125.7234721657014,19.8,20.2,9.61111111111111,118,3.0,3.0,2.2,1.4,Low,Low
VG Arora,Kolkata Knight Riders,Sunrisers Hyderabad,2026,2,0.0,0.0,1.0,59.25925925925925,0.8,1.0,0.6666666666666666,9,0.0,0.0,0.0,0.0,Low,Low
A Mhatre,Chennai Super Kings,Punjab Kings,2026,1,0.0,0.0,30.0,137.3410087719298,34.2,30.0,7.0,8,0.0,0.0,4.0,1.8,High,Low
Kartik Sharma,Chennai Super Kings,Punjab Kings,2026,1,18.0,120.0,18.0,120.0,18.0,18.0,0.0,1,0.0,1.0,0.0,1.0,Low,Low
PR Veer,Chennai Super Kings,Punjab Kings,2026,1,0.0,0.0,0.0,0.0,0.0,0.0,0.0,0,0.0,0.0,0.0,0.0,Low,Low
RD Gaikwad,Chennai Super Kings,Punjab Kings,2026,1,6.0,54.54545454545454,35.32394366197183,110.06995210528676,15.0,20.2,22.5,71,1.0,0.0,1.8,0.2,Moderate,Low
S Dube,Chennai Super Kings,Punjab Kings,2026,1,6.0,150.0,24.539473684210527,131.72988483846098,23.0,25.7,20.5,76,0.0,1.0,0.8,1.8,High,Low
SN Khan,Chennai Super Kings,Punjab Kings,2026,1,17.0,141.66666666666669,16.27027027027027,118.90893149433772,14.0,16.1,22.0,37,2.0,1.0,1.2,0.4,Moderate,Low
SV Samson,Chennai Super Kings,Punjab Kings,2026,1,6.0,85.71428571428571,27.38372093023256,118.99726924382352,22.6,29.1,31.55555555555556,172,1.0,0.0,1.6,1.2,Low,Low
C Connolly,Punjab Kings,Chennai Super Kings,2026,2,72.0,163.63636363636363,72.0,163.63636363636363,72.0,72.0,0.0,1,5.0,5.0,5.0,5.0,Moderate,Low
MP Stoinis,Punjab Kings,Chennai Super Kings,2026,2,0.0,0.0,20.26,124.97233120167112,15.6,13.9,24.444444444444443,100,0.0,0.0,1.0,1.4,Low,Low
N Wadhera,Punjab Kings,Chennai Super Kings,2026,2,3.0,50.0,22.5625,131.06423229936095,15.2,18.8,26.0,32,0.0,0.0,1.0,0.6,Low,Low
P Simran Singh,Punjab Kings,Chennai Super Kings,2026,2,37.0,154.16666666666669,26.264150943396228,132.78180689158066,20.0,34.4,27.8,53,1.0,4.0,1.0,1.6,High,Low
Priyansh Arya,Punjab Kings,Chennai Super Kings,2026,2,7.0,87.5,29.05263157894737,147.5994281484523,24.0,22.9,63.0,19,0.0,1.0,3.2,0.8,Moderate,Low
SS Iyer,Punjab Kings,Chennai Super Kings,2026,2,18.0,163.63636363636363,28.218045112781954,118.17829951994248,26.8,35.9,24.73333333333333,133,0.0,2.0,1.2,2.4,High,Low
Shashank Singh,Punjab Kings,Chennai Super Kings,2026,2,4.0,80.0,22.852941176470587,135.79564024177623,16.2,22.8,28.4,34,0.0,0.0,0.6,1.2,Low,Low
C Bosch,Mumbai Indians,Delhi Capitals,2026,1,27.0,122.72727272727272,23.5,161.36363636363637,23.5,23.5,0.0,2,1.0,2.0,1.5,1.5,Low,Low
MJ Santner,Mumbai Indians,Delhi Capitals,2026,1,0.0,0.0,5.789473684210527,93.38388143097283,1.8,4.3,0.0,19,0.0,0.0,0.0,0.2,Low,Low
Naman Dhir,Mumbai Indians,Delhi Capitals,2026,1,5.0,250.0,19.85,165.02880344056814,19.0,17.6,31.0,20,1.0,0.0,2.0,1.0,Moderate,Low
RD Rickelton,Mumbai Indians,Delhi Capitals,2026,1,81.0,188.3720930232558,31.266666666666666,150.00954203102307,39.2,36.1,33.0,15,4.0,8.0,3.2,2.6,Low,Low
RG Sharma,Mumbai Indians,Delhi Capitals,2026,1,78.0,210.8108108108108,26.58955223880597,114.39466082399274,39.2,41.4,25.428571428571427,268,6.0,6.0,3.8,2.2,Moderate,Low
SA Yadav,Mumbai Indians,Delhi Capitals,2026,1,16.0,200.0,28.281045751633982,138.49422330844038,44.6,46.8,27.615384615384617,153,3.0,0.0,4.2,2.4,High,Low
SE Rutherford,Mumbai Indians,Delhi Capitals,2026,1,24.0,160.0,19.85,137.96049016772702,26.6,24.5,43.0,20,4.0,0.0,1.6,1.6,Low,Low
Tilak Varma,Mumbai Indians,Delhi Capitals,2026,1,20.0,142.85714285714286,29.21153846153846,136.82465654551416,23.4,21.2,34.142857142857146,52,4.0,0.0,1.4,1.2,Low,Low
DA Miller,Delhi Capitals,Mumbai Indians,2026,2,11.0,137.5,22.96268656716418,125.07787274294115,12.6,15.3,23.72222222222222,134,0.0,1.0,0.8,0.2,Moderate,Low
KL Rahul,Delhi Capitals,Mumbai Indians,2026,2,0.0,0.0,37.66187050359712,125.68088120550404,33.6,30.8,46.66666666666666,139,0.0,0.0,4.6,1.0,Low,High
N Rana,Delhi Capitals,Mumbai Indians,2026,2,15.0,88.23529411764706,25.38053097345133,122.82999229687012,12.8,21.3,22.25,113,2.0,1.0,1.6,0.6,Low,Low
P Nissanka,Delhi Capitals,Mumbai Indians,2026,2,1.0,20.0,1.0,20.0,1.0,1.0,0.0,1,0.0,0.0,0.0,0.0,High,Low
Sameer Rizvi,Delhi Capitals,Mumbai Indians,2026,2,70.0,148.93617021276594,24.2,125.78357561340908,38.2,24.2,39.0,10,5.0,4.0,3.2,2.2,High,Low
T Stubbs,Delhi Capitals,Mumbai Indians,2026,2,39.0,121.875,23.4375,151.0326510303774,24.2,22.7,30.5,32,3.0,1.0,1.8,0.6,Low,Low
D Ferreira,Rajasthan Royals,Gujarat Titans,2026,1,1.0,33.33333333333333,3.0,51.388888888888886,3.0,3.0,1.0,3,0.0,0.0,0.0,0.0,Low,Low
Dhruv Jurel,Rajasthan Royals,Gujarat Titans,2026,1,18.0,200.0,19.38888888888889,132.0563049668184,22.6,23.2,10.666666666666666,36,4.0,0.0,1.8,1.6,High,Low
JC Archer,Rajasthan Royals,Gujarat Titans,2026,1,12.0,150.0,8.733333333333333,125.7967772967773,9.2,7.3,4.0,30,1.0,0.0,0.6,0.4,Low,Low
R Parag,Rajasthan Royals,Gujarat Titans,2026,1,14.0,127.27272727272728,21.405405405405407,129.83531472101404,28.2,24.6,22.5,74,1.0,1.0,2.0,2.0,Low,Low
RA Jadeja,Rajasthan Royals,Gujarat Titans,2026,1,21.0,116.66666666666669,16.804123711340207,131.1115097842734,27.0,22.5,15.142857142857142,194,1.0,1.0,3.0,0.8,Low,Low
SO Hetmyer,Rajasthan Royals,Gujarat Titans,2026,1,12.0,240.0,18.835443037974684,137.70396586578758,12.6,15.7,24.571428571428573,79,1.0,1.0,0.8,0.4,Low,Low
V Suryavanshi,Rajasthan Royals,Gujarat Titans,2026,1,52.0,305.88235294117646,38.0,189.97460332817337,30.6,38.0,101.0,8,4.0,5.0,2.6,2.6,Moderate,Low
YBK Jaiswal,Rajasthan Royals,Gujarat Titans,2026,1,38.0,105.55555555555556,32.8955223880597,134.0536819326685,34.2,49.0,20.0,67,3.0,1.0,4.4,1.4,High,Low
Ashok Sharma,Gujarat Titans,Rajasthan Royals,2026,2,0.0,0.0,0.0,0.0,0.0,0.0,0.0,0,0.0,0.0,0.0,0.0,Low,Low
B Sai Sudharsan,Gujarat Titans,Rajasthan Royals,2026,2,13.0,118.1818181818182,44.04878048780488,138.74816801563546,52.6,44.3,44.0,41,2.0,0.0,6.8,1.0,High,Low
GD Phillips,Gujarat Titans,Rajasthan Royals,2026,2,25.0,147.05882352941177,10.0,120.55232349349996,11.2,10.0,16.5,9,1.0,1.0,0.6,0.8,Low,Low
JC Buttler,Gujarat Titans,Rajasthan Royals,2026,2,38.0,115.15151515151516,34.37190082644628,128.9603106111479,34.0,41.0,43.0,121,3.0,2.0,2.4,1.8,Moderate,Low
K Rabada,Gujarat Titans,Rajasthan Royals,2026,2,2.0,66.66666666666666,7.166666666666667,106.29639804639804,5.8,3.7,5.5,30,0.0,0.0,0.0,0.6,Moderate,Low
Kumar Kushagra,Gujarat Titans,Rajasthan Royals,2026,2,2.0,66.66666666666666,1.0,33.33333333333333,1.0,1.0,0.0,3,0.0,0.0,0.0,0.0,Low,Low
M Shahrukh Khan,Gujarat Titans,Rajasthan Royals,2026,2,4.0,66.66666666666666,15.020408163265309,156.03130371874602,19.8,16.8,18.83333333333333,49,0.0,0.0,1.2,1.2,Low,Low
R Tewatia,Gujarat Titans,Rajasthan Royals,2026,2,11.0,122.22222222222224,14.584415584415584,135.56631111013897,10.8,8.0,14.0,77,1.0,0.0,0.8,0.2,Low,Low
Rashid Khan,Gujarat Titans,Rajasthan Royals,2026,2,0.0,0.0,8.73134328358209,119.01590428642668,3.6,5.8,10.0,67,0.0,0.0,0.2,0.2,Moderate,Low
Washington Sundar,Gujarat Titans,Rajasthan Royals,2026,2,18.0,112.5,12.022727272727272,110.74606318744044,20.4,19.4,22.25,44,2.0,0.0,1.4,1.0,Low,Low
Abhishek Sharma,Sunrisers Hyderabad,Lucknow Super Giants,2026,1,48.0,228.57142857142856,24.61842105263158,140.01552429563876,36.0,44.3,32.0,76,4.0,4.0,3.0,3.2,Low,Low
Aniket Verma,Sunrisers Hyderabad,Lucknow Super Giants,2026,1,1.0,25.0,20.0,169.69034643250671,17.4,15.7,20.5,14,0.0,0.0,1.2,1.6,Low,Low
H Klaasen,Sunrisers Hyderabad,Lucknow Super Giants,2026,1,52.0,148.57142857142858,33.255319148936174,160.71432008115997,51.8,41.8,40.0,47,4.0,1.0,3.8,2.8,High,Low
HV Patel,Sunrisers Hyderabad,Lucknow Super Giants,2026,1,0.0,0.0,6.428571428571429,97.9316419652554,4.2,4.0,6.0,42,0.0,0.0,0.0,0.0,Low,Low
Harsh Dubey,Sunrisers Hyderabad,Lucknow Super Giants,2026,1,9.0,300.0,6.0,200.0,6.0,6.0,0.0,2,2.0,0.0,1.0,0.0,Low,Low
Ishan Kishan,Sunrisers Hyderabad,Lucknow Super Giants,2026,1,14.0,155.55555555555557,27.12280701754386,117.9294908200926,50.4,32.1,22.0,114,3.0,0.0,5.0,2.6,Low,Low
LS Livingstone,Sunrisers Hyderabad,Lucknow Super Giants,2026,1,25.0,166.66666666666669,22.361702127659573,128.85679797077196,6.6,11.8,17.25,47,0.0,2.0,0.2,0.4,Low,Low
Nithish Kumar Reddy,Sunrisers Hyderabad,Lucknow Super Giants,2026,1,39.0,162.5,21.875,121.99487319953006,14.0,16.0,18.5,24,4.0,1.0,1.2,0.6,High,Low
Shivang Kumar,Sunrisers Hyderabad,Lucknow Super Giants,2026,1,4.0,200.0,4.0,200.0,4.0,4.0,0.0,1,1.0,0.0,1.0,0.0,Low,Low
TM Head,Sunrisers Hyderabad,Lucknow Super Giants,2026,1,46.0,219.0476190476191,30.846153846153847,138.25890056362277,34.0,29.1,68.0,39,6.0,3.0,4.2,1.8,Low,Low
A Badoni,Lucknow Super Giants,Sunrisers Hyderabad,2026,2,0.0,0.0,20.48936170212766,121.47298324035386,29.6,31.9,20.75,47,0.0,0.0,2.6,1.4,Low,Low
AK Markram,Lucknow Super Giants,Sunrisers Hyderabad,2026,2,11.0,137.5,25.910714285714285,120.99124343064167,26.0,35.9,29.666666666666668,56,1.0,1.0,2.2,1.6,High,Low
Abdul Samad,Lucknow Super Giants,Sunrisers Hyderabad,2026,2,36.0,144.0,14.69811320754717,137.27262153132153,17.4,14.7,12.5,53,3.0,1.0,1.0,1.0,Low,Low
MD Choudhary,Lucknow Super Giants,Sunrisers Hyderabad,2026,2,14.0,127.27272727272728,14.0,127.27272727272728,14.0,14.0,0.0,1,2.0,0.0,2.0,0.0,Low,Low
MR Marsh,Lucknow Super Giants,Sunrisers Hyderabad,2026,2,35.0,125.0,26.54,113.97905839177264,56.8,47.8,33.714285714285715,50,2.0,3.0,4.4,4.0,Low,Low
N Pooran,Lucknow Super Giants,Sunrisers Hyderabad,2026,2,8.0,100.0,25.853932584269664,145.34959757927658,25.6,24.4,39.55555555555556,89,1.0,0.0,2.6,1.2,Low,Low
RR Pant,Lucknow Super Giants,Sunrisers Hyderabad,2026,2,7.0,77.77777777777779,28.133858267716537,131.0165059866791,33.2,25.7,29.63157894736842,127,1.0,0.0,3.0,2.2,High,Low
D Padikkal,Royal Challengers Bengaluru,Chennai Super Kings,2026,1,61.0,234.6153846153846,24.89333333333333,107.36478903159298,37.8,29.8,28.4,75,7.0,4.0,3.6,2.4,High,Low
PD Salt,Royal Challengers Bengaluru,Chennai Super Kings,2026,1,8.0,114.28571428571428,30.4,149.98129074686832,34.4,30.5,13.0,35,2.0,0.0,4.0,1.8,High,Low
RM Patidar,Royal Challengers Bengaluru,Chennai Super Kings,2026,1,31.0,258.33333333333337,29.28205128205128,140.69315807902183,20.8,15.7,24.8,39,2.0,3.0,1.2,1.4,High,Low
TH David,Royal Challengers Bengaluru,Chennai Super Kings,2026,1,16.0,160.0,19.155555555555555,154.895016022467,12.2,20.3,12.428571428571429,45,1.0,1.0,1.2,0.6,High,Low
V Kohli,Royal Challengers Bengaluru,Chennai Super Kings,2026,1,69.0,181.57894736842107,33.3587786259542,120.17040561032888,44.2,47.8,33.705882352941174,262,5.0,5.0,5.4,1.2,Moderate,Low
A Kamboj,Chennai Super Kings,Royal Challengers Bengaluru,2026,2,7.0,77.77777777777779,3.2857142857142856,127.7777777777778,3.6,3.2857142857142856,0.0,7,1.0,0.0,0.6,0.0,Low,Low
A Mhatre,Chennai Super Kings,Royal Challengers Bengaluru,2026,2,73.0,173.80952380952382,34.77777777777778,141.39306599832915,30.0,34.77777777777778,94.0,9,6.0,5.0,3.4,1.8,Low,Low
J Overton,Chennai Super Kings,Royal Challengers Bengaluru,2026,2,43.0,119.44444444444444,19.33333333333333,175.9259259259259,19.33333333333333,19.33333333333333,0.0,3,2.0,2.0,1.0,1.0,Moderate,Low
Kartik Sharma,Chennai Super Kings,Royal Challengers Bengaluru,2026,2,1.0,33.33333333333333,9.5,76.66666666666666,9.5,9.5,0.0,2,0.0,0.0,0.0,0.5,Low,Low
MJ Henry,Chennai Super Kings,Royal Challengers Bengaluru,2026,2,5.0,71.42857142857143,5.0,71.42857142857143,5.0,5.0,0.0,1,1.0,0.0,1.0,0.0,Low,Low
Noor Ahmad,Chennai Super Kings,Royal Challengers Bengaluru,2026,2,1.0,11.11111111111111,1.75,64.82473544973544,1.4,2.0,0.0,12,0.0,0.0,0.0,0.0,Low,Low
PR Veer,Chennai Super Kings,Royal Challengers Bengaluru,2026,2,6.0,85.71428571428571,6.0,85.71428571428571,6.0,6.0,0.0,1,1.0,0.0,1.0,0.0,High,Low
RD Gaikwad,Chennai Super Kings,Royal Challengers Bengaluru,2026,2,28.0,127.27272727272728,35.22222222222222,110.3088795381679,20.6,19.8,5.0,72,2.0,0.0,2.2,0.2,Low,Low
S Dube,Chennai Super Kings,Royal Challengers Bengaluru,2026,2,45.0,166.66666666666669,24.805194805194805,132.1836092777883,30.4,27.1,17.0,77,5.0,1.0,1.8,1.8,Low,Low
SN Khan,Chennai Super Kings,Royal Challengers Bengaluru,2026,2,32.0,266.66666666666663,16.68421052631579,122.7972929462411,19.6,15.7,0.0,38,6.0,1.0,2.2,0.6,High,Low
SV Samson,Chennai Super Kings,Royal Challengers Bengaluru,2026,2,7.0,100.0,27.265895953757227,118.88745843894594,21.0,23.2,33.666666666666664,173,1.0,0.0,1.6,1.2,Low,Low
A Raghuvanshi,Kolkata Knight Riders,Punjab Kings,2026,1,52.0,179.31034482758622,28.3,142.37959908138782,32.4,32.5,37.0,20,6.0,2.0,3.6,0.8,Low,Low
AM Rahane,Kolkata Knight Riders,Punjab Kings,2026,1,8.0,80.0,27.605405405405406,108.14262768272772,33.6,34.2,16.75,185,0.0,0.0,2.2,1.8,Low,Low
C Green,Kolkata Knight Riders,Punjab Kings,2026,1,2.0,100.0,24.23333333333333,135.48266327137756,23.4,21.2,34.75,30,0.0,0.0,1.4,1.4,Low,Low
FH Allen,Kolkata Knight Riders,Punjab Kings,2026,1,28.0,400.0,32.5,308.8235294117647,32.5,32.5,0.0,2,4.0,2.0,5.0,2.0,Low,Low
Dhruv Jurel,Rajasthan Royals,Mumbai Indians,2026,1,75.0,178.57142857142858,20.89189189189189,133.31347046964572,35.4,30.2,6.5,37,5.0,5.0,2.8,2.4,Low,Low
R Parag,Rajasthan Royals,Mumbai Indians,2026,1,8.0,200.0,21.226666666666667,130.7708438580672,26.6,24.6,21.5,75,0.0,1.0,1.4,2.2,Moderate,Low
SO Hetmyer,Rajasthan Royals,Mumbai Indians,2026,1,18.0,225.0,18.825,138.79516629246524,14.0,12.3,11.0,80,1.0,2.0,0.8,0.8,Low,Low
V Suryavanshi,Rajasthan Royals,Mumbai Indians,2026,1,31.0,172.22222222222223,37.22222222222222,188.00211653862323,36.8,37.22222222222222,0.0,9,5.0,1.0,3.6,2.8,Moderate,Low
YBK Jaiswal,Rajasthan Royals,Mumbai Indians,2026,1,55.0,152.77777777777777,33.22058823529412,134.32903628333187,42.6,47.0,37.0,68,6.0,3.0,5.6,1.6,High,Low
DL Chahar,Mumbai Indians,Rajasthan Royals,2026,2,8.0,100.0,7.3125,92.60416666666669,7.6,4.6,0.0,16,1.0,0.0,0.6,0.4,Low,Low
HH Pandya,Mumbai Indians,Rajasthan Royals,2026,2,18.0,163.63636363636363,19.27777777777778,140.7797689773385,16.8,16.1,33.733333333333334,144,3.0,0.0,1.2,1.2,Low,Low
JJ Bumrah,Mumbai Indians,Rajasthan Royals,2026,2,0.0,0.0,2.5185185185185186,71.14852225963338,2.4,1.7,3.333333333333333,27,0.0,0.0,0.2,0.0,Low,Low
Naman Dhir,Mumbai Indians,Rajasthan Royals,2026,2,28.0,133.33333333333331,20.23809523809524,163.51949534022364,19.8,19.3,0.0,21,2.0,1.0,2.0,0.8,Moderate,Low
RD Rickelton,Mumbai Indians,Rajasthan Royals,2026,2,9.0,81.81818181818183,29.875,145.74758201772048,28.8,32.9,61.0,16,2.0,0.0,2.2,2.0,Low,Low
RG Sharma,Mumbai Indians,Rajasthan Royals,2026,2,35.0,134.6153846153846,26.62081784386617,114.46983080091242,45.2,37.3,20.689655172413797,269,5.0,1.0,4.6,2.4,Low,Low
SA Yadav,Mumbai Indians,Rajasthan Royals,2026,2,51.0,141.66666666666669,28.428571428571427,138.5148235899873,40.2,45.1,32.0,154,3.0,2.0,3.4,2.0,Low,Low
SE Rutherford,Mumbai Indians,Rajasthan Royals,2026,2,5.0,71.42857142857143,19.142857142857142,134.79230356110057,19.0,23.2,8.5,21,1.0,0.0,1.6,1.0,Moderate,Low
SN Thakur,Mumbai Indians,Rajasthan Royals,2026,2,4.0,400.0,8.125,114.550086357482,3.6,4.3,4.0,40,1.0,0.0,0.6,0.0,Low,Low
TA Boult,Mumbai Indians,Rajasthan Royals,2026,2,1.0,100.0,3.5416666666666665,79.84683140933141,3.2,3.2,0.0,24,0.0,0.0,0.4,0.0,Low,Low
Tilak Varma,Mumbai Indians,Rajasthan Royals,2026,2,0.0,0.0,28.660377358490567,134.24305925220256,18.0,15.3,44.4,53,0.0,0.0,1.2,1.0,Low,Low
B Sai Sudharsan,Gujarat Titans,Delhi Capitals,2026,1,73.0,169.7674418604651,44.73809523809524,139.48672215479806,45.6,48.0,56.6,42,9.0,3.0,6.2,0.8,Low,Low
GD Phillips,Gujarat Titans,Delhi Capitals,2026,1,3.0,75.0,9.3,115.99709114414998,6.8,9.3,0.0,10,0.0,0.0,0.4,0.2,Low,Low
JC Buttler,Gujarat Titans,Delhi Capitals,2026,1,26.0,185.7142857142857,34.30327868852459,129.42550712838673,26.4,40.0,40.66666666666666,122,5.0,0.0,2.8,1.0,High,Low
R Tewatia,Gujarat Titans,Delhi Capitals,2026,1,12.0,200.0,14.551282051282053,136.39238404462435,11.0,9.2,15.444444444444445,78,1.0,1.0,0.8,0.4,Low,Low
Shubman Gill,Gujarat Titans,Delhi Capitals,2026,1,39.0,144.44444444444443,33.95652173913044,124.77074509913388,36.2,48.1,31.642857142857142,115,6.0,0.0,3.4,1.6,High,Low
Washington Sundar,Gujarat Titans,Delhi Capitals,2026,1,4.0,200.0,11.844444444444443,112.72948400549733,20.8,18.8,9.6,45,1.0,0.0,1.6,1.0,High,Low
AR Patel,Delhi Capitals,Gujarat Titans,2026,2,0.0,0.0,15.451612903225806,127.80808052120896,17.8,22.0,33.5,124,0.0,0.0,1.6,1.0,Low,Low
DA Miller,Delhi Capitals,Gujarat Titans,2026,2,21.0,116.66666666666669,22.94814814814815,125.01556751274656,15.4,14.7,7.0,135,4.0,0.0,1.6,0.2,High,Low
KL Rahul,Delhi Capitals,Gujarat Titans,2026,2,1.0,33.33333333333333,37.4,125.02125586355996,31.8,30.2,41.5,140,0.0,0.0,4.4,1.0,High,High
Kuldeep Yadav,Delhi Capitals,Gujarat Titans,2026,2,7.0,87.5,5.4324324324324325,86.29817251334279,3.6,6.5,4.75,37,0.0,0.0,0.4,0.0,Low,Low
N Rana,Delhi Capitals,Gujarat Titans,2026,2,0.0,0.0,25.157894736842103,121.75253622409056,11.2,13.2,11.2,114,0.0,0.0,1.6,0.4,Low,Low
P Nissanka,Delhi Capitals,Gujarat Titans,2026,2,44.0,146.66666666666666,22.5,83.33333333333333,22.5,22.5,0.0,2,6.0,1.0,3.0,0.5,High,Low
Sameer Rizvi,Delhi Capitals,Gujarat Titans,2026,2,90.0,176.47058823529412,30.181818181818183,130.39148585176227,55.4,31.8,14.0,11,7.0,7.0,4.4,3.6,Low,Low
T Stubbs,Delhi Capitals,Gujarat Titans,2026,2,3.0,75.0,22.818181818181817,148.72863130218414,16.6,19.6,26.0,33,0.0,0.0,1.0,0.6,Low,Low
V Nigam,Delhi Capitals,Gujarat Titans,2026,2,20.0,200.0,17.75,148.86029411764707,17.6,17.75,0.0,8,3.0,1.0,2.0,1.0,Low,Low
A Raghuvanshi,Kolkata Knight Riders,Lucknow Super Giants,2026,1,7.0,100.0,27.285714285714285,140.36152293465506,25.0,28.2,14.666666666666666,21,0.0,0.0,2.6,0.8,High,Low
AM Rahane,Kolkata Knight Riders,Lucknow Super Giants,2026,1,8.0,133.33333333333331,27.5,108.27806158407508,29.2,28.9,32.666666666666664,186,1.0,0.0,2.2,1.4,High,Low
C Green,Kolkata Knight Riders,Lucknow Super Giants,2026,1,4.0,200.0,23.580645161290324,137.56386768197828,17.8,21.1,18.0,31,1.0,0.0,1.4,1.0,Moderate,Low
FH Allen,Kolkata Knight Riders,Lucknow Super Giants,2026,1,6.0,85.71428571428571,23.666666666666668,234.45378151260505,23.666666666666668,23.666666666666668,0.0,3,1.0,0.0,3.6666666666666665,1.3333333333333333,Low,Low
R Powell,Kolkata Knight Riders,Lucknow Super Giants,2026,1,5.0,100.0,15.869565217391305,118.29634027524052,8.8,11.4,13.0,23,1.0,0.0,1.0,0.4,Moderate,Low
RK Singh,Kolkata Knight Riders,Lucknow Super Giants,2026,1,35.0,140.0,22.0188679245283,142.67858612366618,21.0,21.3,33.4,53,4.0,1.0,2.2,0.8,Low,Low
A Badoni,Lucknow Super Giants,Kolkata Knight Riders,2026,2,12.0,133.33333333333331,20.3125,121.72007386729092,24.8,29.0,21.0,48,1.0,0.0,1.6,1.4,High,Low
AK Markram,Lucknow Super Giants,Kolkata Knight Riders,2026,2,45.0,166.66666666666669,26.24561403508772,121.79256664530878,33.2,35.7,36.75,57,6.0,2.0,3.0,2.0,Moderate,Low
Abdul Samad,Lucknow Super Giants,Kolkata Knight Riders,2026,2,16.0,133.33333333333331,14.72222222222222,137.1996717498773,20.2,15.7,14.555555555555555,54,2.0,0.0,1.4,1.0,Low,Low
Avesh Khan,Lucknow Super Giants,Kolkata Knight Riders,2026,2,19.0,190.0,4.769230769230769,139.48717948717947,4.8,4.6,5.0,13,3.0,1.0,0.6,0.2,Low,Low
MD Choudhary,Lucknow Super Giants,Kolkata Knight Riders,2026,2,2.0,40.0,8.0,83.63636363636363,8.0,8.0,0.0,2,0.0,0.0,1.0,0.0,High,Low
MR Marsh,Lucknow Super Giants,Kolkata Knight Riders,2026,2,14.0,116.66666666666669,26.294117647058822,114.03175659324116,59.6,41.1,20.2,51,2.0,0.0,4.8,4.0,Low,Low
Mohammed Shami,Lucknow Super Giants,Kolkata Knight Riders,2026,2,1.0,50.0,3.0357142857142856,77.97619047619048,2.2,2.9,2.0,28,0.0,0.0,0.2,0.0,Low,Low
N Pooran,Lucknow Super Giants,Kolkata Knight Riders,2026,2,1.0,25.0,25.57777777777778,144.01237982839572,24.6,18.4,27.63636363636364,90,0.0,0.0,2.4,1.2,Low,Low
RR Pant,Lucknow Super Giants,Kolkata Knight Riders,2026,2,68.0,136.0,28.4453125,131.0554395336582,43.2,30.4,23.0,128,9.0,0.0,4.4,2.0,Low,Low
B Kumar,Royal Challengers Bengaluru,Rajasthan Royals,2026,1,1.0,50.0,4.507042253521127,83.50037677502466,2.8,3.1,4.5,71,0.0,0.0,0.2,0.0,Low,Low
D Padikkal,Royal Challengers Bengaluru,Rajasthan Royals,2026,1,50.0,172.41379310344826,25.223684210526315,108.22069697990688,35.6,32.1,44.42857142857143,76,5.0,2.0,3.4,2.0,Low,Low
JM Sharma,Royal Challengers Bengaluru,Rajasthan Royals,2026,1,0.0,0.0,20.64583333333333,144.71329708500795,28.0,21.6,30.0,48,0.0,0.0,2.4,2.0,Low,Low
KH Pandya,Royal Challengers Bengaluru,Rajasthan Royals,2026,1,4.0,80.0,15.403508771929824,120.3328717678126,20.8,16.3,12.272727272727272,114,0.0,0.0,1.6,0.8,Low,Low
PD Salt,Royal Challengers Bengaluru,Rajasthan Royals,2026,1,46.0,153.33333333333334,30.83333333333333,150.07440304093677,31.2,31.4,33.666666666666664,36,3.0,2.0,3.8,1.2,Low,Low
R Shepherd,Royal Challengers Bengaluru,Rajasthan Royals,2026,1,17.0,188.88888888888889,15.416666666666666,154.63573463573462,14.4,15.3,24.0,12,1.0,1.0,1.0,1.4,Moderate,Low
RM Patidar,Royal Challengers Bengaluru,Rajasthan Royals,2026,1,48.0,252.6315789473684,29.75,143.4916186007305,26.8,18.2,27.25,40,1.0,6.0,1.2,2.6,High,Low
TH David,Royal Challengers Bengaluru,Rajasthan Royals,2026,1,70.0,291.66666666666663,20.26086956521739,157.86831277560177,21.6,25.1,18.166666666666668,46,3.0,8.0,1.4,2.0,Low,Low
V Kohli,Royal Challengers Bengaluru,Rajasthan Royals,2026,1,28.0,155.55555555555557,33.338403041825096,120.30494990669855,41.2,50.5,28.0,263,2.0,1.0,4.4,1.2,Moderate,Low
VR Iyer,Royal Challengers Bengaluru,Rajasthan Royals,2026,1,7.0,140.0,26.214285714285715,125.11099227725384,26.6,28.7,27.25,56,1.0,0.0,2.8,0.8,Moderate,Low
Dhruv Jurel,Rajasthan Royals,Royal Challengers Bengaluru,2026,2,2.0,66.66666666666666,20.394736842105264,131.55960721167256,35.8,26.9,23.0,38,0.0,0.0,2.8,2.4,High,Low
R Parag,Rajasthan Royals,Royal Challengers Bengaluru,2026,2,20.0,200.0,21.210526315789476,131.68175380730315,11.6,26.2,23.0,76,1.0,2.0,0.4,1.0,Low,Low
RA Jadeja,Rajasthan Royals,Royal Challengers Bengaluru,2026,2,7.0,100.0,16.753846153846155,130.9519635802515,25.0,22.3,42.25,195,1.0,0.0,2.4,0.8,Moderate,Low
SO Hetmyer,Rajasthan Royals,Royal Challengers Bengaluru,2026,2,6.0,85.71428571428571,18.666666666666668,138.13984677915437,15.2,12.0,14.25,81,0.0,0.0,0.8,0.8,Low,Low
V Suryavanshi,Rajasthan Royals,Royal Challengers Bengaluru,2026,2,39.0,278.57142857142856,37.4,197.05904774190373,43.8,37.4,16.0,10,1.0,5.0,3.6,3.8,High,Low
YBK Jaiswal,Rajasthan Royals,Royal Challengers Bengaluru,2026,2,77.0,240.625,33.85507246376812,135.86955749661692,51.2,49.6,42.25,69,10.0,4.0,6.6,2.2,Low,Low
Abhishek Sharma,Sunrisers Hyderabad,Punjab Kings,2026,1,0.0,0.0,24.2987012987013,138.19714086322787,24.2,30.2,59.4,77,0.0,0.0,2.2,2.0,High,Low
Aniket Verma,Sunrisers Hyderabad,Punjab Kings,2026,1,2.0,40.0,18.8,161.04432333700626,16.8,14.1,0.0,15,0.0,0.0,1.0,1.6,Low,Low
H Klaasen,Sunrisers Hyderabad,Punjab Kings,2026,1,62.0,151.21951219512195,33.854166666666664,160.5165115835342,54.8,45.9,24.0,48,5.0,2.0,4.0,3.0,Moderate,Low
Harsh Dubey,Sunrisers Hyderabad,Punjab Kings,2026,1,0.0,0.0,4.0,133.33333333333334,4.0,4.0,0.0,3,0.0,0.0,0.6666666666666666,0.0,Low,Low
Ishan Kishan,Sunrisers Hyderabad,Punjab Kings,2026,1,1.0,25.0,26.89565217391304,117.12140829122224,43.6,31.3,17.0,115,0.0,0.0,4.4,2.2,Moderate,Low
Nithish Kumar Reddy,Sunrisers Hyderabad,Punjab Kings,2026,1,56.0,169.6969696969697,23.24,123.90295705942764,21.0,19.7,50.5,25,3.0,5.0,1.6,1.2,Low,Low
S Arora,Sunrisers Hyderabad,Punjab Kings,2026,1,0.0,0.0,4.5,75.0,4.5,4.5,0.0,2,0.0,0.0,0.0,0.5,Low,Low
TM Head,Sunrisers Hyderabad,Punjab Kings,2026,1,7.0,87.5,30.25,136.9899280495322,31.4,29.0,29.0,40,1.0,0.0,3.6,1.8,Moderate,Low
C Connolly,Punjab Kings,Sunrisers Hyderabad,2026,2,36.0,171.42857142857142,54.0,167.53246753246754,54.0,54.0,0.0,2,6.0,0.0,5.5,2.5,Low,Low
N Wadhera,Punjab Kings,Sunrisers Hyderabad,2026,2,10.0,111.11111111111111,22.181818181818183,130.4595922633534,16.8,19.3,27.0,33,0.0,1.0,1.0,0.8,Low,Low
P Simran Singh,Punjab Kings,Sunrisers Hyderabad,2026,2,43.0,126.47058823529412,26.574074074074076,132.6649324720198,26.0,33.3,22.571428571428573,54,6.0,1.0,2.0,1.6,High,Low
Priyansh Arya,Punjab Kings,Sunrisers Hyderabad,2026,2,39.0,354.54545454545456,29.55,157.9467294683024,19.4,24.5,36.0,20,3.0,4.0,2.0,1.2,High,Low
SS Iyer,Punjab Kings,Sunrisers Hyderabad,2026,2,50.0,178.57142857142858,28.38059701492537,118.628994512864,31.6,38.4,29.84210526315789,134,4.0,3.0,1.8,2.6,High,Low
Shashank Singh,Punjab Kings,Sunrisers Hyderabad,2026,2,14.0,233.33333333333331,22.6,138.58243147296358,16.8,24.1,16.666666666666668,35,2.0,0.0,1.0,1.2,Low,Low
A Mhatre,Chennai Super Kings,Delhi Capitals,2026,1,1.0,33.33333333333333,31.4,130.5870927318296,30.2,31.4,0.0,10,0.0,0.0,3.4,1.8,High,Low
RD Gaikwad,Chennai Super Kings,Delhi Capitals,2026,1,7.0,233.33333333333331,34.83561643835616,111.99414602851262,9.4,20.5,27.0,73,0.0,1.0,0.8,0.2,Low,Low
S Dube,Chennai Super Kings,Delhi Capitals,2026,1,18.0,138.46153846153845,24.71794871794872,132.26409554937484,25.0,24.6,18.77777777777778,78,2.0,1.0,1.8,1.4,Moderate,Low
SV Samson,Chennai Super Kings,Delhi Capitals,2026,1,9.0,180.0,27.160919540229884,119.23867994217038,16.6,22.8,26.63636363636364,174,0.0,1.0,1.2,0.8,High,Low
AR Patel,Delhi Capitals,Chennai Super Kings,2026,2,2.0,66.66666666666666,15.344,127.31894921037262,15.2,20.7,11.933333333333334,125,0.0,0.0,1.4,0.8,Low,Low
Ashutosh Sharma,Delhi Capitals,Chennai Super Kings,2026,2,18.0,112.5,21.83333333333333,140.27452189092057,21.0,20.6,2.0,18,1.0,1.0,1.0,1.6,Low,Low
Auqib Nabi,Delhi Capitals,Chennai Super Kings,2026,2,0.0,0.0,0.0,0.0,0.0,0.0,0.0,0,0.0,0.0,0.0,0.0,Low,Low
DA Miller,Delhi Capitals,Chennai Super Kings,2026,2,41.0,205.0,23.080882352941178,125.6036883398587,22.2,17.5,27.0,136,3.0,3.0,2.2,0.8,Low,Low
KL Rahul,Delhi Capitals,Chennai Super Kings,2026,2,92.0,176.9230769230769,37.7872340425532,125.38935388525869,27.8,36.6,42.0,141,11.0,4.0,3.8,1.0,Low,Low
Kuldeep Yadav,Delhi Capitals,Chennai Super Kings,2026,2,1.0,100.0,5.315789473684211,86.6587469208864,2.8,6.5,1.25,38,0.0,0.0,0.2,0.0,Low,Low
L Ngidi,Delhi Capitals,Chennai Super Kings,2026,2,0.0,0.0,0.0,0.0,0.0,0.0,0.0,1,0.0,0.0,0.0,0.0,Low,Low
P Nissanka,Delhi Capitals,Chennai Super Kings,2026,2,41.0,170.83333333333331,28.666666666666668,112.5,28.666666666666668,28.666666666666668,0.0,3,6.0,1.0,4.0,0.6666666666666666,High,Low
Sameer Rizvi,Delhi Capitals,Chennai Super Kings,2026,2,0.0,0.0,27.666666666666668,119.52552869744876,51.4,31.8,20.0,12,0.0,0.0,4.2,3.4,Low,Low
T Natarajan,Delhi Capitals,Chennai Super Kings,2026,2,0.0,0.0,1.5,37.5,1.5,1.5,0.0,2,0.0,0.0,0.0,0.0,Low,Low
T Stubbs,Delhi Capitals,Chennai Super Kings,2026,2,7.0,116.66666666666669,22.352941176470587,147.78563234231598,13.8,19.7,9.8,34,0.0,0.0,1.0,0.2,High,Low
A Badoni,Lucknow Super Giants,Gujarat Titans,2026,1,54.0,158.8235294117647,21.0,122.47728724574958,28.6,31.4,23.166666666666668,49,7.0,2.0,2.6,1.4,Low,Low
AK Markram,Lucknow Super Giants,Gujarat Titans,2026,1,22.0,146.66666666666666,26.17241379310345,122.22143043878046,35.0,32.1,31.5,58,2.0,1.0,3.2,2.0,Moderate,Low
Abdul Samad,Lucknow Super Giants,Gujarat Titans,2026,1,2.0,50.0,14.49090909090909,135.6142231726068,11.6,15.7,11.666666666666666,55,0.0,0.0,1.0,0.2,Low,Low
Avesh Khan,Lucknow Super Giants,Gujarat Titans,2026,1,1.0,33.33333333333333,4.5,131.9047619047619,4.4,4.5,12.0,14,0.0,0.0,0.6,0.2,Low,Low
GF Linde,Lucknow Super Giants,Gujarat Titans,2026,1,0.0,0.0,0.0,0.0,0.0,0.0,0.0,0,0.0,0.0,0.0,0.0,Low,Low
MD Choudhary,Lucknow Super Giants,Gujarat Titans,2026,1,54.0,200.0,23.33333333333333,122.42424242424242,23.33333333333333,23.33333333333333,0.0,3,2.0,7.0,1.3333333333333333,2.333333333333333,Low,Low
MR Marsh,Lucknow Super Giants,Gujarat Titans,2026,1,15.0,136.36363636363637,26.07692307692308,114.46121581959493,49.6,39.6,60.5,52,1.0,1.0,3.8,3.4,Low,Low
Mohammed Shami,Lucknow Super Giants,Gujarat Titans,2026,1,1.0,33.33333333333333,2.9655172413793105,76.43678160919539,2.2,2.1,6.0,29,0.0,0.0,0.2,0.0,Low,Low
N Pooran,Lucknow Super Giants,Gujarat Titans,2026,1,13.0,92.85714285714286,25.43956043956044,143.45023436717318,18.2,18.9,27.142857142857142,91,0.0,1.0,1.2,1.2,Low,Low
RR Pant,Lucknow Super Giants,Gujarat Titans,2026,1,10.0,111.11111111111111,28.302325581395348,130.9008323365842,43.8,25.1,36.8,129,1.0,0.0,4.4,2.0,Low,Low
B Sai Sudharsan,Gujarat Titans,Lucknow Super Giants,2026,2,12.0,171.42857142857142,43.97674418604651,140.22955585883932,43.8,44.0,36.0,43,2.0,0.0,5.8,0.8,Low,Low
JC Buttler,Gujarat Titans,Lucknow Super Giants,2026,2,52.0,192.59259259259255,34.447154471544714,129.93906066874612,30.8,43.6,21.285714285714285,123,3.0,5.0,2.8,1.8,High,Low
R Tewatia,Gujarat Titans,Lucknow Super Giants,2026,2,1.0,100.0,14.379746835443038,135.9317209554519,10.8,8.2,16.0,79,0.0,0.0,0.8,0.4,Low,Low
Shubman Gill,Gujarat Titans,Lucknow Super Giants,2026,2,70.0,155.55555555555557,34.26724137931034,125.036131396172,31.6,54.4,38.71428571428572,116,4.0,5.0,3.6,1.2,High,Low
Washington Sundar,Gujarat Titans,Lucknow Super Giants,2026,2,55.0,177.4193548387097,12.782608695652174,114.13578554534976,29.2,23.4,12.0,46,6.0,2.0,2.8,1.2,Moderate,Low
JM Sharma,Royal Challengers Bengaluru,Mumbai Indians,2026,1,5.0,62.5,20.3265306122449,143.035474695518,27.6,18.1,30.6,49,0.0,0.0,2.2,2.0,Low,Low
PD Salt,Royal Challengers Bengaluru,Mumbai Indians,2026,1,0.0,0.0,30.0,146.01833809388444,25.2,24.9,5.0,37,0.0,0.0,2.6,1.2,High,Low
R Shepherd,Royal Challengers Bengaluru,Mumbai Indians,2026,1,22.0,200.0,15.923076923076923,158.1252935099089,18.6,14.9,0.0,13,2.0,1.0,1.4,1.6,Low,Low
RM Patidar,Royal Challengers Bengaluru,Mumbai Indians,2026,1,63.0,157.5,30.5609756097561,143.8332864397371,36.6,23.3,40.66666666666666,41,4.0,4.0,1.8,3.2,High,Low
TH David,Royal Challengers Bengaluru,Mumbai Indians,2026,1,13.0,144.44444444444443,20.106382978723403,157.58269855578993,20.4,23.2,1.0,47,2.0,0.0,1.2,1.8,Moderate,Low
V Kohli,Royal Challengers Bengaluru,Mumbai Indians,2026,1,32.0,200.0,33.333333333333336,120.60682509644592,36.8,46.4,27.264705882352946,264,7.0,0.0,3.8,1.2,High,Low
HH Pandya,Mumbai Indians,Royal Challengers Bengaluru,2026,2,9.0,150.0,19.20689655172414,140.84335677749482,18.0,16.8,31.5,145,2.0,0.0,1.6,1.2,High,Low
MJ Santner,Mumbai Indians,Royal Challengers Bengaluru,2026,2,18.0,138.46153846153845,6.4,95.63776428250112,3.8,6.1,5.5,20,2.0,0.0,0.4,0.0,Low,Low
Naman Dhir,Mumbai Indians,Royal Challengers Bengaluru,2026,2,25.0,192.30769230769232,20.454545454545453,164.82804974783585,20.8,18.0,11.0,22,3.0,1.0,2.6,0.6,Low,Low
RD Rickelton,Mumbai Indians,Royal Challengers Bengaluru,2026,2,8.0,200.0,28.58823529411765,148.93890072256045,30.0,30.6,17.0,17,0.0,1.0,2.2,2.2,Moderate,Low
RG Sharma,Mumbai Indians,Royal Challengers Bengaluru,2026,2,5.0,83.33333333333334,26.54074074074074,114.35451043992138,41.4,30.8,27.5,270,0.0,0.0,4.2,2.2,Low,Low
SA Yadav,Mumbai Indians,Royal Challengers Bengaluru,2026,2,6.0,200.0,28.283870967741937,138.91150214747125,30.0,41.7,40.0,155,0.0,1.0,2.2,1.8,Moderate,Low
SE Rutherford,Mumbai Indians,Royal Challengers Bengaluru,2026,2,25.0,312.5,19.40909090909091,142.86992612650508,18.4,22.7,30.0,22,2.0,2.0,1.6,1.0,High,Low
Tilak Varma,Mumbai Indians,Royal Challengers Bengaluru,2026,2,14.0,140.0,28.38888888888889,134.34966926605068,20.6,14.6,36.0,54,2.0,0.0,1.6,1.0,Low,Low
Abhishek Sharma,Sunrisers Hyderabad,Rajasthan Royals,2026,1,74.0,264.2857142857143,24.935897435897434,139.81366103531104,32.2,33.6,19.0,78,5.0,8.0,2.6,3.0,Low,Low
Aniket Verma,Sunrisers Hyderabad,Rajasthan Royals,2026,1,18.0,200.0,18.75,163.47905312844338,15.2,14.1,7.0,16,1.0,1.0,1.0,1.2,Low,Low
H Klaasen,Sunrisers Hyderabad,Rajasthan Royals,2026,1,39.0,118.1818181818182,33.95918367346939,159.65253824880529,57.8,46.1,31.6,49,1.0,1.0,3.8,2.8,High,Low
Ishan Kishan,Sunrisers Hyderabad,Rajasthan Royals,2026,1,27.0,158.8235294117647,26.89655172413793,117.48090933536484,30.2,33.8,32.666666666666664,116,3.0,1.0,3.6,1.4,High,Low
Nithish Kumar Reddy,Sunrisers Hyderabad,Rajasthan Royals,2026,1,0.0,0.0,22.346153846153847,119.13745871098811,20.0,16.6,37.0,26,0.0,0.0,1.4,1.2,Moderate,Low
S Arora,Sunrisers Hyderabad,Rajasthan Royals,2026,1,9.0,112.5,6.0,87.5,6.0,6.0,0.0,3,0.0,1.0,0.0,0.6666666666666666,Moderate,Low
TM Head,Sunrisers Hyderabad,Rajasthan Royals,2026,1,38.0,172.72727272727272,30.4390243902439,137.86157060264784,35.6,26.2,53.0,41,5.0,1.0,4.0,2.0,Low,Low
D Ferreira,Rajasthan Royals,Sunrisers Hyderabad,2026,2,1.0,33.33333333333333,2.5,46.875,2.5,2.5,0.0,4,0.0,0.0,0.0,0.0,High,Low
Dhruv Jurel,Rajasthan Royals,Sunrisers Hyderabad,2026,2,81.0,188.3720930232558,21.94871794871795,133.01633761709778,41.4,32.4,42.333333333333336,39,8.0,3.0,3.8,2.2,Low,Low
JC Archer,Rajasthan Royals,Sunrisers Hyderabad,2026,2,1.0,50.0,8.483870967741936,123.3517199646232,9.4,6.8,6.0,31,0.0,0.0,0.6,0.4,Low,Low
LG Pretorius,Rajasthan Royals,Sunrisers Hyderabad,2026,2,0.0,0.0,0.0,0.0,0.0,0.0,0.0,0,0.0,0.0,0.0,0.0,Low,Low
N Burger,Rajasthan Royals,Sunrisers Hyderabad,2026,2,0.0,0.0,0.0,0.0,0.0,0.0,0.0,0,0.0,0.0,0.0,0.0,Low,Low
R Parag,Rajasthan Royals,Sunrisers Hyderabad,2026,2,3.0,60.0,20.97402597402597,130.75082193967583,9.6,22.6,20.33333333333333,77,0.0,0.0,0.4,0.8,Low,Low
RA Jadeja,Rajasthan Royals,Sunrisers Hyderabad,2026,2,24.0,96.0,16.790816326530614,130.7736372354543,14.4,24.7,15.38888888888889,196,1.0,0.0,1.0,0.4,High,Low
Ravi Bishnoi,Rajasthan Royals,Sunrisers Hyderabad,2026,2,13.0,92.85714285714286,2.8125,70.01488095238095,3.4,3.1,6.0,16,0.0,2.0,0.0,0.4,Low,Low
TU Deshpande,Rajasthan Royals,Sunrisers Hyderabad,2026,2,1.0,50.0,3.5,81.94444444444444,1.4,3.5,20.0,8,0.0,0.0,0.0,0.0,Moderate,Low
V Suryavanshi,Rajasthan Royals,Sunrisers Hyderabad,2026,2,78.0,300.0,41.09090909090909,206.4173161290034,51.4,41.8,0.0,11,8.0,7.0,4.4,4.4,Low,Low
YBK Jaiswal,Rajasthan Royals,Sunrisers Hyderabad,2026,2,13.0,162.5,33.55714285714286,136.2499923895224,43.8,43.5,33.375,70,0.0,2.0,4.8,2.4,Low,Low
A Mhatre,Chennai Super Kings,Kolkata Knight Riders,2026,1,59.0,163.88888888888889,33.90909090909091,133.61452874610768,33.4,34.1,0.0,11,3.0,4.0,2.4,2.4,Moderate,Low
D Brevis,Chennai Super Kings,Kolkata Knight Riders,2026,1,57.0,247.8260869565217,28.4375,127.50250631329008,36.6,33.1,40.5,16,4.0,5.0,2.4,2.6,High,Low
J Overton,Chennai Super Kings,Kolkata Knight Riders,2026,1,37.0,246.66666666666669,23.75,193.61111111111111,23.75,23.75,0.0,4,4.0,2.0,1.75,1.25,Low,Low
RD Gaikwad,Chennai Super Kings,Kolkata Knight Riders,2026,1,15.0,83.33333333333334,34.567567567567565,111.60683774884804,11.4,17.8,40.875,74,1.0,0.0,0.8,0.2,Low,Low
S Dube,Chennai Super Kings,Kolkata Knight Riders,2026,1,20.0,200.0,24.658227848101262,133.12151206140808,21.2,21.6,30.625,79,2.0,1.0,1.8,1.2,Low,Low
SN Khan,Chennai Super Kings,Kolkata Knight Riders,2026,1,50.0,208.33333333333331,17.53846153846154,124.99052475103836,23.6,19.5,9.5,39,8.0,2.0,3.4,1.0,Moderate,Low
SV Samson,Chennai Super Kings,Kolkata Knight Riders,2026,1,115.0,205.35714285714283,27.662857142857145,119.73078544454164,35.6,32.3,25.80952380952381,175,15.0,4.0,4.0,1.4,High,Low
A Raghuvanshi,Kolkata Knight Riders,Chennai Super Kings,2026,2,45.0,136.36363636363637,28.09090909090909,140.17980081779058,33.8,32.2,12.5,22,5.0,2.0,3.6,1.2,Moderate,Low
AM Rahane,Kolkata Knight Riders,Chennai Super Kings,2026,2,41.0,170.83333333333331,27.572192513368982,108.6125817538572,27.8,31.0,21.38888888888889,187,4.0,2.0,2.2,1.4,Moderate,Low
AS Roy,Kolkata Knight Riders,Chennai Super Kings,2026,2,0.0,0.0,3.25,58.21428571428572,4.4,3.25,3.0,8,0.0,0.0,0.4,0.0,Low,Low
C Green,Kolkata Knight Riders,Chennai Super Kings,2026,2,32.0,133.33333333333331,23.84375,137.43166348358315,16.6,23.7,18.5,32,3.0,1.0,1.4,0.6,Low,Low
FH Allen,Kolkata Knight Riders,Chennai Super Kings,2026,2,9.0,112.5,20.0,203.96533613445376,20.0,20.0,0.0,4,2.0,0.0,3.25,1.0,Low,Low
R Powell,Kolkata Knight Riders,Chennai Super Kings,2026,2,39.0,162.5,16.833333333333332,120.13815943043883,14.0,15.1,3.0,24,4.0,2.0,1.6,0.6,Moderate,Low
RK Singh,Kolkata Knight Riders,Chennai Super Kings,2026,2,4.0,57.14285714285714,21.685185185185187,141.0945911425401,18.0,17.9,21.125,54,0.0,0.0,2.0,0.4,Low,Low
Ramandeep Singh,Kolkata Knight Riders,Chennai Super Kings,2026,2,10.0,111.11111111111111,10.5,146.01641414141417,6.4,7.8,8.5,22,1.0,0.0,0.2,0.4,Moderate,Low
SP Narine,Kolkata Knight Riders,Chennai Super Kings,2026,2,12.0,300.0,15.058823529411764,127.1879808029644,21.4,20.7,12.866666666666667,119,0.0,2.0,2.0,1.8,Moderate,Low
A Badoni,Lucknow Super Giants,Royal Challengers Bengaluru,2026,1,9.0,81.81818181818183,20.76,121.66410513719822,15.6,29.5,0.0,50,1.0,0.0,1.8,0.4,Moderate,Low
AK Markram,Lucknow Super Giants,Royal Challengers Bengaluru,2026,1,30.0,142.85714285714286,26.23728813559322,122.57118827637984,28.8,34.5,19.5,59,5.0,1.0,3.4,1.4,Low,Low
Abdul Samad,Lucknow Super Giants,Royal Challengers Bengaluru,2026,1,18.0,81.81818181818183,14.553571428571429,134.6535795769921,14.6,15.5,16.0,56,2.0,0.0,1.4,0.2,Low,Low
Avesh Khan,Lucknow Super Giants,Royal Challengers Bengaluru,2026,1,4.0,400.0,4.466666666666667,149.77777777777777,5.2,3.7,0.0,15,1.0,0.0,0.8,0.2,Low,Low
DS Rathi,Lucknow Super Giants,Royal Challengers Bengaluru,2026,1,1.0,33.33333333333333,1.0,33.33333333333333,1.0,1.0,0.0,1,0.0,0.0,0.0,0.0,Low,Low
GF Linde,Lucknow Super Giants,Royal Challengers Bengaluru,2026,1,16.0,160.0,16.0,160.0,16.0,16.0,0.0,1,3.0,0.0,3.0,0.0,Low,Low
MD Choudhary,Lucknow Super Giants,Royal Challengers Bengaluru,2026,1,18.0,128.57142857142858,22.0,123.96103896103897,22.0,22.0,0.0,4,1.0,1.0,1.25,2.0,Moderate,Low
MR Marsh,Lucknow Super Giants,Royal Challengers Bengaluru,2026,1,11.0,275.0,25.79245283018868,117.49024948337616,28.4,40.3,67.0,53,1.0,1.0,2.0,2.0,High,Low
Mohammed Shami,Lucknow Super Giants,Royal Challengers Bengaluru,2026,1,12.0,240.0,3.2666666666666666,81.88888888888889,4.4,3.0,0.0,30,1.0,1.0,0.4,0.2,Low,Low
N Pooran,Lucknow Super Giants,Royal Challengers Bengaluru,2026,1,19.0,90.47619047619048,25.369565217391305,142.8744295422712,10.8,19.7,26.5,92,0.0,2.0,0.4,0.6,Low,Low
RR Pant,Lucknow Super Giants,Royal Challengers Bengaluru,2026,1,18.0,163.63636363636363,28.223076923076924,131.15264411581327,44.2,26.6,118.0,130,2.0,1.0,4.8,1.8,Low,Low
D Padikkal,Royal Challengers Bengaluru,Lucknow Super Giants,2026,2,14.0,200.0,25.07792207792208,109.41263598016782,28.4,33.1,31.33333333333333,77,3.0,0.0,3.2,1.4,Low,Low
JM Sharma,Royal Challengers Bengaluru,Lucknow Super Giants,2026,2,10.0,111.11111111111111,20.12,142.39698742382987,24.8,18.8,23.8,50,1.0,0.0,2.2,1.6,Moderate,Low
PD Salt,Royal Challengers Bengaluru,Lucknow Super Giants,2026,2,78.0,216.66666666666663,31.26315789473684,147.87750463527345,29.6,32.3,50.333333333333336,38,6.0,6.0,2.6,1.8,Low,Low
R Shepherd,Royal Challengers Bengaluru,Lucknow Super Giants,2026,2,2.0,100.0,14.928571428571429,153.9734868306297,18.8,15.1,4.5,14,0.0,0.0,1.4,1.6,Low,Low
RM Patidar,Royal Challengers Bengaluru,Lucknow Super Giants,2026,2,53.0,265.0,31.09523809523809,146.7182081911719,44.2,28.5,51.66666666666666,42,4.0,5.0,2.4,4.0,Moderate,Low
TH David,Royal Challengers Bengaluru,Lucknow Super Giants,2026,2,34.0,226.66666666666663,20.39583333333333,159.0219478914332,26.8,26.5,26.666666666666668,48,2.0,3.0,1.6,2.4,Low,Low
V Kohli,Royal Challengers Bengaluru,Lucknow Super Giants,2026,2,50.0,131.57894736842107,33.39622641509434,120.64822933143452,44.4,44.4,32.166666666666664,265,5.0,1.0,4.4,1.4,High,Low
HH Pandya,Mumbai Indians,Punjab Kings,2026,1,40.0,181.8181818181818,19.34931506849315,141.12400626407486,20.8,18.7,16.0,146,6.0,1.0,2.4,1.0,Low,Low
Naman Dhir,Mumbai Indians,Punjab Kings,2026,1,1.0,50.0,19.608695652173918,159.83552584575602,19.2,18.1,28.5,23,0.0,0.0,2.6,0.4,High,Low
Q de Kock,Mumbai Indians,Punjab Kings,2026,1,9.0,69.23076923076923,28.55172413793104,115.52678327105065,10.0,16.6,26.4,116,0.0,0.0,0.0,1.0,High,Low
RD Rickelton,Mumbai Indians,Punjab Kings,2026,1,37.0,168.1818181818182,29.05555555555556,150.0079516925192,32.4,31.9,27.0,18,3.0,3.0,2.8,2.4,Low,Low
SA Yadav,Mumbai Indians,Punjab Kings,2026,1,33.0,150.0,28.31410256410257,138.98258226191052,30.0,39.6,47.25,156,5.0,0.0,3.0,1.2,Low,Low
SE Rutherford,Mumbai Indians,Punjab Kings,2026,1,71.0,236.66666666666663,21.65217391304348,146.9480452804251,25.0,26.3,46.0,23,1.0,9.0,1.6,2.2,Low,Low
Tilak Varma,Mumbai Indians,Punjab Kings,2026,1,1.0,33.33333333333333,27.89090909090909,132.51300861272856,15.8,14.5,24.0,55,0.0,0.0,1.6,0.4,Low,Low
C Connolly,Punjab Kings,Mumbai Indians,2026,2,11.0,91.66666666666666,39.66666666666666,142.24386724386724,39.66666666666666,39.66666666666666,0.0,3,1.0,0.0,4.0,1.6666666666666667,Low,Low
MP Stoinis,Punjab Kings,Mumbai Indians,2026,2,9.0,300.0,20.14851485148515,126.70527841749616,8.6,14.4,22.8,101,2.0,0.0,0.8,0.6,Low,Low
P Simran Singh,Punjab Kings,Mumbai Indians,2026,2,51.0,204.0,27.01818181818182,133.96193369980128,32.6,29.3,10.8,55,4.0,4.0,2.4,2.2,High,Low
Priyansh Arya,Punjab Kings,Mumbai Indians,2026,2,57.0,285.0,30.857142857142858,163.99688520790704,29.4,30.1,41.0,21,5.0,5.0,2.8,2.2,Low,Low
SS Iyer,Punjab Kings,Mumbai Indians,2026,2,69.0,209.0909090909091,28.68148148148148,119.29908276899768,45.0,38.1,25.05,135,5.0,5.0,2.8,3.6,High,Low
A Raghuvanshi,Kolkata Knight Riders,Gujarat Titans,2026,1,27.0,142.10526315789474,28.043478260869566,140.26351657170818,36.4,31.2,27.0,23,3.0,1.0,4.0,1.4,Low,Low
AM Rahane,Kolkata Knight Riders,Gujarat Titans,2026,1,28.0,127.27272727272728,27.574468085106385,108.71183784704267,30.4,32.1,21.4,188,0.0,2.0,1.6,1.8,Low,Low
AS Roy,Kolkata Knight Riders,Gujarat Titans,2026,1,1.0,100.0,3.0,62.85714285714286,2.0,3.0,0.0,9,0.0,0.0,0.0,0.0,Low,Low
C Green,Kolkata Knight Riders,Gujarat Titans,2026,1,0.0,0.0,23.12121212121212,133.2670676204443,11.2,20.0,16.75,33,0.0,0.0,1.0,0.4,High,Low
Kartik Tyagi,Kolkata Knight Riders,Gujarat Titans,2026,1,5.0,100.0,2.571428571428572,72.38095238095238,2.8,2.571428571428572,0.0,7,1.0,0.0,0.4,0.0,Low,Low
R Powell,Kolkata Knight Riders,Gujarat Titans,2026,1,31.0,140.9090909090909,17.4,120.96899668958493,19.4,17.8,20.0,25,1.0,2.0,1.6,1.0,Moderate,Low
RK Singh,Kolkata Knight Riders,Gujarat Titans,2026,1,6.0,50.0,21.4,139.4383258490394,17.4,17.0,29.75,55,0.0,0.0,1.6,0.4,Low,Low
Ramandeep Singh,Kolkata Knight Riders,Gujarat Titans,2026,1,35.0,152.17391304347828,11.565217391304348,146.28413148498214,13.2,9.6,1.0,23,4.0,1.0,1.0,0.6,Low,Low
SP Narine,Kolkata Knight Riders,Gujarat Titans,2026,1,24.0,141.1764705882353,15.133333333333333,127.304551551175,20.8,20.1,7.333333333333333,120,2.0,2.0,2.0,1.8,Low,Low
TL Seifert,Kolkata Knight Riders,Gujarat Titans,2026,1,3.0,60.0,8.666666666666666,86.66666666666667,8.666666666666666,8.666666666666666,3.0,3,0.0,0.0,1.3333333333333333,0.0,Low,Low
VG Arora,Kolkata Knight Riders,Gujarat Titans,2026,1,1.0,50.0,1.0,58.33333333333333,0.6,1.0,2.0,10,0.0,0.0,0.0,0.0,Low,Low
B Sai Sudharsan,Gujarat Titans,Kolkata Knight Riders,2026,2,15.0,107.14285714285714,43.31818181818182,139.4775854334761,38.6,41.6,52.5,44,3.0,0.0,5.2,0.8,Moderate,Low
GD Phillips,Gujarat Titans,Kolkata Knight Riders,2026,2,14.0,155.55555555555557,9.727272727272728,119.59331518155048,9.6,9.3,8.0,11,1.0,1.0,0.6,0.4,Low,Low
JC Buttler,Gujarat Titans,Kolkata Knight Riders,2026,2,60.0,162.16216216216216,34.653225806451616,130.19892439046723,36.2,39.9,37.0,124,11.0,0.0,4.4,1.4,Moderate,Low
M Shahrukh Khan,Gujarat Titans,Kolkata Knight Riders,2026,2,11.0,275.0,14.94,158.4106776443711,20.8,14.3,13.0,50,1.0,1.0,1.2,1.4,Low,Low
R Tewatia,Gujarat Titans,Kolkata Knight Riders,2026,2,10.0,125.0,14.325,135.79507444350875,10.0,9.2,15.875,80,1.0,0.0,0.8,0.4,Low,Low
Shubman Gill,Gujarat Titans,Kolkata Knight Riders,2026,2,56.0,140.0,34.452991452991455,125.16402770902523,35.8,51.0,46.25,117,6.0,1.0,3.4,1.4,High,Low
Washington Sundar,Gujarat Titans,Kolkata Knight Riders,2026,2,21.0,161.53846153846155,12.95744680851064,115.14435311967128,29.2,23.1,2.5,47,2.0,1.0,3.2,1.2,Low,Low
B Kumar,Royal Challengers Bengaluru,Delhi Capitals,2026,1,9.0,128.57142857142858,4.569444444444445,84.12636360553027,4.4,2.7,3.25,72,1.0,0.0,0.4,0.0,Low,Low
D Padikkal,Royal Challengers Bengaluru,Delhi Capitals,2026,1,10.0,90.9090909090909,24.884615384615383,109.17541104335912,30.4,30.4,19.666666666666668,78,1.0,0.0,3.4,1.4,Low,Low
JM Sharma,Royal Challengers Bengaluru,Delhi Capitals,2026,1,23.0,255.55555555555557,20.176470588235293,144.61578287739312,12.4,20.9,15.5,51,2.0,2.0,1.0,0.8,Low,Low
KH Pandya,Royal Challengers Bengaluru,Delhi Capitals,2026,1,1.0,16.666666666666664,15.278260869565218,119.4314265060635,17.4,14.0,18.857142857142858,115,0.0,0.0,1.4,0.8,Low,Low
PD Salt,Royal Challengers Bengaluru,Delhi Capitals,2026,1,7.0,87.5,30.64102564102564,146.32936349077926,27.8,32.9,41.0,39,1.0,0.0,2.4,1.6,High,Low
R Shepherd,Royal Challengers Bengaluru,Delhi Capitals,2026,1,14.0,175.0,14.866666666666667,155.37525437525437,11.0,15.0,39.0,15,1.0,1.0,0.8,0.6,Low,Low
RM Patidar,Royal Challengers Bengaluru,Delhi Capitals,2026,1,27.0,207.6923076923077,31.0,148.1362105051518,44.4,30.6,28.5,43,1.0,3.0,2.4,4.2,Low,Low
TH David,Royal Challengers Bengaluru,Delhi Capitals,2026,1,14.0,175.0,20.26530612244898,159.34803058752638,29.4,24.2,28.142857142857142,49,1.0,1.0,1.8,2.6,Moderate,Low
V Kohli,Royal Challengers Bengaluru,Delhi Capitals,2026,1,49.0,144.11764705882354,33.45488721804512,120.7364602251465,45.6,44.2,30.75,266,6.0,1.0,5.0,1.6,Low,Low
AR Patel,Delhi Capitals,Royal Challengers Bengaluru,2026,2,1.0,50.0,15.23015873015873,126.70530675632205,6.8,19.9,29.0,126,0.0,0.0,0.6,0.2,Moderate,Low
DA Miller,Delhi Capitals,Royal Challengers Bengaluru,2026,2,17.0,121.42857142857142,23.036496350364963,125.57321303393688,22.8,17.3,28.0,137,1.0,1.0,2.2,1.0,Moderate,Low
KK Nair,Delhi Capitals,Royal Challengers Bengaluru,2026,2,44.0,169.23076923076923,22.289473684210527,111.95095925355088,15.6,21.4,4.0,76,5.0,2.0,2.0,0.6,Low,Low
KL Rahul,Delhi Capitals,Royal Challengers Bengaluru,2026,2,18.0,180.0,37.647887323943664,125.77393590015122,29.2,32.7,51.333333333333336,142,2.0,1.0,3.8,1.2,High,Low
P Nissanka,Delhi Capitals,Royal Challengers Bengaluru,2026,2,41.0,186.36363636363637,31.75,130.9659090909091,31.75,31.75,0.0,4,5.0,2.0,4.25,1.0,Low,Low
Sameer Rizvi,Delhi Capitals,Royal Challengers Bengaluru,2026,2,6.0,66.66666666666666,26.0,115.4594623873886,44.8,32.3,0.0,13,1.0,0.0,3.2,3.2,Low,Low
T Stubbs,Delhi Capitals,Royal Challengers Bengaluru,2026,2,60.0,157.89473684210526,23.428571428571427,148.0744638994528,25.4,22.6,25.0,35,4.0,3.0,1.8,0.8,High,Low
Abhishek Sharma,Sunrisers Hyderabad,Chennai Super Kings,2026,1,0.0,0.0,24.620253164556964,138.04386785764888,25.8,32.8,27.88888888888889,79,0.0,0.0,1.8,2.6,High,Low
Aniket Verma,Sunrisers Hyderabad,Chennai Super Kings,2026,1,6.0,120.0,18.0,160.9214617679467,14.0,13.5,19.0,17,1.0,0.0,1.0,1.0,Low,Low
H Klaasen,Sunrisers Hyderabad,Chennai Super Kings,2026,1,40.0,153.84615384615387,34.08,159.53641056075224,44.8,43.0,12.2,50,1.0,3.0,2.6,1.6,High,Low
Ishan Kishan,Sunrisers Hyderabad,Chennai Super Kings,2026,1,91.0,206.81818181818184,27.444444444444443,118.24447576684192,42.6,42.8,25.63636363636364,117,8.0,6.0,4.4,2.4,Low,Low
LS Livingstone,Sunrisers Hyderabad,Chennai Super Kings,2026,1,14.0,70.0,22.1875,127.6306146797142,9.4,12.6,32.25,48,0.0,1.0,0.2,0.6,Low,Low
Nithish Kumar Reddy,Sunrisers Hyderabad,Chennai Super Kings,2026,1,28.0,215.3846153846154,22.55555555555556,122.70216821741876,24.8,17.5,16.0,27,0.0,4.0,1.4,2.0,Low,Low
PP Hinge,Sunrisers Hyderabad,Chennai Super Kings,2026,1,0.0,0.0,0.0,0.0,0.0,0.0,0.0,0,0.0,0.0,0.0,0.0,Low,Low
S Arora,Sunrisers Hyderabad,Chennai Super Kings,2026,1,24.0,184.6153846153846,10.5,111.77884615384616,10.5,10.5,0.0,4,2.0,2.0,0.5,1.0,Low,Low
Shivang Kumar,Sunrisers Hyderabad,Chennai Super Kings,2026,1,5.0,125.0,4.5,162.5,4.5,4.5,0.0,2,1.0,0.0,1.0,0.0,Low,Low
TM Head,Sunrisers Hyderabad,Chennai Super Kings,2026,1,18.0,100.0,30.142857142857142,136.96010463591813,24.0,25.2,21.0,42,3.0,0.0,3.4,0.8,Moderate,Low
A Kamboj,Chennai Super Kings,Sunrisers Hyderabad,2026,2,19.0,158.33333333333331,5.25,131.59722222222223,7.0,5.25,2.0,8,1.0,1.0,0.8,0.2,Low,Low
A Mhatre,Chennai Super Kings,Sunrisers Hyderabad,2026,2,38.0,223.52941176470588,34.25,141.1074356643242,34.2,34.9,30.0,12,6.0,2.0,3.0,2.2,Moderate,Low
D Brevis,Chennai Super Kings,Sunrisers Hyderabad,2026,2,41.0,141.3793103448276,29.176470588235293,128.3187889033805,38.4,33.5,42.0,17,4.0,2.0,2.8,2.8,Low,Low
J Overton,Chennai Super Kings,Sunrisers Hyderabad,2026,2,7.0,116.66666666666669,20.4,178.22222222222223,20.4,20.4,0.0,5,1.0,0.0,1.6,1.0,Low,Low
MW Short,Chennai Super Kings,Sunrisers Hyderabad,2026,2,2.0,28.57142857142857,17.0,99.22601208315494,16.4,17.0,1.0,7,0.0,0.0,1.8,0.6,Moderate,Low
Noor Ahmad,Chennai Super Kings,Sunrisers Hyderabad,2026,2,8.0,100.0,2.230769230769231,67.53052503052503,2.6,2.1,1.0,13,0.0,1.0,0.0,0.2,Low,Low
RD Gaikwad,Chennai Super Kings,Sunrisers Hyderabad,2026,2,7.0,116.66666666666669,34.2,111.67430213441897,12.6,18.5,56.285714285714285,75,1.0,0.0,1.0,0.2,Low,Low
S Dube,Chennai Super Kings,Sunrisers Hyderabad,2026,2,13.0,108.33333333333331,24.5125,132.81165982730712,20.4,21.7,17.0,80,1.0,0.0,2.0,0.8,Moderate,Low
SN Khan,Chennai Super Kings,Sunrisers Hyderabad,2026,2,23.0,127.77777777777776,17.675,125.06020607670682,26.2,21.7,19.0,40,1.0,2.0,3.6,1.2,Moderate,Low
SV Samson,Chennai Super Kings,Sunrisers Hyderabad,2026,2,48.0,150.0,27.77840909090909,119.9027696181522,37.0,33.3,36.125,176,4.0,3.0,4.2,1.6,Low,Low
Brijesh Sharma,Rajasthan Royals,Kolkata Knight Riders,2026,1,0.0,0.0,0.0,0.0,0.0,0.0,0.0,0,0.0,0.0,0.0,0.0,Low,Low
D Ferreira,Rajasthan Royals,Kolkata Knight Riders,2026,1,69.0,156.8181818181818,15.8,68.86363636363636,15.8,15.8,0.0,5,8.0,3.0,1.6,0.6,Low,Low
Dhruv Jurel,Rajasthan Royals,Kolkata Knight Riders,2026,1,0.0,0.0,21.4,129.69092917667032,35.2,31.8,11.666666666666666,40,0.0,0.0,3.4,1.6,Low,Low
JC Archer,Rajasthan Royals,Kolkata Knight Riders,2026,1,2.0,40.0,8.28125,120.74697871572872,9.0,6.9,12.166666666666666,32,0.0,0.0,0.6,0.4,Low,Low
R Parag,Rajasthan Royals,Kolkata Knight Riders,2026,1,4.0,66.66666666666666,20.756410256410252,129.9292302054065,9.8,20.8,28.25,78,1.0,0.0,0.6,0.8,Low,Low
RA Jadeja,Rajasthan Royals,Kolkata Knight Riders,2026,1,45.0,140.625,16.934010152284262,130.82364415304082,19.6,28.5,17.0,197,5.0,0.0,1.6,0.2,Low,Low
Ravi Bishnoi,Rajasthan Royals,Kolkata Knight Riders,2026,1,0.0,0.0,2.647058823529412,65.89635854341736,3.4,3.1,1.6666666666666667,17,0.0,0.0,0.0,0.4,Low,Low
SO Hetmyer,Rajasthan Royals,Kolkata Knight Riders,2026,1,0.0,0.0,18.4390243902439,136.45521450135982,9.4,10.5,12.7,82,0.0,0.0,0.6,0.6,Low,Low
V Suryavanshi,Rajasthan Royals,Kolkata Knight Riders,2026,1,0.0,0.0,37.66666666666666,189.21587311825317,40.0,40.2,4.0,12,0.0,0.0,3.6,3.6,High,Low
YBK Jaiswal,Rajasthan Royals,Kolkata Knight Riders,2026,1,1.0,20.0,33.098591549295776,134.61266855305024,36.8,38.7,33.666666666666664,71,0.0,0.0,3.8,2.0,Moderate,High
A Raghuvanshi,Kolkata Knight Riders,Rajasthan Royals,2026,2,8.0,200.0,27.20833333333333,142.75253671455366,27.8,29.3,32.0,24,2.0,0.0,3.2,1.0,Low,Low
AM Rahane,Kolkata Knight Riders,Rajasthan Royals,2026,2,0.0,0.0,27.428571428571427,108.13664293779908,17.0,27.1,15.285714285714286,189,0.0,0.0,1.0,0.8,Low,Low
AS Roy,Kolkata Knight Riders,Rajasthan Royals,2026,2,9.0,128.57142857142858,3.6,69.42857142857143,2.6,3.6,6.0,10,1.0,0.0,0.2,0.0,Moderate,Low
C Green,Kolkata Knight Riders,Rajasthan Royals,2026,2,79.0,146.2962962962963,24.764705882352946,133.65028022855753,23.4,27.8,25.33333333333333,34,7.0,4.0,2.2,1.0,Moderate,Low
R Powell,Kolkata Knight Riders,Rajasthan Royals,2026,2,27.0,135.0,17.76923076923077,121.50865066306244,21.6,19.4,19.0,26,2.0,2.0,1.6,1.2,Moderate,Low
RK Singh,Kolkata Knight Riders,Rajasthan Royals,2026,2,1.0,50.0,21.035714285714285,137.8412128874494,15.8,16.9,20.0,56,0.0,0.0,1.6,0.2,High,Low
Ramandeep Singh,Kolkata Knight Riders,Rajasthan Royals,2026,2,17.0,212.5,11.791666666666666,149.0431260064412,15.8,10.7,1.0,24,2.0,1.0,1.4,0.8,Low,Low
TL Seifert,Kolkata Knight Riders,Rajasthan Royals,2026,2,19.0,135.71428571428572,11.25,98.92857142857144,11.25,11.25,0.0,4,2.0,1.0,1.5,0.25,Low,Low
C Connolly,Punjab Kings,Lucknow Super Giants,2026,1,17.0,141.66666666666669,34.0,142.0995670995671,34.0,34.0,0.0,4,1.0,2.0,3.25,1.75,High,Low
M Jansen,Punjab Kings,Lucknow Super Giants,2026,1,9.0,90.0,7.142857142857143,89.24177326432965,8.2,10.1,0.0,21,0.0,1.0,0.2,0.6,Low,Low
MP Stoinis,Punjab Kings,Lucknow Super Giants,2026,1,10.0,200.0,20.04901960784314,127.42385411928542,5.4,12.0,15.0,102,2.0,0.0,0.8,0.2,Moderate,Low
N Wadhera,Punjab Kings,Lucknow Super Giants,2026,1,14.0,100.0,21.94117647058824,129.56372190266652,18.0,20.2,24.166666666666668,34,0.0,1.0,0.8,1.0,Low,Low
P Simran Singh,Punjab Kings,Lucknow Super Giants,2026,1,80.0,205.1282051282051,27.964285714285715,135.23275997530848,47.4,32.3,38.4,56,11.0,2.0,4.4,2.6,Low,Low
Priyansh Arya,Punjab Kings,Lucknow Super Giants,2026,1,15.0,166.66666666666669,30.13636363636364,164.11823891057793,28.4,24.6,4.5,22,2.0,1.0,2.8,2.2,High,Low
SS Iyer,Punjab Kings,Lucknow Super Giants,2026,1,66.0,194.11764705882356,28.955882352941178,119.84921927112876,40.8,40.2,35.666666666666664,136,5.0,4.0,2.8,2.8,Low,Low
Shashank Singh,Punjab Kings,Lucknow Super Giants,2026,1,16.0,177.77777777777777,22.416666666666668,139.67119109254176,19.4,22.6,21.0,36,1.0,1.0,1.2,1.4,Low,Low
A Badoni,Lucknow Super Giants,Punjab Kings,2026,2,38.0,158.33333333333331,21.098039215686278,122.38310961163224,22.6,31.1,29.166666666666668,51,4.0,1.0,2.6,0.6,Moderate,Low
AK Markram,Lucknow Super Giants,Punjab Kings,2026,2,12.0,150.0,26.0,123.02833513844016,24.0,29.1,23.33333333333333,60,0.0,1.0,2.8,1.2,High,Low
Himmat Singh,Lucknow Super Giants,Punjab Kings,2026,2,0.0,0.0,0.0,0.0,0.0,0.0,0.0,0,0.0,0.0,0.0,0.0,Low,Low
MD Choudhary,Lucknow Super Giants,Punjab Kings,2026,2,39.0,139.28571428571428,25.4,127.02597402597402,25.4,25.4,0.0,5,3.0,2.0,1.6,2.0,Moderate,Low
MR Marsh,Lucknow Super Giants,Punjab Kings,2026,2,40.0,125.0,26.05555555555556,117.6293189373877,23.0,39.8,17.2,54,3.0,2.0,1.8,1.4,High,Low
N Pooran,Lucknow Super Giants,Punjab Kings,2026,2,1.0,14.285714285714285,25.107526881720432,141.4917551846738,8.4,18.9,25.285714285714285,93,0.0,0.0,0.2,0.6,Low,Low
RR Pant,Lucknow Super Giants,Punjab Kings,2026,2,1.0,16.666666666666664,28.01526717557252,130.27870535665946,20.8,26.7,12.333333333333334,131,0.0,0.0,2.6,0.2,High,Low
DV Malewar,Mumbai Indians,Gujarat Titans,2026,1,0.0,0.0,0.0,0.0,0.0,0.0,0.0,0,0.0,0.0,0.0,0.0,Low,Low
HH Pandya,Mumbai Indians,Gujarat Titans,2026,1,14.0,116.66666666666669,19.312925170068027,140.95762980422856,19.2,19.6,11.25,147,0.0,1.0,2.4,0.6,Low,Low
Naman Dhir,Mumbai Indians,Gujarat Titans,2026,1,50.0,161.29032258064515,20.875,159.8961423763764,21.8,20.6,13.5,24,3.0,3.0,1.8,1.0,High,Low
Q de Kock,Mumbai Indians,Gujarat Titans,2026,1,112.0,186.66666666666663,29.264957264957264,116.13481646246616,32.2,27.6,23.5,117,8.0,7.0,1.6,2.4,Low,Low
SA Yadav,Mumbai Indians,Gujarat Titans,2026,1,0.0,0.0,28.13375796178344,138.09734288444614,21.2,34.8,45.142857142857146,157,0.0,0.0,2.2,0.6,Low,Low
SE Rutherford,Mumbai Indians,Gujarat Titans,2026,1,1.0,20.0,20.791666666666668,141.65854339374076,25.2,25.7,0.0,24,0.0,0.0,1.6,2.2,Low,Low
Tilak Varma,Mumbai Indians,Gujarat Titans,2026,1,8.0,266.66666666666663,27.535714285714285,134.908609649406,8.6,14.7,23.142857142857142,56,2.0,0.0,1.6,0.0,High,Low
Ashok Sharma,Gujarat Titans,Mumbai Indians,2026,2,0.0,0.0,0.0,0.0,0.0,0.0,0.0,1,0.0,0.0,0.0,0.0,Low,Low
B Sai Sudharsan,Gujarat Titans,Mumbai Indians,2026,2,22.0,137.5,42.84444444444444,139.43363909050993,27.0,39.0,41.66666666666666,45,1.0,2.0,3.4,1.0,Low,Low
GD Phillips,Gujarat Titans,Mumbai Indians,2026,2,19.0,118.75,10.5,119.52303891642129,12.4,10.8,2.5,12,2.0,0.0,0.8,0.4,Low,Low
JC Buttler,Gujarat Titans,Mumbai Indians,2026,2,25.0,166.66666666666669,34.576,130.4906663286768,40.2,38.3,50.16666666666666,125,2.0,2.0,4.8,1.8,Low,Low
K Rabada,Gujarat Titans,Mumbai Indians,2026,2,23.0,143.75,7.67741935483871,107.50457875457874,8.8,5.8,13.571428571428571,31,1.0,2.0,0.2,0.8,Low,Low
M Shahrukh Khan,Gujarat Titans,Mumbai Indians,2026,2,3.0,150.0,14.705882352941176,158.24576239644225,10.0,13.5,10.75,51,0.0,0.0,0.2,0.8,Low,Low
Mohammed Siraj,Gujarat Titans,Mumbai Indians,2026,2,3.0,75.0,5.333333333333333,79.32329575186718,5.0,5.4,4.0,21,0.0,0.0,0.2,0.4,Low,Low
R Tewatia,Gujarat Titans,Mumbai Indians,2026,2,7.0,116.66666666666669,14.234567901234568,135.55892126107858,8.2,9.0,12.444444444444445,81,0.0,0.0,0.6,0.2,Low,Low
Rashid Khan,Gujarat Titans,Mumbai Indians,2026,2,24.0,150.0,8.955882352941176,119.47155275280276,8.0,6.4,7.933333333333334,68,3.0,0.0,0.8,0.2,Low,Low
Shubman Gill,Gujarat Titans,Mumbai Indians,2026,2,86.0,172.0,34.889830508474574,125.56094272844028,50.4,51.2,34.8,118,8.0,4.0,4.8,2.0,Low,Low
Washington Sundar,Gujarat Titans,Mumbai Indians,2026,2,13.0,100.0,12.958333333333334,114.82884576301149,22.2,24.4,10.77777777777778,48,1.0,0.0,2.4,0.6,Moderate,Low
Abhishek Sharma,Sunrisers Hyderabad,Delhi Capitals,2026,1,59.0,268.1818181818182,25.05,139.670592236701,36.2,38.7,16.75,80,6.0,4.0,3.0,3.2,High,Low
H Klaasen,Sunrisers Hyderabad,Delhi Capitals,2026,1,59.0,151.28205128205127,34.568627450980394,159.37456037881694,50.4,48.2,26.8,51,6.0,2.0,3.4,1.8,Moderate,Low
Ishan Kishan,Sunrisers Hyderabad,Delhi Capitals,2026,1,0.0,0.0,27.21186440677966,117.24240393830937,26.6,38.4,39.81818181818182,118,0.0,0.0,2.8,1.4,Moderate,Low
TM Head,Sunrisers Hyderabad,Delhi Capitals,2026,1,23.0,115.0,29.976744186046517,136.44940452810607,26.4,27.5,55.5,43,3.0,1.0,3.6,1.0,Moderate,Low
AR Patel,Delhi Capitals,Sunrisers Hyderabad,2026,2,26.0,144.44444444444443,15.31496062992126,126.84498500583484,10.8,19.1,14.928571428571429,127,3.0,0.0,1.0,0.2,Low,Low
Ashutosh Sharma,Delhi Capitals,Sunrisers Hyderabad,2026,2,19.0,190.0,21.68421052631579,142.89165231771423,17.4,22.3,25.33333333333333,19,1.0,2.0,0.8,1.4,Low,Low
DA Miller,Delhi Capitals,Sunrisers Hyderabad,2026,2,22.0,220.00000000000003,23.02898550724637,126.25746511340112,22.4,16.8,17.875,138,1.0,2.0,1.8,1.4,Low,Low
KL Rahul,Delhi Capitals,Sunrisers Hyderabad,2026,2,57.0,167.64705882352942,37.78321678321678,126.06675494157344,33.6,34.3,32.13333333333333,143,6.0,2.0,3.8,1.4,Moderate,Low
Kuldeep Yadav,Delhi Capitals,Sunrisers Hyderabad,2026,2,4.0,57.14285714285714,5.282051282051282,85.90192923427026,3.4,6.9,1.3333333333333333,39,0.0,0.0,0.2,0.0,Low,Low
L Ngidi,Delhi Capitals,Sunrisers Hyderabad,2026,2,3.0,75.0,1.5,37.5,1.5,1.5,0.0,2,0.0,0.0,0.0,0.0,Low,Low
N Rana,Delhi Capitals,Sunrisers Hyderabad,2026,2,5.0,83.33333333333334,24.98260869565217,121.41845619895352,6.6,12.5,32.76470588235294,115,1.0,0.0,1.2,0.2,High,Low
P Nissanka,Delhi Capitals,Sunrisers Hyderabad,2026,2,1.0,50.0,25.6,114.77272727272724,25.6,25.6,0.0,5,0.0,0.0,3.4,0.8,Low,Low
Sameer Rizvi,Delhi Capitals,Sunrisers Hyderabad,2026,2,2.0,66.66666666666666,24.285714285714285,111.97426269305132,33.6,30.4,0.0,14,0.0,0.0,2.6,2.2,High,Low
T Stubbs,Delhi Capitals,Sunrisers Hyderabad,2026,2,60.0,127.65957446808513,24.444444444444443,147.50738363747038,33.8,25.2,18.5,36,4.0,1.0,2.2,1.0,Moderate,Low
D Ferreira,Rajasthan Royals,Lucknow Super Giants,2026,1,7.0,100.0,14.333333333333334,74.0530303030303,17.0,14.333333333333334,0.0,6,0.0,1.0,1.6,0.8,Moderate,Low
Dhruv Jurel,Rajasthan Royals,Lucknow Super Giants,2026,1,5.0,71.42857142857143,21.0,128.26989606086303,32.6,27.6,19.5,41,0.0,0.0,2.6,1.6,Low,Low
R Parag,Rajasthan Royals,Lucknow Super Giants,2026,1,12.0,85.71428571428571,20.64556962025317,129.36954736374673,9.4,18.8,23.0,79,1.0,0.0,0.6,0.6,Moderate,Low
RA Jadeja,Rajasthan Royals,Lucknow Super Giants,2026,1,9.0,128.57142857142858,16.893939393939394,130.81226932687107,21.2,24.1,20.0,198,1.0,0.0,1.8,0.2,High,Low
SB Dubey,Rajasthan Royals,Lucknow Super Giants,2026,1,7.0,100.0,12.636363636363637,136.96969696969697,12.4,13.1,3.0,11,0.0,0.0,0.8,0.8,Low,Low
SO Hetmyer,Rajasthan Royals,Lucknow Super Giants,2026,1,15.0,83.33333333333334,18.397590361445783,135.8151918366848,10.2,11.4,19.5,83,0.0,0.0,0.4,0.6,Moderate,Low
V Suryavanshi,Rajasthan Royals,Lucknow Super Giants,2026,1,46.0,164.28571428571428,38.30769230769231,187.2981685926732,38.8,34.7,34.0,13,6.0,2.0,4.0,3.0,Low,Low
YBK Jaiswal,Rajasthan Royals,Lucknow Super Giants,2026,1,39.0,134.48275862068965,33.18055555555556,134.6108642484341,37.0,35.6,41.4,72,4.0,2.0,4.0,2.2,Moderate,Low
A Badoni,Lucknow Super Giants,Rajasthan Royals,2026,2,35.0,166.66666666666669,21.365384615384617,123.2347164780752,29.6,29.6,12.5,52,5.0,1.0,3.6,0.8,Low,Low
AK Markram,Lucknow Super Giants,Rajasthan Royals,2026,2,42.0,200.0,26.262295081967213,124.29016570994114,30.2,28.1,31.2,61,3.0,3.0,3.2,1.6,Low,Low
DS Rathi,Lucknow Super Giants,Rajasthan Royals,2026,2,0.0,0.0,0.5,16.666666666666664,0.5,0.5,0.0,2,0.0,0.0,0.0,0.0,Low,Low
Himmat Singh,Lucknow Super Giants,Rajasthan Royals,2026,2,1.0,100.0,1.0,100.0,1.0,1.0,0.0,1,0.0,0.0,0.0,0.0,Low,Low
MD Choudhary,Lucknow Super Giants,Rajasthan Royals,2026,2,21.0,123.52941176470588,24.666666666666668,126.443213649096,26.8,24.666666666666668,0.0,6,1.0,1.0,1.4,2.2,Low,Low
MP Yadav,Lucknow Super Giants,Rajasthan Royals,2026,2,0.0,0.0,0.0,0.0,0.0,0.0,0.0,0,0.0,0.0,0.0,0.0,Low,Low
MR Marsh,Lucknow Super Giants,Rajasthan Royals,2026,2,40.0,142.85714285714286,26.30909090909091,118.08800664501962,24.0,40.4,37.75,55,3.0,2.0,2.0,1.2,High,Low
Mohammed Shami,Lucknow Super Giants,Rajasthan Royals,2026,2,0.0,0.0,3.161290322580645,79.24731182795698,4.0,2.9,5.0,31,0.0,0.0,0.4,0.2,Low,Low
Mohsin Khan,Lucknow Super Giants,Rajasthan Royals,2026,2,0.0,0.0,4.166666666666667,96.42857142857144,2.4,4.166666666666667,9.0,6,0.0,0.0,0.2,0.0,Low,Low
N Pooran,Lucknow Super Giants,Rajasthan Royals,2026,2,9.0,100.0,24.93617021276596,141.050353533773,8.6,17.1,19.181818181818183,94,1.0,0.0,0.2,0.6,Moderate,Low
RR Pant,Lucknow Super Giants,Rajasthan Royals,2026,2,43.0,186.95652173913044,28.12878787878788,130.70808275349637,28.0,30.6,33.583333333333336,132,1.0,4.0,2.6,1.0,Low,Low
AJ Hosein,Chennai Super Kings,Mumbai Indians,2026,1,16.0,160.0,16.0,160.0,16.0,16.0,0.0,1,1.0,1.0,1.0,1.0,Low,Low
D Brevis,Chennai Super Kings,Mumbai Indians,2026,1,0.0,0.0,27.55555555555556,121.18996729763714,38.4,28.9,0.0,18,0.0,0.0,2.8,2.8,Moderate,Low
J Overton,Chennai Super Kings,Mumbai Indians,2026,1,16.0,106.66666666666669,19.666666666666668,166.2962962962963,21.4,19.666666666666668,4.0,6,1.0,0.0,1.8,0.8,Low,Low
Kartik Sharma,Chennai Super Kings,Mumbai Indians,2026,1,6.0,200.0,8.333333333333334,117.77777777777776,8.333333333333334,8.333333333333334,0.0,3,0.0,1.0,0.0,0.6666666666666666,Low,Low
RD Gaikwad,Chennai Super Kings,Mumbai Indians,2026,1,19.0,146.15384615384613,34.0,112.12798034520088,15.2,15.1,32.333333333333336,76,3.0,0.0,1.4,0.2,Moderate,Low
S Dube,Chennai Super Kings,Mumbai Indians,2026,1,21.0,131.25,24.469135802469136,132.7923800763527,23.4,23.2,23.166666666666668,81,1.0,1.0,2.2,0.8,Low,Low
SN Khan,Chennai Super Kings,Mumbai Indians,2026,1,25.0,131.57894736842107,17.853658536585368,125.21919976674864,29.4,21.0,12.5,41,3.0,0.0,4.0,1.2,Low,Low
SV Samson,Chennai Super Kings,Mumbai Indians,2026,1,7.0,233.33333333333331,27.661016949152543,120.54362026061088,37.2,29.9,26.130434782608692,177,0.0,1.0,4.0,1.8,High,Low
Ashwani Kumar,Mumbai Indians,Chennai Super Kings,2026,2,0.0,0.0,0.0,0.0,0.0,0.0,0.0,0,0.0,0.0,0.0,0.0,Low,Low
DV Malewar,Mumbai Indians,Chennai Super Kings,2026,2,2.0,50.0,2.0,50.0,2.0,2.0,0.0,1,0.0,0.0,0.0,0.0,Low,Low
HH Pandya,Mumbai Indians,Chennai Super Kings,2026,2,15.0,93.75,19.283783783783782,140.63865933257836,19.2,16.3,13.125,148,1.0,0.0,2.4,0.4,Low,Low
JJ Bumrah,Mumbai Indians,Chennai Super Kings,2026,2,5.0,250.0,2.607142857142857,77.53607503607505,3.2,1.7,3.0,28,1.0,0.0,0.4,0.0,Low,Low
Krish Bhagat,Mumbai Indians,Chennai Super Kings,2026,2,0.0,0.0,0.0,0.0,0.0,0.0,0.0,0,0.0,0.0,0.0,0.0,Low,Low
Naman Dhir,Mumbai Indians,Chennai Super Kings,2026,2,45.0,140.625,21.84,159.12529668132134,29.8,24.4,17.0,25,6.0,1.0,2.8,1.2,Low,Low
Q de Kock,Mumbai Indians,Chennai Super Kings,2026,2,13.0,118.1818181818182,29.1271186440678,116.15216393466405,31.8,27.7,25.75,118,1.0,1.0,1.8,2.2,Low,Low
SA Yadav,Mumbai Indians,Chennai Super Kings,2026,2,15.0,150.0,28.050632911392405,138.1726761573294,21.0,32.8,25.705882352941178,158,1.0,1.0,1.8,0.8,Moderate,Low
SE Rutherford,Mumbai Indians,Chennai Super Kings,2026,2,1.0,50.0,20.0,137.99220165799113,20.6,23.6,4.0,25,0.0,0.0,0.8,2.2,Low,Low
SN Thakur,Mumbai Indians,Chennai Super Kings,2026,2,8.0,114.28571428571428,8.121951219512194,114.5436382581706,5.2,5.0,15.0,41,1.0,0.0,0.8,0.0,Low,Low
Tilak Varma,Mumbai Indians,Chennai Super Kings,2026,2,101.0,224.44444444444449,28.82456140350877,136.4794137686172,24.8,24.1,33.8,57,8.0,7.0,2.4,1.4,Moderate,Low
B Sai Sudharsan,Gujarat Titans,Royal Challengers Bengaluru,2026,1,0.0,0.0,41.91304347826087,136.40247302332494,24.4,38.5,46.333333333333336,46,0.0,0.0,3.0,1.0,High,Low
JC Buttler,Gujarat Titans,Royal Challengers Bengaluru,2026,1,5.0,83.33333333333334,34.34126984126984,130.11640178109474,33.6,33.8,86.5,126,1.0,0.0,4.4,1.4,Moderate,High
JO Holder,Gujarat Titans,Royal Challengers Bengaluru,2026,1,11.0,122.22222222222224,9.592592592592592,109.85402174099492,2.8,6.2,0.0,27,0.0,1.0,0.0,0.2,Moderate,Low
Shubman Gill,Gujarat Titans,Royal Challengers Bengaluru,2026,1,14.0,107.6923076923077,34.714285714285715,125.41078613149796,53.0,45.0,10.666666666666666,119,3.0,0.0,5.4,2.0,Moderate,Low
Washington Sundar,Gujarat Titans,Royal Challengers Bengaluru,2026,1,26.0,152.94117647058823,13.224489795918368,115.60664843051303,23.8,22.1,0.0,49,5.0,0.0,3.0,0.6,Low,Low
D Padikkal,Royal Challengers Bengaluru,Gujarat Titans,2026,2,18.0,138.46153846153845,24.79746835443038,109.54612151700698,30.6,32.1,11.285714285714286,79,1.0,1.0,3.4,1.4,High,Low
JG Bethell,Royal Challengers Bengaluru,Gujarat Titans,2026,2,55.0,166.66666666666669,33.5,183.33333333333331,33.5,33.5,0.0,2,8.0,2.0,4.5,1.5,Low,Low
JM Sharma,Royal Challengers Bengaluru,Gujarat Titans,2026,2,14.0,70.0,20.057692307692307,143.1808639759048,10.4,21.2,22.0,52,1.0,0.0,0.8,0.4,Low,Low
KH Pandya,Royal Challengers Bengaluru,Gujarat Titans,2026,2,12.0,120.0,15.25,119.43632800170089,19.6,13.4,9.333333333333334,116,0.0,1.0,1.4,1.0,Moderate,Low
RM Patidar,Royal Challengers Bengaluru,Gujarat Titans,2026,2,8.0,200.0,30.477272727272727,149.31493299367108,39.8,30.3,22.0,44,0.0,1.0,2.0,3.8,Low,Low
TH David,Royal Challengers Bengaluru,Gujarat Titans,2026,2,26.0,162.5,20.38,159.41106997577586,31.4,21.8,15.666666666666666,50,3.0,1.0,2.2,2.6,Low,Low
V Kohli,Royal Challengers Bengaluru,Gujarat Titans,2026,2,19.0,146.15384615384613,33.40074906367041,120.83165642712665,35.6,39.9,58.5,267,3.0,0.0,4.6,0.6,High,Low
DA Miller,Delhi Capitals,Punjab Kings,2026,1,0.0,0.0,22.863309352517987,125.34913802625434,20.2,16.4,11.333333333333334,139,0.0,0.0,1.8,1.2,Low,Low
KL Rahul,Delhi Capitals,Punjab Kings,2026,1,37.0,160.8695652173913,37.77777777777778,126.3084411240444,41.0,37.3,28.4,144,1.0,3.0,4.0,2.0,High,Low
N Rana,Delhi Capitals,Punjab Kings,2026,1,57.0,190.0,25.25862068965517,122.00967640413496,17.2,18.1,19.666666666666668,116,7.0,3.0,2.4,0.8,High,Low
P Nissanka,Delhi Capitals,Punjab Kings,2026,1,8.0,133.33333333333331,22.666666666666668,117.8661616161616,27.0,22.666666666666668,0.0,6,0.0,1.0,3.4,1.0,Low,Low
C Connolly,Punjab Kings,Delhi Capitals,2026,2,87.0,189.1304347826087,44.6,151.5057406361754,44.6,44.6,0.0,5,8.0,7.0,4.2,2.8,Low,Low
N Wadhera,Punjab Kings,Delhi Capitals,2026,2,13.0,185.7142857142857,21.685714285714287,131.16802372585562,11.0,19.9,10.0,35,1.0,1.0,0.2,0.8,Moderate,Low
P Simran Singh,Punjab Kings,Delhi Capitals,2026,2,0.0,0.0,27.473684210526315,132.86025541433816,42.2,30.2,40.16666666666666,57,0.0,0.0,4.4,2.2,High,Low
Priyansh Arya,Punjab Kings,Delhi Capitals,2026,2,93.0,251.35135135135133,32.869565217391305,167.910982929742,42.2,33.0,38.0,23,4.0,9.0,2.8,4.0,High,Low
SS Iyer,Punjab Kings,Delhi Capitals,2026,2,5.0,83.33333333333334,28.78102189781022,119.5826799577142,41.6,37.7,40.0,137,0.0,0.0,2.8,2.8,High,Low
Shashank Singh,Punjab Kings,Delhi Capitals,2026,2,17.0,283.33333333333337,22.27027027027027,143.55395169364425,22.4,22.0,7.0,37,1.0,2.0,1.4,1.8,Low,Low
D Ferreira,Rajasthan Royals,Sunrisers Hyderabad,2026,1,20.0,105.26315789473684,15.142857142857142,78.51161995898838,19.6,15.142857142857142,69.0,7,2.0,0.0,2.0,0.8,Moderate,Low
Dhruv Jurel,Rajasthan Royals,Sunrisers Hyderabad,2026,1,0.0,0.0,20.5,125.21585091655678,17.6,26.5,31.75,42,0.0,0.0,1.6,0.6,High,Low
JC Archer,Rajasthan Royals,Sunrisers Hyderabad,2026,1,8.0,160.0,8.272727272727273,121.93646420919148,10.6,7.4,5.0,33,1.0,0.0,0.8,0.4,Low,Low
R Parag,Rajasthan Royals,Sunrisers Hyderabad,2026,1,20.0,105.26315789473684,20.6375,129.0682174953841,11.8,19.2,18.7,80,2.0,1.0,1.0,0.6,Low,Low
RA Jadeja,Rajasthan Royals,Sunrisers Hyderabad,2026,1,43.0,148.27586206896552,17.025125628140703,130.90002607431876,25.6,26.3,16.94736842105263,199,2.0,1.0,2.0,0.2,Low,Low
SO Hetmyer,Rajasthan Royals,Sunrisers Hyderabad,2026,1,22.0,122.22222222222224,18.44047619047619,135.65337076984596,12.2,12.4,23.666666666666668,84,2.0,1.0,0.6,0.6,Low,Low
V Suryavanshi,Rajasthan Royals,Sunrisers Hyderabad,2026,1,8.0,72.72727272727273,36.142857142857146,179.11453317371607,34.2,35.5,0.0,14,2.0,0.0,3.4,2.8,High,Low
YBK Jaiswal,Rajasthan Royals,Sunrisers Hyderabad,2026,1,22.0,183.3333333333333,33.02739726027397,135.27829533178888,30.4,36.5,29.77777777777778,73,4.0,0.0,3.6,1.6,Low,Low
Abhishek Sharma,Sunrisers Hyderabad,Rajasthan Royals,2026,2,135.0,198.52941176470588,26.40740740740741,140.3972443296393,53.6,44.8,16.625,81,10.0,10.0,4.2,4.4,High,Low
Aniket Verma,Sunrisers Hyderabad,Rajasthan Royals,2026,2,2.0,50.0,17.11111111111111,154.7591583363941,5.8,11.8,6.5,18,0.0,0.0,0.4,0.2,Low,Low
H Klaasen,Sunrisers Hyderabad,Rajasthan Royals,2026,2,37.0,284.61538461538464,34.61538461538461,161.7830377679817,47.4,49.6,33.0,52,3.0,3.0,3.2,2.2,Moderate,Low
Ishan Kishan,Sunrisers Hyderabad,Rajasthan Royals,2026,2,25.0,192.30769230769232,27.19327731092437,117.87320468090924,28.8,39.6,37.15384615384615,119,2.0,1.0,2.6,1.6,High,Low
Nithish Kumar Reddy,Sunrisers Hyderabad,Rajasthan Royals,2026,2,12.0,150.0,22.178571428571427,123.67709078108236,27.0,18.5,34.75,28,0.0,1.0,1.4,2.2,Moderate,Low
S Arora,Sunrisers Hyderabad,Rajasthan Royals,2026,2,13.0,108.33333333333331,11.0,111.08974358974358,11.0,11.0,24.0,5,2.0,0.0,0.8,0.8,Low,Low
TM Head,Sunrisers Hyderabad,Rajasthan Royals,2026,2,37.0,142.30769230769232,30.13636363636364,136.58254743218757,24.6,29.3,44.25,44,2.0,2.0,2.8,0.8,Low,Low
D Brevis,Chennai Super Kings,Gujarat Titans,2026,1,21.0,190.9090909090909,27.210526315789476,124.85939485613471,32.2,31.0,51.5,19,1.0,2.0,2.2,2.4,Low,Low
J Overton,Chennai Super Kings,Gujarat Titans,2026,1,15.0,214.28571428571428,19.0,173.15192743764172,23.6,19.0,0.0,7,2.0,1.0,2.0,1.0,Low,Low
Kartik Sharma,Chennai Super Kings,Gujarat Titans,2026,1,18.0,94.73684210526316,10.75,112.01754385964912,10.75,10.75,0.0,4,0.0,2.0,0.0,1.0,Low,Low
RD Gaikwad,Chennai Super Kings,Gujarat Titans,2026,1,22.0,169.23076923076923,33.84415584415584,112.86957500605244,14.0,17.3,50.0,77,3.0,1.0,1.6,0.4,High,Low
S Dube,Chennai Super Kings,Gujarat Titans,2026,1,5.0,62.5,24.23170731707317,131.93515592908014,15.4,22.9,20.0,82,0.0,0.0,1.2,0.6,Moderate,Low
SN Khan,Chennai Super Kings,Gujarat Titans,2026,1,14.0,175.0,17.761904761904763,126.40445691515936,28.8,21.4,30.0,42,3.0,0.0,4.2,1.0,Low,Low
SV Samson,Chennai Super Kings,Gujarat Titans,2026,1,101.0,194.23076923076923,28.073033707865168,120.95759300763424,56.0,38.5,38.71428571428572,178,10.0,6.0,5.8,3.0,Low,Low
Urvil Patel,Chennai Super Kings,Gujarat Titans,2026,1,37.0,194.73684210526315,22.666666666666668,158.85167464114832,22.666666666666668,22.666666666666668,37.0,3,4.0,2.0,1.6666666666666667,2.0,Low,Low
B Sai Sudharsan,Gujarat Titans,Chennai Super Kings,2026,2,100.0,172.41379310344826,43.14893617021277,137.16867132290204,29.8,37.7,59.8,47,11.0,5.0,3.4,1.4,High,Low
JC Buttler,Gujarat Titans,Chennai Super Kings,2026,2,25.0,156.25,34.267716535433074,130.32217814502312,33.4,29.9,33.81818181818182,127,2.0,1.0,3.8,1.6,Moderate,Low
Shubman Gill,Gujarat Titans,Chennai Super Kings,2026,2,32.0,133.33333333333331,34.69166666666667,125.47680735817994,51.6,43.9,29.0625,120,2.0,1.0,4.6,2.2,Moderate,Low
Washington Sundar,Gujarat Titans,Chennai Super Kings,2026,2,19.0,158.33333333333331,13.34,116.46118212856943,26.8,23.8,7.666666666666667,50,1.0,1.0,3.0,0.8,Low,Low
A Raghuvanshi,Kolkata Knight Riders,Lucknow Super Giants,2026,1,10.0,52.63157894736842,26.52,139.14769840386626,19.4,25.9,22.25,25,1.0,0.0,2.2,0.6,Low,Low
AM Rahane,Kolkata Knight Riders,Lucknow Super Giants,2026,1,0.0,0.0,27.28421052631579,107.56750271181066,15.4,24.5,34.75,190,0.0,0.0,1.0,0.8,Low,Low
AS Roy,Kolkata Knight Riders,Lucknow Super Giants,2026,1,29.0,181.25,5.909090909090909,79.59415584415585,7.8,6.5,0.0,11,1.0,2.0,0.4,0.4,Low,Low
C Green,Kolkata Knight Riders,Lucknow Super Giants,2026,1,27.0,207.6923076923077,24.82857142857143,135.76576672752182,28.4,25.9,21.5,35,4.0,1.0,3.0,1.2,Moderate,Low
R Powell,Kolkata Knight Riders,Lucknow Super Giants,2026,1,23.0,115.0,17.962962962962962,121.26758952739344,25.0,19.1,19.5,27,2.0,1.0,2.0,1.4,Low,Low
RK Singh,Kolkata Knight Riders,Lucknow Super Giants,2026,1,53.0,155.88235294117646,21.59649122807017,138.15772411646213,19.8,20.5,28.5,57,5.0,2.0,1.8,0.6,High,Low
Ramandeep Singh,Kolkata Knight Riders,Lucknow Super Giants,2026,1,10.0,76.92307692307693,11.72,146.15832404310666,15.2,9.5,13.0,25,1.0,0.0,1.6,0.4,Low,Low
SP Narine,Kolkata Knight Riders,Lucknow Super Giants,2026,1,0.0,0.0,15.008264462809915,126.25244781934713,18.6,15.7,26.83333333333333,121,0.0,0.0,1.8,1.6,Low,Low
TL Seifert,Kolkata Knight Riders,Lucknow Super Giants,2026,1,0.0,0.0,9.0,79.14285714285714,9.0,9.0,0.0,5,0.0,0.0,1.2,0.2,Low,Low
A Badoni,Lucknow Super Giants,Kolkata Knight Riders,2026,2,0.0,0.0,20.9622641509434,120.9095331483002,27.2,26.0,27.6,53,0.0,0.0,3.4,0.8,Moderate,Low
AK Markram,Lucknow Super Giants,Kolkata Knight Riders,2026,2,0.0,0.0,25.83870967741936,122.28548561784532,21.2,27.2,35.111111111111114,62,0.0,0.0,2.0,1.2,Moderate,Low
GF Linde,Lucknow Super Giants,Kolkata Knight Riders,2026,2,7.0,100.0,11.5,130.0,11.5,11.5,0.0,2,1.0,0.0,2.0,0.0,Low,Low
Himmat Singh,Lucknow Super Giants,Kolkata Knight Riders,2026,2,15.0,100.0,8.0,100.0,8.0,8.0,0.0,2,0.0,1.0,0.0,0.5,Low,Low
MD Choudhary,Lucknow Super Giants,Kolkata Knight Riders,2026,2,7.0,233.33333333333331,22.142857142857142,141.7132307468442,27.8,22.142857142857142,54.0,7,0.0,1.0,1.4,2.4,Low,Low
MR Marsh,Lucknow Super Giants,Kolkata Knight Riders,2026,2,55.0,134.14634146341464,26.821428571428573,118.37476262391952,32.2,45.9,19.33333333333333,56,6.0,2.0,2.8,1.6,Low,Low
Mohammed Shami,Lucknow Super Giants,Kolkata Knight Riders,2026,2,6.0,150.0,3.25,81.45833333333333,4.0,3.5,1.8333333333333333,32,0.0,1.0,0.2,0.4,Low,Low
N Pooran,Lucknow Super Giants,Kolkata Knight Riders,2026,2,22.0,88.0,24.905263157894737,140.4919287597333,12.8,18.7,26.416666666666668,95,3.0,0.0,0.8,0.6,Low,Low
Prince Yadav,Lucknow Super Giants,Kolkata Knight Riders,2026,2,1.0,100.0,2.5,72.22222222222223,2.5,2.5,0.0,2,0.0,0.0,0.0,0.0,Low,Low
RR Pant,Lucknow Super Giants,Kolkata Knight Riders,2026,2,0.0,0.0,27.917293233082702,129.7253152139964,14.4,28.8,22.27777777777778,133,0.0,0.0,0.8,1.0,High,Low
AK Markram,Lucknow Super Giants,Kolkata Knight Riders,2026,3,31.0,114.8148148148148,25.92063492063492,122.16690354160674,23.0,29.0,34.7,63,2.0,1.0,2.0,1.2,Low,Low
N Pooran,Lucknow Super Giants,Kolkata Knight Riders,2026,3,9.0,75.0,24.73958333333333,139.80972116848608,12.0,15.1,25.07692307692308,96,0.0,1.0,0.8,0.6,Low,Low
RR Pant,Lucknow Super Giants,Kolkata Knight Riders,2026,3,42.0,110.5263157894737,28.02238805970149,129.58203909888803,20.8,32.3,23.31578947368421,134,4.0,1.0,1.4,1.2,Low,Low
RK Singh,Kolkata Knight Riders,Lucknow Super Giants,2026,4,83.0,162.7450980392157,22.655172413793103,138.5816443565096,29.4,25.2,36.285714285714285,58,7.0,5.0,2.4,1.4,Low,Low
AR Patel,Delhi Capitals,Royal Challengers Bengaluru,2026,1,2.0,66.66666666666666,15.2109375,126.37484189381009,6.2,15.4,28.25,128,0.0,0.0,0.6,0.0,Low,Low
Abishek Porel,Delhi Capitals,Royal Challengers Bengaluru,2026,1,6.0,66.66666666666666,22.79310344827586,137.182418620537,15.2,23.4,12.333333333333334,29,0.0,0.0,1.0,1.0,Moderate,Low
DA Miller,Delhi Capitals,Royal Challengers Bengaluru,2026,1,3.0,100.0,22.72142857142857,125.16807275463825,16.6,16.0,26.0,140,0.0,0.0,1.0,1.2,Low,Low
KA Jamieson,Delhi Capitals,Royal Challengers Bengaluru,2026,1,0.0,0.0,7.222222222222222,101.13312613312614,4.4,7.222222222222222,0.0,9,0.0,0.0,0.2,0.2,Low,Low
KL Rahul,Delhi Capitals,Royal Challengers Bengaluru,2026,1,152.0,230.3030303030303,38.56551724137931,127.02564518734776,71.2,51.5,52.75,145,16.0,9.0,7.2,3.8,Low,Low
Kuldeep Yadav,Delhi Capitals,Royal Challengers Bengaluru,2026,1,1.0,50.0,5.175,85.0043810034135,2.8,3.5,6.0,40,0.0,0.0,0.0,0.0,Low,Low
N Rana,Delhi Capitals,Royal Challengers Bengaluru,2026,1,91.0,206.81818181818184,25.82051282051282,122.73453542476784,33.6,26.8,16.0,117,11.0,4.0,4.2,1.6,Low,Low
PVD Chameera,Delhi Capitals,Royal Challengers Bengaluru,2026,1,8.0,80.0,5.3,91.07142857142856,4.2,5.3,0.0,10,0.0,0.0,0.2,0.2,Low,Low
SU Parakh,Delhi Capitals,Royal Challengers Bengaluru,2026,1,0.0,0.0,0.0,0.0,0.0,0.0,0.0,0,0.0,0.0,0.0,0.0,Low,Low
Sameer Rizvi,Delhi Capitals,Royal Challengers Bengaluru,2026,1,41.0,146.42857142857142,25.4,114.27121660875264,27.8,33.0,2.0,15,2.0,2.0,2.0,1.8,Low,Low
T Stubbs,Delhi Capitals,Royal Challengers Bengaluru,2026,1,27.0,168.75,24.513513513513512,148.08150840402524,31.4,27.8,33.75,37,3.0,1.0,2.2,1.0,Low,Low
D Padikkal,Royal Challengers Bengaluru,Delhi Capitals,2026,2,55.0,203.70370370370367,25.175,110.72309129434068,29.4,33.6,19.5,80,2.0,6.0,2.4,1.8,Moderate,Low
JG Bethell,Royal Challengers Bengaluru,Delhi Capitals,2026,2,14.0,140.0,27.0,168.88888888888889,27.0,27.0,12.0,3,3.0,0.0,4.0,1.0,Moderate,Low
V Kohli,Royal Challengers Bengaluru,Delhi Capitals,2026,2,81.0,184.0909090909091,33.57835820895522,121.06769841467806,46.2,43.7,29.846153846153847,268,8.0,4.0,5.8,1.2,Moderate,Low
C Connolly,Punjab Kings,Rajasthan Royals,2026,1,17.0,170.0,40.0,154.58811719681285,33.6,40.0,0.0,6,1.0,1.0,3.4,2.0,Moderate,Low
MP Stoinis,Punjab Kings,Rajasthan Royals,2026,1,29.0,181.25,20.135922330097088,127.94643805987488,10.8,14.2,16.307692307692307,103,2.0,2.0,1.2,0.6,High,Low
P Simran Singh,Punjab Kings,Rajasthan Royals,2026,1,76.0,304.0,28.310344827586206,135.81094066581508,50.0,35.0,19.33333333333333,58,9.0,5.0,6.0,2.4,High,Low
Priyansh Arya,Punjab Kings,Rajasthan Royals,2026,1,43.0,252.94117647058823,33.291666666666664,171.4539076606106,49.4,36.7,4.5,24,2.0,5.0,3.2,4.8,Moderate,Low
SS Iyer,Punjab Kings,Rajasthan Royals,2026,1,71.0,197.22222222222223,29.08695652173913,120.14528533644253,52.2,39.5,31.23076923076923,138,3.0,7.0,3.4,3.8,Moderate,Low
Suryansh Shedge,Punjab Kings,Rajasthan Royals,2026,1,1.0,33.33333333333333,2.333333333333333,61.11111111111111,2.333333333333333,2.333333333333333,2.0,3,0.0,0.0,0.0,0.0,Low,Low
D Ferreira,Rajasthan Royals,Punjab Kings,2026,2,33.0,206.25,17.375,94.47891746411484,26.0,17.375,7.0,8,3.0,3.0,2.6,1.4,High,Low
Dhruv Jurel,Rajasthan Royals,Punjab Kings,2026,2,51.0,145.7142857142857,21.209302325581397,125.69255870255049,27.4,31.6,19.0,43,8.0,1.0,3.2,0.8,Low,Low
R Parag,Rajasthan Royals,Punjab Kings,2026,2,7.0,77.77777777777779,20.469135802469136,128.4350021902285,9.2,10.4,21.77777777777778,81,0.0,0.0,0.8,0.2,Moderate,Low
SB Dubey,Rajasthan Royals,Punjab Kings,2026,2,19.0,172.72727272727272,13.166666666666666,139.94949494949495,15.6,12.5,7.0,12,3.0,0.0,1.4,0.8,Moderate,Low
V Suryavanshi,Rajasthan Royals,Punjab Kings,2026,2,103.0,278.3783783783784,40.6,185.73212285402687,47.0,45.4,40.0,15,5.0,12.0,4.2,4.2,High,Low
YBK Jaiswal,Rajasthan Royals,Punjab Kings,2026,2,10.0,125.0,32.71621621621622,135.1393994489269,17.0,34.1,42.25,74,2.0,0.0,2.0,0.8,High,Low
HH Pandya,Mumbai Indians,Sunrisers Hyderabad,2026,1,1.0,50.0,19.161073825503355,140.0303461826953,15.8,16.3,14.125,149,0.0,0.0,1.8,0.4,Moderate,Low
Naman Dhir,Mumbai Indians,Sunrisers Hyderabad,2026,1,0.0,0.0,21.0,153.005092962809,24.2,22.0,10.0,26,0.0,0.0,2.4,1.0,Moderate,Low
R Minz,Mumbai Indians,Sunrisers Hyderabad,2026,1,3.0,50.0,3.0,41.66666666666666,3.0,3.0,0.0,2,0.0,0.0,0.0,0.0,Low,Low
RD Rickelton,Mumbai Indians,Sunrisers Hyderabad,2026,1,2.0,25.0,27.63157894736842,143.42858581396558,27.4,31.0,21.0,19,0.0,0.0,1.8,2.4,High,Low
SA Yadav,Mumbai Indians,Sunrisers Hyderabad,2026,1,36.0,120.0,28.10062893081761,138.05838259659146,18.0,29.1,26.31578947368421,159,5.0,0.0,2.2,0.4,Low,Low
Tilak Varma,Mumbai Indians,Sunrisers Hyderabad,2026,1,37.0,127.58620689655172,28.96551724137931,136.32608261565056,32.2,25.1,28.166666666666668,58,5.0,0.0,3.4,1.4,Low,Low
WG Jacks,Mumbai Indians,Sunrisers Hyderabad,2026,1,17.0,212.5,24.36842105263158,137.14425242985402,28.4,22.2,17.75,19,2.0,1.0,3.0,1.4,High,Low
Abhishek Sharma,Sunrisers Hyderabad,Mumbai Indians,2026,2,57.0,196.55172413793105,26.78048780487805,141.08205505900872,65.0,44.6,17.636363636363637,82,11.0,1.0,6.4,4.6,High,Low
H Klaasen,Sunrisers Hyderabad,Mumbai Indians,2026,2,29.0,120.83333333333331,34.509433962264154,161.0104018352525,40.8,47.8,34.857142857142854,53,3.0,1.0,2.8,2.0,High,Low
Ishan Kishan,Sunrisers Hyderabad,Mumbai Indians,2026,2,74.0,238.70967741935485,27.58333333333333,118.88017528706293,43.4,43.5,15.5,120,11.0,3.0,4.8,2.2,Low,Low
Nithish Kumar Reddy,Sunrisers Hyderabad,Mumbai Indians,2026,2,36.0,200.0,22.655172413793103,126.30891523690713,26.4,20.2,13.666666666666666,29,2.0,3.0,1.0,2.6,Moderate,Low
S Arora,Sunrisers Hyderabad,Mumbai Indians,2026,2,8.0,266.66666666666663,10.5,137.01923076923077,10.8,10.5,0.0,6,0.0,1.0,0.8,0.8,Moderate,Low
TM Head,Sunrisers Hyderabad,Mumbai Indians,2026,2,6.0,120.0,29.6,136.21404637813896,24.4,27.9,31.166666666666668,45,0.0,1.0,2.6,1.0,High,Low
B Kumar,Royal Challengers Bengaluru,Gujarat Titans,2026,1,3.0,150.0,4.5479452054794525,85.02874218627643,4.8,2.6,14.0,73,0.0,0.0,0.4,0.0,Low,Low
D Padikkal,Royal Challengers Bengaluru,Gujarat Titans,2026,1,34.0,261.53846153846155,25.28395061728395,112.58500944550268,26.2,30.9,16.75,81,3.0,3.0,2.0,2.0,High,Low
JG Bethell,Royal Challengers Bengaluru,Gujarat Titans,2026,1,20.0,181.8181818181818,25.25,172.12121212121212,25.25,25.25,14.0,4,1.0,2.0,3.25,1.25,Low,Low
JM Sharma,Royal Challengers Bengaluru,Gujarat Titans,2026,1,10.0,166.66666666666669,19.867924528301888,143.62399232856066,12.4,20.2,20.0,53,1.0,1.0,1.0,0.6,Low,Low
JR Hazlewood,Royal Challengers Bengaluru,Gujarat Titans,2026,1,0.0,0.0,2.7142857142857144,57.46753246753247,1.8,2.7142857142857144,0.0,7,0.0,0.0,0.2,0.0,Low,Low
KH Pandya,Royal Challengers Bengaluru,Gujarat Titans,2026,1,23.0,191.66666666666669,15.316239316239315,120.05368132362366,9.6,14.5,11.285714285714286,117,3.0,1.0,1.0,0.4,Low,Low
R Shepherd,Royal Challengers Bengaluru,Gujarat Titans,2026,1,1.0,25.0,14.0,147.22680097680097,11.2,11.2,0.0,16,0.0,0.0,0.8,0.6,Low,Low
RM Patidar,Royal Challengers Bengaluru,Gujarat Titans,2026,1,8.0,160.0,29.977777777777774,149.55237892714507,31.8,29.3,18.5,45,0.0,1.0,1.8,2.8,Low,Low
TH David,Royal Challengers Bengaluru,Gujarat Titans,2026,1,10.0,111.11111111111111,20.176470588235293,158.46401195882163,19.4,20.5,14.857142857142858,51,0.0,1.0,1.6,1.2,Low,Low
V Kohli,Royal Challengers Bengaluru,Gujarat Titans,2026,1,23.0,153.33333333333334,33.53903345724907,121.1876450128887,44.4,40.6,61.71428571428572,269,1.0,2.0,4.6,1.6,Moderate,Low
VR Iyer,Royal Challengers Bengaluru,Gujarat Titans,2026,1,29.0,193.33333333333331,26.26315789473684,126.30787545367627,20.4,27.4,31.25,57,1.0,2.0,1.6,0.6,Low,Low
B Sai Sudharsan,Gujarat Titans,Royal Challengers Bengaluru,2026,2,87.0,189.1304347826087,44.0625,138.25120806164594,44.8,44.3,59.75,48,4.0,7.0,3.8,2.8,Low,Low
JC Buttler,Gujarat Titans,Royal Challengers Bengaluru,2026,2,39.0,130.0,34.3046875,130.31966112826512,30.8,30.8,66.0,128,4.0,1.0,4.0,0.8,Moderate,Low
JO Holder,Gujarat Titans,Royal Challengers Bengaluru,2026,2,23.0,230.0,10.071428571428571,114.1449495359594,7.2,7.7,23.0,28,1.0,2.0,0.2,0.6,Low,Low
M Shahrukh Khan,Gujarat Titans,Royal Challengers Bengaluru,2026,2,17.0,130.76923076923077,14.75,157.7173675574574,9.6,14.1,47.5,52,1.0,1.0,0.4,0.6,Low,Low
R Tewatia,Gujarat Titans,Royal Challengers Bengaluru,2026,2,8.0,72.72727272727273,14.158536585365852,134.7926816448127,7.6,9.2,35.0,82,1.0,0.0,0.6,0.2,Moderate,Low
Rashid Khan,Gujarat Titans,Royal Challengers Bengaluru,2026,2,4.0,66.66666666666666,8.884057971014492,118.70626454865584,8.0,6.2,18.0,69,0.0,0.0,0.8,0.2,Low,Low
Shubman Gill,Gujarat Titans,Royal Challengers Bengaluru,2026,2,33.0,143.47826086956522,34.67768595041322,125.62557970124924,44.2,37.9,16.0,121,1.0,3.0,4.0,1.8,High,Low
Washington Sundar,Gujarat Titans,Royal Challengers Bengaluru,2026,2,1.0,100.0,13.098039215686274,116.13841385153866,16.0,22.6,19.0,51,0.0,0.0,1.8,0.4,Low,Low
D Ferreira,Rajasthan Royals,Delhi Capitals,2026,1,52.0,200.0,21.22222222222222,106.2034821903243,36.2,21.22222222222222,1.0,9,6.0,3.0,3.8,2.0,High,Low
Dhruv Jurel,Rajasthan Royals,Delhi Capitals,2026,1,16.0,80.0,21.09090909090909,124.6540914593107,14.4,27.9,18.0,44,0.0,1.0,1.6,0.4,High,Low
JC Archer,Rajasthan Royals,Delhi Capitals,2026,1,2.0,100.0,8.088235294117647,121.29127408539172,5.0,7.5,1.5,34,0.0,0.0,0.4,0.0,Low,Low
R Parag,Rajasthan Royals,Delhi Capitals,2026,1,29.0,193.33333333333331,20.57317073170732,129.22644525294925,14.4,12.0,18.0,82,2.0,2.0,1.2,0.6,High,Low
RA Jadeja,Rajasthan Royals,Delhi Capitals,2026,1,4.0,133.33333333333331,16.96,130.91219261061386,25.0,25.0,17.88888888888889,200,1.0,0.0,2.0,0.2,Moderate,Low
SB Dubey,Rajasthan Royals,Delhi Capitals,2026,1,31.0,258.33333333333337,14.538461538461538,149.05594405594405,19.4,15.6,25.0,13,3.0,2.0,1.8,1.0,Low,Low
V Suryavanshi,Rajasthan Royals,Delhi Capitals,2026,1,43.0,268.75,40.75,190.9207401756502,40.0,45.7,0.0,16,3.0,5.0,3.2,3.8,Low,Low
YBK Jaiswal,Rajasthan Royals,Delhi Capitals,2026,1,51.0,188.88888888888889,32.96,135.85605930812636,24.6,34.2,25.428571428571427,75,7.0,1.0,3.4,0.6,Low,Low
Ashutosh Sharma,Delhi Capitals,Rajasthan Royals,2026,2,14.0,140.0,21.3,142.7470697018285,19.8,17.1,21.0,20,2.0,0.0,1.2,1.4,Moderate,Low
KL Rahul,Delhi Capitals,Rajasthan Royals,2026,2,1.0,33.33333333333333,38.30821917808219,126.38391702396407,53.0,40.4,42.11111111111112,146,0.0,0.0,5.0,3.0,High,Low
N Rana,Delhi Capitals,Rajasthan Royals,2026,2,1.0,11.11111111111111,25.610169491525426,121.78857420177076,30.8,21.8,20.363636363636363,118,0.0,0.0,3.8,1.4,Moderate,Low
P Nissanka,Delhi Capitals,Rajasthan Royals,2026,2,11.0,157.14285714285714,21.0,123.47711811997524,20.4,21.0,0.0,7,2.0,0.0,2.6,0.8,High,Low
T Stubbs,Delhi Capitals,Rajasthan Royals,2026,2,5.0,166.66666666666669,24.0,148.5705915162,31.8,24.2,31.25,38,1.0,0.0,2.4,1.0,Low,Low
HH Pandya,Mumbai Indians,Chennai Super Kings,2026,1,31.0,206.66666666666669,19.24,140.47458831925508,20.2,19.1,12.411764705882351,150,2.0,2.0,1.8,0.8,Low,Low
Krish Bhagat,Mumbai Indians,Chennai Super Kings,2026,1,7.0,46.66666666666666,7.0,46.66666666666666,7.0,7.0,7.0,1,0.0,0.0,0.0,0.0,Low,Low
Naman Dhir,Mumbai Indians,Chennai Super Kings,2026,1,22.0,129.41176470588235,21.03703703703704,152.13126599033023,23.6,22.2,8.5,27,3.0,0.0,2.4,0.8,High,Low
R Minz,Mumbai Indians,Chennai Super Kings,2026,1,1.0,100.0,2.333333333333333,61.11111111111111,2.333333333333333,2.333333333333333,3.0,3,0.0,0.0,0.0,0.0,Low,Low
RD Rickelton,Mumbai Indians,Chennai Super Kings,2026,1,123.0,223.63636363636363,32.4,147.43897470508549,35.8,37.5,18.5,20,10.0,8.0,3.0,2.4,Moderate,Low
SA Yadav,Mumbai Indians,Chennai Super Kings,2026,1,5.0,100.0,27.95625,137.82051770536276,17.8,23.9,26.27777777777778,160,1.0,0.0,2.4,0.2,Moderate,Low
TA Boult,Mumbai Indians,Chennai Super Kings,2026,1,1.0,50.0,3.44,78.65295815295815,3.0,3.3,2.0,25,0.0,0.0,0.4,0.0,Low,Low
Tilak Varma,Mumbai Indians,Chennai Super Kings,2026,1,7.0,140.0,28.59322033898305,136.38835240182598,30.8,25.7,34.333333333333336,59,0.0,1.0,3.0,1.6,Low,Low
WG Jacks,Mumbai Indians,Chennai Super Kings,2026,1,46.0,209.0909090909091,25.45,140.74158526290677,33.2,25.2,11.0,20,5.0,3.0,3.6,1.8,Low,Low
Kartik Sharma,Chennai Super Kings,Mumbai Indians,2026,2,15.0,166.66666666666669,11.6,122.94736842105264,11.6,11.6,18.0,5,3.0,0.0,0.6,0.8,High,Low
RD Gaikwad,Chennai Super Kings,Mumbai Indians,2026,2,74.0,123.33333333333334,34.35897435897436,113.00372575383808,27.4,18.4,31.3,78,6.0,4.0,2.8,1.0,High,Low
SV Samson,Chennai Super Kings,Mumbai Indians,2026,2,11.0,73.33333333333333,27.97765363128492,120.69153569101802,56.4,36.5,29.25,179,2.0,0.0,6.2,2.8,Low,Low
Urvil Patel,Chennai Super Kings,Mumbai Indians,2026,2,4.0,133.33333333333331,18.0,152.47208931419456,18.0,18.0,0.0,4,1.0,0.0,1.5,1.5,Moderate,Low
Abhishek Sharma,Sunrisers Hyderabad,Kolkata Knight Riders,2026,1,45.0,187.5,27.0,141.64130740769536,59.2,45.7,17.833333333333332,83,4.0,3.0,6.2,3.6,Low,Low
Aniket Verma,Sunrisers Hyderabad,Kolkata Knight Riders,2026,1,1.0,100.0,16.263157894736842,151.87709737132073,5.8,11.6,6.333333333333333,19,0.0,0.0,0.4,0.2,Low,Low
E Malinga,Sunrisers Hyderabad,Kolkata Knight Riders,2026,1,0.0,0.0,0.0,0.0,0.0,0.0,0.0,0,0.0,0.0,0.0,0.0,Low,Low
H Klaasen,Sunrisers Hyderabad,Kolkata Knight Riders,2026,1,65.0,216.66666666666663,35.07407407407408,162.04107340620462,46.0,51.9,41.22222222222222,54,7.0,4.0,4.0,2.6,Low,Low
HV Patel,Sunrisers Hyderabad,Kolkata Knight Riders,2026,1,4.0,200.0,6.372093023255814,100.30532471024948,2.6,3.8,7.428571428571429,43,1.0,0.0,0.2,0.0,Low,Low
Ishan Kishan,Sunrisers Hyderabad,Kolkata Knight Riders,2026,1,0.0,0.0,27.355371900826448,117.89769449956654,38.0,34.1,25.166666666666668,121,0.0,0.0,4.2,2.0,High,Low
PJ Cummins,Sunrisers Hyderabad,Kolkata Knight Riders,2026,1,13.0,216.66666666666663,12.75,131.62561408570502,12.6,12.1,14.2,48,0.0,1.0,0.8,0.8,Low,Low
R Smaran,Sunrisers Hyderabad,Kolkata Knight Riders,2026,1,0.0,0.0,0.0,0.0,0.0,0.0,0.0,0,0.0,0.0,0.0,0.0,Low,Low
S Arora,Sunrisers Hyderabad,Kolkata Knight Riders,2026,1,30.0,300.0,13.285714285714286,160.30219780219778,16.8,13.285714285714286,0.0,7,2.0,3.0,1.2,1.4,Low,Low
Shivang Kumar,Sunrisers Hyderabad,Kolkata Knight Riders,2026,1,12.0,150.0,7.0,158.33333333333334,7.0,7.0,4.0,3,1.0,1.0,1.0,0.3333333333333333,Low,Low
TM Head,Sunrisers Hyderabad,Kolkata Knight Riders,2026,1,76.0,253.3333333333333,30.608695652173918,138.76011783368668,32.0,33.8,33.5,46,4.0,8.0,2.4,2.4,High,Low
A Raghuvanshi,Kolkata Knight Riders,Sunrisers Hyderabad,2026,2,9.0,112.5,25.846153846153847,138.12278692679448,19.8,22.4,38.66666666666666,26,1.0,0.0,2.4,0.6,High,Low
AM Rahane,Kolkata Knight Riders,Sunrisers Hyderabad,2026,2,10.0,66.66666666666666,27.19371727748691,107.35336220895648,15.8,22.5,23.43478260869565,191,0.0,1.0,0.8,1.0,High,Low
C Green,Kolkata Knight Riders,Sunrisers Hyderabad,2026,2,34.0,161.9047619047619,25.08333333333333,136.4918499268896,34.4,26.1,50.75,36,0.0,3.0,2.8,1.8,Low,Low
FH Allen,Kolkata Knight Riders,Sunrisers Hyderabad,2026,2,1.0,33.33333333333333,16.2,169.83893557422968,16.2,16.2,28.0,5,0.0,0.0,2.6,0.8,Moderate,Low
RK Singh,Kolkata Knight Riders,Sunrisers Hyderabad,2026,2,4.0,400.0,22.338983050847457,143.01246394368744,29.4,23.7,29.75,59,1.0,0.0,2.6,1.4,Moderate,Low
Arshdeep Singh,Punjab Kings,Gujarat Titans,2026,1,1.0,100.0,2.3846153846153846,63.30316742081448,2.0,2.9,10.0,13,0.0,0.0,0.2,0.0,Low,Low
C Connolly,Punjab Kings,Gujarat Titans,2026,1,30.0,214.28571428571428,38.57142857142857,163.1163453523702,32.4,38.57142857142857,72.0,7,2.0,3.0,2.6,2.6,Low,Low
M Jansen,Punjab Kings,Gujarat Titans,2026,1,1.0,100.0,6.863636363636363,89.73078357049648,3.4,8.5,6.666666666666667,22,0.0,0.0,0.2,0.2,Moderate,Low
MP Stoinis,Punjab Kings,Gujarat Titans,2026,1,62.0,281.8181818181818,20.53846153846154,129.42597405755092,22.0,20.3,14.0,104,4.0,6.0,2.0,1.6,High,Low
N Wadhera,Punjab Kings,Gujarat Titans,2026,1,25.0,166.66666666666669,21.77777777777778,132.15409714087818,13.0,15.4,15.5,36,3.0,1.0,0.8,0.8,Low,Low
P Simran Singh,Punjab Kings,Gujarat Titans,2026,1,59.0,134.0909090909091,28.83050847457627,135.7817875882743,53.2,39.6,22.4,59,6.0,1.0,6.0,2.4,Low,Low
Priyansh Arya,Punjab Kings,Gujarat Titans,2026,1,29.0,263.6363636363636,33.12,175.1412058996407,47.4,33.4,27.0,25,5.0,1.0,3.6,4.2,Low,Low
SS Iyer,Punjab Kings,Gujarat Titans,2026,1,30.0,111.11111111111111,29.093525179856115,120.08029127726748,48.2,39.9,42.333333333333336,139,1.0,1.0,2.8,3.4,Low,Low
Suryansh Shedge,Punjab Kings,Gujarat Titans,2026,1,3.0,150.0,2.5,83.33333333333333,2.5,2.5,0.0,4,0.0,0.0,0.0,0.0,High,Low
Vijaykumar Vyshak,Punjab Kings,Gujarat Titans,2026,1,1.0,50.0,3.5,53.125,3.5,3.5,0.0,4,0.0,0.0,0.0,0.25,Low,Low
XC Bartlett,Punjab Kings,Gujarat Titans,2026,1,11.0,220.00000000000003,11.0,146.66666666666669,11.0,11.0,11.0,2,0.0,1.0,0.5,0.5,Low,Low
Arshad Khan,Gujarat Titans,Punjab Kings,2026,2,20.0,142.85714285714286,11.9,94.36147186147188,4.6,11.9,1.0,10,0.0,3.0,0.0,0.6,Low,Low
B Sai Sudharsan,Gujarat Titans,Punjab Kings,2026,2,6.0,120.0,43.285714285714285,137.8787344277348,43.0,40.8,38.57142857142857,49,1.0,0.0,3.4,2.8,High,Low
JC Buttler,Gujarat Titans,Punjab Kings,2026,2,39.0,205.26315789473685,34.34108527131783,130.90061846754008,26.6,31.4,27.666666666666668,129,2.0,4.0,2.2,1.6,Moderate,Low
JO Holder,Gujarat Titans,Punjab Kings,2026,2,12.0,120.0,10.137931034482758,114.34684782782288,9.4,7.3,19.666666666666668,29,0.0,1.0,0.2,0.8,Low,Low
N Sindhu,Gujarat Titans,Punjab Kings,2026,2,0.0,0.0,0.0,0.0,0.0,0.0,0.0,0,0.0,0.0,0.0,0.0,Low,Low
R Tewatia,Gujarat Titans,Punjab Kings,2026,2,27.0,158.8235294117647,14.313253012048191,135.0822099311615,10.6,10.8,12.11111111111111,83,4.0,0.0,1.2,0.0,Low,Low
Shubman Gill,Gujarat Titans,Punjab Kings,2026,2,43.0,238.88888888888889,34.74590163934426,126.55396748147578,41.6,38.7,42.66666666666666,122,4.0,3.0,3.6,2.2,Low,Low
Washington Sundar,Gujarat Titans,Punjab Kings,2026,2,12.0,100.0,13.076923076923077,115.82805973900908,14.2,21.7,21.5,52,0.0,1.0,1.4,0.4,High,Low
AK Markram,Lucknow Super Giants,Mumbai Indians,2026,1,0.0,0.0,25.515625,120.25804567376912,17.0,22.9,26.142857142857142,64,0.0,0.0,1.0,1.0,Moderate,Low
Akshat Raghuwanshi,Lucknow Super Giants,Mumbai Indians,2026,1,0.0,0.0,0.0,0.0,0.0,0.0,0.0,0,0.0,0.0,0.0,0.0,Low,Low
Himmat Singh,Lucknow Super Giants,Mumbai Indians,2026,1,19.0,237.5,11.666666666666666,145.83333333333334,11.666666666666666,11.666666666666666,0.0,3,2.0,1.0,0.6666666666666666,0.6666666666666666,High,Low
JP Inglis,Lucknow Super Giants,Mumbai Indians,2026,1,39.0,169.56521739130434,25.272727272727277,148.3663821259729,37.2,27.6,55.5,11,1.0,4.0,3.6,2.2,Low,Low
MR Marsh,Lucknow Super Giants,Mumbai Indians,2026,1,2.0,66.66666666666666,26.385964912280706,117.46760304572211,29.6,39.6,33.0,57,0.0,0.0,2.6,1.4,High,Low
N Pooran,Lucknow Super Giants,Mumbai Indians,2026,1,0.0,0.0,24.484536082474225,138.3683838368522,8.2,9.5,22.181818181818183,97,0.0,0.0,0.8,0.2,High,Low
RR Pant,Lucknow Super Giants,Mumbai Indians,2026,1,1.0,100.0,27.822222222222223,129.3629128833407,17.4,30.8,22.666666666666668,135,0.0,0.0,1.0,1.0,Low,Low
Naman Dhir,Mumbai Indians,Lucknow Super Giants,2026,2,57.0,154.05405405405406,22.321428571428573,152.19993699260607,34.8,27.0,44.333333333333336,28,4.0,3.0,3.2,1.4,Moderate,Low
RD Rickelton,Mumbai Indians,Lucknow Super Giants,2026,2,37.0,154.16666666666669,32.61904761904762,147.75934098897028,41.4,35.1,34.0,21,0.0,5.0,2.6,3.4,High,Low
RG Sharma,Mumbai Indians,Lucknow Super Giants,2026,2,19.0,146.15384615384613,26.51291512915129,114.47185116211298,29.0,31.5,25.285714285714285,271,2.0,1.0,2.8,1.6,High,Low
SA Yadav,Mumbai Indians,Lucknow Super Giants,2026,2,21.0,175.0,27.91304347826087,138.05144616682014,15.4,22.7,26.875,161,3.0,1.0,2.0,0.4,Low,Low
Tilak Varma,Mumbai Indians,Lucknow Super Giants,2026,2,5.0,62.5,28.2,135.15687986179557,31.6,23.7,21.33333333333333,60,0.0,0.0,3.0,1.6,Low,Low
WG Jacks,Mumbai Indians,Lucknow Super Giants,2026,2,1.0,20.0,24.285714285714285,134.99198596467312,27.6,24.8,17.0,21,0.0,0.0,3.0,1.6,Low,Low
AR Patel,Delhi Capitals,Chennai Super Kings,2026,1,0.0,0.0,15.093023255813954,125.39519195664876,6.2,12.0,11.25,129,0.0,0.0,0.6,0.0,Low,Low
Ashutosh Sharma,Delhi Capitals,Chennai Super Kings,2026,1,25.0,178.57142857142858,21.476190476190474,144.45299155276183,23.4,19.5,7.666666666666667,21,4.0,0.0,2.0,1.2,Low,Low
KK Nair,Delhi Capitals,Chennai Super Kings,2026,1,5.0,100.0,22.064935064935064,111.79575199051776,13.6,21.6,20.4,77,1.0,0.0,1.8,0.4,Low,Low
KL Rahul,Delhi Capitals,Chennai Super Kings,2026,1,75.0,187.5,38.5578231292517,126.79967269046772,64.4,46.8,40.5,147,6.0,5.0,5.8,3.8,Low,Low
N Rana,Delhi Capitals,Chennai Super Kings,2026,1,33.0,194.11764705882356,25.672268907563023,122.39638153670396,37.4,24.3,30.416666666666668,119,3.0,2.0,4.4,1.8,Low,Low
P Nissanka,Delhi Capitals,Chennai Super Kings,2026,1,62.0,187.87878787878788,26.125,131.52732683982683,24.6,26.125,41.0,8,6.0,3.0,2.6,1.2,Low,Low
Sameer Rizvi,Delhi Capitals,Chennai Super Kings,2026,1,0.0,0.0,23.8125,107.1292655707056,9.8,32.6,13.0,16,0.0,0.0,0.6,0.4,High,Low
T Stubbs,Delhi Capitals,Chennai Super Kings,2026,1,18.0,163.63636363636363,23.846153846153847,148.95689336543498,34.0,23.9,18.166666666666668,39,1.0,1.0,2.6,1.2,Moderate,Low
Kartik Sharma,Chennai Super Kings,Delhi Capitals,2026,2,54.0,135.0,18.666666666666668,124.9561403508772,18.8,18.666666666666668,0.0,6,4.0,3.0,1.4,1.2,High,Low
RD Gaikwad,Chennai Super Kings,Delhi Capitals,2026,2,67.0,139.58333333333331,34.77215189873418,113.34017648269246,37.8,24.6,25.8,79,5.0,2.0,3.6,1.4,Low,Low
SV Samson,Chennai Super Kings,Delhi Capitals,2026,2,11.0,122.22222222222224,27.883333333333333,120.70003950508028,35.6,35.6,34.0,180,2.0,0.0,3.6,2.0,High,Low
Urvil Patel,Chennai Super Kings,Delhi Capitals,2026,2,24.0,200.0,19.2,161.97767145135566,19.2,19.2,0.0,5,2.0,2.0,1.6,1.6,Low,Low
Abhishek Sharma,Sunrisers Hyderabad,Punjab Kings,2026,1,15.0,150.0,26.857142857142858,141.74081565284183,62.2,44.0,61.833333333333336,84,1.0,1.0,6.4,3.8,Moderate,Low
H Klaasen,Sunrisers Hyderabad,Punjab Kings,2026,1,11.0,137.5,34.63636363636363,161.59487207154635,40.2,42.5,27.75,55,1.0,1.0,4.0,2.2,High,Low
Ishan Kishan,Sunrisers Hyderabad,Punjab Kings,2026,1,42.0,144.82758620689654,27.475409836065573,118.11843131683972,28.2,35.4,18.428571428571427,122,4.0,2.0,3.4,1.2,High,Low
Nithish Kumar Reddy,Sunrisers Hyderabad,Punjab Kings,2026,1,21.0,123.52941176470588,22.6,126.21626512116708,19.4,20.2,33.666666666666664,30,3.0,0.0,1.0,1.6,Moderate,Low
TM Head,Sunrisers Hyderabad,Punjab Kings,2026,1,61.0,217.85714285714283,31.25531914893617,140.44303325971765,40.6,32.3,31.25,47,9.0,3.0,3.6,3.0,Moderate,Low
C Connolly,Punjab Kings,Sunrisers Hyderabad,2026,2,0.0,0.0,33.75,142.7268021833239,30.2,33.75,11.0,8,0.0,0.0,2.4,2.6,High,Low
M Jansen,Punjab Kings,Sunrisers Hyderabad,2026,2,20.0,181.8181818181818,7.434782608695652,93.7345834943089,6.8,10.2,5.0,23,1.0,1.0,0.4,0.4,Low,Low
MP Stoinis,Punjab Kings,Sunrisers Hyderabad,2026,2,40.0,129.03225806451613,20.723809523809525,129.4222243814268,30.0,22.8,17.875,105,5.0,1.0,3.0,1.8,Moderate,Low
P Simran Singh,Punjab Kings,Sunrisers Hyderabad,2026,2,15.0,107.14285714285714,28.6,135.30447208085067,46.0,39.3,26.125,60,2.0,0.0,5.6,1.6,Low,Low
Priyansh Arya,Punjab Kings,Sunrisers Hyderabad,2026,2,2.0,100.0,31.923076923076923,172.2511595188853,36.4,32.9,46.5,26,0.0,0.0,2.6,3.2,Low,Low
SS Iyer,Punjab Kings,Sunrisers Hyderabad,2026,2,19.0,90.47619047619048,29.02142857142857,119.86883341440264,38.2,41.6,31.8,140,3.0,0.0,2.4,2.4,Low,Low
Shashank Singh,Punjab Kings,Sunrisers Hyderabad,2026,2,19.0,190.0,22.18421052631579,144.77621612275888,14.0,20.6,16.5,38,2.0,1.0,1.2,0.8,Low,Low
Suryansh Shedge,Punjab Kings,Sunrisers Hyderabad,2026,2,57.0,196.55172413793105,13.4,105.97701149425286,13.4,13.4,0.0,5,3.0,5.0,0.6,1.0,Moderate,Low
Vijaykumar Vyshak,Punjab Kings,Sunrisers Hyderabad,2026,2,1.0,33.33333333333333,3.0,49.16666666666666,3.0,3.0,1.0,5,0.0,0.0,0.0,0.2,Low,Low
AA Kulkarni,Lucknow Super Giants,Royal Challengers Bengaluru,2026,1,9.0,128.57142857142858,4.5,64.28571428571429,4.5,4.5,0.0,2,2.0,0.0,1.0,0.0,Low,Low
AK Markram,Lucknow Super Giants,Royal Challengers Bengaluru,2026,1,31.0,129.16666666666669,25.6,120.39510138135218,20.8,22.4,17.0,65,1.0,1.0,1.2,1.0,Low,Low
MR Marsh,Lucknow Super Giants,Royal Challengers Bengaluru,2026,1,44.0,183.3333333333333,26.689655172413797,118.60321908516369,36.2,32.3,53.5,58,4.0,3.0,3.2,1.8,High,Low
N Pooran,Lucknow Super Giants,Royal Challengers Bengaluru,2026,1,63.0,300.0,24.877551020408163,140.0176860425986,20.6,14.5,18.0,98,1.0,8.0,1.0,1.8,Moderate,Low
RR Pant,Lucknow Super Giants,Royal Challengers Bengaluru,2026,1,15.0,150.0,27.727941176470587,129.5146561709632,20.2,20.5,59.5,136,1.0,1.0,1.2,1.2,Moderate,Low
D Padikkal,Royal Challengers Bengaluru,Lucknow Super Giants,2026,2,40.0,166.66666666666669,25.463414634146343,113.24454185063884,31.4,29.9,26.0,82,5.0,2.0,2.4,2.4,Moderate,Low
JG Bethell,Royal Challengers Bengaluru,Lucknow Super Giants,2026,2,5.0,100.0,21.2,157.6969696969697,21.2,21.2,0.0,5,1.0,0.0,2.8,1.0,Low,Low
JM Sharma,Royal Challengers Bengaluru,Lucknow Super Giants,2026,2,1.0,33.33333333333333,19.51851851851852,141.58157271753794,11.6,19.6,23.666666666666668,54,0.0,0.0,1.0,0.6,Low,Low
KH Pandya,Royal Challengers Bengaluru,Lucknow Super Giants,2026,2,4.0,100.0,15.220338983050848,119.88373487172856,8.8,14.9,0.0,118,1.0,0.0,0.8,0.4,Moderate,Low
R Shepherd,Royal Challengers Bengaluru,Lucknow Super Giants,2026,2,17.0,113.33333333333331,14.176470588235292,145.23306758600876,11.2,12.8,7.666666666666667,17,0.0,2.0,0.6,0.8,Moderate,Low
RM Patidar,Royal Challengers Bengaluru,Lucknow Super Giants,2026,2,19.0,126.66666666666666,29.73913043478261,149.05486344322162,23.0,29.8,45.5,46,2.0,1.0,1.4,2.2,High,Low
TH David,Royal Challengers Bengaluru,Lucknow Super Giants,2026,2,9.0,150.0,19.96153846153846,158.30124249807508,18.6,19.5,23.5,52,0.0,1.0,1.2,1.4,High,Low
V Kohli,Royal Challengers Bengaluru,Lucknow Super Giants,2026,2,28.0,215.3846153846154,33.51851851851852,121.53652268093212,40.0,42.2,34.57142857142857,270,5.0,1.0,4.6,1.6,Low,Low
AR Patel,Delhi Capitals,Kolkata Knight Riders,2026,1,2.0,33.33333333333333,14.992307692307692,124.68702381339249,6.2,10.7,11.38888888888889,130,0.0,0.0,0.6,0.0,Low,Low
Ashutosh Sharma,Delhi Capitals,Kolkata Knight Riders,2026,1,14.0,280.0,21.13636363636364,150.6142192094545,18.0,19.2,7.0,22,0.0,2.0,1.6,1.0,Moderate,Low
KL Rahul,Delhi Capitals,Kolkata Knight Riders,2026,1,12.0,92.3076923076923,38.37837837837838,126.56661876896248,55.4,44.5,34.8,148,2.0,0.0,5.0,3.4,Moderate,High
L Ngidi,Delhi Capitals,Kolkata Knight Riders,2026,1,0.0,0.0,1.0,25.0,1.0,1.0,0.0,3,0.0,0.0,0.0,0.0,Low,Low
MA Starc,Delhi Capitals,Kolkata Knight Riders,2026,1,1.0,100.0,5.285714285714286,87.02054734937454,1.2,1.5,6.0,21,0.0,0.0,0.0,0.0,Low,Low
N Rana,Delhi Capitals,Kolkata Knight Riders,2026,1,15.0,115.38461538461536,25.58333333333333,122.33795015210325,39.4,23.0,29.0,120,2.0,0.0,4.6,1.8,Low,Low
P Nissanka,Delhi Capitals,Kolkata Knight Riders,2026,1,19.0,126.66666666666666,25.33333333333333,130.9872534872535,20.2,25.33333333333333,0.0,9,3.0,1.0,2.2,1.0,High,Low
Sameer Rizvi,Delhi Capitals,Kolkata Knight Riders,2026,1,40.0,166.66666666666669,24.764705882352946,110.63146563517392,17.8,34.6,0.0,17,0.0,4.0,0.6,1.2,Low,Low
T Stubbs,Delhi Capitals,Kolkata Knight Riders,2026,1,38.0,122.58064516129032,24.2,148.29748716033137,29.6,27.5,19.666666666666668,40,1.0,2.0,2.0,1.0,Low,Low
V Nigam,Delhi Capitals,Kolkata Knight Riders,2026,1,12.0,171.42857142857142,17.11111111111111,151.36788048552754,20.0,17.11111111111111,38.0,9,2.0,0.0,2.4,1.0,Low,Low
A Raghuvanshi,Kolkata Knight Riders,Delhi Capitals,2026,2,59.0,125.531914893617,27.074074074074076,137.65645833297307,22.6,28.2,49.0,27,5.0,2.0,2.4,0.6,Low,Low
AM Rahane,Kolkata Knight Riders,Delhi Capitals,2026,2,43.0,119.44444444444444,27.276041666666668,107.41633659559966,16.2,22.0,34.5,192,4.0,1.0,0.8,0.8,Low,Low
C Green,Kolkata Knight Riders,Delhi Capitals,2026,2,3.0,100.0,24.486486486486488,135.50558371264935,28.6,22.6,24.5,37,0.0,0.0,2.2,1.6,Moderate,Low
FH Allen,Kolkata Knight Riders,Delhi Capitals,2026,2,29.0,223.0769230769231,18.33333333333333,178.71193349134523,14.6,18.33333333333333,0.0,6,3.0,2.0,2.0,0.8,High,Low
B Sai Sudharsan,Gujarat Titans,Rajasthan Royals,2026,1,57.0,139.02439024390242,43.56,137.90164754405814,50.0,38.5,49.8,50,5.0,1.0,4.2,2.6,High,Low
JC Buttler,Gujarat Titans,Rajasthan Royals,2026,1,26.0,118.1818181818182,34.27692307692308,130.80278154226534,26.8,33.5,37.333333333333336,130,1.0,2.0,2.0,1.6,Low,Low
JO Holder,Gujarat Titans,Rajasthan Royals,2026,1,5.0,71.42857142857143,9.966666666666669,112.91623861451448,10.2,7.8,4.5,30,0.0,0.0,0.2,0.8,Low,Low
R Tewatia,Gujarat Titans,Rajasthan Royals,2026,1,2.0,33.33333333333333,14.166666666666666,133.87091378118734,10.8,10.8,13.6,84,0.0,0.0,1.2,0.0,Low,Low
Shubman Gill,Gujarat Titans,Rajasthan Royals,2026,1,5.0,125.0,34.50406504065041,126.54133359951255,25.4,37.9,35.333333333333336,123,1.0,0.0,2.2,1.4,High,Low
Washington Sundar,Gujarat Titans,Rajasthan Royals,2026,1,40.0,173.91304347826087,13.58490566037736,116.92400282842893,19.6,20.9,18.6,53,5.0,1.0,2.2,0.6,Moderate,Low
Brijesh Sharma,Rajasthan Royals,Gujarat Titans,2026,2,1.0,33.33333333333333,1.0,33.33333333333333,1.0,1.0,0.0,1,0.0,0.0,0.0,0.0,Low,Low
D Ferreira,Rajasthan Royals,Gujarat Titans,2026,2,47.0,335.7142857142857,23.8,129.15456254272044,31.8,23.8,1.0,10,2.0,6.0,2.6,2.6,Low,Low
Dhruv Jurel,Rajasthan Royals,Gujarat Titans,2026,2,42.0,140.0,21.55555555555556,124.9951116491038,22.8,29.0,26.75,45,4.0,1.0,2.4,0.6,Moderate,Low
JC Archer,Rajasthan Royals,Gujarat Titans,2026,2,1.0,100.0,7.885714285714286,120.68295196866626,2.8,6.0,2.5,35,0.0,0.0,0.2,0.0,Low,Low
MD Shanaka,Rajasthan Royals,Gujarat Titans,2026,2,17.0,106.25,8.666666666666666,78.27380952380953,8.666666666666666,8.666666666666666,0.0,3,1.0,1.0,0.6666666666666666,0.3333333333333333,Low,Low
RA Jadeja,Rajasthan Royals,Gujarat Titans,2026,2,20.0,142.85714285714286,16.975124378109452,130.97162022378066,24.2,19.3,14.125,201,1.0,1.0,2.0,0.4,Moderate,Low
SB Dubey,Rajasthan Royals,Gujarat Titans,2026,2,6.0,100.0,13.928571428571429,145.55194805194805,17.6,12.8,1.0,14,1.0,0.0,1.6,0.8,Low,Low
SO Hetmyer,Rajasthan Royals,Gujarat Titans,2026,2,11.0,110.0,18.352941176470587,135.35156640784777,10.8,12.4,23.75,85,1.0,0.0,0.6,0.2,Low,Low
TU Deshpande,Rajasthan Royals,Gujarat Titans,2026,2,25.0,227.27272727272728,5.888888888888889,98.09203142536477,6.4,5.888888888888889,3.0,9,0.0,3.0,0.0,0.6,Low,Low
V Suryavanshi,Rajasthan Royals,Gujarat Titans,2026,2,4.0,200.0,38.588235294117645,191.4548142829649,40.8,40.4,66.0,17,1.0,0.0,3.4,3.8,Moderate,Low
YBK Jaiswal,Rajasthan Royals,Gujarat Titans,2026,2,6.0,200.0,32.60526315789474,136.70005852775628,25.6,31.2,24.375,76,0.0,1.0,3.4,0.8,Low,Low
AK Markram,Lucknow Super Giants,Chennai Super Kings,2026,1,1.0,100.0,25.227272727272727,120.08608469375594,12.6,21.4,21.666666666666668,66,0.0,0.0,0.6,0.4,Low,Low
Akshat Raghuwanshi,Lucknow Super Giants,Chennai Super Kings,2026,1,11.0,157.14285714285714,11.0,157.14285714285714,11.0,11.0,0.0,1,0.0,1.0,0.0,1.0,Low,Low
Himmat Singh,Lucknow Super Giants,Chennai Super Kings,2026,1,40.0,137.93103448275863,18.75,143.85775862068965,18.75,18.75,0.0,4,2.0,2.0,1.0,1.0,Low,Low
JP Inglis,Lucknow Super Giants,Chennai Super Kings,2026,1,13.0,260.0,24.25,157.66918361547516,33.4,27.5,6.0,12,3.0,0.0,3.6,1.8,High,Low
MR Marsh,Lucknow Super Giants,Chennai Super Kings,2026,1,111.0,198.2142857142857,28.11864406779661,119.95255919752168,50.4,36.7,15.166666666666666,59,9.0,9.0,4.4,3.2,Low,Low
Mohammed Shami,Lucknow Super Giants,Chennai Super Kings,2026,1,11.0,183.3333333333333,3.484848484848485,84.54545454545455,6.0,4.1,5.0,33,1.0,1.0,0.4,0.6,Low,Low
N Pooran,Lucknow Super Giants,Chennai Super Kings,2026,1,38.0,165.2173913043478,25.01010101010101,140.27222851999002,26.4,17.5,23.363636363636363,99,4.0,1.0,1.6,2.0,Low,Low
RR Pant,Lucknow Super Giants,Chennai Super Kings,2026,1,32.0,320.0,27.759124087591243,130.9050601405182,18.0,23.0,36.5,137,4.0,2.0,1.8,0.8,Low,Low
Shahbaz Ahmed,Lucknow Super Giants,Chennai Super Kings,2026,1,15.0,93.75,14.35897435897436,111.96027592398993,10.0,16.9,15.8,39,1.0,0.0,0.4,0.4,High,Low
D Brevis,Chennai Super Kings,Lucknow Super Giants,2026,2,2.0,22.22222222222222,25.95,119.72753622443908,24.2,28.9,19.0,20,0.0,0.0,1.8,1.8,Low,Low
Kartik Sharma,Chennai Super Kings,Lucknow Super Giants,2026,2,41.0,132.25806451612902,21.857142857142858,125.9992723744846,26.8,21.857142857142858,0.0,7,4.0,2.0,2.2,1.6,Moderate,Low
PR Veer,Chennai Super Kings,Lucknow Super Giants,2026,2,43.0,148.27586206896552,24.5,116.99507389162562,24.5,24.5,0.0,2,6.0,1.0,3.5,0.5,Low,Low
RD Gaikwad,Chennai Super Kings,Lucknow Super Giants,2026,2,6.0,46.15384615384615,34.4125,112.50034735358189,37.6,25.1,45.75,80,1.0,0.0,3.6,1.4,High,High
S Dube,Chennai Super Kings,Lucknow Super Giants,2026,2,22.0,129.41176470588235,24.204819277108435,131.90475362518615,16.2,20.6,37.6,83,3.0,1.0,1.4,0.6,Low,Low
SV Samson,Chennai Super Kings,Lucknow Super Giants,2026,2,87.0,167.30769230769232,28.20994475138121,120.9575403492936,43.4,40.2,40.0,181,7.0,6.0,4.2,2.6,Moderate,Low
Urvil Patel,Chennai Super Kings,Lucknow Super Giants,2026,2,17.0,188.88888888888889,18.83333333333333,166.46287435761118,16.4,18.83333333333333,0.0,6,0.0,2.0,1.4,1.2,High,Low
C Bosch,Mumbai Indians,Royal Challengers Bengaluru,2026,1,11.0,275.0,19.33333333333333,199.24242424242425,19.33333333333333,19.33333333333333,0.0,3,2.0,0.0,1.6666666666666667,1.0,Low,Low
DL Chahar,Mumbai Indians,Royal Challengers Bengaluru,2026,1,6.0,120.0,7.235294117647059,94.2156862745098,8.6,5.2,0.0,17,1.0,0.0,0.8,0.4,Low,Low
Naman Dhir,Mumbai Indians,Royal Challengers Bengaluru,2026,1,23.0,191.66666666666669,22.344827586206897,153.5608587055047,29.4,25.6,6.0,29,3.0,1.0,3.2,1.0,High,Low
RA Bawa,Mumbai Indians,Royal Challengers Bengaluru,2026,1,8.0,200.0,6.333333333333333,94.87179487179488,6.333333333333333,6.333333333333333,0.0,3,0.0,0.0,0.3333333333333333,0.0,Low,Low
RD Rickelton,Mumbai Indians,Royal Challengers Bengaluru,2026,1,83.0,259.375,34.90909090909091,152.83278003492617,56.4,43.2,27.0,22,6.0,8.0,3.8,4.8,Low,Low
RG Sharma,Mumbai Indians,Royal Challengers Bengaluru,2026,1,84.0,190.9090909090909,26.72426470588235,114.75287042588864,44.2,34.6,24.666666666666668,272,6.0,7.0,3.8,3.0,Moderate,Low
SA Yadav,Mumbai Indians,Royal Challengers Bengaluru,2026,1,12.0,171.42857142857142,27.814814814814813,138.25747780423836,17.8,19.5,37.66666666666666,162,2.0,0.0,2.4,0.4,Low,Low
Tilak Varma,Mumbai Indians,Royal Challengers Bengaluru,2026,1,11.0,84.61538461538461,27.918032786885245,134.3283307593954,32.2,20.4,24.33333333333333,61,0.0,0.0,2.6,1.6,High,Low
WG Jacks,Mumbai Indians,Royal Challengers Bengaluru,2026,1,10.0,250.0,23.63636363636364,140.21962296627888,19.0,23.6,22.0,22,0.0,1.0,2.0,1.2,Low,Low
B Kumar,Royal Challengers Bengaluru,Mumbai Indians,2026,2,15.0,100.0,4.6891891891891895,85.23105648105648,6.2,4.1,3.5,74,2.0,0.0,0.6,0.0,Low,Low
D Padikkal,Royal Challengers Bengaluru,Mumbai Indians,2026,2,34.0,136.0,25.56626506024097,113.51870399701666,36.2,33.3,23.625,83,3.0,1.0,2.8,2.6,Low,Low
JG Bethell,Royal Challengers Bengaluru,Mumbai Indians,2026,2,4.0,80.0,18.33333333333333,144.74747474747474,19.6,18.33333333333333,0.0,6,1.0,0.0,2.8,0.8,Moderate,Low
JM Sharma,Royal Challengers Bengaluru,Mumbai Indians,2026,2,1.0,33.33333333333333,19.181818181818183,139.6134229105524,9.8,17.3,27.166666666666668,55,0.0,0.0,0.8,0.6,Low,Low
KH Pandya,Royal Challengers Bengaluru,Mumbai Indians,2026,2,28.0,175.0,15.327731092436975,120.34689676356275,13.6,17.2,12.0,119,2.0,2.0,1.2,0.8,High,Low
R Shepherd,Royal Challengers Bengaluru,Mumbai Indians,2026,2,23.0,153.33333333333334,14.666666666666666,145.683082349749,11.4,15.0,2.0,18,3.0,1.0,0.8,0.8,Low,Low
RM Patidar,Royal Challengers Bengaluru,Mumbai Indians,2026,2,61.0,196.7741935483871,30.404255319148938,150.0701683390762,24.6,34.4,43.75,47,3.0,6.0,1.2,2.4,Low,Low
Rasikh Salam,Royal Challengers Bengaluru,Mumbai Indians,2026,2,10.0,83.33333333333334,6.666666666666667,120.83333333333331,7.0,6.666666666666667,0.0,6,1.0,0.0,1.0,0.0,Low,Low
TH David,Royal Challengers Bengaluru,Mumbai Indians,2026,2,40.0,235.29411764705884,20.339622641509436,159.75393825560306,19.8,23.3,17.5,53,4.0,3.0,1.6,1.4,Low,Low
V Kohli,Royal Challengers Bengaluru,Mumbai Indians,2026,2,0.0,0.0,33.39483394833948,121.08804842749696,30.2,37.9,27.914285714285715,271,0.0,0.0,3.4,1.4,Low,Low
C Connolly,Punjab Kings,Delhi Capitals,2026,1,107.0,184.48275862068965,41.888888888888886,147.3663528985868,48.2,41.888888888888886,17.0,9,7.0,8.0,3.6,3.8,Moderate,Low
MP Stoinis,Punjab Kings,Delhi Capitals,2026,1,28.0,215.3846153846154,20.79245283018868,130.23319033428706,33.8,21.2,19.0,106,3.0,2.0,3.2,2.2,Low,Low
P Simran Singh,Punjab Kings,Delhi Capitals,2026,1,3.0,75.0,28.18032786885246,134.31587417788597,30.6,39.0,45.285714285714285,61,0.0,0.0,3.4,1.2,Low,Low
Priyansh Arya,Punjab Kings,Delhi Capitals,2026,1,1.0,33.33333333333333,30.77777777777778,167.10605484534634,33.6,31.0,39.66666666666666,27,0.0,0.0,2.2,3.0,High,Low
SS Iyer,Punjab Kings,Delhi Capitals,2026,1,5.0,100.0,28.851063829787236,119.72791970224375,26.0,33.4,45.16666666666666,141,1.0,0.0,1.6,1.6,High,Low
Shashank Singh,Punjab Kings,Delhi Capitals,2026,1,4.0,133.33333333333331,21.71794871794872,144.48280887174795,14.0,15.1,10.0,39,1.0,0.0,1.4,0.8,Low,Low
Suryansh Shedge,Punjab Kings,Delhi Capitals,2026,1,25.0,147.05882352941177,15.333333333333334,112.82398016677936,18.0,15.333333333333334,0.0,6,1.0,2.0,0.8,1.4,Moderate,Low
AR Patel,Delhi Capitals,Punjab Kings,2026,2,11.0,50.0,14.9618320610687,124.1168938606185,8.2,7.5,13.0,131,0.0,0.0,0.6,0.0,High,Low
Abishek Porel,Delhi Capitals,Punjab Kings,2026,2,30.0,90.9090909090909,23.03333333333333,135.6399743634888,15.6,25.7,32.0,30,3.0,0.0,1.2,0.6,Low,Low
Ashutosh Sharma,Delhi Capitals,Punjab Kings,2026,2,39.0,139.28571428571428,21.91304347826087,150.12167551711795,22.2,21.6,0.0,23,3.0,3.0,2.0,1.4,Moderate,Low
Auqib Nabi,Delhi Capitals,Punjab Kings,2026,2,4.0,200.0,4.0,200.0,4.0,4.0,0.0,1,1.0,0.0,1.0,0.0,Low,Low
DA Miller,Delhi Capitals,Punjab Kings,2026,2,19.0,105.55555555555556,22.69503546099291,125.0289768879781,12.2,17.2,10.142857142857142,141,3.0,0.0,1.0,0.6,High,Low
KL Rahul,Delhi Capitals,Punjab Kings,2026,2,23.0,164.28571428571428,38.2751677852349,126.81976706102122,52.6,46.8,49.0,149,4.0,0.0,5.6,2.8,Low,Low
M Tiwari,Delhi Capitals,Punjab Kings,2026,2,3.0,75.0,3.0,75.0,3.0,3.0,0.0,1,0.0,0.0,0.0,0.0,Low,Low
SU Parakh,Delhi Capitals,Punjab Kings,2026,2,0.0,0.0,0.0,0.0,0.0,0.0,0.0,1,0.0,0.0,0.0,0.0,Low,Low
T Stubbs,Delhi Capitals,Punjab Kings,2026,2,2.0,50.0,23.65853658536585,145.899987473494,18.0,25.9,11.5,41,0.0,0.0,1.2,0.8,Low,Low
B Sai Sudharsan,Gujarat Titans,Sunrisers Hyderabad,2026,1,55.0,157.14285714285714,43.78431372549019,138.27892616364244,61.0,42.7,31.2,51,6.0,2.0,5.4,3.0,High,Low
JC Buttler,Gujarat Titans,Sunrisers Hyderabad,2026,1,13.0,130.0,34.11450381679389,130.79665343888925,28.4,31.0,29.666666666666668,131,1.0,1.0,2.0,1.8,Low,Low
JO Holder,Gujarat Titans,Sunrisers Hyderabad,2026,1,7.0,100.0,9.870967741935484,112.49958575598174,11.6,7.4,5.666666666666667,31,1.0,0.0,0.4,0.8,Low,Low
N Sindhu,Gujarat Titans,Sunrisers Hyderabad,2026,1,15.0,136.36363636363637,15.0,136.36363636363637,15.0,15.0,0.0,1,0.0,1.0,0.0,1.0,Moderate,Low
R Tewatia,Gujarat Titans,Sunrisers Hyderabad,2026,1,14.0,350.0,14.16470588235294,136.4136089131734,11.6,10.8,13.375,85,0.0,2.0,1.0,0.4,Low,Low
Shubman Gill,Gujarat Titans,Sunrisers Hyderabad,2026,1,84.0,190.9090909090909,34.903225806451616,127.0604284165253,39.4,46.2,38.21428571428572,124,9.0,3.0,3.4,2.0,Low,Low
Washington Sundar,Gujarat Titans,Sunrisers Hyderabad,2026,1,37.0,185.0,14.01851851851852,118.18466944271728,21.8,22.8,15.0,54,2.0,3.0,1.6,1.2,High,Low
Abhishek Sharma,Sunrisers Hyderabad,Gujarat Titans,2026,2,35.0,269.2307692307692,26.95294117647059,143.24069745964098,57.4,46.8,38.833333333333336,85,2.0,4.0,5.6,3.8,Low,Low
E Malinga,Sunrisers Hyderabad,Gujarat Titans,2026,2,2.0,33.33333333333333,2.0,33.33333333333333,2.0,2.0,0.0,1,0.0,0.0,0.0,0.0,Low,Low
H Klaasen,Sunrisers Hyderabad,Gujarat Titans,2026,2,69.0,160.46511627906978,35.25,161.57469786096638,42.2,46.3,34.5,56,3.0,4.0,3.4,2.6,Low,Low
Ishan Kishan,Sunrisers Hyderabad,Gujarat Titans,2026,2,55.0,171.875,27.69918699186992,118.55547659068657,39.2,32.9,19.83333333333333,123,2.0,4.0,3.8,2.0,Low,Low
Nithish Kumar Reddy,Sunrisers Hyderabad,Gujarat Titans,2026,2,29.0,223.0769230769231,22.806451612903224,129.34080247457857,25.2,22.6,26.0,31,2.0,2.0,1.4,2.0,Low,Low
PJ Cummins,Sunrisers Hyderabad,Gujarat Titans,2026,2,10.0,125.0,12.693877551020408,131.49039747171105,10.2,10.7,14.333333333333334,49,0.0,1.0,0.2,0.8,Low,Low
PP Hinge,Sunrisers Hyderabad,Gujarat Titans,2026,2,0.0,0.0,0.0,0.0,0.0,0.0,0.0,1,0.0,0.0,0.0,0.0,Low,Low
R Smaran,Sunrisers Hyderabad,Gujarat Titans,2026,2,4.0,100.0,4.0,100.0,4.0,4.0,0.0,1,1.0,0.0,1.0,0.0,Low,Low
S Arora,Sunrisers Hyderabad,Gujarat Titans,2026,2,2.0,33.33333333333333,11.875,144.43108974358975,15.4,11.875,0.0,8,0.0,0.0,1.2,1.2,Low,Low
Shivang Kumar,Sunrisers Hyderabad,Gujarat Titans,2026,2,1.0,50.0,5.5,131.25,5.5,5.5,0.0,4,0.0,0.0,0.75,0.25,Low,Low
TM Head,Sunrisers Hyderabad,Gujarat Titans,2026,2,38.0,200.0,31.39583333333333,141.6838034001402,43.6,35.0,15.666666666666666,48,3.0,3.0,3.6,3.4,Low,Low
A Raghuvanshi,Kolkata Knight Riders,Royal Challengers Bengaluru,2026,1,1.0,33.33333333333333,26.142857142857142,133.93063244012882,17.4,26.9,16.5,28,0.0,0.0,1.8,0.4,High,Low
AM Rahane,Kolkata Knight Riders,Royal Challengers Bengaluru,2026,1,13.0,144.44444444444443,27.202072538860104,107.60819207668176,13.2,21.8,38.66666666666666,193,1.0,1.0,1.0,0.6,Low,Low
C Green,Kolkata Knight Riders,Royal Challengers Bengaluru,2026,1,33.0,122.22222222222224,24.710526315789476,135.15602156816442,35.2,23.2,0.0,38,0.0,2.0,2.2,2.0,Moderate,Low
FH Allen,Kolkata Knight Riders,Royal Challengers Bengaluru,2026,1,100.0,212.7659574468085,30.0,183.57679405641144,29.0,30.0,0.0,7,5.0,10.0,2.2,2.4,Low,Low
RK Singh,Kolkata Knight Riders,Royal Challengers Bengaluru,2026,1,22.0,200.0,22.33333333333333,143.96225621129264,32.6,25.0,13.666666666666666,60,2.0,1.0,3.0,1.6,High,Low
D Padikkal,Royal Challengers Bengaluru,Kolkata Knight Riders,2026,2,12.0,109.09090909090908,25.404761904761905,113.46599215289636,35.0,32.8,20.125,84,1.0,1.0,2.8,2.6,Moderate,Low
JG Bethell,Royal Challengers Bengaluru,Kolkata Knight Riders,2026,2,27.0,100.0,19.571428571428573,138.35497835497836,14.0,19.571428571428573,0.0,7,2.0,0.0,1.6,0.4,Low,Low
JM Sharma,Royal Challengers Bengaluru,Kolkata Knight Riders,2026,2,18.0,150.0,19.160714285714285,139.7988975014354,8.8,10.6,21.0,56,1.0,2.0,0.6,0.6,Low,Low
RM Patidar,Royal Challengers Bengaluru,Kolkata Knight Riders,2026,2,8.0,100.0,29.9375,149.0270398320121,20.8,32.6,22.5,48,1.0,0.0,1.2,1.8,Low,Low
TH David,Royal Challengers Bengaluru,Kolkata Knight Riders,2026,2,0.0,0.0,19.96296296296296,156.7955319916104,17.0,23.2,15.25,54,0.0,0.0,1.4,1.2,Low,Low
V Kohli,Royal Challengers Bengaluru,Kolkata Knight Riders,2026,2,0.0,0.0,33.27205882352941,120.64287177886644,26.4,31.0,31.90625,272,0.0,0.0,2.8,1.4,High,Low
Azmatullah Omarzai,Punjab Kings,Mumbai Indians,2026,1,1.0,50.0,11.0,113.0976430976431,11.4,11.0,17.0,9,0.0,0.0,1.2,0.6,Moderate,Low
C Connolly,Punjab Kings,Mumbai Indians,2026,1,38.0,140.74074074074073,41.5,146.70379168280218,38.4,41.5,17.0,10,3.0,2.0,2.6,2.8,Moderate,Low
M Jansen,Punjab Kings,Mumbai Indians,2026,1,19.0,118.75,7.916666666666667,94.77689251537936,9.8,8.7,15.0,24,0.0,1.0,0.2,0.6,Low,Low
P Simran Singh,Punjab Kings,Mumbai Indians,2026,1,18.0,128.57142857142858,28.016129032258064,134.22322182939467,34.2,38.2,22.33333333333333,62,3.0,0.0,4.0,1.2,High,Low
Priyansh Arya,Punjab Kings,Mumbai Indians,2026,1,56.0,175.0,31.678571428571427,167.38798145801255,26.2,34.2,32.333333333333336,28,2.0,6.0,1.8,2.4,Moderate,Low
SS Iyer,Punjab Kings,Mumbai Indians,2026,1,59.0,163.88888888888889,29.06338028169014,120.03891244299476,36.8,39.2,27.0,142,5.0,3.0,2.6,2.2,Low,Low
Shashank Singh,Punjab Kings,Mumbai Indians,2026,1,0.0,0.0,21.175,140.87073864995426,11.2,14.0,21.5,40,0.0,0.0,1.0,0.8,Low,Low
Suryansh Shedge,Punjab Kings,Mumbai Indians,2026,1,21.0,262.5,16.142857142857142,134.2062687143823,21.4,16.142857142857142,0.0,7,2.0,2.0,1.2,1.8,Low,Low
Vishnu Vinod,Punjab Kings,Mumbai Indians,2026,1,5.0,71.42857142857143,9.333333333333334,93.29365079365078,9.4,9.333333333333334,0.0,6,0.0,0.0,0.6,0.4,Low,Low
XC Bartlett,Punjab Kings,Mumbai Indians,2026,1,0.0,0.0,7.333333333333333,97.7777777777778,7.333333333333333,7.333333333333333,0.0,3,0.0,0.0,0.3333333333333333,0.3333333333333333,Low,Low
Naman Dhir,Mumbai Indians,Punjab Kings,2026,2,47.0,146.875,23.166666666666668,153.33799674865455,29.8,29.8,35.666666666666664,30,5.0,2.0,3.0,1.2,Low,Low
RD Rickelton,Mumbai Indians,Punjab Kings,2026,2,2.0,50.0,33.47826086956522,148.36178959862505,49.4,40.9,14.5,23,0.0,0.0,3.2,4.2,High,Low
RG Sharma,Mumbai Indians,Punjab Kings,2026,2,22.0,220.00000000000003,26.706959706959708,115.13839104703922,33.0,36.1,26.375,273,2.0,2.0,3.0,2.2,Moderate,Low
SE Rutherford,Mumbai Indians,Punjab Kings,2026,2,0.0,0.0,19.23076923076923,132.68480928652994,19.6,19.3,23.5,26,0.0,0.0,0.6,2.2,Moderate,Low
Tilak Varma,Mumbai Indians,Punjab Kings,2026,2,57.0,135.71428571428572,28.387096774193548,134.350684871571,23.4,24.1,21.714285714285715,62,3.0,2.0,1.6,0.6,High,Moderate
WG Jacks,Mumbai Indians,Punjab Kings,2026,2,10.0,100.0,23.043478260869566,138.47094370687546,16.8,24.5,14.5,23,1.0,0.0,1.6,1.0,Moderate,Low
D Brevis,Chennai Super Kings,Lucknow Super Giants,2026,1,10.0,83.33333333333334,25.19047619047619,117.99447894391024,14.8,25.7,16.75,21,1.0,0.0,1.2,0.8,Moderate,Low
Kartik Sharma,Chennai Super Kings,Lucknow Super Giants,2026,1,20.0,100.0,21.625,122.74936332767402,29.6,21.625,20.0,8,1.0,0.0,2.4,1.4,High,Low
PR Veer,Chennai Super Kings,Lucknow Super Giants,2026,1,17.0,141.66666666666669,22.0,125.21893814997264,22.0,22.0,17.0,3,0.0,2.0,2.333333333333333,1.0,Low,Low
RD Gaikwad,Chennai Super Kings,Lucknow Super Giants,2026,1,42.0,150.0,34.50617283950617,112.963306028229,42.2,28.7,45.0,81,3.0,2.0,3.6,1.8,Low,Low
S Dube,Chennai Super Kings,Lucknow Super Giants,2026,1,15.0,214.28571428571428,24.09523809523809,132.88547934733532,15.2,18.2,33.833333333333336,84,0.0,2.0,1.0,0.8,Moderate,Low
SV Samson,Chennai Super Kings,Lucknow Super Giants,2026,1,28.0,200.0,28.208791208791208,121.39183957814365,47.6,42.4,38.0,182,3.0,2.0,4.8,2.8,Moderate,Low
Urvil Patel,Chennai Super Kings,Lucknow Super Giants,2026,1,65.0,282.60869565217394,25.428571428571427,183.05513454254876,29.4,25.428571428571427,65.0,7,2.0,8.0,1.8,2.8,Low,Low
Abdul Samad,Lucknow Super Giants,Chennai Super Kings,2026,2,0.0,0.0,14.298245614035087,132.29123607564134,14.4,12.5,16.25,57,0.0,0.0,1.4,0.2,Low,Low
JP Inglis,Lucknow Super Giants,Chennai Super Kings,2026,2,85.0,265.625,28.923076923076923,165.97347718351554,35.8,33.1,45.5,13,10.0,6.0,3.8,2.4,Moderate,Low
MD Choudhary,Lucknow Super Giants,Chennai Super Kings,2026,2,1.0,50.0,19.5,130.24907690348866,17.2,19.5,0.0,8,0.0,0.0,1.0,1.0,Low,Low
MR Marsh,Lucknow Super Giants,Chennai Super Kings,2026,2,10.0,100.0,27.816666666666663,119.62001654422964,44.4,34.2,14.428571428571429,60,0.0,1.0,3.8,3.0,High,Low
N Pooran,Lucknow Super Giants,Chennai Super Kings,2026,2,1.0,33.33333333333333,24.77,139.2028395681235,22.2,17.5,21.5,100,0.0,0.0,1.0,2.0,Moderate,Low
A Raghuvanshi,Kolkata Knight Riders,Gujarat Titans,2026,1,71.0,154.34782608695653,27.689655172413797,134.63467360036424,30.0,28.9,17.5,29,7.0,3.0,2.8,1.0,High,Low
AM Rahane,Kolkata Knight Riders,Gujarat Titans,2026,1,19.0,146.15384615384613,27.15979381443299,107.80688101522384,17.0,17.0,17.833333333333332,194,3.0,1.0,1.6,0.8,Low,Low
C Green,Kolkata Knight Riders,Gujarat Titans,2026,1,32.0,133.33333333333331,24.897435897435894,135.10928597239953,25.8,24.6,29.2,39,3.0,1.0,1.4,1.4,High,Low
FH Allen,Kolkata Knight Riders,Gujarat Titans,2026,1,18.0,225.0,28.5,188.75469479936,31.4,28.5,0.0,8,3.0,1.0,2.6,2.6,High,Low
B Sai Sudharsan,Gujarat Titans,Kolkata Knight Riders,2026,2,61.0,138.63636363636363,44.11538461538461,138.28579996119475,53.2,41.5,42.333333333333336,52,5.0,2.0,4.2,2.4,High,Low
JC Buttler,Gujarat Titans,Kolkata Knight Riders,2026,2,7.0,63.63636363636363,33.90909090909091,130.28786336462767,24.8,29.1,36.2,132,1.0,0.0,1.8,1.6,High,Low
N Sindhu,Gujarat Titans,Kolkata Knight Riders,2026,2,22.0,157.14285714285714,18.5,146.75324675324674,18.5,18.5,0.0,2,3.0,1.0,1.5,1.0,Low,Low
R Tewatia,Gujarat Titans,Kolkata Knight Riders,2026,2,4.0,400.0,14.046511627906977,139.4785669490667,11.0,9.6,14.88888888888889,86,1.0,0.0,1.2,0.4,Low,Low
Shubman Gill,Gujarat Titans,Kolkata Knight Riders,2026,2,5.0,71.42857142857143,34.664,126.61537356062166,34.0,42.8,54.2,125,1.0,0.0,3.2,1.8,High,Low
D Padikkal,Royal Challengers Bengaluru,Punjab Kings,2026,1,39.0,144.44444444444443,25.564705882352943,113.8304445327969,31.8,30.6,31.428571428571427,85,7.0,0.0,3.8,1.4,High,Low
JG Bethell,Royal Challengers Bengaluru,Punjab Kings,2026,1,15.0,125.0,19.0,136.68560606060606,14.2,19.0,0.0,8,2.0,1.0,1.4,0.6,Low,Low
TH David,Royal Challengers Bengaluru,Punjab Kings,2026,1,2.0,66.66666666666666,19.63636363636364,155.15682534933873,12.2,21.8,27.0,55,0.0,0.0,0.8,1.0,Moderate,Low
V Kohli,Royal Challengers Bengaluru,Punjab Kings,2026,1,105.0,175.0,33.53479853479853,120.84198213865082,31.2,38.7,43.45454545454545,273,11.0,3.0,3.4,1.2,High,Low
VR Iyer,Royal Challengers Bengaluru,Punjab Kings,2026,1,12.0,80.0,26.017241379310345,125.50946380792324,13.8,23.5,26.83333333333333,58,1.0,0.0,0.6,0.4,High,Low
Azmatullah Omarzai,Punjab Kings,Royal Challengers Bengaluru,2026,2,38.0,223.52941176470588,13.7,124.1408199643494,15.8,13.7,9.5,10,2.0,4.0,1.2,1.2,Low,Low
C Connolly,Punjab Kings,Royal Challengers Bengaluru,2026,2,21.0,95.45454545454544,39.63636363636363,142.0447692984152,39.2,36.4,0.0,11,2.0,1.0,2.8,2.8,Moderate,Low
Harpreet Brar,Punjab Kings,Royal Challengers Bengaluru,2026,2,4.0,36.36363636363637,9.384615384615383,125.3029192764844,15.6,8.6,3.0,26,0.0,0.0,1.6,0.6,Low,Low
MP Stoinis,Punjab Kings,Royal Challengers Bengaluru,2026,2,1.0,50.0,20.60747663551402,129.4833474339666,32.0,18.7,12.8,107,0.0,0.0,2.8,2.2,Moderate,Low
P Simran Singh,Punjab Kings,Royal Challengers Bengaluru,2026,2,57.0,178.125,28.476190476190474,134.92007545115032,30.4,40.2,20.166666666666668,63,6.0,4.0,3.4,1.0,Low,Low
Priyansh Arya,Punjab Kings,Royal Challengers Bengaluru,2026,2,22.0,129.41176470588235,31.344827586206897,166.07845674242185,22.0,35.7,17.25,29,4.0,0.0,2.2,1.4,Low,Low
SS Iyer,Punjab Kings,Royal Challengers Bengaluru,2026,2,4.0,200.0,28.888111888111887,120.59808088744934,23.4,37.8,17.5,143,1.0,0.0,2.2,0.8,Low,Low
Shashank Singh,Punjab Kings,Royal Challengers Bengaluru,2026,2,2.0,66.66666666666666,20.70731707317073,139.06088323572772,8.4,13.9,25.666666666666668,41,0.0,0.0,0.8,0.6,High,Low
Suryansh Shedge,Punjab Kings,Royal Challengers Bengaluru,2026,2,8.0,160.0,15.125,137.43048512508452,22.8,15.125,0.0,8,0.0,1.0,1.2,2.0,Moderate,Low
AF Milne,Rajasthan Royals,Delhi Capitals,2026,1,0.0,0.0,3.8333333333333335,54.86111111111111,4.2,3.8333333333333335,0.0,6,0.0,0.0,0.0,0.2,Low,Low
D Ferreira,Rajasthan Royals,Delhi Capitals,2026,1,4.0,200.0,22.0,135.5950568570186,31.2,24.1,24.0,11,1.0,0.0,2.8,2.4,Low,Low
Dhruv Jurel,Rajasthan Royals,Delhi Capitals,2026,1,24.0,240.0,21.608695652173918,127.49521791760154,26.6,29.6,24.0,46,1.0,3.0,2.6,1.2,High,Low
JC Archer,Rajasthan Royals,Delhi Capitals,2026,1,5.0,83.33333333333334,7.805555555555555,119.64546256212924,3.6,6.5,1.3333333333333333,36,1.0,0.0,0.4,0.0,Low,Low
MD Shanaka,Rajasthan Royals,Delhi Capitals,2026,1,16.0,145.45454545454547,10.5,95.06899350649353,10.5,10.5,0.0,4,2.0,0.0,1.0,0.25,Low,Low
R Parag,Rajasthan Royals,Delhi Capitals,2026,1,90.0,180.0,21.40963855421687,129.83817482821493,31.6,20.7,24.0,83,8.0,5.0,2.6,1.6,High,Low
Ravi Singh,Rajasthan Royals,Delhi Capitals,2026,1,0.0,0.0,0.0,0.0,0.0,0.0,0.0,0,0.0,0.0,0.0,0.0,Low,Low
SB Dubey,Rajasthan Royals,Delhi Capitals,2026,1,15.0,107.14285714285714,14.0,142.99134199134198,15.6,13.4,15.5,15,1.0,1.0,1.6,0.6,Low,Low
V Suryavanshi,Rajasthan Royals,Delhi Capitals,2026,1,36.0,225.0,38.44444444444444,193.31843571168903,38.8,38.8,4.0,18,3.0,3.0,2.8,4.0,High,Low
YBK Jaiswal,Rajasthan Royals,Delhi Capitals,2026,1,3.0,75.0,32.22077922077922,135.89875906635686,18.4,27.7,23.0,77,0.0,0.0,2.6,0.4,Low,Low
AR Patel,Delhi Capitals,Rajasthan Royals,2026,2,56.0,186.66666666666663,15.272727272727272,124.59075577581582,14.2,12.5,11.76923076923077,132,8.0,2.0,1.6,0.4,Moderate,Low
Abishek Porel,Delhi Capitals,Rajasthan Royals,2026,2,5.0,83.33333333333334,22.451612903225808,133.95266336251606,15.8,22.9,32.5,31,1.0,0.0,1.2,0.6,High,Low
Ashutosh Sharma,Delhi Capitals,Rajasthan Royals,2026,2,24.0,240.0,22.0,153.8666057039047,23.2,20.3,22.0,24,2.0,2.0,2.2,1.4,Low,Low
DA Miller,Delhi Capitals,Rajasthan Royals,2026,2,51.0,182.14285714285717,22.8943661971831,125.4311873123082,19.0,20.9,32.416666666666664,142,3.0,4.0,1.4,1.2,Low,Low
KL Rahul,Delhi Capitals,Rajasthan Royals,2026,2,9.0,112.5,38.08,126.72430194728108,24.0,47.6,43.8421052631579,150,2.0,0.0,2.8,1.0,High,Low
SU Parakh,Delhi Capitals,Rajasthan Royals,2026,2,13.0,216.66666666666663,6.5,108.33333333333331,6.5,6.5,0.0,2,1.0,1.0,0.5,0.5,Low,Low
T Stubbs,Delhi Capitals,Rajasthan Royals,2026,2,12.0,70.58823529411765,23.38095238095238,144.1068505168422,15.0,23.2,28.6,42,1.0,0.0,0.8,0.6,Low,Low
AJ Hosein,Chennai Super Kings,Sunrisers Hyderabad,2026,1,2.0,100.0,9.0,130.0,9.0,9.0,0.0,2,0.0,0.0,0.5,0.5,Low,Low
D Brevis,Chennai Super Kings,Sunrisers Hyderabad,2026,1,25.0,156.25,25.181818181818183,119.7333662646416,11.6,25.0,21.0,22,0.0,2.0,0.4,0.8,High,Low
Kartik Sharma,Chennai Super Kings,Sunrisers Hyderabad,2026,1,71.0,169.04761904761904,27.11111111111111,127.89361396322346,40.2,27.11111111111111,0.0,9,6.0,5.0,3.6,2.0,Moderate,Low
PR Veer,Chennai Super Kings,Sunrisers Hyderabad,2026,1,13.0,130.0,19.75,126.41420361247948,19.75,19.75,0.0,4,1.0,0.0,2.0,0.75,Low,Low
RD Gaikwad,Chennai Super Kings,Sunrisers Hyderabad,2026,1,13.0,144.44444444444443,34.24390243902439,113.34722235037798,40.4,27.2,51.625,82,2.0,0.0,3.4,1.6,Low,Low
S Dube,Chennai Super Kings,Sunrisers Hyderabad,2026,1,32.0,200.0,24.188235294117646,133.67506194324903,19.0,19.7,17.5,85,3.0,2.0,1.4,1.2,Moderate,Low
SV Samson,Chennai Super Kings,Sunrisers Hyderabad,2026,1,20.0,100.0,28.16393442622951,121.2749442799024,31.4,43.7,34.96,183,3.0,0.0,3.4,1.6,Moderate,Low
Urvil Patel,Chennai Super Kings,Sunrisers Hyderabad,2026,1,6.0,85.71428571428571,23.0,170.88752843901585,23.2,23.0,0.0,8,1.0,0.0,1.2,2.4,Low,Low
Abhishek Sharma,Sunrisers Hyderabad,Chennai Super Kings,2026,2,6.0,150.0,26.709302325581397,143.31929400080796,31.6,42.6,31.0,86,0.0,1.0,3.6,2.0,Moderate,Low
H Klaasen,Sunrisers Hyderabad,Chennai Super Kings,2026,2,14.0,87.5,34.87719298245614,160.2751417581424,37.6,42.5,20.0,57,2.0,0.0,3.2,2.0,High,Low
Ishan Kishan,Sunrisers Hyderabad,Chennai Super Kings,2026,2,11.0,157.14285714285714,27.56451612903226,118.86666514352665,36.4,32.6,23.5,124,1.0,1.0,3.6,2.0,High,Low
Nithish Kumar Reddy,Sunrisers Hyderabad,Chennai Super Kings,2026,2,2.0,50.0,22.15625,126.861402397248,20.0,22.4,15.0,32,0.0,0.0,1.4,1.2,Low,Low
R Smaran,Sunrisers Hyderabad,Chennai Super Kings,2026,2,9.0,60.0,6.5,80.0,6.5,6.5,0.0,2,1.0,0.0,1.0,0.0,Low,Low
S Arora,Sunrisers Hyderabad,Chennai Super Kings,2026,2,16.0,123.07692307692308,12.333333333333334,142.05840455840456,13.8,12.333333333333334,13.0,9,3.0,0.0,1.4,0.8,Low,Low
TM Head,Sunrisers Hyderabad,Chennai Super Kings,2026,2,0.0,0.0,30.755102040816325,138.7922972083006,36.2,30.4,21.5,49,0.0,0.0,3.2,3.0,Low,Low
A Badoni,Lucknow Super Giants,Rajasthan Royals,2026,1,24.0,126.3157894736842,21.01851851851852,121.0096490061777,21.2,24.9,10.714285714285714,54,0.0,2.0,2.0,0.8,Low,Low
JP Inglis,Lucknow Super Giants,Rajasthan Royals,2026,1,36.0,112.5,29.428571428571427,162.15394309897871,42.2,35.6,0.0,14,3.0,1.0,4.4,2.6,High,Low
MR Marsh,Lucknow Super Giants,Rajasthan Royals,2026,1,90.0,236.84210526315783,28.83606557377049,121.54169012978583,51.4,41.8,41.2,61,9.0,7.0,4.4,4.0,High,Low
N Pooran,Lucknow Super Giants,Rajasthan Royals,2026,1,32.0,188.23529411764704,24.84158415841584,139.68830941514844,26.8,19.4,19.416666666666668,101,1.0,4.0,1.2,2.6,Low,Low
RR Pant,Lucknow Super Giants,Rajasthan Royals,2026,1,15.0,125.0,27.666666666666668,130.8622698496449,21.0,17.7,31.0,138,2.0,0.0,2.2,0.8,Moderate,Low
D Ferreira,Rajasthan Royals,Lucknow Super Giants,2026,2,0.0,0.0,20.166666666666668,124.29546878560036,27.2,23.4,20.0,12,0.0,0.0,2.4,2.4,Low,Low
Dhruv Jurel,Rajasthan Royals,Lucknow Super Giants,2026,2,53.0,132.5,22.27659574468085,127.60170264275897,37.2,27.4,15.6,47,5.0,2.0,3.6,1.6,High,Low
LG Pretorius,Rajasthan Royals,Lucknow Super Giants,2026,2,0.0,0.0,0.0,0.0,0.0,0.0,0.0,1,0.0,0.0,0.0,0.0,Low,Low
V Suryavanshi,Rajasthan Royals,Lucknow Super Giants,2026,2,46.0,219.0476190476191,38.8421052631579,194.6726032556854,46.4,40.3,21.0,19,5.0,3.0,3.4,4.6,High,Low
YBK Jaiswal,Rajasthan Royals,Lucknow Super Giants,2026,2,12.0,133.33333333333331,31.96153846153846,135.86586899285658,16.4,23.4,38.16666666666666,78,3.0,0.0,2.4,0.4,High,Low
C Bosch,Mumbai Indians,Kolkata Knight Riders,2026,1,5.0,100.0,15.75,174.4318181818182,15.75,15.75,0.0,4,0.0,0.0,1.25,0.75,Moderate,Low
DL Chahar,Mumbai Indians,Kolkata Knight Riders,2026,1,1.0,50.0,6.888888888888889,91.75925925925928,3.2,4.8,1.0,18,0.0,0.0,0.4,0.0,Low,Low
HH Pandya,Mumbai Indians,Kolkata Knight Riders,2026,1,18.0,78.26086956521739,19.2317880794702,140.06257693677802,15.8,18.3,27.53333333333333,151,2.0,0.0,1.0,0.6,Moderate,Low
Naman Dhir,Mumbai Indians,Kolkata Knight Riders,2026,1,9.0,150.0,22.70967741935484,153.23031943418184,31.6,27.9,11.0,31,0.0,1.0,3.0,1.4,Low,Low
RD Rickelton,Mumbai Indians,Kolkata Knight Riders,2026,1,48.0,208.69565217391303,34.083333333333336,150.87570053926206,58.6,43.0,71.5,24,4.0,4.0,4.0,5.0,Low,Low
RG Sharma,Mumbai Indians,Kolkata Knight Riders,2026,1,25.0,96.15384615384616,26.7007299270073,115.0691043868451,31.0,38.1,33.17142857142857,274,0.0,2.0,2.0,2.4,Low,Low
SA Yadav,Mumbai Indians,Kolkata Knight Riders,2026,1,0.0,0.0,27.644171779141104,137.4092724189363,14.8,17.9,35.0,163,0.0,0.0,2.2,0.2,Low,Low
Tilak Varma,Mumbai Indians,Kolkata Knight Riders,2026,1,75.0,227.27272727272728,29.126984126984127,135.82563792555763,31.0,31.6,21.666666666666668,63,6.0,6.0,1.8,1.8,Moderate,Low
WG Jacks,Mumbai Indians,Kolkata Knight Riders,2026,1,25.0,250.0,23.125,143.11798771908897,18.4,23.4,35.5,24,2.0,2.0,1.6,1.2,Low,Low
AM Rahane,Kolkata Knight Riders,Mumbai Indians,2026,2,14.0,100.0,27.09230769230769,107.7668457279663,19.8,17.6,29.25925925925926,195,1.0,1.0,1.8,1.0,Moderate,Low
AS Roy,Kolkata Knight Riders,Mumbai Indians,2026,2,0.0,0.0,5.416666666666667,72.96130952380953,7.8,6.1,0.0,12,0.0,0.0,0.4,0.4,Low,Low
C Green,Kolkata Knight Riders,Mumbai Indians,2026,2,52.0,185.7142857142857,25.575,136.37441096594668,30.8,29.6,18.0,40,3.0,4.0,1.2,2.0,Low,Low
FH Allen,Kolkata Knight Riders,Mumbai Indians,2026,2,93.0,265.7142857142857,35.666666666666664,197.30576045657395,48.2,35.666666666666664,37.0,9,4.0,10.0,3.0,4.6,Low,Low
MK Pandey,Kolkata Knight Riders,Mumbai Indians,2026,2,37.0,160.8695652173913,24.23926380368098,106.81997323056484,26.8,21.8,30.653846153846157,163,2.0,3.0,1.4,1.4,High,Low
R Powell,Kolkata Knight Riders,Mumbai Indians,2026,2,1.0,25.0,17.357142857142858,117.82946132998654,24.2,16.5,15.666666666666666,28,0.0,0.0,1.8,1.4,High,Low
RK Singh,Kolkata Knight Riders,Mumbai Indians,2026,2,49.0,168.9655172413793,22.770491803278688,144.372145736376,42.2,29.0,16.125,61,3.0,2.0,3.6,2.0,Low,Low
T Dahiya,Kolkata Knight Riders,Mumbai Indians,2026,2,0.0,0.0,0.0,0.0,0.0,0.0,0.0,0,0.0,0.0,0.0,0.0,Low,Low
B Sai Sudharsan,Gujarat Titans,Chennai Super Kings,2026,1,53.0,189.28571428571428,44.283018867924525,139.24806249561965,46.4,45.6,64.33333333333333,53,6.0,3.0,4.6,1.6,High,Low
JC Buttler,Gujarat Titans,Chennai Super Kings,2026,1,57.0,162.85714285714286,34.08270676691729,130.5327451653233,28.4,29.6,34.25,133,5.0,2.0,2.0,1.8,High,Low
R Tewatia,Gujarat Titans,Chennai Super Kings,2026,1,2.0,50.0,13.908045977011492,138.45007767379008,9.8,8.7,9.77777777777778,87,0.0,0.0,1.0,0.4,Low,Low
Shubman Gill,Gujarat Titans,Chennai Super Kings,2026,1,85.0,173.46938775510205,35.06349206349206,126.98723081613342,44.4,44.3,29.294117647058822,126,5.0,7.0,4.0,2.6,High,Low
Washington Sundar,Gujarat Titans,Chennai Super Kings,2026,1,50.0,151.5151515151515,14.672727272727272,118.79067820767064,28.0,27.4,6.714285714285714,55,7.0,1.0,2.8,1.2,Low,Low
A Kamboj,Chennai Super Kings,Gujarat Titans,2026,2,13.0,185.7142857142857,6.111111111111111,137.61022927689595,9.6,6.111111111111111,0.0,9,0.0,1.0,0.8,0.4,Low,Low
D Brevis,Chennai Super Kings,Gujarat Titans,2026,2,44.0,162.96296296296296,26.0,121.61291394717732,20.4,29.4,35.0,23,2.0,4.0,0.8,1.6,Low,Low
Kartik Sharma,Chennai Super Kings,Gujarat Titans,2026,2,32.0,168.42105263157893,27.6,131.946357830059,43.6,27.6,15.0,10,3.0,2.0,3.6,2.4,Low,Low
MW Short,Chennai Super Kings,Gujarat Titans,2026,2,34.0,117.2413793103448,19.125,101.47793298655368,16.4,19.125,36.0,8,3.0,0.0,1.4,0.4,Moderate,Low
Mukesh Choudhary,Chennai Super Kings,Gujarat Titans,2026,2,4.0,100.0,3.0,100.0,3.0,3.0,0.0,2,1.0,0.0,0.5,0.0,Low,Low
Noor Ahmad,Chennai Super Kings,Gujarat Titans,2026,2,1.0,100.0,2.142857142857143,69.84977324263038,2.8,1.8,0.0,14,0.0,0.0,0.0,0.2,Low,Low
RD Gaikwad,Chennai Super Kings,Gujarat Titans,2026,2,15.0,71.42857142857143,34.01204819277108,112.84217836336826,28.6,28.0,53.0,83,0.0,0.0,2.2,0.8,Low,Low
S Dube,Chennai Super Kings,Gujarat Titans,2026,2,26.0,113.04347826086956,24.209302325581397,133.43515980740742,20.0,21.7,20.22222222222222,86,3.0,1.0,1.8,1.2,High,Low
SH Johnson,Chennai Super Kings,Gujarat Titans,2026,2,1.0,33.33333333333333,1.6,66.66666666666666,1.6,1.6,0.0,5,0.0,0.0,0.2,0.0,Low,Low
SV Samson,Chennai Super Kings,Gujarat Titans,2026,2,27.0,225.0,28.157608695652176,121.83866740881598,34.6,45.5,35.25,184,5.0,1.0,4.0,1.8,Low,Low
Urvil Patel,Chennai Super Kings,Gujarat Titans,2026,2,13.0,162.5,21.88888888888889,169.95558083468077,25.0,21.88888888888889,20.5,9,0.0,2.0,1.0,2.8,Low,Low
Abhishek Sharma,Sunrisers Hyderabad,Royal Challengers Bengaluru,2026,1,26.0,123.8095238095238,26.701149425287355,143.09504376872425,25.4,45.2,26.5,87,3.0,1.0,2.0,2.0,High,Low
H Klaasen,Sunrisers Hyderabad,Royal Challengers Bengaluru,2026,1,47.0,180.7692307692308,35.08620689655172,160.62848812040258,41.2,41.0,32.25,58,6.0,2.0,3.8,2.2,High,Low
Ishan Kishan,Sunrisers Hyderabad,Royal Challengers Bengaluru,2026,1,70.0,148.93617021276594,27.904,119.10722118408056,35.6,39.5,81.0,125,7.0,3.0,2.8,2.0,High,Low
Nithish Kumar Reddy,Sunrisers Hyderabad,Royal Challengers Bengaluru,2026,1,11.0,157.14285714285714,21.818181818181817,127.779022238024,19.8,23.4,6.0,33,1.0,0.0,1.6,1.0,Moderate,Low
TM Head,Sunrisers Hyderabad,Royal Challengers Bengaluru,2026,1,6.0,100.0,30.26,138.0164512641346,36.2,30.3,32.75,50,1.0,0.0,3.4,2.8,Moderate,Low
D Padikkal,Royal Challengers Bengaluru,Sunrisers Hyderabad,2026,2,45.0,180.0,25.79069767441861,114.59985796846205,34.0,30.1,27.25,86,4.0,3.0,4.0,1.4,Moderate,Low
KH Pandya,Royal Challengers Bengaluru,Sunrisers Hyderabad,2026,2,73.0,158.69565217391303,15.808333333333334,120.6664697253157,28.0,22.7,17.4,120,4.0,5.0,2.0,1.8,High,Low
RM Patidar,Royal Challengers Bengaluru,Sunrisers Hyderabad,2026,2,11.0,137.5,29.551020408163264,148.7917941211547,21.4,30.6,31.2,49,0.0,1.0,1.2,1.8,High,Low
TH David,Royal Challengers Bengaluru,Sunrisers Hyderabad,2026,2,28.0,233.33333333333331,19.785714285714285,156.55283442048147,15.8,17.6,24.2,56,2.0,2.0,1.2,1.2,Low,Low
V Kohli,Royal Challengers Bengaluru,Sunrisers Hyderabad,2026,2,58.0,161.11111111111111,33.62408759124087,120.9889497626379,38.2,41.3,33.80769230769231,274,4.0,3.0,4.0,1.4,Low,Low
VR Iyer,Royal Challengers Bengaluru,Sunrisers Hyderabad,2026,2,73.0,182.5,26.8135593220339,126.4754050993144,27.0,25.6,23.11111111111111,59,8.0,4.0,2.2,1.2,High,Low
A Badoni,Lucknow Super Giants,Punjab Kings,2026,1,0.0,0.0,20.63636363636364,118.80947356970174,19.4,17.5,30.0,55,0.0,0.0,1.8,0.8,High,Low
AA Kulkarni,Lucknow Super Giants,Punjab Kings,2026,1,17.0,70.83333333333334,8.666666666666666,66.46825396825398,8.666666666666666,8.666666666666666,0.0,3,1.0,0.0,1.0,0.0,Low,Low
Abdul Samad,Lucknow Super Giants,Punjab Kings,2026,1,7.0,233.33333333333331,14.172413793103448,134.03334120077398,8.6,13.0,21.8,58,0.0,1.0,0.8,0.2,Moderate,Low
Arjun Tendulkar,Lucknow Super Giants,Punjab Kings,2026,1,13.0,144.44444444444443,13.0,144.44444444444443,13.0,13.0,0.0,1,0.0,1.0,0.0,1.0,Low,Low
JP Inglis,Lucknow Super Giants,Punjab Kings,2026,1,60.0,206.89655172413796,31.466666666666665,165.13678367398933,46.6,41.0,0.0,15,7.0,3.0,4.8,2.8,High,Low
MD Choudhary,Lucknow Super Giants,Punjab Kings,2026,1,13.0,130.0,18.77777777777778,130.2214016919899,16.2,18.77777777777778,21.0,9,2.0,0.0,1.2,0.8,Low,Low
N Pooran,Lucknow Super Giants,Punjab Kings,2026,1,16.0,145.45454545454547,24.754901960784316,139.74484114102486,30.0,19.1,23.25,102,0.0,2.0,1.2,3.0,Low,Low
RR Pant,Lucknow Super Giants,Punjab Kings,2026,1,35.0,152.17391304347828,27.719424460431654,131.01559102370126,19.6,20.2,16.714285714285715,139,2.0,2.0,1.8,1.0,Moderate,Low
C Connolly,Punjab Kings,Lucknow Super Giants,2026,2,37.0,168.1818181818182,39.41666666666666,144.22285670536544,40.6,36.5,87.0,12,3.0,3.0,3.0,2.8,Low,Low
P Simran Singh,Punjab Kings,Lucknow Super Giants,2026,2,2.0,40.0,28.0625,133.4369492722261,19.0,36.1,32.0,64,0.0,0.0,2.2,0.8,High,Low
Priyansh Arya,Punjab Kings,Lucknow Super Giants,2026,2,0.0,0.0,30.3,160.5425081843411,16.2,31.8,34.0,30,0.0,0.0,1.2,1.2,Low,Low
SS Iyer,Punjab Kings,Lucknow Super Giants,2026,2,1.0,33.33333333333333,28.694444444444443,119.99207569610132,17.6,32.9,31.285714285714285,144,0.0,0.0,2.0,0.6,High,Low
Suryansh Shedge,Punjab Kings,Lucknow Super Giants,2026,2,35.0,159.0909090909091,17.333333333333332,139.83719889906502,29.2,17.333333333333332,0.0,9,2.0,2.0,1.6,2.4,Low,Low
D Ferreira,Rajasthan Royals,Mumbai Indians,2026,1,16.0,160.0,19.846153846153847,127.04197118670804,23.8,24.9,0.0,13,1.0,1.0,2.0,2.0,Low,Low
Dhruv Jurel,Rajasthan Royals,Mumbai Indians,2026,1,53.0,139.4736842105263,22.916666666666668,127.84903559208745,37.6,32.5,5.0,48,3.0,3.0,2.6,2.0,Moderate,Low
JC Archer,Rajasthan Royals,Mumbai Indians,2026,1,2.0,100.0,7.648648648648648,119.1145041145041,3.6,6.3,20.666666666666668,37,0.0,0.0,0.4,0.0,Moderate,Low
MD Shanaka,Rajasthan Royals,Mumbai Indians,2026,1,10.0,125.0,10.4,101.05519480519482,10.4,10.4,0.0,5,0.0,1.0,0.8,0.4,Moderate,Low
N Burger,Rajasthan Royals,Mumbai Indians,2026,1,3.0,60.0,3.0,60.0,3.0,3.0,0.0,1,0.0,0.0,0.0,0.0,Low,Low
R Parag,Rajasthan Royals,Mumbai Indians,2026,1,51.0,196.15384615384613,21.761904761904763,130.62764710590105,39.4,24.4,21.285714285714285,84,3.0,5.0,3.0,2.6,Low,Low
RA Jadeja,Rajasthan Royals,Mumbai Indians,2026,1,38.0,152.0,17.07920792079208,131.07572111376194,22.8,21.2,15.2,202,3.0,2.0,1.6,0.8,Low,Low
SB Dubey,Rajasthan Royals,Mumbai Indians,2026,1,5.0,55.55555555555556,13.4375,137.52660533910534,15.2,13.8,11.5,16,0.0,0.0,1.6,0.6,Low,Low
V Suryavanshi,Rajasthan Royals,Mumbai Indians,2026,1,93.0,244.73684210526315,41.55,197.17581519816423,44.4,45.7,19.5,20,7.0,10.0,3.8,4.2,Low,Low
YBK Jaiswal,Rajasthan Royals,Mumbai Indians,2026,1,43.0,186.95652173913044,32.10126582278481,136.5125861162271,23.0,20.0,41.44444444444444,79,8.0,1.0,3.6,0.6,Moderate,Low
AM Ghazanfar,Mumbai Indians,Rajasthan Royals,2026,2,0.0,0.0,0.0,0.0,0.0,0.0,0.0,0,0.0,0.0,0.0,0.0,Low,Low
C Bosch,Mumbai Indians,Rajasthan Royals,2026,2,32.0,177.77777777777777,19.0,175.1010101010101,19.0,19.0,0.0,5,3.0,2.0,1.6,1.0,Low,Low
DL Chahar,Mumbai Indians,Rajasthan Royals,2026,2,10.0,142.85714285714286,7.052631578947368,94.44862155388472,5.2,5.6,6.0,19,2.0,0.0,0.8,0.0,Low,Low
HH Pandya,Mumbai Indians,Rajasthan Royals,2026,2,26.0,96.29629629629628,19.276315789473685,139.77464087993275,18.2,18.7,32.1875,152,2.0,1.0,1.4,0.6,Moderate,Low
Naman Dhir,Mumbai Indians,Rajasthan Royals,2026,2,0.0,0.0,22.0,148.44187195186365,27.2,25.4,12.5,32,0.0,0.0,2.4,1.4,Low,Low
RD Rickelton,Mumbai Indians,Rajasthan Royals,2026,2,6.0,85.71428571428571,32.96,148.269243946263,35.2,35.5,34.5,25,1.0,0.0,2.2,3.4,Low,Low
RG Sharma,Mumbai Indians,Rajasthan Royals,2026,2,15.0,115.38461538461536,26.658181818181816,115.07025169956424,33.0,37.2,20.166666666666668,275,0.0,2.0,2.0,2.8,Low,Low
SA Yadav,Mumbai Indians,Rajasthan Royals,2026,2,15.0,250.0,27.567073170731707,138.0958012456501,10.6,14.3,30.47058823529412,164,2.0,1.0,1.6,0.4,High,Low
SN Thakur,Mumbai Indians,Rajasthan Royals,2026,2,6.0,50.0,8.071428571428571,113.0068849663094,5.8,5.3,5.0,42,0.0,0.0,0.8,0.0,Low,Low
Tilak Varma,Mumbai Indians,Rajasthan Royals,2026,2,20.0,62.5,28.984375,134.67992483297078,33.6,32.2,39.333333333333336,64,0.0,1.0,1.8,1.8,Low,Moderate
WG Jacks,Mumbai Indians,Rajasthan Royals,2026,2,14.0,200.0,22.76,145.39326821032543,12.0,22.6,0.0,25,1.0,1.0,0.8,0.8,Moderate,Low
AR Patel,Delhi Capitals,Kolkata Knight Riders,2026,1,34.0,188.88888888888889,15.413533834586469,125.07420038568856,20.6,13.4,11.36842105263158,133,2.0,2.0,2.0,0.8,Moderate,Low
Abishek Porel,Delhi Capitals,Kolkata Knight Riders,2026,1,51.0,164.51612903225808,23.34375,134.90777166469547,24.4,23.1,7.333333333333333,32,7.0,1.0,2.4,0.8,Moderate,Low
Ashutosh Sharma,Delhi Capitals,Kolkata Knight Riders,2026,1,18.0,360.0,21.84,162.11194147574852,24.0,21.9,23.0,25,1.0,2.0,2.0,1.8,Low,Low
DA Miller,Delhi Capitals,Kolkata Knight Riders,2026,1,9.0,150.0,22.7972027972028,125.60299719124312,16.4,19.4,18.0,143,0.0,1.0,1.2,1.0,Moderate,Low
KL Rahul,Delhi Capitals,Kolkata Knight Riders,2026,1,56.0,133.33333333333331,38.19867549668874,126.76807036705628,35.0,44.0,34.0625,151,1.0,3.0,3.0,1.6,High,Low
SU Parakh,Delhi Capitals,Kolkata Knight Riders,2026,1,9.0,112.5,7.333333333333333,109.7222222222222,7.333333333333333,7.333333333333333,0.0,3,1.0,0.0,0.6666666666666666,0.3333333333333333,Moderate,Low
T Stubbs,Delhi Capitals,Kolkata Knight Riders,2026,1,4.0,66.66666666666666,22.930232558139537,142.30591600869857,14.8,23.3,15.25,43,0.0,0.0,0.6,0.6,Low,Low
AM Rahane,Kolkata Knight Riders,Delhi Capitals,2026,2,21.0,123.52941176470588,27.06122448979592,107.84726698325578,22.0,18.9,31.428571428571427,196,4.0,0.0,2.6,0.8,High,Low
AS Roy,Kolkata Knight Riders,Delhi Capitals,2026,2,4.0,100.0,5.307692307692308,75.04120879120879,8.6,6.5,0.0,13,0.0,0.0,0.4,0.4,Low,Low
C Green,Kolkata Knight Riders,Delhi Capitals,2026,2,4.0,50.0,25.04878048780488,134.26771801555773,24.8,29.6,27.33333333333333,41,0.0,0.0,1.2,1.4,Low,Low
CV Varun,Kolkata Knight Riders,Delhi Capitals,2026,2,0.0,0.0,2.1666666666666665,55.48611111111111,0.6,1.8,1.0,12,0.0,0.0,0.0,0.0,Low,Low
FH Allen,Kolkata Knight Riders,Delhi Capitals,2026,2,8.0,160.0,32.9,193.57518441091656,49.6,32.9,100.0,10,2.0,0.0,3.4,4.6,Moderate,Low
Kartik Tyagi,Kolkata Knight Riders,Delhi Capitals,2026,2,6.0,150.0,3.0,82.08333333333333,3.8,3.0,4.5,8,0.0,1.0,0.4,0.2,Low,Low
MK Pandey,Kolkata Knight Riders,Delhi Capitals,2026,2,45.0,136.36363636363637,24.365853658536587,107.0001175179616,35.8,24.2,20.83333333333333,164,6.0,0.0,2.6,1.4,Moderate,Low
R Powell,Kolkata Knight Riders,Delhi Capitals,2026,2,40.0,137.93103448275863,18.13793103448276,118.52261902490972,24.4,19.2,9.0,29,4.0,2.0,1.8,1.4,Moderate,Low
RK Singh,Kolkata Knight Riders,Delhi Capitals,2026,2,9.0,180.0,22.548387096774192,144.94678854707962,33.4,26.6,20.4,62,2.0,0.0,3.0,1.6,Low,Low
SR Dubey,Kolkata Knight Riders,Delhi Capitals,2026,2,0.0,0.0,0.0,0.0,0.0,0.0,0.0,0,0.0,0.0,0.0,0.0,Low,Low
T Dahiya,Kolkata Knight Riders,Delhi Capitals,2026,2,11.0,91.66666666666666,11.0,91.66666666666666,11.0,11.0,0.0,1,2.0,0.0,2.0,0.0,Low,Low
D Padikkal,Royal Challengers Bengaluru,Gujarat Titans,2026,1,21.0,150.0,25.735632183908045,115.0067561527326,30.2,30.8,19.33333333333333,87,2.0,1.0,3.4,1.2,Moderate,Low
JM Sharma,Royal Challengers Bengaluru,Gujarat Titans,2026,1,8.0,160.0,18.964912280701757,140.15330280842775,7.6,9.0,17.285714285714285,57,1.0,0.0,0.6,0.6,Low,Low
KH Pandya,Royal Challengers Bengaluru,Gujarat Titans,2026,1,41.0,132.25806451612902,16.016528925619834,120.762268029372,33.8,26.7,10.375,121,5.0,0.0,3.0,1.6,High,Low
RM Patidar,Royal Challengers Bengaluru,Gujarat Titans,2026,1,56.0,147.36842105263156,30.08,148.76332665978424,31.0,31.4,18.6,50,6.0,1.0,2.4,1.8,High,Low
TH David,Royal Challengers Bengaluru,Gujarat Titans,2026,1,15.0,214.28571428571428,19.70175438596491,157.5656919619768,17.0,17.8,14.125,57,1.0,1.0,1.4,1.2,Low,Low
V Kohli,Royal Challengers Bengaluru,Gujarat Titans,2026,1,15.0,136.36363636363637,33.556363636363635,121.04485771391424,35.6,37.8,57.5,275,2.0,0.0,3.4,1.2,High,Low
VR Iyer,Royal Challengers Bengaluru,Gujarat Titans,2026,1,44.0,231.57894736842107,27.1,128.2271308037995,33.0,29.4,27.4,60,4.0,4.0,3.0,2.0,Low,Low
B Sai Sudharsan,Gujarat Titans,Royal Challengers Bengaluru,2026,2,84.0,161.53846153846155,45.01851851851852,139.6608476630797,62.0,52.5,49.0,54,7.0,4.0,5.8,2.4,Low,Low
JC Buttler,Gujarat Titans,Royal Challengers Bengaluru,2026,2,57.0,211.11111111111111,34.25373134328358,131.13407625447095,32.0,29.3,59.25,134,5.0,4.0,2.6,1.8,Moderate,Low
JO Holder,Gujarat Titans,Royal Challengers Bengaluru,2026,2,11.0,110.0,9.90625,112.42147370110732,11.6,7.2,17.5,32,0.0,0.0,0.4,0.6,Low,Low
K Rabada,Gujarat Titans,Royal Challengers Bengaluru,2026,2,12.0,85.71428571428571,7.8125,106.8236320970696,11.0,7.0,0.0,32,2.0,0.0,0.6,0.8,Low,Low
M Prasidh Krishna,Gujarat Titans,Royal Challengers Bengaluru,2026,2,2.0,40.0,1.2857142857142858,26.258503401360542,1.6,1.2857142857142858,0.0,7,0.0,0.0,0.0,0.0,Low,Low
Mohammed Siraj,Gujarat Titans,Royal Challengers Bengaluru,2026,2,0.0,0.0,5.090909090909091,75.71769139950958,3.2,5.4,0.0,22,0.0,0.0,0.0,0.4,Low,Low
N Sindhu,Gujarat Titans,Royal Challengers Bengaluru,2026,2,1.0,25.0,12.666666666666666,106.16883116883116,12.666666666666666,12.666666666666666,0.0,3,0.0,0.0,1.0,0.6666666666666666,Low,Low
R Tewatia,Gujarat Titans,Royal Challengers Bengaluru,2026,2,0.0,0.0,13.75,136.87678133658792,4.4,7.5,31.0,88,0.0,0.0,0.2,0.4,High,Low
Rashid Khan,Gujarat Titans,Royal Challengers Bengaluru,2026,2,7.0,116.66666666666669,8.857142857142858,118.677127436056,7.0,5.7,12.5,70,1.0,0.0,0.8,0.0,Low,Low
Shubman Gill,Gujarat Titans,Royal Challengers Bengaluru,2026,2,64.0,172.97297297297297,35.29133858267716,127.34932327406128,48.6,45.1,21.4,127,7.0,3.0,4.6,2.6,Low,Low
Washington Sundar,Gujarat Titans,Royal Challengers Bengaluru,2026,2,7.0,233.33333333333331,14.535714285714286,120.83608276348605,29.2,22.6,15.5,56,0.0,1.0,2.8,1.4,Low,Low
D Ferreira,Rajasthan Royals,Sunrisers Hyderabad,2026,1,18.0,120.0,19.714285714285715,126.53897324480032,17.0,26.6,51.0,14,0.0,2.0,0.8,1.8,Low,Low
Dhruv Jurel,Rajasthan Royals,Sunrisers Hyderabad,2026,1,38.0,146.15384615384613,23.22448979591837,128.2226031545723,42.0,28.2,35.6,49,3.0,2.0,3.2,2.2,High,Low
JC Archer,Rajasthan Royals,Sunrisers Hyderabad,2026,1,32.0,228.57142857142856,8.289473684210526,121.99494949494948,8.4,9.5,4.4,38,1.0,3.0,0.4,0.6,Low,Low
MD Shanaka,Rajasthan Royals,Sunrisers Hyderabad,2026,1,29.0,193.33333333333331,13.5,116.43488455988457,14.4,13.5,9.0,6,0.0,3.0,0.6,1.0,Low,Low
N Burger,Rajasthan Royals,Sunrisers Hyderabad,2026,1,10.0,333.33333333333337,6.5,196.66666666666669,6.5,6.5,3.0,2,0.0,1.0,0.0,0.5,Low,Low
R Parag,Rajasthan Royals,Sunrisers Hyderabad,2026,1,14.0,175.0,21.67058823529412,131.14967478700808,38.2,25.0,17.636363636363637,85,2.0,1.0,3.0,2.6,Moderate,Low
RA Jadeja,Rajasthan Royals,Sunrisers Hyderabad,2026,1,19.0,190.0,17.088669950738915,131.365988497438,24.8,23.0,16.3,203,3.0,0.0,2.0,0.8,Low,Low
SS Mishra,Rajasthan Royals,Sunrisers Hyderabad,2026,1,0.0,0.0,0.0,0.0,0.0,0.0,0.0,0,0.0,0.0,0.0,0.0,Low,Low
V Suryavanshi,Rajasthan Royals,Sunrisers Hyderabad,2026,1,4.0,66.66666666666666,39.76190476190476,190.9610938395215,36.6,38.3,51.5,21,0.0,0.0,3.2,3.2,High,Low
YBK Jaiswal,Rajasthan Royals,Sunrisers Hyderabad,2026,1,27.0,158.8235294117647,32.0375,136.79147290742134,18.2,21.4,27.8,80,1.0,3.0,2.4,1.0,Moderate,Low
Abhishek Sharma,Sunrisers Hyderabad,Rajasthan Royals,2026,2,56.0,254.54545454545453,27.03409090909091,144.3615257093689,27.6,43.4,21.11111111111111,88,4.0,5.0,2.0,2.4,Low,Low
E Malinga,Sunrisers Hyderabad,Rajasthan Royals,2026,2,0.0,0.0,1.0,16.666666666666664,1.0,1.0,0.0,2,0.0,0.0,0.0,0.0,Low,Low
H Klaasen,Sunrisers Hyderabad,Rajasthan Royals,2026,2,51.0,212.5,35.355932203389834,161.5076662878534,38.4,42.2,32.42857142857143,59,2.0,5.0,2.8,2.4,Low,Low
Ishan Kishan,Sunrisers Hyderabad,Rajasthan Royals,2026,2,79.0,171.73913043478262,28.30952380952381,119.52493474956232,51.4,44.7,39.785714285714285,126,8.0,3.0,4.4,2.6,Moderate,Low
Nithish Kumar Reddy,Sunrisers Hyderabad,Rajasthan Royals,2026,2,29.0,241.66666666666663,22.029411764705884,131.12865883886644,18.4,22.4,35.0,34,1.0,3.0,1.4,1.0,Moderate,Low
PJ Cummins,Sunrisers Hyderabad,Rajasthan Royals,2026,2,19.0,211.11111111111111,12.82,133.08281174449905,12.4,12.6,7.0,50,1.0,2.0,0.4,1.0,Low,Low
R Smaran,Sunrisers Hyderabad,Rajasthan Royals,2026,2,5.0,250.0,6.0,136.66666666666666,6.0,6.0,0.0,3,1.0,0.0,1.0,0.0,Low,Low
Sakib Hussain,Sunrisers Hyderabad,Rajasthan Royals,2026,2,0.0,0.0,0.0,0.0,0.0,0.0,0.0,0,0.0,0.0,0.0,0.0,Low,Low
Salil Arora,Sunrisers Hyderabad,Rajasthan Royals,2026,2,0.0,0.0,0.0,0.0,0.0,0.0,0.0,0,0.0,0.0,0.0,0.0,Moderate,Low
Shivang Kumar,Sunrisers Hyderabad,Rajasthan Royals,2026,2,4.0,66.66666666666666,5.2,118.33333333333331,5.2,5.2,0.0,5,0.0,0.0,0.6,0.2,Moderate,Low
TM Head,Sunrisers Hyderabad,Rajasthan Royals,2026,2,26.0,162.5,30.176470588235293,138.49652084719077,26.2,29.1,36.6,51,5.0,0.0,3.6,1.2,Low,Low
D Ferreira,Rajasthan Royals,Gujarat Titans,2026,1,12.0,133.33333333333331,19.2,126.99193058403584,10.0,20.9,2.0,15,1.0,0.0,0.6,0.6,Moderate,Low
Dhruv Jurel,Rajasthan Royals,Gujarat Titans,2026,1,50.0,238.0952380952381,23.76,130.42005585338563,43.6,33.2,26.2,50,5.0,3.0,3.4,2.6,Low,Low
JC Archer,Rajasthan Royals,Gujarat Titans,2026,1,4.0,80.0,8.179487179487179,120.9181559181559,8.8,6.9,3.333333333333333,39,1.0,0.0,0.6,0.6,Low,Low
MD Shanaka,Rajasthan Royals,Gujarat Titans,2026,1,5.0,166.66666666666669,12.285714285714286,123.610853432282,15.4,12.285714285714286,16.0,7,1.0,0.0,0.8,1.0,Low,Low
R Parag,Rajasthan Royals,Gujarat Titans,2026,1,26.0,216.66666666666663,21.72093023255814,132.14405841351572,42.0,25.6,20.88888888888889,86,2.0,2.0,3.4,3.0,Low,Low
RA Jadeja,Rajasthan Royals,Gujarat Titans,2026,1,12.0,133.33333333333331,17.063725490196077,131.37563234467277,18.6,22.1,16.77777777777778,204,1.0,0.0,1.8,0.6,High,Low
V Suryavanshi,Rajasthan Royals,Gujarat Titans,2026,1,97.0,346.42857142857144,42.36363636363637,198.0277973662965,55.2,48.0,56.0,22,5.0,12.0,4.0,5.6,High,Low
YBK Jaiswal,Rajasthan Royals,Gujarat Titans,2026,1,29.0,100.0,32.0,136.3372571925149,22.8,24.2,22.0,81,4.0,0.0,3.2,0.8,Low,Low
B Sai Sudharsan,Gujarat Titans,Rajasthan Royals,2026,2,14.0,155.55555555555557,44.45454545454545,139.9498423520338,53.4,51.7,50.66666666666666,55,3.0,0.0,5.4,2.2,High,Low
JC Buttler,Gujarat Titans,Rajasthan Royals,2026,2,29.0,263.6363636363636,34.214814814814815,132.115574679522,32.6,29.7,31.25,135,4.0,2.0,3.2,1.8,Low,Low
R Tewatia,Gujarat Titans,Rajasthan Royals,2026,2,68.0,158.13953488372093,14.359550561797754,137.11568867981416,17.6,14.2,13.666666666666666,89,8.0,4.0,1.8,1.2,Low,Low
Shubman Gill,Gujarat Titans,Rajasthan Royals,2026,2,2.0,28.57142857142857,35.03125,126.57762097169696,48.0,36.7,38.375,128,0.0,0.0,4.4,2.6,High,Low
Washington Sundar,Gujarat Titans,Rajasthan Royals,2026,2,8.0,114.28571428571428,14.421052631578949,120.72116401826196,28.4,21.3,21.666666666666668,57,1.0,0.0,3.0,1.2,Low,Low
Arshad Khan,Gujarat Titans,Royal Challengers Bengaluru,2026,1,8.0,160.0,11.545454545454543,100.32861078315624,6.2,11.2,0.0,11,1.0,0.0,0.2,0.6,Low,Low
B Sai Sudharsan,Gujarat Titans,Royal Challengers Bengaluru,2026,1,58.0,181.25,44.69642857142857,140.68734516717606,54.0,57.5,43.16666666666666,56,8.0,1.0,5.8,2.0,Low,Low
JC Buttler,Gujarat Titans,Royal Challengers Bengaluru,2026,1,9.0,100.0,34.029411764705884,131.87943074805494,31.8,30.1,53.2,136,0.0,0.0,3.0,1.6,Low,Low
JO Holder,Gujarat Titans,Royal Challengers Bengaluru,2026,1,0.0,0.0,9.606060606060606,109.01476237683134,7.0,7.1,11.666666666666666,33,0.0,0.0,0.2,0.2,Low,Low
K Rabada,Gujarat Titans,Royal Challengers Bengaluru,2026,1,9.0,180.0,7.848484848484849,109.04109779109778,10.6,7.3,9.0,33,2.0,0.0,1.0,0.6,Low,Low
N Sindhu,Gujarat Titans,Royal Challengers Bengaluru,2026,1,5.0,166.66666666666669,10.75,121.29329004329004,10.75,10.75,5.0,4,1.0,0.0,1.0,0.5,Moderate,Low
R Tewatia,Gujarat Titans,Royal Challengers Bengaluru,2026,1,17.0,188.88888888888889,14.38888888888889,137.69094645991498,18.2,14.9,43.333333333333336,90,2.0,1.0,2.2,1.0,Low,Low
Rashid Khan,Gujarat Titans,Royal Challengers Bengaluru,2026,1,8.0,88.88888888888889,8.845070422535212,118.25757478046212,8.6,6.1,11.0,71,0.0,1.0,0.8,0.2,Low,Low
Shubman Gill,Gujarat Titans,Royal Challengers Bengaluru,2026,1,104.0,196.2264150943396,35.565891472868216,127.11753410443065,52.0,45.7,18.166666666666668,129,15.0,3.0,5.6,2.6,Low,Low
Washington Sundar,Gujarat Titans,Royal Challengers Bengaluru,2026,1,16.0,177.77777777777777,14.448275862068966,121.70489873825362,23.6,21.6,13.0,58,2.0,1.0,2.4,1.2,High,Low
D Padikkal,Royal Challengers Bengaluru,Gujarat Titans,2026,2,30.0,157.89473684210526,25.78409090909091,115.49411956965729,29.4,32.8,20.4,88,5.0,0.0,3.8,1.0,Low,Low
JM Sharma,Royal Challengers Bengaluru,Gujarat Titans,2026,2,15.0,300.0,18.89655172413793,142.9092803462135,8.6,10.5,17.0,58,1.0,1.0,0.6,0.6,Low,Low
KH Pandya,Royal Challengers Bengaluru,Gujarat Titans,2026,2,43.0,165.3846153846154,16.237704918032787,121.12802497490678,37.8,23.7,14.0,122,5.0,2.0,3.4,1.8,Low,Low
RM Patidar,Royal Challengers Bengaluru,Gujarat Titans,2026,2,93.0,281.8181818181818,31.31372549019608,151.3722453883803,45.8,34.4,31.0,51,5.0,9.0,3.0,3.4,Low,Low
TH David,Royal Challengers Bengaluru,Gujarat Titans,2026,2,4.0,80.0,19.43103448275862,156.22835244539098,9.8,14.8,13.0,58,0.0,0.0,0.6,0.6,Moderate,Low
V Kohli,Royal Challengers Bengaluru,Gujarat Titans,2026,2,43.0,172.0,33.59057971014493,121.22947779466094,44.2,37.2,55.888888888888886,276,5.0,1.0,4.4,1.4,High,Low
VR Iyer,Royal Challengers Bengaluru,Gujarat Titans,2026,2,19.0,271.42857142857144,26.9672131147541,130.57469540420558,35.4,31.0,26.0,61,3.0,1.0,3.4,2.2,Moderate,Low
