match_id,date,season,innings,batting_team,bowling_team,batter,runs,balls_faced,fours,sixes,strike_rate,opponent,previous_runs,previous_strike_rate,career_average_before_match,career_strike_rate_before_match,previous_matches,recent_5_match_average,recent_10_match_average,opponent_average_before_match,previous_fours,previous_sixes,recent_5_fours,recent_5_sixes,performance_class,predicted_class
1359522,2023-05-05,2023,2,Gujarat Titans,Rajasthan Royals,HH Pandya,39,15,3,3,260.0,Rajasthan Royals,59.0,111.32075471698111,19.684684684684683,139.36824611891905,111,38.4,28.7,34.09090909090909,7.0,0.0,3.0,1.2,Moderate,Low
1359522,2023-05-05,2023,2,Gujarat Titans,Rajasthan Royals,Shubman Gill,36,34,6,0,105.88235294117648,Rajasthan Royals,6.0,85.71428571428571,28.34177215189873,116.96210182069127,79,31.2,38.4,30.545454545454547,1.0,0.0,4.0,0.4,Moderate,Low
1359522,2023-05-05,2023,2,Gujarat Titans,Rajasthan Royals,WP Saha,41,34,5,0,120.58823529411764,Rajasthan Royals,0.0,0.0,20.46031746031746,117.16765809282656,126,13.0,15.6,8.285714285714286,0.0,0.0,1.6,0.0,High,Low
1359523,2023-05-06,2023,1,Mumbai Indians,Chennai Super Kings,Arshad Khan,1,2,0,0,50.0,Chennai Super Kings,2.0,50.0,8.5,108.33333333333334,2,8.5,8.5,2.0,0.0,0.0,0.0,0.5,Low,Low
1359523,2023-05-06,2023,1,Mumbai Indians,Chennai Super Kings,C Green,6,4,1,0,150.0,Chennai Super Kings,23.0,127.77777777777776,29.55555555555556,142.92627627898946,9,46.2,29.55555555555556,12.0,4.0,0.0,4.0,2.0,Low,Low
1359523,2023-05-06,2023,1,Mumbai Indians,Chennai Super Kings,Ishan Kishan,7,9,1,0,77.77777777777779,Chennai Super Kings,75.0,182.9268292682927,27.29113924050633,114.79085511946045,79,31.0,33.4,26.0,7.0,4.0,3.0,1.2,Low,Low
1359523,2023-05-06,2023,1,Mumbai Indians,Chennai Super Kings,JC Archer,3,2,0,0,150.0,Chennai Super Kings,1.0,50.0,8.909090909090908,133.3736717827627,22,5.2,8.7,21.33333333333333,0.0,0.0,0.2,0.2,Low,Low
1359523,2023-05-06,2023,1,Mumbai Indians,Chennai Super Kings,N Wadhera,64,51,8,1,125.49019607843135,Chennai Super Kings,40.0,190.47619047619045,16.75,125.503663003663,4,16.75,16.75,0.0,3.0,3.0,1.25,1.25,High,Low
1359523,2023-05-06,2023,1,Mumbai Indians,Chennai Super Kings,PP Chawla,2,2,0,0,100.0,Chennai Super Kings,18.0,150.0,7.782051282051282,108.92283445674136,78,6.2,8.8,5.727272727272728,1.0,1.0,0.4,0.2,Low,Low
1359523,2023-05-06,2023,1,Mumbai Indians,Chennai Super Kings,RG Sharma,0,3,0,0,0.0,Chennai Super Kings,0.0,0.0,26.255411255411257,111.67619848304317,231,15.4,18.6,24.71875,0.0,0.0,2.0,0.6,Low,Low
1359523,2023-05-06,2023,1,Mumbai Indians,Chennai Super Kings,SA Yadav,26,22,3,0,118.1818181818182,Chennai Super Kings,66.0,212.9032258064516,24.66949152542373,133.08784396532988,118,41.6,28.0,24.153846153846157,8.0,2.0,5.2,1.8,Moderate,Low
1359523,2023-05-06,2023,1,Mumbai Indians,Chennai Super Kings,T Stubbs,20,21,2,0,95.23809523809524,Chennai Super Kings,5.0,50.0,2.333333333333333,50.0,3,2.333333333333333,2.333333333333333,2.5,0.0,0.0,0.0,0.0,Moderate,Low
1359523,2023-05-06,2023,1,Mumbai Indians,Chennai Super Kings,TH David,2,4,0,0,50.0,Chennai Super Kings,19.0,190.0,20.22222222222222,163.11749978416643,18,21.0,21.1,16.0,3.0,0.0,1.4,1.4,Low,Low
1359523,2023-05-06,2023,2,Chennai Super Kings,Mumbai Indians,AM Rahane,21,17,1,1,123.52941176470588,Mumbai Indians,15.0,115.38461538461536,27.90909090909091,103.7998738895424,154,32.6,29.2,29.82608695652174,0.0,0.0,2.2,1.6,Moderate,Low
1359523,2023-05-06,2023,2,Chennai Super Kings,Mumbai Indians,AT Rayudu,12,11,0,1,109.09090909090908,Mumbai Indians,0.0,0.0,23.738888888888887,114.47413984478158,180,8.8,10.1,25.07692307692308,0.0,0.0,1.0,0.2,Low,Low
1359523,2023-05-06,2023,2,Chennai Super Kings,Mumbai Indians,DP Conway,44,42,4,0,104.76190476190476,Mumbai Indians,92.0,176.9230769230769,41.625,106.26822113429256,16,63.2,43.0,0.0,16.0,1.0,7.8,2.2,High,Low
1359523,2023-05-06,2023,2,Chennai Super Kings,Mumbai Indians,MS Dhoni,2,3,0,0,66.66666666666666,Mumbai Indians,13.0,325.0,23.94312796208531,129.67707131983744,211,12.0,16.4,21.94117647058824,0.0,2.0,0.2,1.4,Low,Low
1359523,2023-05-06,2023,2,Chennai Super Kings,Mumbai Indians,RD Gaikwad,30,15,4,2,200.0,Mumbai Indians,37.0,119.35483870967742,34.68888888888889,105.82960591421256,45,31.4,35.6,23.166666666666668,4.0,1.0,2.6,1.0,Moderate,Low
1359523,2023-05-06,2023,2,Chennai Super Kings,Mumbai Indians,S Dube,26,18,0,3,144.44444444444443,Mumbai Indians,28.0,164.70588235294116,23.21951219512195,120.5505337724771,41,38.0,27.4,15.875,1.0,2.0,1.6,3.2,Moderate,Low
1359524,2023-05-06,2023,1,Royal Challengers Bangalore,Delhi Capitals,Anuj Rawat,8,3,0,1,266.66666666666663,Delhi Capitals,9.0,81.81818181818183,12.833333333333334,56.20212765957447,12,5.8,13.3,7.5,0.0,0.0,0.4,0.0,Low,Low
1359524,2023-05-06,2023,1,Royal Challengers Bangalore,Delhi Capitals,F du Plessis,45,32,5,1,140.625,Delhi Capitals,44.0,110.0,32.78813559322034,117.87207124846547,118,53.8,49.1,25.666666666666668,1.0,1.0,4.0,2.8,High,Low
1359524,2023-05-06,2023,1,Royal Challengers Bangalore,Delhi Capitals,GJ Maxwell,0,1,0,0,0.0,Delhi Capitals,4.0,80.0,22.45217391304348,128.68196736360017,115,32.4,28.6,31.33333333333333,0.0,0.0,2.0,2.4,Low,Low
1359524,2023-05-06,2023,1,Royal Challengers Bangalore,Delhi Capitals,KD Karthik,11,9,0,1,122.22222222222224,Delhi Capitals,16.0,145.45454545454547,20.53211009174312,118.80136780557947,218,17.8,10.5,15.4,1.0,1.0,1.6,0.6,Low,Low
1359524,2023-05-06,2023,1,Royal Challengers Bangalore,Delhi Capitals,MK Lomror,54,29,6,3,186.20689655172413,Delhi Capitals,3.0,75.0,16.428571428571427,125.86633798818671,21,10.4,14.8,13.5,0.0,0.0,0.6,0.6,High,Low
1359524,2023-05-06,2023,1,Royal Challengers Bangalore,Delhi Capitals,V Kohli,55,46,5,0,119.56521739130434,Delhi Capitals,31.0,103.33333333333334,30.964601769911503,116.64025539040638,226,30.0,37.1,26.75,3.0,0.0,3.0,0.2,High,Low
1359524,2023-05-06,2023,2,Delhi Capitals,Royal Challengers Bangalore,AR Patel,8,3,0,1,266.66666666666663,Royal Challengers Bangalore,27.0,90.0,14.302083333333334,125.57834585090488,96,26.0,25.7,15.333333333333334,2.0,1.0,2.2,0.6,Low,Low
1359524,2023-05-06,2023,2,Delhi Capitals,Royal Challengers Bangalore,DA Warner,22,14,3,1,157.14285714285714,Royal Challengers Bangalore,2.0,100.0,35.58045977011494,120.50528512655904,174,19.8,31.3,38.13636363636363,0.0,0.0,3.4,0.2,Moderate,Low
1359524,2023-05-06,2023,2,Delhi Capitals,Royal Challengers Bangalore,MR Marsh,26,17,3,1,152.94117647058823,Royal Challengers Bangalore,63.0,161.53846153846155,19.655172413793103,103.01913985527928,29,18.8,27.1,9.5,1.0,6.0,1.4,1.2,Moderate,Low
1359524,2023-05-06,2023,2,Delhi Capitals,Royal Challengers Bangalore,PD Salt,87,45,8,6,193.33333333333331,Royal Challengers Bangalore,0.0,0.0,16.0,83.80952380952382,4,16.0,16.0,0.0,0.0,0.0,2.5,0.0,High,Low
1359524,2023-05-06,2023,2,Delhi Capitals,Royal Challengers Bangalore,RR Rossouw,35,21,1,3,166.66666666666669,Royal Challengers Bangalore,8.0,133.33333333333331,11.666666666666666,90.3170769112798,9,13.2,11.666666666666666,0.0,2.0,0.0,1.6,0.4,Moderate,Low
1359525,2023-05-07,2023,1,Gujarat Titans,Lucknow Super Giants,DA Miller,21,12,2,1,175.0,Lucknow Super Giants,0.0,0.0,23.954545454545453,124.49576408027264,110,26.0,28.0,20.666666666666668,0.0,0.0,1.4,1.6,Moderate,Low
1359525,2023-05-07,2023,1,Gujarat Titans,Lucknow Super Giants,HH Pandya,25,15,1,2,166.66666666666669,Lucknow Super Giants,39.0,260.0,19.857142857142858,140.44531535000013,112,40.6,28.6,36.66666666666666,3.0,3.0,3.0,1.6,Moderate,Low
1359525,2023-05-07,2023,1,Gujarat Titans,Lucknow Super Giants,Shubman Gill,94,51,2,7,184.31372549019608,Lucknow Super Giants,36.0,105.88235294117648,28.4375,116.82360495969736,80,29.4,37.5,21.0,6.0,0.0,4.4,0.2,High,Low
1359525,2023-05-07,2023,1,Gujarat Titans,Lucknow Super Giants,WP Saha,81,42,10,4,192.8571428571429,Lucknow Super Giants,41.0,120.58823529411764,20.62204724409449,117.19459177157688,127,20.4,19.2,26.0,5.0,0.0,2.4,0.0,High,Low
1359525,2023-05-07,2023,2,Lucknow Super Giants,Gujarat Titans,A Badoni,21,11,1,2,190.9090909090909,Gujarat Titans,59.0,178.78787878787878,17.6,127.14711690454004,20,23.0,19.1,23.33333333333333,2.0,4.0,1.0,1.4,Moderate,Low
1359525,2023-05-07,2023,2,Lucknow Super Giants,Gujarat Titans,DJ Hooda,11,11,0,0,100.0,Gujarat Titans,1.0,50.0,15.176470588235292,117.72458580513268,85,3.6,9.8,28.0,0.0,0.0,0.4,0.0,Low,Low
1359525,2023-05-07,2023,2,Lucknow Super Giants,Gujarat Titans,KH Pandya,0,1,0,0,0.0,Gujarat Titans,0.0,0.0,15.73913043478261,125.7680288669962,92,9.2,12.2,16.333333333333332,0.0,0.0,1.4,0.2,Low,Low
1359525,2023-05-07,2023,2,Lucknow Super Giants,Gujarat Titans,KR Mayers,48,32,7,2,150.0,Gujarat Titans,14.0,82.35294117647058,31.1,125.4562882543916,10,28.6,31.1,24.0,2.0,0.0,3.0,1.6,High,Low
1359525,2023-05-07,2023,2,Lucknow Super Giants,Gujarat Titans,MP Stoinis,4,9,0,0,44.44444444444444,Gujarat Titans,6.0,150.0,18.91304347826087,118.8617738667914,69,22.4,23.5,1.0,1.0,0.0,1.8,1.2,Low,Low
1359525,2023-05-07,2023,2,Lucknow Super Giants,Gujarat Titans,N Pooran,3,6,0,0,50.0,Gujarat Titans,20.0,64.51612903225806,21.036363636363635,134.05449215194275,55,20.8,24.5,12.666666666666666,0.0,0.0,1.8,0.6,Low,Low
1359525,2023-05-07,2023,2,Lucknow Super Giants,Gujarat Titans,Q de Kock,70,41,7,3,170.73170731707316,Gujarat Titans,6.0,120.0,29.75268817204301,115.75255277069854,93,42.8,32.0,9.0,0.0,1.0,3.0,3.0,High,Low
1359525,2023-05-07,2023,2,Lucknow Super Giants,Gujarat Titans,Ravi Bishnoi,4,5,1,0,80.0,Gujarat Titans,5.0,50.0,2.375,78.83928571428572,8,2.2,2.375,0.0,0.0,0.0,0.0,0.0,Low,Low
1359525,2023-05-07,2023,2,Lucknow Super Giants,Gujarat Titans,Swapnil Singh,2,4,0,0,50.0,Gujarat Titans,10.0,58.82352941176471,4.0,52.94117647058823,3,4.0,4.0,0.0,0.0,0.0,0.0,0.0,Low,Low
1359526,2023-05-07,2023,1,Rajasthan Royals,Sunrisers Hyderabad,JC Buttler,95,59,10,4,161.01694915254237,Sunrisers Hyderabad,8.0,133.33333333333331,34.01086956521739,133.00801991189613,92,18.6,29.7,26.0,2.0,0.0,2.4,0.4,High,Low
1359526,2023-05-07,2023,1,Rajasthan Royals,Sunrisers Hyderabad,SO Hetmyer,7,5,0,0,140.0,Sunrisers Hyderabad,7.0,53.84615384615385,19.660377358490567,134.28071244958775,53,5.6,21.1,27.25,0.0,0.0,0.0,0.2,Low,Low
1359526,2023-05-07,2023,1,Rajasthan Royals,Sunrisers Hyderabad,SV Samson,66,38,4,5,173.6842105263158,Sunrisers Hyderabad,30.0,150.0,26.34965034965035,116.72071288213154,143,17.0,24.2,36.25,3.0,1.0,1.4,0.6,High,Low
1359526,2023-05-07,2023,1,Rajasthan Royals,Sunrisers Hyderabad,YBK Jaiswal,35,18,5,2,194.44444444444443,Sunrisers Hyderabad,14.0,127.27272727272728,29.96969696969697,122.03673840801484,33,61.2,44.2,30.5,1.0,1.0,6.8,3.4,Moderate,Low
1359526,2023-05-07,2023,2,Sunrisers Hyderabad,Rajasthan Royals,AK Markram,6,5,1,0,120.0,Rajasthan Royals,41.0,102.5,26.923076923076923,122.24569756312964,26,17.2,19.6,41.5,4.0,0.0,1.2,0.2,Low,Low
1359526,2023-05-07,2023,2,Sunrisers Hyderabad,Rajasthan Royals,Abdul Samad,17,6,0,2,283.33333333333337,Rajasthan Royals,21.0,123.52941176470588,13.56,118.13608174452575,25,22.2,14.3,15.333333333333334,3.0,0.0,1.6,1.0,Low,Low
1359526,2023-05-07,2023,2,Sunrisers Hyderabad,Rajasthan Royals,Abhishek Sharma,55,34,5,2,161.76470588235296,Rajasthan Royals,9.0,90.0,19.87804878048781,116.63097026073324,41,23.2,24.3,10.0,1.0,0.0,3.2,0.4,High,Low
1359526,2023-05-07,2023,2,Sunrisers Hyderabad,Rajasthan Royals,Anmolpreet Singh,33,25,4,1,132.0,Rajasthan Royals,31.0,119.23076923076924,15.0,111.8513431013431,4,15.0,15.0,5.0,3.0,1.0,1.5,0.5,Moderate,Low
1359526,2023-05-07,2023,2,Sunrisers Hyderabad,Rajasthan Royals,GD Phillips,25,7,1,3,357.1428571428572,Rajasthan Royals,8.0,133.33333333333331,8.5,107.69230769230768,4,8.5,8.5,8.0,0.0,1.0,0.25,0.75,Moderate,Low
1359526,2023-05-07,2023,2,Sunrisers Hyderabad,Rajasthan Royals,H Klaasen,26,12,2,2,216.66666666666663,Rajasthan Royals,36.0,180.0,21.25,141.44180563588458,12,34.6,24.8,6.0,1.0,3.0,2.2,2.0,Moderate,Low
1359526,2023-05-07,2023,2,Sunrisers Hyderabad,Rajasthan Royals,M Jansen,3,2,0,0,150.0,Rajasthan Royals,1.0,25.0,5.25,74.45075757575758,8,6.8,5.25,0.0,0.0,0.0,0.8,0.0,Low,Low
1359526,2023-05-07,2023,2,Sunrisers Hyderabad,Rajasthan Royals,RA Tripathi,47,29,2,3,162.06896551724137,Rajasthan Royals,20.0,250.0,23.951807228915666,127.1930854564361,83,14.6,21.0,19.2,3.0,1.0,1.0,0.6,High,Low
1359527,2023-05-08,2023,1,Punjab Kings,Kolkata Knight Riders,Harpreet Brar,17,9,2,1,188.88888888888889,Kolkata Knight Riders,5.0,250.0,9.928571428571429,129.656248464298,14,6.6,7.2,14.0,1.0,0.0,0.6,0.2,Low,Low
1359527,2023-05-08,2023,1,Punjab Kings,Kolkata Knight Riders,JM Sharma,21,18,0,2,116.66666666666669,Kolkata Knight Riders,49.0,181.4814814814815,23.65,170.31982340502162,20,32.0,23.9,21.0,5.0,2.0,1.8,2.6,Moderate,Low
1359527,2023-05-08,2023,1,Punjab Kings,Kolkata Knight Riders,LS Livingstone,15,8,3,0,187.5,Kolkata Knight Riders,82.0,205.0,25.214285714285715,140.21377276629377,28,31.4,33.1,12.5,7.0,4.0,2.0,2.0,Low,Low
1359527,2023-05-08,2023,1,Punjab Kings,Kolkata Knight Riders,M Shahrukh Khan,21,8,3,1,262.5,Kolkata Knight Riders,2.0,66.66666666666666,13.692307692307692,133.38854772678303,26,12.0,11.7,11.5,0.0,0.0,0.4,1.0,Moderate,Low
1359527,2023-05-08,2023,1,Punjab Kings,Kolkata Knight Riders,P Simran Singh,12,8,3,0,150.0,Kolkata Knight Riders,9.0,128.57142857142858,17.6875,108.64044962390552,16,26.4,21.9,13.5,1.0,0.0,2.2,1.6,Low,Low
1359527,2023-05-08,2023,1,Punjab Kings,Kolkata Knight Riders,PBB Rajapaksa,0,3,0,0,0.0,Kolkata Knight Riders,20.0,76.92307692307693,23.08333333333333,143.69791473958142,12,15.2,20.3,40.5,1.0,0.0,1.4,0.4,Low,Low
1359527,2023-05-08,2023,1,Punjab Kings,Kolkata Knight Riders,R Dhawan,19,11,1,1,172.72727272727272,Kolkata Knight Riders,1.0,100.0,9.095238095238097,124.05779405779406,21,7.6,8.2,12.333333333333334,0.0,0.0,0.8,0.4,Low,Low
1359527,2023-05-08,2023,1,Punjab Kings,Kolkata Knight Riders,S Dhawan,57,46,9,1,123.91304347826086,Kolkata Knight Riders,30.0,150.0,30.685446009389672,112.065424278948,213,33.2,37.1,28.33333333333333,5.0,0.0,4.6,1.2,High,Low
1359527,2023-05-08,2023,1,Punjab Kings,Kolkata Knight Riders,SM Curran,4,9,0,0,44.44444444444444,Kolkata Knight Riders,29.0,145.0,16.53125,136.2888742658572,32,24.2,19.6,23.0,1.0,1.0,2.0,1.2,Low,Low
1359527,2023-05-08,2023,2,Kolkata Knight Riders,Punjab Kings,AD Russell,42,23,3,3,182.6086956521739,Punjab Kings,24.0,160.0,23.967391304347824,149.80060536388055,92,21.2,16.6,38.333333333333336,1.0,2.0,0.8,2.0,High,Low
1359527,2023-05-08,2023,2,Kolkata Knight Riders,Punjab Kings,JJ Roy,38,24,8,0,158.33333333333331,Punjab Kings,20.0,111.11111111111111,29.94117647058824,123.53284549323284,17,42.8,34.2,0.0,4.0,0.0,4.8,2.2,Moderate,Low
1359527,2023-05-08,2023,2,Kolkata Knight Riders,Punjab Kings,N Rana,51,38,6,1,134.21052631578948,Punjab Kings,42.0,140.0,25.852631578947367,119.27809866319502,95,25.0,27.5,13.75,3.0,3.0,2.4,1.6,High,Low
1359527,2023-05-08,2023,2,Kolkata Knight Riders,Punjab Kings,RK Singh,21,10,2,1,210.0,Punjab Kings,46.0,131.42857142857142,22.68,127.47840160667724,25,28.4,31.6,4.0,4.0,1.0,2.0,1.4,Moderate,Low
1359527,2023-05-08,2023,2,Kolkata Knight Riders,Punjab Kings,Rahmanullah Gurbaz,15,12,1,1,125.0,Punjab Kings,0.0,0.0,26.142857142857142,95.63101627055116,7,20.8,26.142857142857142,22.0,0.0,0.0,1.2,1.6,Low,Low
1359527,2023-05-08,2023,2,Kolkata Knight Riders,Punjab Kings,VR Iyer,11,13,0,0,84.61538461538461,Punjab Kings,7.0,175.0,26.71875,109.50681764671728,32,13.8,30.3,34.666666666666664,1.0,0.0,1.2,0.2,Low,Low
1359528,2023-05-09,2023,1,Royal Challengers Bangalore,Mumbai Indians,Anuj Rawat,6,4,1,0,150.0,Mumbai Indians,8.0,266.66666666666663,12.461538461538462,72.39170758319695,13,6.6,14.1,66.0,0.0,1.0,0.2,0.2,Low,Low
1359528,2023-05-09,2023,1,Royal Challengers Bangalore,Mumbai Indians,F du Plessis,65,40,5,3,162.5,Mumbai Indians,45.0,140.625,32.890756302521005,118.06327233041117,119,50.4,51.1,24.22222222222222,5.0,1.0,4.0,2.2,High,Low
1359528,2023-05-09,2023,1,Royal Challengers Bangalore,Mumbai Indians,GJ Maxwell,68,33,8,4,206.0606060606061,Mumbai Indians,0.0,0.0,22.25862068965517,127.57264005874156,116,17.2,26.2,23.0625,0.0,0.0,1.4,0.8,High,Low
1359528,2023-05-09,2023,1,Royal Challengers Bangalore,Mumbai Indians,KD Karthik,30,18,4,1,166.66666666666669,Mumbai Indians,11.0,122.22222222222224,20.488584474885844,118.81698814538152,219,14.4,11.0,14.375,0.0,1.0,1.0,0.6,Moderate,Low
1359528,2023-05-09,2023,1,Royal Challengers Bangalore,Mumbai Indians,KM Jadhav,12,10,1,0,120.0,Mumbai Indians,12.0,100.0,14.95,112.64895159551818,80,11.0,11.7,16.4,0.0,0.0,0.4,0.4,Low,Low
1359528,2023-05-09,2023,1,Royal Challengers Bangalore,Mumbai Indians,MK Lomror,1,3,0,0,33.33333333333333,Mumbai Indians,54.0,186.20689655172413,18.13636363636364,128.60909065016568,22,21.2,16.0,11.0,6.0,3.0,1.8,1.2,Low,Low
1359528,2023-05-09,2023,1,Royal Challengers Bangalore,Mumbai Indians,PWH de Silva,12,8,2,0,150.0,Mumbai Indians,8.0,114.28571428571428,4.615384615384615,85.04360012457178,13,4.2,5.5,0.0,1.0,0.0,0.2,0.0,Low,Low
1359528,2023-05-09,2023,1,Royal Challengers Bangalore,Mumbai Indians,V Kohli,1,4,0,0,25.0,Mumbai Indians,55.0,119.56521739130434,31.0704845814978,116.65314068556452,227,39.8,41.9,27.61290322580645,5.0,0.0,3.8,0.2,Low,Low
1359528,2023-05-09,2023,2,Mumbai Indians,Royal Challengers Bangalore,C Green,2,2,0,0,100.0,Royal Challengers Bangalore,6.0,150.0,27.2,143.6336486510905,10,34.6,27.2,5.0,1.0,0.0,3.0,1.6,Low,Low
1359528,2023-05-09,2023,2,Mumbai Indians,Royal Challengers Bangalore,Ishan Kishan,42,21,4,4,200.0,Royal Challengers Bangalore,7.0,77.77777777777779,27.0375,114.3281916526894,80,24.8,29.3,24.818181818181817,1.0,0.0,2.6,0.8,High,Low
1359528,2023-05-09,2023,2,Mumbai Indians,Royal Challengers Bangalore,N Wadhera,52,33,4,3,157.57575757575756,Royal Challengers Bangalore,64.0,125.49019607843135,26.2,125.50096961861668,5,26.2,26.2,21.0,8.0,1.0,2.6,1.2,High,Low
1359528,2023-05-09,2023,2,Mumbai Indians,Royal Challengers Bangalore,RG Sharma,7,8,1,0,87.5,Royal Challengers Bangalore,0.0,0.0,26.142241379310345,111.1948355585473,232,9.8,18.4,26.2,0.0,0.0,0.8,0.6,Low,Low
1359528,2023-05-09,2023,2,Mumbai Indians,Royal Challengers Bangalore,SA Yadav,83,34,7,6,244.11764705882356,Royal Challengers Bangalore,26.0,118.1818181818182,24.680672268907564,132.96258324446003,119,45.4,29.3,21.375,3.0,0.0,5.8,1.6,High,Low
1359528,2023-05-09,2023,2,Mumbai Indians,Royal Challengers Bangalore,TH David,0,1,0,0,0.0,Royal Challengers Bangalore,2.0,50.0,19.26315789473684,157.16394716394714,19,18.2,17.9,4.0,0.0,0.0,1.0,1.4,Low,Low
1359529,2023-05-10,2023,1,Chennai Super Kings,Delhi Capitals,AM Rahane,21,20,2,0,105.0,Delhi Capitals,21.0,123.52941176470588,27.864516129032257,103.9271612306725,155,30.6,30.6,38.333333333333336,1.0,1.0,2.0,1.6,Moderate,Low
1359529,2023-05-10,2023,1,Chennai Super Kings,Delhi Capitals,AT Rayudu,23,17,1,1,135.29411764705884,Delhi Capitals,12.0,109.09090909090908,23.674033149171272,114.44439823840658,181,7.2,10.8,19.875,0.0,1.0,0.4,0.4,Moderate,Low
1359529,2023-05-10,2023,1,Chennai Super Kings,Delhi Capitals,DL Chahar,1,2,0,0,50.0,Delhi Capitals,1.0,100.0,7.181818181818182,95.0,11,1.6,6.5,0.0,0.0,0.0,0.0,0.0,Low,Low
1359529,2023-05-10,2023,1,Chennai Super Kings,Delhi Capitals,DP Conway,10,13,1,0,76.92307692307693,Delhi Capitals,44.0,104.76190476190476,41.76470588235294,106.179614288858,17,55.4,45.8,87.0,4.0,0.0,7.4,1.0,Low,Low
1359529,2023-05-10,2023,1,Chennai Super Kings,Delhi Capitals,MM Ali,7,12,0,0,58.333333333333336,Delhi Capitals,10.0,166.66666666666669,20.755102040816325,118.64372534471303,49,13.0,22.1,18.166666666666668,2.0,0.0,1.0,0.8,Low,Low
1359529,2023-05-10,2023,1,Chennai Super Kings,Delhi Capitals,MS Dhoni,20,9,1,2,222.22222222222223,Delhi Capitals,2.0,66.66666666666666,23.839622641509436,129.379852429964,212,10.0,14.5,17.77777777777778,0.0,0.0,0.2,1.0,Moderate,Low
1359529,2023-05-10,2023,1,Chennai Super Kings,Delhi Capitals,RA Jadeja,21,16,1,1,131.25,Delhi Capitals,12.0,120.0,15.817073170731708,130.56699361110688,164,17.6,11.7,19.4,0.0,0.0,0.8,1.0,Moderate,Low
1359529,2023-05-10,2023,1,Chennai Super Kings,Delhi Capitals,RD Gaikwad,24,18,4,0,133.33333333333331,Delhi Capitals,30.0,200.0,34.58695652173913,107.87678839433838,46,36.8,38.4,26.8,4.0,2.0,3.4,1.4,Moderate,Low
1359529,2023-05-10,2023,1,Chennai Super Kings,Delhi Capitals,S Dube,25,12,0,3,208.33333333333331,Delhi Capitals,26.0,144.44444444444443,23.285714285714285,121.11943640752392,42,41.6,29.0,17.2,0.0,3.0,1.4,3.8,Moderate,Low
1359529,2023-05-10,2023,1,Chennai Super Kings,Delhi Capitals,TU Deshpande,0,1,0,0,0.0,Delhi Capitals,20.0,222.22222222222223,10.5,127.77777777777776,2,10.5,10.5,0.0,2.0,1.0,1.0,0.5,Low,Low
1359529,2023-05-10,2023,2,Delhi Capitals,Chennai Super Kings,AR Patel,21,12,2,1,175.0,Chennai Super Kings,8.0,266.66666666666663,14.237113402061857,127.0328646222014,97,23.4,24.6,10.454545454545457,0.0,1.0,1.6,0.8,Moderate,Low
1359529,2023-05-10,2023,2,Delhi Capitals,Chennai Super Kings,Aman Hakim Khan,2,3,0,0,66.66666666666666,Chennai Super Kings,51.0,115.90909090909092,12.857142857142858,120.36796536796535,7,16.2,12.857142857142858,0.0,3.0,3.0,1.0,1.0,Low,Low
1359529,2023-05-10,2023,2,Delhi Capitals,Chennai Super Kings,DA Warner,0,2,0,0,0.0,Chennai Super Kings,22.0,157.14285714285714,35.502857142857145,120.7146426809379,175,20.4,33.0,31.0,3.0,1.0,3.2,0.4,Low,Low
1359529,2023-05-10,2023,2,Delhi Capitals,Chennai Super Kings,Kuldeep Yadav,0,1,0,0,0.0,Chennai Super Kings,0.0,0.0,5.25,77.17056120693891,24,2.8,2.9,2.5,0.0,0.0,0.4,0.0,Low,Low
1359529,2023-05-10,2023,2,Delhi Capitals,Chennai Super Kings,Lalit Yadav,12,5,3,0,240.0,Chennai Super Kings,4.0,57.14285714285714,16.294117647058822,91.33106685570004,17,14.4,13.6,0.0,0.0,0.0,1.2,0.2,Low,Low
1359529,2023-05-10,2023,2,Delhi Capitals,Chennai Super Kings,MK Pandey,27,29,1,2,93.10344827586206,Chennai Super Kings,1.0,25.0,24.14012738853503,106.70953445097516,157,21.4,19.9,18.36842105263158,0.0,0.0,1.8,0.2,Moderate,Low
1359529,2023-05-10,2023,2,Delhi Capitals,Chennai Super Kings,MR Marsh,5,4,1,0,125.0,Chennai Super Kings,26.0,152.94117647058823,19.866666666666667,104.68320774245626,30,23.2,27.2,12.666666666666666,3.0,1.0,1.8,1.4,Low,Low
1359529,2023-05-10,2023,2,Delhi Capitals,Chennai Super Kings,PD Salt,17,11,1,2,154.54545454545453,Chennai Super Kings,87.0,193.33333333333331,30.2,105.71428571428574,5,30.2,30.2,0.0,8.0,6.0,3.6,1.2,Low,Low
1359529,2023-05-10,2023,2,Delhi Capitals,Chennai Super Kings,RR Rossouw,35,37,2,1,94.5945945945946,Chennai Super Kings,35.0,166.66666666666669,14.0,97.95203588681848,10,17.4,14.0,7.5,1.0,3.0,1.6,0.8,Moderate,Low
1359529,2023-05-10,2023,2,Delhi Capitals,Chennai Super Kings,RV Patel,10,16,0,0,62.5,Chennai Super Kings,23.0,176.9230769230769,11.666666666666666,131.29273504273505,6,10.4,11.666666666666666,12.0,2.0,1.0,0.8,0.4,Low,Low
1359530,2023-05-11,2023,1,Kolkata Knight Riders,Rajasthan Royals,AD Russell,10,10,0,1,100.0,Rajasthan Royals,42.0,182.6086956521739,24.161290322580644,150.15338052827082,93,22.0,17.3,17.7,3.0,3.0,1.2,1.8,Low,Low
1359530,2023-05-11,2023,1,Kolkata Knight Riders,Rajasthan Royals,AS Roy,6,6,0,0,100.0,Rajasthan Royals,13.0,185.7142857142857,4.25,66.42857142857143,4,4.25,4.25,0.0,2.0,0.0,0.75,0.0,Low,Low
1359530,2023-05-11,2023,1,Kolkata Knight Riders,Rajasthan Royals,JJ Roy,10,8,2,0,125.0,Rajasthan Royals,38.0,158.33333333333331,30.38888888888889,125.46620592879395,18,43.6,36.8,60.0,8.0,0.0,5.2,2.2,Low,Low
1359530,2023-05-11,2023,1,Kolkata Knight Riders,Rajasthan Royals,N Rana,22,17,2,0,129.41176470588235,Rajasthan Royals,51.0,134.21052631578948,26.11458333333333,119.43364478457625,96,34.4,30.2,20.2,6.0,1.0,3.4,1.8,Moderate,Low
1359530,2023-05-11,2023,1,Kolkata Knight Riders,Rajasthan Royals,RK Singh,16,18,0,1,88.88888888888889,Rajasthan Royals,21.0,210.0,22.615384615384617,130.65230923718966,26,31.4,33.3,22.5,2.0,1.0,2.2,1.6,Low,Low
1359530,2023-05-11,2023,1,Kolkata Knight Riders,Rajasthan Royals,Rahmanullah Gurbaz,18,12,1,2,150.0,Rajasthan Royals,15.0,125.0,24.75,99.30213923673226,8,20.8,24.75,0.0,1.0,1.0,1.2,1.6,Low,Low
1359530,2023-05-11,2023,1,Kolkata Knight Riders,Rajasthan Royals,SN Thakur,1,2,0,0,50.0,Rajasthan Royals,8.0,133.33333333333331,9.4,110.32002856322276,30,6.6,14.0,5.5,1.0,0.0,0.8,0.0,Low,Low
1359530,2023-05-11,2023,1,Kolkata Knight Riders,Rajasthan Royals,SP Narine,6,5,1,0,120.0,Rajasthan Royals,1.0,50.0,11.544444444444444,119.8753414284374,90,1.4,3.6,12.909090909090908,0.0,0.0,0.2,0.0,Low,Low
1359530,2023-05-11,2023,1,Kolkata Knight Riders,Rajasthan Royals,VR Iyer,57,42,2,4,135.71428571428572,Rajasthan Royals,11.0,84.61538461538461,26.24242424242424,108.75253179728296,33,16.0,28.0,22.0,0.0,0.0,1.2,0.2,High,Low
1359530,2023-05-11,2023,2,Rajasthan Royals,Kolkata Knight Riders,JC Buttler,0,3,0,0,0.0,Kolkata Knight Riders,95.0,161.01694915254237,34.666666666666664,133.3091911940536,93,29.6,33.8,33.63636363636363,10.0,4.0,3.6,1.0,Low,Low
1359530,2023-05-11,2023,2,Rajasthan Royals,Kolkata Knight Riders,SV Samson,48,29,2,5,165.51724137931035,Kolkata Knight Riders,66.0,173.6842105263158,26.625,117.11629272688282,144,29.8,25.3,26.05555555555556,4.0,5.0,2.2,1.6,High,Low
1359530,2023-05-11,2023,2,Rajasthan Royals,Kolkata Knight Riders,YBK Jaiswal,98,47,13,5,208.5106382978724,Kolkata Knight Riders,35.0,194.44444444444443,30.11764705882353,124.166376820851,34,59.4,42.3,11.0,5.0,2.0,7.0,3.4,High,Low
1359531,2023-05-12,2023,1,Mumbai Indians,Gujarat Titans,C Green,3,3,0,0,100.0,Gujarat Titans,2.0,100.0,24.90909090909091,139.6669533191732,11,21.6,26.9,33.0,0.0,0.0,1.8,1.0,Low,Low
1359531,2023-05-12,2023,1,Mumbai Indians,Gujarat Titans,Ishan Kishan,31,20,4,1,155.0,Gujarat Titans,42.0,200.0,27.22222222222222,115.3858682989525,81,33.0,32.5,29.0,4.0,4.0,3.4,1.6,Moderate,Low
1359531,2023-05-12,2023,1,Mumbai Indians,Gujarat Titans,N Wadhera,15,7,1,1,214.28571428571428,Gujarat Titans,52.0,157.57575757575756,30.5,130.8467676114735,6,32.4,30.5,40.0,4.0,3.0,3.2,1.4,Low,Low
1359531,2023-05-12,2023,1,Mumbai Indians,Gujarat Titans,RG Sharma,29,18,3,2,161.11111111111111,Gujarat Titans,7.0,87.5,26.06008583690987,111.09314098533464,233,2.4,19.0,22.5,1.0,0.0,0.2,0.0,Moderate,Low
1359531,2023-05-12,2023,1,Mumbai Indians,Gujarat Titans,SA Yadav,103,49,11,6,210.20408163265304,Gujarat Titans,83.0,244.11764705882356,25.166666666666668,133.88887544291305,120,50.6,36.1,18.0,7.0,6.0,5.8,2.2,High,Low
1359531,2023-05-12,2023,1,Mumbai Indians,Gujarat Titans,TH David,5,3,1,0,166.66666666666669,Gujarat Titans,0.0,0.0,18.3,149.3057498057498,20,13.2,17.5,22.0,0.0,0.0,1.0,1.0,Low,Low
1359531,2023-05-12,2023,1,Mumbai Indians,Gujarat Titans,Vishnu Vinod,30,20,2,2,150.0,Gujarat Titans,3.0,33.33333333333333,6.333333333333333,90.55555555555556,3,6.333333333333333,6.333333333333333,0.0,0.0,0.0,0.3333333333333333,0.3333333333333333,Moderate,Low
1359531,2023-05-12,2023,2,Gujarat Titans,Mumbai Indians,A Manohar,2,3,0,0,66.66666666666666,Mumbai Indians,26.0,78.78787878787878,18.33333333333333,121.33366633366632,12,22.4,20.4,42.0,0.0,1.0,1.2,1.4,Low,Low
1359531,2023-05-12,2023,2,Gujarat Titans,Mumbai Indians,AS Joseph,7,12,1,0,58.333333333333336,Mumbai Indians,4.0,80.0,5.0,73.84615384615384,4,5.0,5.0,0.0,0.0,0.0,0.5,0.0,Low,Low
1359531,2023-05-12,2023,2,Gujarat Titans,Mumbai Indians,DA Miller,41,26,4,2,157.69230769230768,Mumbai Indians,21.0,175.0,23.92792792792793,124.9507571966666,111,21.0,23.3,23.071428571428573,2.0,1.0,1.2,1.4,High,Low
1359531,2023-05-12,2023,2,Gujarat Titans,Mumbai Indians,HH Pandya,4,3,1,0,133.33333333333331,Mumbai Indians,25.0,166.66666666666669,19.90265486725664,140.67736270678478,113,32.4,27.7,18.5,1.0,2.0,2.8,1.2,Low,Low
1359531,2023-05-12,2023,2,Gujarat Titans,Mumbai Indians,Noor Ahmad,1,3,0,0,33.33333333333333,Mumbai Indians,0.0,0.0,0.0,0.0,0,0.0,0.0,0.0,0.0,0.0,0.0,0.0,Low,Low
1359531,2023-05-12,2023,2,Gujarat Titans,Mumbai Indians,R Tewatia,14,13,1,0,107.6923076923077,Mumbai Indians,20.0,285.7142857142857,15.403846153846152,131.63692301912965,52,9.6,10.1,9.8,0.0,3.0,0.2,1.2,Low,Low
1359531,2023-05-12,2023,2,Gujarat Titans,Mumbai Indians,Rashid Khan,79,32,3,10,246.875,Mumbai Indians,3.0,150.0,7.311111111111111,118.48783315449982,45,7.0,10.7,2.555555555555556,0.0,0.0,0.4,0.6,High,Low
1359531,2023-05-12,2023,2,Gujarat Titans,Mumbai Indians,Shubman Gill,6,9,0,0,66.66666666666666,Mumbai Indians,94.0,184.31372549019608,29.246913580246915,117.6568163242714,81,48.2,40.6,30.444444444444443,2.0,7.0,4.8,1.6,Low,Low
1359531,2023-05-12,2023,2,Gujarat Titans,Mumbai Indians,V Shankar,29,14,6,0,207.1428571428572,Mumbai Indians,6.0,66.66666666666666,19.5,119.51317635816902,48,29.8,22.0,17.571428571428573,1.0,0.0,1.8,2.2,Moderate,Low
1359531,2023-05-12,2023,2,Gujarat Titans,Mumbai Indians,WP Saha,2,5,0,0,40.0,Mumbai Indians,81.0,192.8571428571429,21.09375,117.78570545193286,128,27.2,24.8,27.266666666666666,10.0,4.0,3.2,0.8,Low,Low
1359532,2023-05-13,2023,1,Sunrisers Hyderabad,Lucknow Super Giants,AK Markram,28,20,2,1,140.0,Lucknow Super Giants,6.0,120.0,26.14814814814815,122.16252357931002,27,14.0,20.0,6.0,1.0,0.0,1.2,0.0,Moderate,Low
1359532,2023-05-13,2023,1,Sunrisers Hyderabad,Lucknow Super Giants,Abdul Samad,37,25,1,4,148.0,Lucknow Super Giants,17.0,283.33333333333337,13.692307692307692,124.48982219024914,26,19.2,13.5,10.5,0.0,2.0,1.2,1.2,Moderate,Low
1359532,2023-05-13,2023,1,Sunrisers Hyderabad,Lucknow Super Giants,Abhishek Sharma,7,4,1,0,175.0,Lucknow Super Giants,55.0,161.76470588235296,20.714285714285715,117.70558301362895,42,34.0,25.5,13.0,5.0,2.0,4.2,0.8,Low,Low
1359532,2023-05-13,2023,1,Sunrisers Hyderabad,Lucknow Super Giants,Anmolpreet Singh,36,27,7,0,133.33333333333331,Lucknow Super Giants,33.0,132.0,18.6,115.88107448107448,5,18.6,18.6,31.0,4.0,1.0,2.0,0.6,Moderate,Low
1359532,2023-05-13,2023,1,Sunrisers Hyderabad,Lucknow Super Giants,B Kumar,2,1,0,0,200.0,Lucknow Super Giants,5.0,100.0,4.379310344827586,85.85877245360004,58,4.0,4.4,1.0,1.0,0.0,0.4,0.0,Low,Low
1359532,2023-05-13,2023,1,Sunrisers Hyderabad,Lucknow Super Giants,GD Phillips,0,1,0,0,0.0,Lucknow Super Giants,25.0,357.1428571428572,11.8,157.58241758241758,5,11.8,11.8,0.0,1.0,3.0,0.4,1.2,Low,Low
1359532,2023-05-13,2023,1,Sunrisers Hyderabad,Lucknow Super Giants,H Klaasen,47,29,3,3,162.06896551724137,Lucknow Super Giants,26.0,216.66666666666663,21.615384615384617,147.2283334074832,13,32.6,24.2,0.0,2.0,2.0,1.8,2.0,High,Low
1359532,2023-05-13,2023,1,Sunrisers Hyderabad,Lucknow Super Giants,RA Tripathi,20,13,4,0,153.84615384615387,Lucknow Super Giants,47.0,162.06896551724137,24.226190476190474,127.60827450477902,84,22.6,23.7,39.0,2.0,3.0,1.2,1.2,Moderate,Low
1359532,2023-05-13,2023,2,Lucknow Super Giants,Sunrisers Hyderabad,KR Mayers,2,14,0,0,14.285714285714285,Sunrisers Hyderabad,48.0,150.0,32.63636363636363,127.68753477671964,11,28.0,28.6,13.0,7.0,2.0,3.6,1.4,Low,Low
1359532,2023-05-13,2023,2,Lucknow Super Giants,Sunrisers Hyderabad,MP Stoinis,40,25,2,3,160.0,Sunrisers Hyderabad,4.0,44.44444444444444,18.7,117.7986691607579,70,19.0,22.7,13.2,0.0,0.0,1.4,1.2,High,Low
1359532,2023-05-13,2023,2,Lucknow Super Giants,Sunrisers Hyderabad,N Pooran,44,13,3,4,338.46153846153845,Sunrisers Hyderabad,3.0,50.0,20.714285714285715,132.5535190778009,56,15.6,21.2,29.8,0.0,0.0,1.4,0.4,High,Low
1359532,2023-05-13,2023,2,Lucknow Super Giants,Sunrisers Hyderabad,PN Mankad,64,45,7,2,142.22222222222223,Sunrisers Hyderabad,4.0,400.0,4.0,400.0,1,4.0,4.0,4.0,1.0,0.0,1.0,0.0,High,Low
1359532,2023-05-13,2023,2,Lucknow Super Giants,Sunrisers Hyderabad,Q de Kock,29,19,3,1,152.63157894736844,Sunrisers Hyderabad,70.0,170.73170731707316,30.180851063829788,116.3374373935323,94,46.8,36.6,33.81818181818182,7.0,3.0,3.6,3.0,Moderate,Low
1359533,2023-05-13,2023,1,Punjab Kings,Delhi Capitals,Harpreet Brar,2,5,0,0,40.0,Delhi Capitals,17.0,188.88888888888889,10.4,133.60509115927073,15,9.8,7.5,8.333333333333334,2.0,1.0,1.0,0.4,Low,Low
1359533,2023-05-13,2023,1,Punjab Kings,Delhi Capitals,JM Sharma,5,5,1,0,100.0,Delhi Capitals,21.0,116.66666666666669,23.52380952380953,167.76491117938565,21,28.0,23.9,38.0,0.0,2.0,1.4,2.4,Low,Low
1359533,2023-05-13,2023,1,Punjab Kings,Delhi Capitals,LS Livingstone,4,5,1,0,80.0,Delhi Capitals,15.0,187.5,24.86206896551724,141.84433232607677,29,34.0,31.6,5.0,3.0,0.0,2.6,2.0,Low,Low
1359533,2023-05-13,2023,1,Punjab Kings,Delhi Capitals,M Shahrukh Khan,2,4,0,0,50.0,Delhi Capitals,21.0,262.5,13.962962962962964,138.1704533665318,27,11.8,12.6,10.333333333333334,3.0,1.0,0.8,0.8,Low,Low
1359533,2023-05-13,2023,1,Punjab Kings,Delhi Capitals,P Simran Singh,103,65,10,6,158.46153846153845,Delhi Capitals,12.0,150.0,17.352941176470587,111.07336435191108,17,19.6,20.8,12.0,3.0,0.0,2.2,0.8,High,Low
1359533,2023-05-13,2023,1,Punjab Kings,Delhi Capitals,S Dhawan,7,5,0,1,140.0,Delhi Capitals,57.0,123.91304347826086,30.80841121495327,112.12078698548684,214,24.8,40.7,14.0,9.0,1.0,4.0,0.4,Low,Low
1359533,2023-05-13,2023,1,Punjab Kings,Delhi Capitals,SM Curran,20,24,1,0,83.33333333333334,Delhi Capitals,4.0,44.44444444444444,16.151515151515152,133.5057097258144,33,23.8,19.6,11.0,0.0,0.0,1.8,1.2,Moderate,Low
1359533,2023-05-13,2023,1,Punjab Kings,Delhi Capitals,Sikandar Raza,11,7,0,1,157.14285714285714,Delhi Capitals,13.0,185.7142857142857,21.33333333333333,124.13088266746804,6,22.4,21.33333333333333,0.0,1.0,0.0,1.8,0.8,Low,Low
1359533,2023-05-13,2023,2,Delhi Capitals,Punjab Kings,AR Patel,1,2,0,0,50.0,Punjab Kings,21.0,175.0,14.306122448979592,127.52232518728098,98,23.8,25.1,17.0,2.0,1.0,1.8,1.0,Low,Low
1359533,2023-05-13,2023,2,Delhi Capitals,Punjab Kings,Aman Hakim Khan,16,18,1,1,88.88888888888889,Punjab Kings,2.0,66.66666666666666,11.5,113.65530303030305,8,15.0,11.5,0.0,0.0,0.0,1.0,0.8,Low,Low
1359533,2023-05-13,2023,2,Delhi Capitals,Punjab Kings,DA Warner,54,27,10,1,200.0,Punjab Kings,0.0,0.0,35.30113636363637,120.02876402934166,176,9.0,27.4,24.75,0.0,0.0,1.0,0.4,High,Low
1359533,2023-05-13,2023,2,Delhi Capitals,Punjab Kings,Kuldeep Yadav,10,17,0,0,58.82352941176471,Punjab Kings,0.0,0.0,5.04,74.08373875866135,25,2.2,2.4,2.0,0.0,0.0,0.4,0.0,Low,Low
1359533,2023-05-13,2023,2,Delhi Capitals,Punjab Kings,MK Pandey,0,3,0,0,0.0,Punjab Kings,27.0,93.10344827586206,24.158227848101262,106.62341998151244,158,16.8,18.8,13.0,1.0,2.0,1.0,0.4,Low,Low
1359533,2023-05-13,2023,2,Delhi Capitals,Punjab Kings,MR Marsh,3,4,0,0,75.0,Punjab Kings,5.0,125.0,19.387096774193548,105.3385881378609,31,24.2,18.8,63.0,1.0,0.0,2.0,1.4,Low,Low
1359533,2023-05-13,2023,2,Delhi Capitals,Punjab Kings,Mukesh Kumar,6,7,0,0,85.71428571428571,Punjab Kings,1.0,100.0,0.5,50.0,2,0.5,0.5,0.0,0.0,0.0,0.0,0.0,Low,Low
1359533,2023-05-13,2023,2,Delhi Capitals,Punjab Kings,P Dubey,16,20,2,0,80.0,Punjab Kings,7.0,53.84615384615385,7.0,53.84615384615385,1,7.0,7.0,0.0,0.0,0.0,0.0,0.0,Low,Low
1359533,2023-05-13,2023,2,Delhi Capitals,Punjab Kings,PD Salt,21,17,3,0,123.52941176470588,Punjab Kings,17.0,154.54545454545453,28.0,113.85281385281388,6,32.6,28.0,0.0,1.0,2.0,3.6,1.6,Moderate,Low
1359533,2023-05-13,2023,2,Delhi Capitals,Punjab Kings,RR Rossouw,5,5,1,0,100.0,Punjab Kings,35.0,94.5945945945946,15.909090909090908,97.64681395116176,11,18.4,16.1,0.0,2.0,1.0,1.4,0.8,Low,Low
1359534,2023-05-14,2023,1,Royal Challengers Bangalore,Rajasthan Royals,Anuj Rawat,29,11,3,2,263.6363636363636,Rajasthan Royals,6.0,150.0,12.0,77.93515704154002,14,7.8,12.1,26.0,1.0,0.0,0.4,0.2,Moderate,Low
1359534,2023-05-14,2023,1,Royal Challengers Bangalore,Rajasthan Royals,F du Plessis,55,44,3,2,125.0,Rajasthan Royals,65.0,162.5,33.15833333333333,118.4335783943244,120,46.6,50.3,31.0,5.0,3.0,4.0,1.8,High,Low
1359534,2023-05-14,2023,1,Royal Challengers Bangalore,Rajasthan Royals,GJ Maxwell,54,33,5,3,163.63636363636363,Rajasthan Royals,68.0,206.0606060606061,22.64957264957265,128.2434773749968,117,30.8,31.8,24.07692307692308,8.0,4.0,3.0,1.6,High,Low
1359534,2023-05-14,2023,1,Royal Challengers Bangalore,Rajasthan Royals,KD Karthik,0,2,0,0,0.0,Rajasthan Royals,30.0,166.66666666666669,20.53181818181818,119.0344866841146,220,19.0,14.0,23.33333333333333,4.0,1.0,1.6,0.8,Low,Low
1359534,2023-05-14,2023,1,Royal Challengers Bangalore,Rajasthan Royals,MG Bracewell,9,9,0,0,100.0,Rajasthan Royals,19.0,105.55555555555556,19.0,105.55555555555556,1,19.0,19.0,0.0,1.0,1.0,1.0,1.0,Low,Low
1359534,2023-05-14,2023,1,Royal Challengers Bangalore,Rajasthan Royals,MK Lomror,1,2,0,0,50.0,Rajasthan Royals,1.0,33.33333333333333,17.391304347826086,124.46666641899908,23,20.0,15.5,8.0,0.0,0.0,1.6,1.2,Low,Low
1359534,2023-05-14,2023,1,Royal Challengers Bangalore,Rajasthan Royals,V Kohli,18,19,1,0,94.73684210526316,Rajasthan Royals,1.0,25.0,30.93859649122807,116.2511532264173,228,28.2,33.8,22.22222222222222,0.0,0.0,2.8,0.0,Low,Low
1359534,2023-05-14,2023,2,Rajasthan Royals,Royal Challengers Bangalore,A Zampa,2,6,0,0,33.33333333333333,Royal Challengers Bangalore,7.0,77.77777777777779,3.25,62.3015873015873,4,3.25,3.25,0.0,0.0,0.0,0.25,0.0,Low,Low
1359534,2023-05-14,2023,2,Rajasthan Royals,Royal Challengers Bangalore,D Padikkal,4,4,1,0,100.0,Royal Challengers Bangalore,12.0,100.0,26.654545454545456,107.1482080120316,55,23.8,20.8,26.25,1.0,0.0,3.4,0.2,Low,Low
1359534,2023-05-14,2023,2,Rajasthan Royals,Royal Challengers Bangalore,Dhruv Jurel,1,7,0,0,14.285714285714285,Royal Challengers Bangalore,9.0,112.5,15.666666666666666,149.44444444444446,9,15.8,15.666666666666666,34.0,1.0,0.0,1.2,0.8,Low,Low
1359534,2023-05-14,2023,2,Rajasthan Royals,Royal Challengers Bangalore,JC Buttler,0,2,0,0,0.0,Royal Challengers Bangalore,0.0,0.0,34.297872340425535,131.89100830901046,94,29.6,31.9,31.692307692307693,0.0,0.0,3.6,1.0,Low,Low
1359534,2023-05-14,2023,2,Rajasthan Royals,Royal Challengers Bangalore,JE Root,10,15,1,0,66.66666666666666,Royal Challengers Bangalore,0.0,0.0,0.0,0.0,0,0.0,0.0,0.0,0.0,0.0,0.0,0.0,Low,Low
1359534,2023-05-14,2023,2,Rajasthan Royals,Royal Challengers Bangalore,KM Asif,0,2,0,0,0.0,Royal Challengers Bangalore,0.0,0.0,0.0,0.0,0,0.0,0.0,0.0,0.0,0.0,0.0,0.0,Low,Low
1359534,2023-05-14,2023,2,Rajasthan Royals,Royal Challengers Bangalore,SO Hetmyer,35,19,1,4,184.21052631578948,Royal Challengers Bangalore,7.0,140.0,19.425925925925927,134.3866251820028,54,6.6,19.6,20.428571428571427,0.0,0.0,0.0,0.2,Moderate,Low
1359534,2023-05-14,2023,2,Rajasthan Royals,Royal Challengers Bangalore,SV Samson,4,5,1,0,80.0,Royal Challengers Bangalore,48.0,165.51724137931035,26.77241379310345,117.45009237276165,145,35.0,25.9,18.95,2.0,5.0,2.2,2.4,Low,Low
1359534,2023-05-14,2023,2,Rajasthan Royals,Royal Challengers Bangalore,Sandeep Sharma,0,1,0,0,0.0,Royal Challengers Bangalore,2.0,40.0,2.25,68.0324074074074,24,2.4,2.8,5.25,0.0,0.0,0.2,0.0,Low,Low
1359534,2023-05-14,2023,2,Rajasthan Royals,Royal Challengers Bangalore,YBK Jaiswal,0,2,0,0,0.0,Royal Challengers Bangalore,98.0,208.5106382978724,32.05714285714286,126.5762128630516,35,69.6,51.0,25.75,13.0,5.0,8.6,4.0,Low,Low
1359535,2023-05-14,2023,1,Chennai Super Kings,Kolkata Knight Riders,AM Rahane,16,11,1,1,145.45454545454547,Kolkata Knight Riders,21.0,105.0,27.82051282051282,103.93403840227074,156,27.4,31.9,26.142857142857142,2.0,0.0,1.8,1.2,Low,Low
1359535,2023-05-14,2023,1,Chennai Super Kings,Kolkata Knight Riders,AT Rayudu,4,7,0,0,57.14285714285714,Kolkata Knight Riders,23.0,135.29411764705884,23.67032967032967,114.55895713625632,182,11.6,12.1,22.15,1.0,1.0,0.6,0.6,Low,Low
1359535,2023-05-14,2023,1,Chennai Super Kings,Kolkata Knight Riders,DP Conway,30,28,3,0,107.14285714285714,Kolkata Knight Riders,10.0,76.92307692307693,40.0,104.55425110187016,18,42.0,46.7,29.5,1.0,0.0,5.2,0.8,Moderate,Low
1359535,2023-05-14,2023,1,Chennai Super Kings,Kolkata Knight Riders,MM Ali,1,2,0,0,50.0,Kolkata Knight Riders,7.0,58.333333333333336,20.48,117.43751750448544,50,13.0,22.8,32.0,0.0,0.0,1.0,0.8,Low,Low
1359535,2023-05-14,2023,1,Chennai Super Kings,Kolkata Knight Riders,MS Dhoni,2,2,0,0,100.0,Kolkata Knight Riders,20.0,222.22222222222223,23.821596244131456,129.81573210035015,213,7.6,12.9,21.26923076923077,1.0,2.0,0.2,0.8,Low,Low
1359535,2023-05-14,2023,1,Chennai Super Kings,Kolkata Knight Riders,RA Jadeja,20,23,0,1,86.95652173913044,Kolkata Knight Riders,21.0,131.25,15.848484848484848,130.57113304376685,165,16.8,11.7,17.48,1.0,1.0,0.8,0.8,Moderate,Low
1359535,2023-05-14,2023,1,Chennai Super Kings,Kolkata Knight Riders,RD Gaikwad,17,13,2,0,130.76923076923077,Kolkata Knight Riders,24.0,133.33333333333331,34.361702127659576,108.41841701006166,47,34.6,31.6,40.5,4.0,0.0,3.8,1.4,Low,Low
1359535,2023-05-14,2023,1,Chennai Super Kings,Kolkata Knight Riders,S Dube,48,34,1,3,141.1764705882353,Kolkata Knight Riders,25.0,208.33333333333331,23.32558139534884,123.14766656858929,43,36.2,31.5,23.25,0.0,3.0,1.0,3.4,High,Low
1359535,2023-05-14,2023,2,Kolkata Knight Riders,Chennai Super Kings,AD Russell,2,2,0,0,100.0,Chennai Super Kings,10.0,100.0,24.01063829787234,149.6198339269062,94,22.2,18.3,28.09090909090909,0.0,1.0,1.2,1.8,Low,Low
1359535,2023-05-14,2023,2,Kolkata Knight Riders,Chennai Super Kings,JJ Roy,12,15,1,0,80.0,Chennai Super Kings,10.0,125.0,29.31578947368421,125.4416687746469,19,37.0,31.8,31.5,2.0,0.0,4.6,2.0,Low,Low
1359535,2023-05-14,2023,2,Kolkata Knight Riders,Chennai Super Kings,N Rana,57,44,6,1,129.54545454545453,Chennai Super Kings,22.0,129.41176470588235,26.072164948453608,119.5365120002598,97,33.4,32.3,22.7,2.0,0.0,3.0,1.6,High,Low
1359535,2023-05-14,2023,2,Kolkata Knight Riders,Chennai Super Kings,RK Singh,54,42,4,3,128.57142857142858,Chennai Super Kings,16.0,88.88888888888889,22.37037037037037,129.1055158909563,27,24.0,30.3,20.5,0.0,1.0,1.6,1.0,High,Low
1359535,2023-05-14,2023,2,Kolkata Knight Riders,Chennai Super Kings,Rahmanullah Gurbaz,1,4,0,0,25.0,Chennai Super Kings,18.0,150.0,24.0,104.93523487709534,9,24.4,24.0,0.0,1.0,2.0,1.4,2.0,Low,Low
1359535,2023-05-14,2023,2,Kolkata Knight Riders,Chennai Super Kings,VR Iyer,9,4,2,0,225.0,Chennai Super Kings,57.0,135.71428571428572,27.147058823529413,109.54552455954774,34,23.4,33.4,26.0,2.0,4.0,1.2,0.8,Low,Low
1359536,2023-05-15,2023,1,Gujarat Titans,Sunrisers Hyderabad,B Sai Sudharsan,47,34,6,1,138.23529411764704,Sunrisers Hyderabad,20.0,105.26315789473684,32.1,124.80753290151786,10,35.2,32.1,11.0,2.0,0.0,2.8,0.8,High,Low
1359536,2023-05-15,2023,1,Gujarat Titans,Sunrisers Hyderabad,DA Miller,7,5,1,0,140.0,Sunrisers Hyderabad,41.0,157.69230769230768,24.080357142857142,125.24309246894911,112,28.0,24.2,17.076923076923077,4.0,2.0,2.0,1.8,Low,Low
1359536,2023-05-15,2023,1,Gujarat Titans,Sunrisers Hyderabad,HH Pandya,8,6,1,0,133.33333333333331,Sunrisers Hyderabad,4.0,133.33333333333331,19.76315789473684,140.61294139649135,114,30.6,27.3,13.307692307692308,1.0,0.0,2.8,1.2,Low,Low
1359536,2023-05-15,2023,1,Gujarat Titans,Sunrisers Hyderabad,MD Shanaka,9,7,1,0,128.57142857142858,Sunrisers Hyderabad,0.0,0.0,0.0,0.0,0,0.0,0.0,0.0,0.0,0.0,0.0,0.0,Low,Low
1359536,2023-05-15,2023,1,Gujarat Titans,Sunrisers Hyderabad,MM Sharma,0,1,0,0,0.0,Sunrisers Hyderabad,0.0,0.0,4.88,90.6142857142857,25,2.0,3.8,6.0,0.0,0.0,0.2,0.0,Low,Low
1359536,2023-05-15,2023,1,Gujarat Titans,Sunrisers Hyderabad,Mohammed Shami,0,1,0,0,0.0,Sunrisers Hyderabad,1.0,50.0,3.2857142857142856,73.80952380952381,21,3.0,4.6,1.3333333333333333,0.0,0.0,0.0,0.0,Low,Low
1359536,2023-05-15,2023,1,Gujarat Titans,Sunrisers Hyderabad,Noor Ahmad,0,1,0,0,0.0,Sunrisers Hyderabad,1.0,33.33333333333333,1.0,33.33333333333333,1,1.0,1.0,0.0,0.0,0.0,0.0,0.0,Low,Low
1359536,2023-05-15,2023,1,Gujarat Titans,Sunrisers Hyderabad,R Tewatia,3,3,0,0,100.0,Sunrisers Hyderabad,14.0,107.6923076923077,15.37735849056604,131.18513782428394,53,11.4,10.4,16.333333333333332,1.0,0.0,0.2,1.2,Low,Low
1359536,2023-05-15,2023,1,Gujarat Titans,Sunrisers Hyderabad,Rashid Khan,0,1,0,0,0.0,Sunrisers Hyderabad,79.0,246.875,8.869565217391305,121.27885852070636,46,19.0,14.6,15.5,3.0,10.0,0.8,2.2,Low,Low
1359536,2023-05-15,2023,1,Gujarat Titans,Sunrisers Hyderabad,Shubman Gill,101,58,13,1,174.13793103448276,Sunrisers Hyderabad,6.0,66.66666666666666,28.963414634146343,117.03498523088598,82,38.2,39.8,26.1,0.0,0.0,3.4,1.4,High,Low
1359536,2023-05-15,2023,1,Gujarat Titans,Sunrisers Hyderabad,WP Saha,0,3,0,0,0.0,Sunrisers Hyderabad,2.0,40.0,20.94573643410853,117.18271548718918,129,26.8,23.6,28.285714285714285,0.0,0.0,3.2,0.8,Low,Low
1359536,2023-05-15,2023,2,Sunrisers Hyderabad,Gujarat Titans,AK Markram,10,10,1,0,100.0,Gujarat Titans,28.0,140.0,26.214285714285715,122.7995763086204,28,17.2,20.7,34.0,2.0,1.0,1.4,0.2,Low,Low
1359536,2023-05-15,2023,2,Sunrisers Hyderabad,Gujarat Titans,Abdul Samad,4,3,1,0,133.33333333333331,Gujarat Titans,37.0,148.0,14.555555555555555,125.3605695165362,27,22.4,17.1,0.0,1.0,4.0,1.2,1.6,Low,Low
1359536,2023-05-15,2023,2,Sunrisers Hyderabad,Gujarat Titans,Abhishek Sharma,5,5,1,0,100.0,Gujarat Titans,7.0,175.0,20.3953488372093,119.03801131563758,43,28.6,25.3,53.5,1.0,0.0,3.8,0.6,Low,Low
1359536,2023-05-15,2023,2,Sunrisers Hyderabad,Gujarat Titans,Anmolpreet Singh,5,4,1,0,125.0,Gujarat Titans,36.0,133.33333333333331,21.5,118.78978428978428,6,22.6,21.5,0.0,7.0,0.0,3.0,0.4,Low,Low
1359536,2023-05-15,2023,2,Sunrisers Hyderabad,Gujarat Titans,B Kumar,27,26,3,0,103.84615384615384,Gujarat Titans,2.0,200.0,4.338983050847458,87.79336953065766,59,3.2,3.9,0.0,0.0,0.0,0.2,0.0,Moderate,Low
1359536,2023-05-15,2023,2,Sunrisers Hyderabad,Gujarat Titans,Fazalhaq Farooqi,1,5,0,0,20.0,Gujarat Titans,2.0,25.0,2.0,25.0,1,2.0,2.0,0.0,0.0,0.0,0.0,0.0,Low,Low
1359536,2023-05-15,2023,2,Sunrisers Hyderabad,Gujarat Titans,H Klaasen,64,44,4,3,145.45454545454547,Gujarat Titans,47.0,162.06896551724137,23.428571428571427,148.28837855818023,14,38.6,27.1,0.0,3.0,3.0,2.2,2.6,High,Low
1359536,2023-05-15,2023,2,Sunrisers Hyderabad,Gujarat Titans,M Jansen,3,6,0,0,50.0,Gujarat Titans,3.0,150.0,5.0,82.84511784511784,9,7.2,5.0,8.0,0.0,0.0,0.8,0.0,Low,Low
1359536,2023-05-15,2023,2,Sunrisers Hyderabad,Gujarat Titans,M Markande,18,9,2,1,200.0,Gujarat Titans,1.0,50.0,3.333333333333333,91.48148148148148,9,3.8,3.333333333333333,0.0,0.0,0.0,0.4,0.0,Low,Low
1359536,2023-05-15,2023,2,Sunrisers Hyderabad,Gujarat Titans,RA Tripathi,1,2,0,0,50.0,Gujarat Titans,20.0,153.84615384615387,24.176470588235293,127.91695543820695,85,22.4,25.7,16.5,4.0,0.0,1.8,1.0,Low,Low
1359536,2023-05-15,2023,2,Sunrisers Hyderabad,Gujarat Titans,Sanvir Singh,7,6,0,1,116.66666666666669,Gujarat Titans,0.0,0.0,0.0,0.0,0,0.0,0.0,0.0,0.0,0.0,0.0,0.0,Low,Low
1359537,2023-05-16,2023,1,Lucknow Super Giants,Mumbai Indians,DJ Hooda,5,7,0,0,71.42857142857143,Mumbai Indians,11.0,100.0,15.127906976744184,117.51848597018927,86,5.4,6.4,15.363636363636363,0.0,0.0,0.4,0.0,Low,Low
1359537,2023-05-16,2023,1,Lucknow Super Giants,Mumbai Indians,KH Pandya,49,42,1,1,116.66666666666669,Mumbai Indians,0.0,0.0,15.56989247311828,124.41568447057688,93,8.4,10.7,1.0,0.0,0.0,1.2,0.2,High,Low
1359537,2023-05-16,2023,1,Lucknow Super Giants,Mumbai Indians,MP Stoinis,89,47,4,8,189.3617021276596,Mumbai Indians,40.0,160.0,19.0,118.39305410215567,71,27.0,24.6,12.1,2.0,3.0,1.8,1.8,High,Low
1359537,2023-05-16,2023,1,Lucknow Super Giants,Mumbai Indians,N Pooran,8,8,1,0,100.0,Mumbai Indians,44.0,338.46153846153845,21.12280701754386,136.16594047049804,57,24.2,22.4,21.6,3.0,4.0,2.0,1.2,Low,Low
1359537,2023-05-16,2023,1,Lucknow Super Giants,Mumbai Indians,PN Mankad,0,1,0,0,0.0,Mumbai Indians,64.0,142.22222222222223,34.0,271.1111111111111,2,34.0,34.0,0.0,7.0,2.0,4.0,1.0,Low,Low
1359537,2023-05-16,2023,1,Lucknow Super Giants,Mumbai Indians,Q de Kock,16,15,0,2,106.66666666666669,Mumbai Indians,29.0,152.63157894736844,30.16842105263158,116.71948098883584,95,50.4,39.2,17.857142857142858,3.0,1.0,4.2,3.0,Low,Low
1359537,2023-05-16,2023,2,Mumbai Indians,Lucknow Super Giants,C Green,4,6,0,0,66.66666666666666,Lucknow Super Giants,3.0,100.0,23.08333333333333,136.36137387590875,12,15.6,26.0,0.0,0.0,0.0,1.8,0.4,Low,Low
1359537,2023-05-16,2023,2,Mumbai Indians,Lucknow Super Giants,Ishan Kishan,59,39,8,1,151.28205128205127,Lucknow Super Giants,31.0,155.0,27.26829268292683,115.86896746603844,82,36.6,32.4,10.5,4.0,1.0,4.0,1.8,High,Low
1359537,2023-05-16,2023,2,Mumbai Indians,Lucknow Super Giants,N Wadhera,16,20,2,0,80.0,Lucknow Super Giants,15.0,214.28571428571428,28.285714285714285,142.76661713636503,7,34.2,28.285714285714285,0.0,1.0,1.0,3.2,1.6,Low,Low
1359537,2023-05-16,2023,2,Mumbai Indians,Lucknow Super Giants,RG Sharma,37,25,1,3,148.0,Lucknow Super Giants,29.0,161.11111111111111,26.07264957264957,111.30689299441916,234,7.8,19.8,22.5,3.0,2.0,0.8,0.4,Moderate,Low
1359537,2023-05-16,2023,2,Mumbai Indians,Lucknow Super Giants,SA Yadav,7,9,0,0,77.77777777777779,Lucknow Super Giants,103.0,210.20408163265304,25.8099173553719,134.51957962629933,121,66.6,46.3,22.0,11.0,6.0,7.4,3.2,Low,Low
1359537,2023-05-16,2023,2,Mumbai Indians,Lucknow Super Giants,TH David,32,18,1,3,177.77777777777777,Lucknow Super Giants,5.0,166.66666666666669,17.666666666666668,150.13246013246012,21,14.2,14.9,0.0,1.0,0.0,1.2,1.0,Moderate,Low
1359537,2023-05-16,2023,2,Mumbai Indians,Lucknow Super Giants,Vishnu Vinod,2,3,0,0,66.66666666666666,Lucknow Super Giants,30.0,150.0,12.25,105.41666666666666,4,12.25,12.25,0.0,2.0,2.0,0.75,0.75,Low,Low
1359538,2023-05-17,2023,1,Delhi Capitals,Punjab Kings,DA Warner,46,31,5,2,148.38709677419354,Punjab Kings,54.0,200.0,35.40677966101695,120.48057892183124,177,15.6,29.1,30.6,10.0,1.0,2.6,0.4,High,Low
1359538,2023-05-17,2023,1,Delhi Capitals,Punjab Kings,PD Salt,26,14,2,2,185.7142857142857,Punjab Kings,21.0,123.52941176470588,27.0,115.23518498308415,7,36.8,27.0,21.0,3.0,0.0,4.2,1.6,Moderate,Low
1359538,2023-05-17,2023,1,Delhi Capitals,Punjab Kings,PP Shaw,54,38,7,1,142.10526315789474,Punjab Kings,13.0,130.0,23.695652173913043,121.31423200745807,69,7.0,11.3,37.333333333333336,2.0,0.0,1.2,0.0,High,Low
1359538,2023-05-17,2023,1,Delhi Capitals,Punjab Kings,RR Rossouw,82,37,6,6,221.6216216216216,Punjab Kings,5.0,100.0,15.0,97.84291278856496,12,19.4,14.2,5.0,1.0,0.0,1.6,0.8,High,Low
1359538,2023-05-17,2023,2,Punjab Kings,Delhi Capitals,Atharva Taide,55,42,5,2,130.95238095238096,Delhi Capitals,13.0,76.47058823529412,22.4,126.07843137254902,5,22.4,22.4,0.0,0.0,0.0,2.4,0.6,High,Low
1359538,2023-05-17,2023,2,Punjab Kings,Delhi Capitals,Harpreet Brar,0,1,0,0,0.0,Delhi Capitals,2.0,40.0,9.875,127.7547729618163,16,8.6,7.4,6.75,0.0,0.0,1.0,0.2,Low,Low
1359538,2023-05-17,2023,2,Punjab Kings,Delhi Capitals,JM Sharma,0,3,0,0,0.0,Delhi Capitals,5.0,100.0,22.681818181818183,164.68468794395903,22,24.0,21.7,27.0,1.0,0.0,1.6,1.6,Low,Low
1359538,2023-05-17,2023,2,Punjab Kings,Delhi Capitals,LS Livingstone,94,46,5,9,204.34782608695653,Delhi Capitals,4.0,80.0,24.166666666666668,139.7828545818742,30,32.8,29.8,4.8,1.0,0.0,2.8,1.8,High,Low
1359538,2023-05-17,2023,2,Punjab Kings,Delhi Capitals,M Shahrukh Khan,6,3,0,1,200.0,Delhi Capitals,2.0,50.0,13.535714285714286,135.0215086034414,28,7.6,10.9,8.25,0.0,0.0,0.6,0.4,Low,Low
1359538,2023-05-17,2023,2,Punjab Kings,Delhi Capitals,P Simran Singh,22,19,4,0,115.78947368421052,Delhi Capitals,103.0,158.46153846153845,22.11111111111111,113.7060406913348,18,35.0,25.1,57.5,10.0,6.0,4.0,1.6,Moderate,Low
1359538,2023-05-17,2023,2,Punjab Kings,Delhi Capitals,S Dhawan,0,1,0,0,0.0,Delhi Capitals,7.0,140.0,30.69767441860465,112.25045774369389,215,24.6,39.5,11.666666666666666,0.0,1.0,3.6,0.6,Low,Low
1359538,2023-05-17,2023,2,Punjab Kings,Delhi Capitals,SM Curran,11,5,1,1,220.00000000000003,Delhi Capitals,20.0,83.33333333333334,16.264705882352942,132.0300515966238,34,25.8,19.0,12.5,1.0,0.0,1.8,1.2,Low,Low
1359539,2023-05-18,2023,1,Sunrisers Hyderabad,Royal Challengers Bangalore,AK Markram,18,20,0,0,90.0,Royal Challengers Bangalore,10.0,100.0,25.655172413793103,122.01338402211624,29,18.6,21.7,20.5,1.0,0.0,1.6,0.2,Low,Low
1359539,2023-05-18,2023,1,Sunrisers Hyderabad,Royal Challengers Bangalore,Abhishek Sharma,11,14,2,0,78.57142857142857,Royal Challengers Bangalore,5.0,100.0,20.045454545454547,118.60532924028216,44,28.6,21.5,20.166666666666668,1.0,0.0,4.0,0.6,Low,Low
1359539,2023-05-18,2023,1,Sunrisers Hyderabad,Royal Challengers Bangalore,GD Phillips,5,4,1,0,125.0,Royal Challengers Bangalore,0.0,0.0,9.833333333333334,131.3186813186813,6,9.0,9.833333333333334,0.0,0.0,0.0,0.2,1.0,Low,Low
1359539,2023-05-18,2023,1,Sunrisers Hyderabad,Royal Challengers Bangalore,H Klaasen,104,51,8,6,203.92156862745097,Royal Challengers Bangalore,64.0,145.45454545454547,26.133333333333333,148.09945635127124,15,45.2,33.2,32.0,4.0,3.0,2.4,3.0,High,Low
1359539,2023-05-18,2023,1,Sunrisers Hyderabad,Royal Challengers Bangalore,HC Brook,27,19,2,1,142.10526315789474,Royal Challengers Bangalore,0.0,0.0,18.11111111111111,81.33111744222856,9,6.8,18.11111111111111,0.0,0.0,0.0,1.0,0.0,Moderate,Low
1359539,2023-05-18,2023,1,Sunrisers Hyderabad,Royal Challengers Bangalore,RA Tripathi,15,12,2,1,125.0,Royal Challengers Bangalore,1.0,50.0,23.906976744186046,127.01094432846035,86,19.6,22.4,28.09090909090909,0.0,0.0,1.8,1.0,Low,Low
1359539,2023-05-18,2023,2,Royal Challengers Bangalore,Sunrisers Hyderabad,F du Plessis,71,46,7,2,154.34782608695653,Sunrisers Hyderabad,55.0,125.0,33.33884297520661,118.48784634147871,121,45.2,53.5,27.53333333333333,3.0,2.0,3.0,1.8,High,Low
1359539,2023-05-18,2023,2,Royal Challengers Bangalore,Sunrisers Hyderabad,GJ Maxwell,5,3,1,0,166.66666666666669,Sunrisers Hyderabad,54.0,163.63636363636363,22.91525423728813,128.54341708907617,118,26.2,36.7,23.857142857142858,5.0,3.0,2.8,1.4,Low,Low
1359539,2023-05-18,2023,2,Royal Challengers Bangalore,Sunrisers Hyderabad,MG Bracewell,4,4,0,0,100.0,Sunrisers Hyderabad,9.0,100.0,14.0,102.77777777777776,2,14.0,14.0,0.0,0.0,0.0,0.5,0.5,Low,Low
1359539,2023-05-18,2023,2,Royal Challengers Bangalore,Sunrisers Hyderabad,V Kohli,100,63,12,4,158.7301587301587,Sunrisers Hyderabad,18.0,94.73684210526316,30.882096069869,116.15720426955636,229,31.8,33.5,27.33333333333333,1.0,0.0,3.0,0.0,High,Low
1359540,2023-05-19,2023,1,Punjab Kings,Rajasthan Royals,Atharva Taide,19,12,3,1,158.33333333333331,Rajasthan Royals,55.0,130.95238095238096,27.83333333333333,126.890756302521,6,33.4,27.83333333333333,0.0,5.0,2.0,3.4,1.0,Low,Low
1359540,2023-05-19,2023,1,Punjab Kings,Rajasthan Royals,JM Sharma,44,28,3,3,157.14285714285714,Rajasthan Royals,0.0,0.0,21.695652173913043,157.52448412030864,23,19.2,21.3,32.5,0.0,0.0,1.6,1.0,High,Low
1359540,2023-05-19,2023,1,Punjab Kings,Rajasthan Royals,LS Livingstone,9,13,1,0,69.23076923076923,Rajasthan Royals,94.0,204.34782608695653,26.41935483870968,141.86559559816718,31,47.0,32.2,22.0,5.0,9.0,3.4,3.4,Low,Low
1359540,2023-05-19,2023,1,Punjab Kings,Rajasthan Royals,M Shahrukh Khan,41,23,4,2,178.26086956521738,Rajasthan Royals,6.0,200.0,13.275862068965518,137.26214623780547,29,7.4,10.4,8.5,0.0,1.0,0.6,0.4,High,Low
1359540,2023-05-19,2023,1,Punjab Kings,Rajasthan Royals,P Simran Singh,2,2,0,0,100.0,Rajasthan Royals,22.0,115.78947368421052,22.105263157894736,113.8156950593809,19,37.6,27.3,60.0,4.0,0.0,4.4,1.6,Low,Low
1359540,2023-05-19,2023,1,Punjab Kings,Rajasthan Royals,S Dhawan,17,11,2,1,154.54545454545453,Rajasthan Royals,0.0,0.0,30.55555555555556,111.73077969858416,216,24.4,35.6,28.782608695652176,0.0,0.0,3.6,0.6,Low,Low
1359540,2023-05-19,2023,1,Punjab Kings,Rajasthan Royals,SM Curran,49,31,4,2,158.06451612903226,Rajasthan Royals,11.0,220.00000000000003,16.114285714285714,134.5434786938631,35,17.0,20.0,13.25,1.0,1.0,1.0,0.6,High,Low
1359540,2023-05-19,2023,2,Rajasthan Royals,Punjab Kings,D Padikkal,51,30,5,3,170.0,Punjab Kings,4.0,100.0,26.25,107.02056144038816,56,19.4,21.0,24.75,1.0,0.0,2.8,0.2,High,Low
1359540,2023-05-19,2023,2,Rajasthan Royals,Punjab Kings,Dhruv Jurel,10,4,0,1,250.0,Punjab Kings,1.0,14.285714285714285,14.2,135.92857142857142,10,16.0,14.2,32.0,0.0,0.0,1.2,0.8,Low,Low
1359540,2023-05-19,2023,2,Rajasthan Royals,Punjab Kings,JC Buttler,0,4,0,0,0.0,Punjab Kings,0.0,0.0,33.93684210526316,130.50268190575773,95,24.2,24.0,24.666666666666668,0.0,0.0,2.8,1.0,Low,Low
1359540,2023-05-19,2023,2,Rajasthan Royals,Punjab Kings,R Parag,20,11,1,2,181.8181818181818,Punjab Kings,4.0,66.66666666666666,13.488372093023257,108.23187693157186,43,10.2,10.6,12.25,0.0,0.0,0.4,0.6,Moderate,Low
1359540,2023-05-19,2023,2,Rajasthan Royals,Punjab Kings,SO Hetmyer,46,28,4,3,164.28571428571428,Punjab Kings,35.0,184.21052631578948,19.70909090909091,135.2925142935262,55,13.0,19.5,27.666666666666668,1.0,4.0,0.2,1.0,High,Low
1359540,2023-05-19,2023,2,Rajasthan Royals,Punjab Kings,SV Samson,2,3,0,0,66.66666666666666,Punjab Kings,4.0,80.0,26.616438356164384,117.19358489075644,146,32.4,26.3,47.0,1.0,0.0,2.2,2.4,Low,Low
1359540,2023-05-19,2023,2,Rajasthan Royals,Punjab Kings,TA Boult,1,2,0,0,50.0,Punjab Kings,15.0,136.36363636363637,4.0,89.1955266955267,17,8.6,5.5,0.0,1.0,1.0,0.6,0.4,Low,Low
1359540,2023-05-19,2023,2,Rajasthan Royals,Punjab Kings,YBK Jaiswal,50,36,8,0,138.88888888888889,Punjab Kings,0.0,0.0,31.166666666666668,123.06020695018908,36,54.2,45.0,42.66666666666666,0.0,0.0,7.0,3.2,High,Low
1359541,2023-05-20,2023,1,Chennai Super Kings,Delhi Capitals,DP Conway,87,51,11,3,170.58823529411765,Delhi Capitals,30.0,107.14285714285714,39.47368421052632,104.69049352508,19,36.8,45.0,48.5,3.0,0.0,5.0,0.2,High,Low
1359541,2023-05-20,2023,1,Chennai Super Kings,Delhi Capitals,MS Dhoni,5,3,0,0,166.66666666666669,Delhi Capitals,2.0,100.0,23.7196261682243,129.67640624941396,214,7.8,12.4,18.0,0.0,0.0,0.2,0.8,Low,Low
1359541,2023-05-20,2023,1,Chennai Super Kings,Delhi Capitals,RA Jadeja,20,7,3,1,285.7142857142857,Delhi Capitals,20.0,86.95652173913044,15.873493975903614,130.30839442144978,166,18.8,13.6,19.666666666666668,0.0,1.0,0.8,0.8,Moderate,Low
1359541,2023-05-20,2023,1,Chennai Super Kings,Delhi Capitals,RD Gaikwad,79,50,3,7,158.0,Delhi Capitals,17.0,130.76923076923077,34.0,108.8840589633777,48,31.0,27.6,26.33333333333333,2.0,0.0,3.8,0.8,High,Low
1359541,2023-05-20,2023,1,Chennai Super Kings,Delhi Capitals,S Dube,22,9,0,3,244.44444444444449,Delhi Capitals,48.0,141.1764705882353,23.88636363636364,123.55741211449032,44,35.8,34.4,18.5,1.0,3.0,0.8,3.0,Moderate,Low
1359541,2023-05-20,2023,2,Delhi Capitals,Chennai Super Kings,A Nortje,0,1,0,0,0.0,Chennai Super Kings,3.0,50.0,4.5,118.0952380952381,10,6.6,4.5,1.0,0.0,0.0,1.0,0.0,Low,Low
1359541,2023-05-20,2023,2,Delhi Capitals,Chennai Super Kings,AR Patel,15,8,1,1,187.5,Chennai Super Kings,1.0,50.0,14.171717171717171,126.73927139751046,99,17.2,21.6,11.333333333333334,0.0,0.0,1.0,1.0,Low,Low
1359541,2023-05-20,2023,2,Delhi Capitals,Chennai Super Kings,Aman Hakim Khan,7,9,1,0,77.77777777777779,Chennai Super Kings,16.0,88.88888888888889,12.0,110.90347923681256,9,14.6,12.0,2.0,1.0,1.0,1.0,0.8,Low,Low
1359541,2023-05-20,2023,2,Delhi Capitals,Chennai Super Kings,C Sakariya,0,2,0,0,0.0,Chennai Super Kings,4.0,100.0,3.333333333333333,66.11111111111111,6,4.0,3.333333333333333,0.0,1.0,0.0,0.6,0.0,Low,Low
1359541,2023-05-20,2023,2,Delhi Capitals,Chennai Super Kings,DA Warner,86,58,7,5,148.27586206896552,Chennai Super Kings,46.0,148.38709677419354,35.46629213483146,120.63735711201306,178,24.8,27.2,29.36842105263158,5.0,2.0,3.6,0.8,High,Low
1359541,2023-05-20,2023,2,Delhi Capitals,Chennai Super Kings,Kuldeep Yadav,0,1,0,0,0.0,Chennai Super Kings,10.0,58.82352941176471,5.230769230769231,73.49680762993457,26,4.2,3.2,1.6666666666666667,0.0,0.0,0.4,0.0,Low,Low
1359541,2023-05-20,2023,2,Delhi Capitals,Chennai Super Kings,Lalit Yadav,6,12,0,0,50.0,Chennai Super Kings,12.0,240.0,16.055555555555557,99.59045203038336,18,12.0,14.7,12.0,3.0,0.0,1.6,0.0,Low,Low
1359541,2023-05-20,2023,2,Delhi Capitals,Chennai Super Kings,PD Salt,3,6,0,0,50.0,Chennai Super Kings,26.0,185.7142857142857,26.875,124.04507257448437,8,30.2,26.875,17.0,2.0,2.0,2.8,2.0,Low,Low
1359541,2023-05-20,2023,2,Delhi Capitals,Chennai Super Kings,PP Shaw,5,7,1,0,71.42857142857143,Chennai Super Kings,54.0,142.10526315789474,24.12857142857143,121.61124673817862,70,16.4,13.0,27.3,7.0,1.0,2.4,0.2,Low,Low
1359541,2023-05-20,2023,2,Delhi Capitals,Chennai Super Kings,RR Rossouw,0,1,0,0,0.0,Chennai Super Kings,82.0,221.6216216216216,20.153846153846157,107.36435192956932,13,33.0,22.3,16.666666666666668,6.0,6.0,2.4,2.0,Low,Low
1359541,2023-05-20,2023,2,Delhi Capitals,Chennai Super Kings,YV Dhull,13,15,1,0,86.66666666666667,Chennai Super Kings,1.0,25.0,1.5,37.5,2,1.5,1.5,0.0,0.0,0.0,0.0,0.0,Low,Low
1359542,2023-05-20,2023,1,Lucknow Super Giants,Kolkata Knight Riders,A Badoni,25,21,2,1,119.04761904761904,Kolkata Knight Riders,21.0,190.9090909090909,17.761904761904763,130.18340138094723,21,27.0,21.2,15.0,1.0,2.0,1.2,1.8,Moderate,Low
1359542,2023-05-20,2023,1,Lucknow Super Giants,Kolkata Knight Riders,K Gowtham,11,4,1,1,275.0,Kolkata Knight Riders,1.0,33.33333333333333,9.36,156.1937728937729,25,9.6,9.6,8.0,0.0,0.0,0.2,0.8,Low,Low
1359542,2023-05-20,2023,1,Lucknow Super Giants,Kolkata Knight Riders,KH Pandya,9,8,0,1,112.5,Kolkata Knight Riders,49.0,116.66666666666669,15.925531914893616,124.33324811096082,94,13.6,14.7,14.636363636363637,1.0,1.0,1.0,0.2,Low,Low
1359542,2023-05-20,2023,1,Lucknow Super Giants,Kolkata Knight Riders,KS Sharma,3,5,0,0,60.0,Kolkata Knight Riders,9.0,56.25,6.5,78.125,2,6.5,6.5,0.0,0.0,0.0,0.5,0.0,Low,Low
1359542,2023-05-20,2023,1,Lucknow Super Giants,Kolkata Knight Riders,MP Stoinis,0,2,0,0,0.0,Kolkata Knight Riders,89.0,189.3617021276596,19.97222222222222,119.37872976917654,72,30.4,32.5,12.555555555555555,4.0,8.0,1.4,2.4,Low,Low
1359542,2023-05-20,2023,1,Lucknow Super Giants,Kolkata Knight Riders,N Pooran,58,30,4,5,193.33333333333331,Kolkata Knight Riders,8.0,100.0,20.89655172413793,135.54238977273084,58,16.8,22.1,14.857142857142858,1.0,0.0,0.8,1.0,High,Low
1359542,2023-05-20,2023,1,Lucknow Super Giants,Kolkata Knight Riders,Naveen-ul-Haq,2,3,0,0,66.66666666666666,Kolkata Knight Riders,13.0,108.33333333333331,13.0,108.33333333333331,1,13.0,13.0,0.0,2.0,0.0,2.0,0.0,Low,Low
1359542,2023-05-20,2023,1,Lucknow Super Giants,Kolkata Knight Riders,PN Mankad,26,19,5,0,136.8421052631579,Kolkata Knight Riders,0.0,0.0,22.666666666666668,180.74074074074076,3,22.666666666666668,22.666666666666668,0.0,0.0,0.0,2.6666666666666665,0.6666666666666666,Moderate,Low
1359542,2023-05-20,2023,1,Lucknow Super Giants,Kolkata Knight Riders,Q de Kock,28,26,0,2,107.6923076923077,Kolkata Knight Riders,16.0,106.66666666666669,30.02083333333333,116.61476417297992,96,52.2,39.8,32.07692307692308,0.0,2.0,4.0,3.4,Moderate,Low
1359542,2023-05-20,2023,1,Lucknow Super Giants,Kolkata Knight Riders,Ravi Bishnoi,2,2,0,0,100.0,Kolkata Knight Riders,4.0,80.0,2.555555555555556,78.96825396825398,9,3.0,2.555555555555556,1.0,1.0,0.0,0.2,0.0,Low,Low
1359542,2023-05-20,2023,2,Kolkata Knight Riders,Lucknow Super Giants,AD Russell,7,9,0,1,77.77777777777779,Lucknow Super Giants,2.0,100.0,23.77894736842105,149.09751988557036,95,22.4,18.4,25.0,0.0,0.0,1.2,1.8,Low,Low
1359542,2023-05-20,2023,2,Kolkata Knight Riders,Lucknow Super Giants,JJ Roy,45,28,7,1,160.71428571428572,Lucknow Super Giants,12.0,80.0,28.45,123.16958533591456,20,27.2,32.8,0.0,1.0,0.0,3.8,1.0,High,Low
1359542,2023-05-20,2023,2,Kolkata Knight Riders,Lucknow Super Giants,N Rana,8,10,1,0,80.0,Lucknow Super Giants,57.0,129.54545454545453,26.387755102040817,119.6386440670475,98,35.2,33.5,22.0,6.0,1.0,3.6,1.0,Low,Low
1359542,2023-05-20,2023,2,Kolkata Knight Riders,Lucknow Super Giants,RK Singh,67,33,6,4,203.03030303030303,Lucknow Super Giants,54.0,128.57142857142858,23.5,129.0864413438303,28,31.2,30.9,23.0,4.0,3.0,2.0,1.4,High,Low
1359542,2023-05-20,2023,2,Kolkata Knight Riders,Lucknow Super Giants,Rahmanullah Gurbaz,10,15,0,0,66.66666666666666,Lucknow Super Giants,1.0,25.0,21.7,96.9417113893858,10,23.0,21.7,0.0,0.0,0.0,1.4,2.0,Low,Low
1359542,2023-05-20,2023,2,Kolkata Knight Riders,Lucknow Super Giants,SN Thakur,3,7,0,0,42.85714285714285,Lucknow Super Giants,1.0,50.0,9.129032258064516,108.37422119021556,31,6.8,11.7,1.0,0.0,0.0,0.8,0.0,Low,Low
1359542,2023-05-20,2023,2,Kolkata Knight Riders,Lucknow Super Giants,SP Narine,1,2,0,0,50.0,Lucknow Super Giants,6.0,120.0,11.483516483516484,119.87671130285018,91,2.6,4.1,21.5,1.0,0.0,0.4,0.0,Low,Low
1359542,2023-05-20,2023,2,Kolkata Knight Riders,Lucknow Super Giants,VG Arora,1,1,0,0,100.0,Lucknow Super Giants,2.0,200.0,1.4,66.66666666666666,5,1.4,1.4,0.0,0.0,0.0,0.0,0.0,Low,Low
1359542,2023-05-20,2023,2,Kolkata Knight Riders,Lucknow Super Giants,VR Iyer,24,15,3,1,160.0,Lucknow Super Giants,9.0,225.0,26.62857142857143,112.8442238578464,35,19.0,26.0,0.0,2.0,0.0,1.0,0.8,Moderate,Low
1359543,2023-05-21,2023,1,Sunrisers Hyderabad,Mumbai Indians,AK Markram,13,7,0,1,185.7142857142857,Mumbai Indians,18.0,90.0,25.4,120.94627122137902,30,20.6,19.8,22.0,0.0,0.0,1.6,0.2,Low,Low
1359543,2023-05-21,2023,1,Sunrisers Hyderabad,Mumbai Indians,GD Phillips,1,4,0,0,25.0,Mumbai Indians,5.0,125.0,9.142857142857142,130.4160125588697,7,9.2,9.142857142857142,4.0,1.0,0.0,0.4,1.0,Low,Low
1359543,2023-05-21,2023,1,Sunrisers Hyderabad,Mumbai Indians,H Klaasen,18,12,2,0,150.0,Mumbai Indians,104.0,203.92156862745097,31.0,151.58833836853248,16,55.4,43.0,18.0,8.0,6.0,3.6,3.4,Low,Low
1359543,2023-05-21,2023,1,Sunrisers Hyderabad,Mumbai Indians,HC Brook,0,1,0,0,0.0,Mumbai Indians,27.0,142.10526315789474,19.0,87.40853201379517,10,10.4,19.0,9.0,2.0,1.0,1.0,0.2,Low,Low
1359543,2023-05-21,2023,1,Sunrisers Hyderabad,Mumbai Indians,MA Agarwal,83,46,8,4,180.43478260869568,Mumbai Indians,18.0,180.0,21.55555555555556,116.93914270063502,117,24.4,18.8,21.5,2.0,1.0,2.8,0.4,High,Low
1359543,2023-05-21,2023,1,Sunrisers Hyderabad,Mumbai Indians,Sanvir Singh,4,3,1,0,133.33333333333331,Mumbai Indians,7.0,116.66666666666669,7.0,116.66666666666669,1,7.0,7.0,0.0,0.0,1.0,0.0,1.0,Low,Low
1359543,2023-05-21,2023,1,Sunrisers Hyderabad,Mumbai Indians,Vivrant Sharma,69,47,9,2,146.80851063829786,Mumbai Indians,0.0,0.0,0.0,0.0,0,0.0,0.0,0.0,0.0,0.0,0.0,0.0,High,Low
1359543,2023-05-21,2023,2,Mumbai Indians,Sunrisers Hyderabad,C Green,100,45,8,8,222.22222222222223,Sunrisers Hyderabad,4.0,66.66666666666666,21.615384615384617,131.0002425521209,13,7.6,24.7,64.0,0.0,0.0,1.0,0.0,High,Low
1359543,2023-05-21,2023,2,Mumbai Indians,Sunrisers Hyderabad,Ishan Kishan,14,12,1,1,116.66666666666669,Sunrisers Hyderabad,59.0,151.28205128205127,27.650602409638555,116.29563112647232,83,42.8,35.2,32.8,8.0,1.0,4.8,2.0,Low,Low
1359543,2023-05-21,2023,2,Mumbai Indians,Sunrisers Hyderabad,RG Sharma,56,35,8,1,160.0,Sunrisers Hyderabad,37.0,148.0,26.11914893617021,111.46303387529396,235,14.6,17.0,17.65,1.0,3.0,1.0,1.0,High,Low
1359543,2023-05-21,2023,2,Mumbai Indians,Sunrisers Hyderabad,SA Yadav,25,16,4,0,156.25,Sunrisers Hyderabad,7.0,77.77777777777779,25.65573770491803,134.05448288983604,122,57.0,47.0,20.466666666666665,0.0,0.0,5.8,2.8,Moderate,Low
1359544,2023-05-21,2023,1,Royal Challengers Bangalore,Gujarat Titans,Anuj Rawat,23,15,1,1,153.33333333333334,Gujarat Titans,29.0,263.6363636363636,13.133333333333333,90.31523748119491,15,13.4,8.4,0.0,3.0,2.0,1.0,0.6,Moderate,Low
1359544,2023-05-21,2023,1,Royal Challengers Bangalore,Gujarat Titans,F du Plessis,28,19,5,0,147.36842105263156,Gujarat Titans,71.0,154.34782608695653,33.64754098360656,118.78178060168756,122,56.0,52.7,22.0,7.0,2.0,4.2,1.8,Moderate,Low
1359544,2023-05-21,2023,1,Royal Challengers Bangalore,Gujarat Titans,GJ Maxwell,11,5,1,1,220.00000000000003,Gujarat Titans,5.0,166.66666666666669,22.764705882352946,128.86378053090468,119,26.2,31.3,36.5,1.0,0.0,2.8,1.4,Low,Low
1359544,2023-05-21,2023,1,Royal Challengers Bangalore,Gujarat Titans,KD Karthik,0,1,0,0,0.0,Gujarat Titans,0.0,0.0,20.43891402714932,118.49586909730868,221,15.8,13.1,2.0,0.0,0.0,1.2,0.8,Low,Low
1359544,2023-05-21,2023,1,Royal Challengers Bangalore,Gujarat Titans,MG Bracewell,26,16,5,0,162.5,Gujarat Titans,4.0,100.0,10.666666666666666,101.85185185185183,3,10.666666666666666,10.666666666666666,0.0,0.0,0.0,0.3333333333333333,0.3333333333333333,Moderate,Low
1359544,2023-05-21,2023,1,Royal Challengers Bangalore,Gujarat Titans,MK Lomror,1,3,0,0,33.33333333333333,Gujarat Titans,1.0,50.0,16.708333333333332,121.36388865154078,24,18.6,14.2,16.0,0.0,0.0,1.4,1.2,Low,Low
1359544,2023-05-21,2023,1,Royal Challengers Bangalore,Gujarat Titans,V Kohli,101,61,13,1,165.5737704918033,Gujarat Titans,100.0,158.7301587301587,31.18260869565217,116.34230407155898,230,41.0,37.4,65.5,12.0,4.0,4.2,0.8,High,Low
1359544,2023-05-21,2023,2,Gujarat Titans,Royal Challengers Bangalore,DA Miller,6,7,1,0,85.71428571428571,Royal Challengers Bangalore,7.0,140.0,23.92920353982301,125.3736845709938,113,20.2,21.8,24.923076923076923,1.0,0.0,1.8,1.0,Low,Low
1359544,2023-05-21,2023,2,Gujarat Titans,Royal Challengers Bangalore,MD Shanaka,0,3,0,0,0.0,Royal Challengers Bangalore,9.0,128.57142857142858,9.0,128.57142857142858,1,9.0,9.0,0.0,1.0,0.0,1.0,0.0,Low,Low
1359544,2023-05-21,2023,2,Gujarat Titans,Royal Challengers Bangalore,R Tewatia,4,5,0,0,80.0,Royal Challengers Bangalore,3.0,100.0,15.148148148148149,130.6076352719824,54,11.8,10.4,18.0,0.0,0.0,0.2,1.2,Low,Low
1359544,2023-05-21,2023,2,Gujarat Titans,Royal Challengers Bangalore,Shubman Gill,104,51,5,8,203.92156862745097,Royal Challengers Bangalore,101.0,174.13793103448276,29.83132530120482,117.7229725297245,83,48.6,46.0,18.2,13.0,1.0,4.4,1.6,High,Low
1359544,2023-05-21,2023,2,Gujarat Titans,Royal Challengers Bangalore,V Shankar,53,35,7,2,151.42857142857142,Royal Challengers Bangalore,29.0,207.1428571428572,19.693877551020407,121.3015371905096,49,23.0,23.6,12.0,6.0,0.0,2.2,1.2,High,Low
1359544,2023-05-21,2023,2,Gujarat Titans,Royal Challengers Bangalore,WP Saha,12,14,2,0,85.71428571428571,Royal Challengers Bangalore,0.0,0.0,20.784615384615385,116.2813099834416,130,24.8,21.9,18.157894736842103,0.0,0.0,3.0,0.8,Low,Low
1370350,2023-05-23,2023,1,Chennai Super Kings,Gujarat Titans,AM Rahane,17,10,0,1,170.0,Gujarat Titans,16.0,145.45454545454547,27.745222929936304,104.19850023062918,157,28.8,31.0,0.0,1.0,1.0,2.0,1.4,Low,Low
1370350,2023-05-23,2023,1,Chennai Super Kings,Gujarat Titans,AT Rayudu,17,9,1,1,188.88888888888889,Gujarat Titans,4.0,57.14285714285714,23.562841530054644,114.2452079559645,183,9.6,12.2,29.0,0.0,0.0,0.4,0.4,Low,Low
1370350,2023-05-23,2023,1,Chennai Super Kings,Gujarat Titans,DP Conway,40,34,4,0,117.64705882352942,Gujarat Titans,87.0,170.58823529411765,41.85,107.98538061353187,20,52.6,53.7,3.0,11.0,3.0,7.0,0.8,High,Low
1370350,2023-05-23,2023,1,Chennai Super Kings,Gujarat Titans,MM Ali,9,3,0,1,300.0,Gujarat Titans,1.0,50.0,20.098039215686278,116.1152132396916,51,9.4,20.8,15.0,0.0,0.0,1.0,0.4,Low,Low
1370350,2023-05-23,2023,1,Chennai Super Kings,Gujarat Titans,MS Dhoni,1,2,0,0,50.0,Gujarat Titans,5.0,166.66666666666669,23.632558139534883,129.84845397228491,215,8.4,10.3,10.5,0.0,0.0,0.2,0.8,Low,Low
1370350,2023-05-23,2023,1,Chennai Super Kings,Gujarat Titans,RA Jadeja,22,16,2,0,137.5,Gujarat Titans,20.0,285.7142857142857,15.89820359281437,131.23896862080807,167,19.2,15.3,11.5,3.0,1.0,1.4,0.6,Moderate,Low
1370350,2023-05-23,2023,1,Chennai Super Kings,Gujarat Titans,RD Gaikwad,60,43,7,1,139.53488372093022,Gujarat Titans,79.0,158.0,34.91836734693877,109.88642510698224,49,37.4,31.5,72.66666666666667,3.0,7.0,3.4,2.0,High,Low
1370350,2023-05-23,2023,1,Chennai Super Kings,Gujarat Titans,S Dube,1,3,0,0,33.33333333333333,Gujarat Titans,22.0,244.44444444444449,23.844444444444445,126.24379061071151,45,29.8,33.9,12.666666666666666,0.0,3.0,0.4,2.8,Low,Low
1370350,2023-05-23,2023,2,Gujarat Titans,Chennai Super Kings,DA Miller,4,6,0,0,66.66666666666666,Chennai Super Kings,6.0,85.71428571428571,23.771929824561404,125.02579510733848,114,15.0,22.2,30.33333333333333,1.0,0.0,1.6,0.6,Low,Low
1370350,2023-05-23,2023,2,Gujarat Titans,Chennai Super Kings,DG Nalkande,0,1,0,0,0.0,Chennai Super Kings,0.0,0.0,0.0,0.0,0,0.0,0.0,0.0,0.0,0.0,0.0,0.0,Low,Low
1370350,2023-05-23,2023,2,Gujarat Titans,Chennai Super Kings,HH Pandya,8,7,1,0,114.28571428571428,Chennai Super Kings,8.0,133.33333333333331,19.660869565217396,140.54964045681172,115,27.0,27.6,13.76923076923077,1.0,0.0,2.6,1.0,Low,Low
1370350,2023-05-23,2023,2,Gujarat Titans,Chennai Super Kings,MD Shanaka,17,16,1,1,106.25,Chennai Super Kings,0.0,0.0,4.5,64.28571428571429,2,4.5,4.5,0.0,0.0,0.0,0.5,0.0,Low,Low
1370350,2023-05-23,2023,2,Gujarat Titans,Chennai Super Kings,Mohammed Shami,5,5,1,0,100.0,Chennai Super Kings,0.0,0.0,3.136363636363636,70.45454545454545,22,2.6,4.4,5.0,0.0,0.0,0.0,0.0,Low,Low
1370350,2023-05-23,2023,2,Gujarat Titans,Chennai Super Kings,Noor Ahmad,7,5,1,0,140.0,Chennai Super Kings,0.0,0.0,0.5,16.666666666666664,2,0.5,0.5,0.0,0.0,0.0,0.0,0.0,Low,Low
1370350,2023-05-23,2023,2,Gujarat Titans,Chennai Super Kings,R Tewatia,3,5,0,0,60.0,Chennai Super Kings,4.0,80.0,14.945454545454544,129.68749644885543,55,12.2,8.6,10.833333333333334,0.0,0.0,0.2,1.2,Low,Low
1370350,2023-05-23,2023,2,Gujarat Titans,Chennai Super Kings,Rashid Khan,30,16,3,2,187.5,Chennai Super Kings,0.0,0.0,8.680851063829786,118.69845727558494,47,17.0,14.6,19.6,0.0,0.0,0.6,2.0,Moderate,Low
1370350,2023-05-23,2023,2,Gujarat Titans,Chennai Super Kings,Shubman Gill,42,38,4,1,110.5263157894737,Chennai Super Kings,104.0,203.92156862745097,30.714285714285715,118.74914629279266,84,68.2,49.7,23.545454545454547,5.0,8.0,5.2,3.2,High,Low
1370350,2023-05-23,2023,2,Gujarat Titans,Chennai Super Kings,V Shankar,14,10,0,1,140.0,Chennai Super Kings,53.0,151.42857142857142,20.36,121.90407787527084,50,31.6,28.7,23.142857142857142,7.0,2.0,3.4,1.6,Low,Low
1370350,2023-05-23,2023,2,Gujarat Titans,Chennai Super Kings,WP Saha,12,11,2,0,109.09090909090908,Chennai Super Kings,12.0,85.71428571428571,20.7175572519084,116.04797392031826,131,27.2,20.1,21.384615384615383,2.0,0.0,3.4,0.8,Low,Low
1370351,2023-05-24,2023,1,Mumbai Indians,Lucknow Super Giants,C Green,41,23,6,1,178.26086956521738,Lucknow Super Giants,100.0,222.22222222222223,27.214285714285715,137.51609824284245,14,23.0,34.6,4.0,8.0,8.0,1.8,1.6,High,Low
1370351,2023-05-24,2023,1,Mumbai Indians,Lucknow Super Giants,CJ Jordan,4,7,0,0,57.14285714285714,Lucknow Super Giants,6.0,200.0,7.5,99.25,10,9.4,7.5,0.0,0.0,0.0,0.2,0.6,Low,Low
1370351,2023-05-24,2023,1,Mumbai Indians,Lucknow Super Giants,HR Shokeen,0,1,0,0,0.0,Lucknow Super Giants,18.0,138.46153846153845,16.5,120.84726867335564,4,16.5,16.5,0.0,3.0,0.0,2.25,0.0,Low,Low
1370351,2023-05-24,2023,1,Mumbai Indians,Lucknow Super Giants,Ishan Kishan,15,12,3,0,125.0,Lucknow Super Giants,14.0,116.66666666666669,27.48809523809524,116.30004821623656,84,30.6,30.8,26.666666666666668,1.0,1.0,3.6,1.4,Low,Low
1370351,2023-05-24,2023,1,Mumbai Indians,Lucknow Super Giants,N Wadhera,23,12,2,2,191.66666666666669,Lucknow Super Giants,16.0,80.0,26.75,134.9207899943194,8,37.4,26.75,16.0,2.0,0.0,3.6,1.6,Moderate,Low
1370351,2023-05-24,2023,1,Mumbai Indians,Lucknow Super Giants,RG Sharma,11,10,1,1,110.0,Lucknow Super Giants,56.0,160.0,26.24576271186441,111.66869898599188,236,25.8,20.6,27.33333333333333,8.0,1.0,2.6,1.2,Low,Low
1370351,2023-05-24,2023,1,Mumbai Indians,Lucknow Super Giants,SA Yadav,33,20,2,2,165.0,Lucknow Super Giants,25.0,156.25,25.65040650406504,134.23493424845526,123,48.8,45.2,17.0,4.0,0.0,5.0,2.4,Moderate,Low
1370351,2023-05-24,2023,1,Mumbai Indians,Lucknow Super Giants,TH David,13,13,1,0,100.0,Lucknow Super Giants,32.0,177.77777777777777,18.318181818181817,151.38906547997456,22,11.6,16.8,32.0,1.0,3.0,1.0,0.6,Low,Low
1370351,2023-05-24,2023,1,Mumbai Indians,Lucknow Super Giants,Tilak Varma,26,22,0,2,118.1818181818182,Lucknow Super Giants,26.0,260.0,29.17391304347826,131.93971366516678,23,19.4,29.5,32.0,1.0,3.0,1.2,1.6,Moderate,Low
1370351,2023-05-24,2023,2,Lucknow Super Giants,Mumbai Indians,A Badoni,1,7,0,0,14.285714285714285,Mumbai Indians,25.0,119.04761904761904,18.09090909090909,129.67722945670502,22,30.4,21.9,14.0,2.0,1.0,1.6,2.0,Low,Low
1370351,2023-05-24,2023,2,Lucknow Super Giants,Mumbai Indians,DJ Hooda,15,13,0,1,115.38461538461536,Mumbai Indians,5.0,71.42857142857143,15.011494252873565,116.988716837527,87,6.0,5.2,14.5,0.0,0.0,0.4,0.0,Low,Low
1370351,2023-05-24,2023,2,Lucknow Super Giants,Mumbai Indians,K Gowtham,2,3,0,0,66.66666666666666,Mumbai Indians,11.0,275.0,9.423076923076923,160.76324316708934,26,10.6,10.7,18.33333333333333,1.0,1.0,0.4,0.8,Low,Low
1370351,2023-05-24,2023,2,Lucknow Super Giants,Mumbai Indians,KH Pandya,8,11,1,0,72.72727272727273,Mumbai Indians,9.0,112.5,15.852631578947369,124.20868760452966,95,14.4,12.2,17.0,0.0,1.0,0.8,0.4,Low,Low
1370351,2023-05-24,2023,2,Lucknow Super Giants,Mumbai Indians,KR Mayers,18,13,3,0,138.46153846153845,Mumbai Indians,2.0,14.285714285714285,30.08333333333333,118.23738306913584,12,23.6,23.5,0.0,0.0,0.0,3.2,1.2,Low,Low
1370351,2023-05-24,2023,2,Lucknow Super Giants,Mumbai Indians,MP Stoinis,40,27,5,1,148.14814814814815,Mumbai Indians,0.0,0.0,19.698630136986303,117.74340470384536,73,27.8,26.0,19.09090909090909,0.0,0.0,1.4,2.2,High,Low
1370351,2023-05-24,2023,2,Lucknow Super Giants,Mumbai Indians,Mohsin Khan,0,7,0,0,0.0,Mumbai Indians,9.0,128.57142857142858,7.666666666666667,126.1904761904762,3,7.666666666666667,7.666666666666667,0.0,1.0,0.0,0.6666666666666666,0.3333333333333333,Low,Low
1370351,2023-05-24,2023,2,Lucknow Super Giants,Mumbai Indians,N Pooran,0,1,0,0,0.0,Mumbai Indians,58.0,193.33333333333331,21.52542372881356,136.52189729070716,59,26.6,21.7,19.33333333333333,4.0,5.0,1.6,1.8,Low,Low
1370351,2023-05-24,2023,2,Lucknow Super Giants,Mumbai Indians,Naveen-ul-Haq,1,5,0,0,20.0,Mumbai Indians,2.0,66.66666666666666,7.5,87.5,2,7.5,7.5,0.0,0.0,0.0,1.0,0.0,Low,Low
1370351,2023-05-24,2023,2,Lucknow Super Giants,Mumbai Indians,PN Mankad,3,6,0,0,50.0,Mumbai Indians,26.0,136.8421052631579,23.5,169.76608187134502,4,23.5,23.5,0.0,5.0,0.0,3.25,0.5,Low,Low
1370351,2023-05-24,2023,2,Lucknow Super Giants,Mumbai Indians,Ravi Bishnoi,3,6,0,0,50.0,Mumbai Indians,2.0,100.0,2.5,81.07142857142858,10,2.8,2.5,1.0,0.0,0.0,0.2,0.0,Low,Low
1370352,2023-05-26,2023,1,Gujarat Titans,Mumbai Indians,B Sai Sudharsan,43,31,5,1,138.70967741935485,Mumbai Indians,47.0,138.23529411764704,33.45454545454545,126.02823846662052,11,40.2,33.3,14.0,6.0,1.0,3.4,1.0,High,Low
1370352,2023-05-26,2023,1,Gujarat Titans,Mumbai Indians,HH Pandya,28,12,2,2,233.33333333333331,Mumbai Indians,8.0,114.28571428571428,19.560344827586206,140.32322730016432,116,16.8,27.6,13.666666666666666,1.0,0.0,1.4,1.0,Moderate,Low
1370352,2023-05-26,2023,1,Gujarat Titans,Mumbai Indians,Rashid Khan,5,2,1,0,250.0,Mumbai Indians,30.0,187.5,9.125,120.13182274901024,48,22.8,14.5,10.2,3.0,2.0,1.2,2.4,Low,Low
1370352,2023-05-26,2023,1,Gujarat Titans,Mumbai Indians,Shubman Gill,129,59,7,10,218.64406779661016,Mumbai Indians,42.0,110.5263157894737,30.84705882352941,118.65240711040067,85,69.4,49.4,28.0,4.0,1.0,4.8,3.4,High,Low
1370352,2023-05-26,2023,1,Gujarat Titans,Mumbai Indians,WP Saha,18,16,3,0,112.5,Mumbai Indians,12.0,109.09090909090908,20.651515151515152,115.9952688837318,132,21.4,20.9,25.6875,2.0,0.0,2.8,0.8,Low,Low
1370352,2023-05-26,2023,2,Mumbai Indians,Gujarat Titans,C Green,30,19,2,2,157.89473684210526,Gujarat Titans,41.0,178.26086956521738,28.133333333333333,140.23241633100076,15,30.0,32.3,18.0,6.0,1.0,2.8,1.8,Moderate,Low
1370352,2023-05-26,2023,2,Mumbai Indians,Gujarat Titans,CJ Jordan,2,5,0,0,40.0,Gujarat Titans,4.0,57.14285714285714,7.181818181818182,95.42207792207792,11,9.4,7.6,0.0,0.0,0.0,0.2,0.6,Low,Low
1370352,2023-05-26,2023,2,Mumbai Indians,Gujarat Titans,JP Behrendorff,3,5,0,0,60.0,Gujarat Titans,3.0,75.0,3.0,75.0,1,3.0,3.0,3.0,0.0,0.0,0.0,0.0,Low,Low
1370352,2023-05-26,2023,2,Mumbai Indians,Gujarat Titans,K Kartikeya,6,7,1,0,85.71428571428571,Gujarat Titans,3.0,60.0,3.0,60.0,1,3.0,3.0,0.0,0.0,0.0,0.0,0.0,Low,Low
1370352,2023-05-26,2023,2,Mumbai Indians,Gujarat Titans,N Wadhera,4,3,1,0,133.33333333333331,Gujarat Titans,23.0,191.66666666666669,26.33333333333333,141.22588740235798,9,34.0,26.33333333333333,27.5,2.0,2.0,3.4,1.4,Low,Low
1370352,2023-05-26,2023,2,Mumbai Indians,Gujarat Titans,PP Chawla,0,2,0,0,0.0,Gujarat Titans,2.0,100.0,7.708860759493671,108.80988718513704,79,5.8,7.9,18.0,0.0,0.0,0.4,0.2,Low,Low
1370352,2023-05-26,2023,2,Mumbai Indians,Gujarat Titans,RG Sharma,8,7,1,0,114.28571428571428,Gujarat Titans,11.0,110.0,26.18143459915612,111.66165806200034,237,28.0,18.9,24.666666666666668,1.0,1.0,2.8,1.4,Low,Low
1370352,2023-05-26,2023,2,Mumbai Indians,Gujarat Titans,SA Yadav,61,38,7,2,160.5263157894737,Gujarat Titans,33.0,165.0,25.70967741935484,134.48303961741934,124,50.2,47.8,46.333333333333336,2.0,2.0,4.8,2.8,High,Low
1370352,2023-05-26,2023,2,Mumbai Indians,Gujarat Titans,TH David,2,3,0,0,66.66666666666666,Gujarat Titans,13.0,100.0,18.08695652173913,149.15475828519308,23,10.4,15.7,16.333333333333332,1.0,0.0,0.6,0.6,Low,Low
1370352,2023-05-26,2023,2,Mumbai Indians,Gujarat Titans,Tilak Varma,43,14,5,3,307.1428571428572,Gujarat Titans,26.0,118.1818181818182,29.041666666666668,131.36646802002724,24,17.2,30.0,11.5,0.0,2.0,0.8,1.2,High,Low
1370352,2023-05-26,2023,2,Mumbai Indians,Gujarat Titans,Vishnu Vinod,5,7,0,0,71.42857142857143,Gujarat Titans,2.0,66.66666666666666,10.2,97.66666666666666,5,10.2,10.2,30.0,0.0,0.0,0.6,0.6,Low,Low
1370353,2023-05-29,2023,1,Gujarat Titans,Chennai Super Kings,B Sai Sudharsan,96,47,8,6,204.25531914893617,Chennai Super Kings,43.0,138.70967741935485,34.25,127.08502504601503,12,36.4,36.5,22.0,5.0,1.0,3.6,0.8,High,Low
1370353,2023-05-29,2023,1,Gujarat Titans,Chennai Super Kings,HH Pandya,21,12,0,2,175.0,Chennai Super Kings,28.0,233.33333333333331,19.632478632478637,141.11818547138802,117,14.6,27.6,13.357142857142858,2.0,2.0,1.2,0.8,Moderate,Low
1370353,2023-05-29,2023,1,Gujarat Titans,Chennai Super Kings,Rashid Khan,0,2,0,0,0.0,Chennai Super Kings,5.0,250.0,9.040816326530612,122.78219371331616,49,23.4,15.0,21.33333333333333,1.0,0.0,1.4,2.4,Low,Low
1370353,2023-05-29,2023,1,Gujarat Titans,Chennai Super Kings,Shubman Gill,39,20,7,0,195.0,Chennai Super Kings,129.0,218.64406779661016,31.98837209302325,119.81510083931008,86,76.4,62.3,25.08333333333333,7.0,10.0,5.8,4.0,Moderate,Low
1370353,2023-05-29,2023,1,Gujarat Titans,Chennai Super Kings,WP Saha,54,39,5,1,138.46153846153845,Chennai Super Kings,18.0,112.5,20.63157894736842,115.9689886665609,133,8.8,18.0,20.714285714285715,3.0,0.0,1.4,0.0,High,Low
1370353,2023-05-29,2023,2,Chennai Super Kings,Gujarat Titans,AM Rahane,27,13,2,2,207.6923076923077,Gujarat Titans,17.0,170.0,27.67721518987342,104.61496541904292,158,18.0,29.9,17.0,0.0,1.0,0.8,0.6,Moderate,Low
1370353,2023-05-29,2023,2,Chennai Super Kings,Gujarat Titans,AT Rayudu,19,8,1,2,237.5,Gujarat Titans,17.0,188.88888888888889,23.52717391304348,114.6508801349478,184,11.2,12.7,25.0,1.0,1.0,0.4,0.6,Low,Low
1370353,2023-05-29,2023,2,Chennai Super Kings,Gujarat Titans,DP Conway,47,25,4,2,188.0,Gujarat Titans,40.0,117.64705882352942,41.76190476190476,108.44546052829368,21,42.2,52.7,15.333333333333334,4.0,0.0,4.6,0.6,High,Low
1370353,2023-05-29,2023,2,Chennai Super Kings,Gujarat Titans,MS Dhoni,0,1,0,0,0.0,Gujarat Titans,1.0,50.0,23.52777777777778,129.47878520389472,216,6.0,9.0,7.333333333333333,0.0,0.0,0.2,0.4,Low,Low
1370353,2023-05-29,2023,2,Chennai Super Kings,Gujarat Titans,RA Jadeja,15,6,1,1,250.0,Gujarat Titans,22.0,137.5,15.93452380952381,131.27623666473184,168,19.0,17.4,15.0,2.0,0.0,1.2,0.6,Low,Low
1370353,2023-05-29,2023,2,Chennai Super Kings,Gujarat Titans,RD Gaikwad,26,16,3,1,162.5,Gujarat Titans,60.0,139.53488372093022,35.42,110.4793942792612,50,42.0,36.7,69.5,7.0,1.0,4.0,2.0,Moderate,Low
1370353,2023-05-29,2023,2,Chennai Super Kings,Gujarat Titans,S Dube,32,21,0,2,152.38095238095238,Gujarat Titans,1.0,33.33333333333333,23.347826086956523,124.22399806120328,46,24.4,31.2,9.75,0.0,0.0,0.2,2.4,Moderate,Low
1422119,2024-03-22,2024,1,Royal Challengers Bengaluru,Chennai Super Kings,Anuj Rawat,48,25,4,3,192.0,Chennai Super Kings,23.0,153.33333333333334,13.75,94.25386847195358,16,15.0,9.5,12.0,1.0,1.0,1.0,0.8,High,Low
1422119,2024-03-22,2024,1,Royal Challengers Bengaluru,Chennai Super Kings,C Green,18,22,1,0,81.81818181818183,Chennai Super Kings,30.0,157.89473684210526,28.25,141.3363113629448,16,35.6,28.6,9.0,2.0,2.0,3.2,2.2,Low,Low
1422119,2024-03-22,2024,1,Royal Challengers Bengaluru,Chennai Super Kings,F du Plessis,35,23,8,0,152.17391304347828,Chennai Super Kings,28.0,147.36842105263156,33.60162601626016,119.01419231267086,123,52.8,53.3,36.0,5.0,0.0,5.0,1.6,Moderate,Low
1422119,2024-03-22,2024,1,Royal Challengers Bengaluru,Chennai Super Kings,GJ Maxwell,0,1,0,0,0.0,Chennai Super Kings,11.0,220.00000000000003,22.666666666666668,129.6232490264805,120,27.6,30.0,30.33333333333333,1.0,1.0,3.0,1.6,Low,Low
1422119,2024-03-22,2024,1,Royal Challengers Bengaluru,Chennai Super Kings,KD Karthik,38,26,3,2,146.15384615384613,Chennai Super Kings,0.0,0.0,20.346846846846848,117.96210392119468,222,11.4,13.0,23.27586206896552,0.0,0.0,1.0,0.6,Moderate,Low
1422119,2024-03-22,2024,1,Royal Challengers Bengaluru,Chennai Super Kings,RM Patidar,0,3,0,0,0.0,Chennai Super Kings,58.0,138.0952380952381,36.72727272727273,126.93488457616832,11,53.0,39.6,21.0,4.0,3.0,4.4,3.0,Low,Low
1422119,2024-03-22,2024,1,Royal Challengers Bengaluru,Chennai Super Kings,V Kohli,21,20,0,1,105.0,Chennai Super Kings,101.0,165.5737704918033,31.484848484848484,116.55542730281546,231,55.0,42.5,32.833333333333336,13.0,1.0,6.2,1.0,Moderate,Low
1422119,2024-03-22,2024,2,Chennai Super Kings,Royal Challengers Bengaluru,AM Rahane,27,19,0,2,142.10526315789474,Royal Challengers Bengaluru,27.0,207.6923076923077,27.67295597484277,105.26325059057288,159,20.4,26.5,0.0,2.0,2.0,1.2,1.0,Moderate,Low
1422119,2024-03-22,2024,2,Chennai Super Kings,Royal Challengers Bengaluru,DJ Mitchell,22,18,0,2,122.22222222222224,Royal Challengers Bengaluru,17.0,85.0,16.5,75.83333333333333,2,16.5,16.5,0.0,1.0,0.0,0.5,0.0,Moderate,Low
1422119,2024-03-22,2024,2,Chennai Super Kings,Royal Challengers Bengaluru,R Ravindra,37,15,3,3,246.66666666666669,Royal Challengers Bengaluru,0.0,0.0,0.0,0.0,0,0.0,0.0,0.0,0.0,0.0,0.0,0.0,Moderate,Low
1422119,2024-03-22,2024,2,Chennai Super Kings,Royal Challengers Bengaluru,RA Jadeja,25,17,0,1,147.05882352941177,Royal Challengers Bengaluru,15.0,250.0,15.928994082840235,131.97874414008845,169,19.6,18.6,0.0,1.0,1.0,1.4,0.8,Moderate,Low
1422119,2024-03-22,2024,2,Chennai Super Kings,Royal Challengers Bengaluru,RD Gaikwad,15,15,3,0,100.0,Royal Challengers Bengaluru,26.0,162.5,35.23529411764706,111.49940615613843,51,41.2,39.0,0.0,3.0,1.0,3.8,1.8,Low,Low
1422119,2024-03-22,2024,2,Chennai Super Kings,Royal Challengers Bengaluru,S Dube,34,28,4,1,121.42857142857142,Royal Challengers Bengaluru,32.0,152.38095238095238,23.53191489361702,124.82308219566605,47,25.6,33.6,0.0,0.0,2.0,0.2,2.2,Moderate,Low
1422120,2024-03-23,2024,1,Delhi Capitals,Punjab Kings,AR Patel,21,13,2,1,161.53846153846155,Punjab Kings,15.0,187.5,14.18,127.34687868353537,100,14.4,22.9,9.0,1.0,1.0,1.0,0.8,Moderate,Low
1422120,2024-03-23,2024,1,Delhi Capitals,Punjab Kings,Abishek Porel,32,10,4,2,320.0,Punjab Kings,5.0,62.5,8.25,88.85732323232324,4,8.25,8.25,0.0,0.0,0.0,0.25,0.5,Moderate,Low
1422120,2024-03-23,2024,1,Delhi Capitals,Punjab Kings,DA Warner,29,21,3,2,138.0952380952381,Punjab Kings,86.0,148.27586206896552,35.74860335195531,120.79176216763848,179,41.6,30.7,33.166666666666664,7.0,5.0,5.0,1.8,Moderate,Low
1422120,2024-03-23,2024,1,Delhi Capitals,Punjab Kings,Kuldeep Yadav,1,2,0,0,50.0,Punjab Kings,0.0,0.0,5.037037037037037,70.77470364364069,27,2.8,3.1,6.0,0.0,0.0,0.2,0.0,Low,Low
1422120,2024-03-23,2024,1,Delhi Capitals,Punjab Kings,MR Marsh,20,12,2,2,166.66666666666669,Punjab Kings,3.0,75.0,18.875,104.39050725855274,32,24.4,12.8,33.0,0.0,0.0,2.0,1.4,Moderate,Low
1422120,2024-03-23,2024,1,Delhi Capitals,Punjab Kings,RK Bhui,3,7,0,0,42.85714285714285,Punjab Kings,7.0,58.333333333333336,3.5,29.166666666666668,2,3.5,3.5,0.0,0.0,0.0,0.0,0.0,Low,Low
1422120,2024-03-23,2024,1,Delhi Capitals,Punjab Kings,RR Pant,18,13,2,0,138.46153846153845,Punjab Kings,39.0,118.1818181818182,28.51,133.7474544941879,100,21.2,25.7,12.0,4.0,1.0,1.8,1.4,Low,Low
1422120,2024-03-23,2024,1,Delhi Capitals,Punjab Kings,SD Hope,33,25,2,2,132.0,Punjab Kings,0.0,0.0,0.0,0.0,0,0.0,0.0,0.0,0.0,0.0,0.0,0.0,Moderate,Low
1422120,2024-03-23,2024,1,Delhi Capitals,Punjab Kings,Sumit Kumar,2,9,0,0,22.22222222222222,Punjab Kings,0.0,0.0,0.0,0.0,0,0.0,0.0,0.0,0.0,0.0,0.0,0.0,Low,Low
1422120,2024-03-23,2024,1,Delhi Capitals,Punjab Kings,T Stubbs,5,8,0,0,62.5,Punjab Kings,20.0,95.23809523809524,6.75,61.30952380952381,4,6.75,6.75,0.0,2.0,0.0,0.5,0.0,Low,Low
1422120,2024-03-23,2024,2,Punjab Kings,Delhi Capitals,Harpreet Brar,2,2,0,0,100.0,Delhi Capitals,0.0,0.0,9.294117647058824,120.23978631700358,17,7.4,6.0,5.4,0.0,0.0,0.8,0.2,Low,Low
1422120,2024-03-23,2024,2,Punjab Kings,Delhi Capitals,JM Bairstow,9,3,2,0,300.0,Delhi Capitals,23.0,153.33333333333334,33.1025641025641,127.8885614741905,39,34.8,24.5,36.16666666666666,5.0,0.0,4.2,1.8,Low,Low
1422120,2024-03-23,2024,2,Punjab Kings,Delhi Capitals,JM Sharma,9,9,1,0,100.0,Delhi Capitals,44.0,157.14285714285714,22.625,157.50858299624818,24,23.8,23.2,20.25,3.0,3.0,1.8,1.4,Low,Low
1422120,2024-03-23,2024,2,Punjab Kings,Delhi Capitals,LS Livingstone,38,21,2,3,180.95238095238096,Delhi Capitals,9.0,69.23076923076923,25.875,139.59575727418598,32,40.8,32.8,19.666666666666668,1.0,0.0,3.4,2.6,Moderate,Low
1422120,2024-03-23,2024,2,Punjab Kings,Delhi Capitals,P Simran Singh,26,17,5,0,152.94117647058823,Delhi Capitals,2.0,100.0,21.1,113.12491030641186,20,29.6,27.5,45.66666666666666,0.0,0.0,3.6,1.2,Moderate,Low
1422120,2024-03-23,2024,2,Punjab Kings,Delhi Capitals,S Dhawan,22,16,4,0,137.5,Delhi Capitals,17.0,154.54545454545453,30.493087557603687,111.9280823476481,217,22.2,33.3,8.75,2.0,1.0,3.2,0.6,Moderate,Low
1422120,2024-03-23,2024,2,Punjab Kings,Delhi Capitals,SM Curran,63,47,6,1,134.04255319148936,Delhi Capitals,49.0,158.06451612903226,17.02777777777778,135.19684084484004,36,22.6,22.7,12.285714285714286,4.0,2.0,1.4,0.8,High,Low
1422120,2024-03-23,2024,2,Punjab Kings,Delhi Capitals,Shashank Singh,0,1,0,0,0.0,Delhi Capitals,11.0,91.66666666666666,13.8,174.20634920634922,5,13.8,13.8,10.0,1.0,0.0,1.0,0.8,Low,Low
1422121,2024-03-23,2024,1,Kolkata Knight Riders,Sunrisers Hyderabad,AD Russell,64,24,3,7,266.66666666666663,Sunrisers Hyderabad,7.0,77.77777777777779,23.604166666666668,148.35460590528086,96,17.0,18.8,17.214285714285715,0.0,1.0,0.8,1.4,High,Low
1422121,2024-03-23,2024,1,Kolkata Knight Riders,Sunrisers Hyderabad,MA Starc,6,3,1,0,200.0,Sunrisers Hyderabad,1.0,100.0,8.727272727272727,98.85740857607864,11,5.0,7.8,5.5,0.0,0.0,0.4,0.0,Low,Low
1422121,2024-03-23,2024,1,Kolkata Knight Riders,Sunrisers Hyderabad,N Rana,9,11,1,0,81.81818181818183,Sunrisers Hyderabad,8.0,80.0,26.2020202020202,119.23825372293592,99,36.0,26.8,35.8,1.0,0.0,3.6,1.0,Low,Low
1422121,2024-03-23,2024,1,Kolkata Knight Riders,Sunrisers Hyderabad,PD Salt,54,40,3,3,135.0,Sunrisers Hyderabad,3.0,50.0,24.22222222222222,115.81784228843054,9,30.8,24.22222222222222,29.5,0.0,0.0,2.8,2.0,High,Low
1422121,2024-03-23,2024,1,Kolkata Knight Riders,Sunrisers Hyderabad,RK Singh,23,15,3,0,153.33333333333334,Sunrisers Hyderabad,67.0,203.03030303030303,25.0,131.6362296778466,29,40.8,31.8,34.75,6.0,4.0,3.2,2.0,Moderate,Low
1422121,2024-03-23,2024,1,Kolkata Knight Riders,Sunrisers Hyderabad,Ramandeep Singh,35,16,1,4,218.75,Sunrisers Hyderabad,13.0,260.0,11.25,154.58333333333334,4,11.25,11.25,14.0,2.0,0.0,0.75,0.25,Moderate,Low
1422121,2024-03-23,2024,1,Kolkata Knight Riders,Sunrisers Hyderabad,SP Narine,2,4,0,0,50.0,Sunrisers Hyderabad,1.0,50.0,11.369565217391305,119.11718183216702,92,2.4,2.1,8.153846153846153,0.0,0.0,0.4,0.0,Low,Low
1422121,2024-03-23,2024,1,Kolkata Knight Riders,Sunrisers Hyderabad,SS Iyer,0,2,0,0,0.0,Sunrisers Hyderabad,50.0,172.41379310344826,27.524752475247524,109.97439304923864,101,22.2,33.2,28.066666666666663,4.0,3.0,2.2,0.8,Low,Low
1422121,2024-03-23,2024,1,Kolkata Knight Riders,Sunrisers Hyderabad,VR Iyer,7,5,1,0,140.0,Sunrisers Hyderabad,24.0,160.0,26.55555555555556,114.15410652846175,36,21.6,27.4,7.6,3.0,1.0,1.6,1.0,Low,Low
1422121,2024-03-23,2024,2,Sunrisers Hyderabad,Kolkata Knight Riders,AK Markram,18,13,2,0,138.46153846153845,Kolkata Knight Riders,13.0,185.7142857142857,25.0,123.0355620114728,31,15.0,16.1,41.8,0.0,1.0,0.8,0.4,Low,Low
1422121,2024-03-23,2024,2,Sunrisers Hyderabad,Kolkata Knight Riders,Abdul Samad,15,11,1,1,136.36363636363637,Kolkata Knight Riders,4.0,133.33333333333331,14.178571428571429,125.6453110814218,28,21.4,17.3,18.0,1.0,0.0,1.2,1.6,Low,Low
1422121,2024-03-23,2024,2,Sunrisers Hyderabad,Kolkata Knight Riders,Abhishek Sharma,32,19,4,2,168.42105263157893,Kolkata Knight Riders,11.0,78.57142857142857,19.844444444444445,117.71568700319654,45,17.4,22.6,15.833333333333334,2.0,0.0,2.0,0.4,Moderate,Low
1422121,2024-03-23,2024,2,Sunrisers Hyderabad,Kolkata Knight Riders,H Klaasen,63,29,0,8,217.24137931034485,Kolkata Knight Riders,18.0,150.0,30.235294117647054,151.49490669979528,17,51.8,43.2,23.33333333333333,2.0,0.0,3.8,2.8,High,Low
1422121,2024-03-23,2024,2,Sunrisers Hyderabad,Kolkata Knight Riders,M Jansen,1,1,0,0,100.0,Kolkata Knight Riders,3.0,50.0,4.8,79.56060606060605,10,5.2,4.8,0.6666666666666666,0.0,0.0,0.2,0.0,Low,Low
1422121,2024-03-23,2024,2,Sunrisers Hyderabad,Kolkata Knight Riders,MA Agarwal,32,21,4,1,152.38095238095238,Kolkata Knight Riders,83.0,180.43478260869568,22.07627118644068,117.47724134392368,118,31.4,27.0,19.25,8.0,4.0,3.6,1.0,Moderate,Low
1422121,2024-03-23,2024,2,Sunrisers Hyderabad,Kolkata Knight Riders,PJ Cummins,0,1,0,0,0.0,Kolkata Knight Riders,0.0,0.0,13.06896551724138,128.3397439837602,29,12.6,15.6,3.0,0.0,0.0,1.0,1.2,Low,Low
1422121,2024-03-23,2024,2,Sunrisers Hyderabad,Kolkata Knight Riders,RA Tripathi,20,20,0,1,100.0,Kolkata Knight Riders,15.0,125.0,23.804597701149422,126.98783002583438,87,20.6,16.5,30.8,2.0,1.0,2.2,1.0,Moderate,Low
1422121,2024-03-23,2024,2,Sunrisers Hyderabad,Kolkata Knight Riders,Shahbaz Ahmed,16,5,1,2,320.0,Kolkata Knight Riders,2.0,40.0,12.84,105.45153949364476,25,8.2,6.6,10.75,0.0,0.0,0.6,0.2,Low,Low
1422122,2024-03-24,2024,1,Rajasthan Royals,Lucknow Super Giants,Dhruv Jurel,20,12,1,1,166.66666666666669,Lucknow Super Giants,10.0,250.0,13.818181818181818,146.2987012987013,11,11.2,12.0,0.0,0.0,1.0,0.8,0.6,Moderate,Low
1422122,2024-03-24,2024,1,Rajasthan Royals,Lucknow Super Giants,JC Buttler,11,9,2,0,122.22222222222224,Lucknow Super Giants,0.0,0.0,33.583333333333336,129.14327896923942,96,20.6,18.8,18.33333333333333,0.0,0.0,2.4,0.8,Low,Low
1422122,2024-03-24,2024,1,Rajasthan Royals,Lucknow Super Giants,R Parag,43,29,1,3,148.27586206896552,Lucknow Super Giants,20.0,181.8181818181818,13.636363636363637,109.90429295172208,44,10.2,10.7,14.0,1.0,2.0,0.4,0.6,High,Low
1422122,2024-03-24,2024,1,Rajasthan Royals,Lucknow Super Giants,SO Hetmyer,5,7,0,0,71.42857142857143,Lucknow Super Giants,46.0,164.28571428571428,20.178571428571427,135.8102500076724,56,20.6,20.2,30.5,4.0,3.0,1.0,1.6,Low,Low
1422122,2024-03-24,2024,1,Rajasthan Royals,Lucknow Super Giants,SV Samson,82,51,3,6,160.7843137254902,Lucknow Super Giants,2.0,66.66666666666666,26.448979591836736,116.84986435861974,147,30.0,26.5,15.666666666666666,0.0,0.0,2.0,2.2,High,Low
1422122,2024-03-24,2024,1,Rajasthan Royals,Lucknow Super Giants,YBK Jaiswal,24,12,3,1,200.0,Lucknow Super Giants,50.0,138.88888888888889,31.67567567567568,123.48800916474852,37,39.4,49.0,42.5,8.0,0.0,5.4,1.6,Moderate,Low
1422122,2024-03-24,2024,2,Lucknow Super Giants,Rajasthan Royals,A Badoni,1,5,0,0,20.0,Rajasthan Royals,1.0,14.285714285714285,17.347826086956523,124.66020705796628,23,22.0,19.7,2.0,0.0,0.0,1.0,1.4,Low,Low
1422122,2024-03-24,2024,2,Lucknow Super Giants,Rajasthan Royals,D Padikkal,0,3,0,0,0.0,Rajasthan Royals,51.0,170.0,26.68421052631579,108.12546387125856,57,19.2,25.9,55.25,5.0,3.0,2.4,0.6,Low,Low
1422122,2024-03-24,2024,2,Lucknow Super Giants,Rajasthan Royals,DJ Hooda,26,13,2,2,200.0,Rajasthan Royals,15.0,115.38461538461536,15.011363636363637,116.97048841192571,88,8.6,6.5,21.571428571428573,0.0,1.0,0.4,0.2,Moderate,Low
1422122,2024-03-24,2024,2,Lucknow Super Giants,Rajasthan Royals,KH Pandya,3,5,0,0,60.0,Rajasthan Royals,8.0,72.72727272727273,15.770833333333334,123.67242286622488,96,13.2,13.0,13.0,1.0,0.0,0.4,0.4,Low,Low
1422122,2024-03-24,2024,2,Lucknow Super Giants,Rajasthan Royals,KL Rahul,58,44,4,2,131.8181818181818,Rajasthan Royals,0.0,0.0,37.9,120.54873088248875,110,38.6,35.3,41.35714285714285,0.0,0.0,4.2,0.6,High,Low
1422122,2024-03-24,2024,2,Lucknow Super Giants,Rajasthan Royals,MP Stoinis,3,4,0,0,75.0,Rajasthan Royals,40.0,148.14814814814815,19.97297297297297,118.15427961525488,74,34.6,28.5,20.8,5.0,1.0,2.2,2.4,Low,Low
1422122,2024-03-24,2024,2,Lucknow Super Giants,Rajasthan Royals,N Pooran,64,41,4,4,156.09756097560975,Rajasthan Royals,0.0,0.0,21.166666666666668,134.24653233586204,60,22.6,21.7,15.625,0.0,0.0,1.6,1.8,High,Low
1422122,2024-03-24,2024,2,Lucknow Super Giants,Rajasthan Royals,Q de Kock,4,5,1,0,80.0,Rajasthan Royals,28.0,107.6923076923077,30.0,116.5227800855503,97,29.8,38.0,39.888888888888886,0.0,2.0,2.0,1.8,Low,Low
1422123,2024-03-24,2024,1,Gujarat Titans,Mumbai Indians,Azmatullah Omarzai,17,11,1,1,154.54545454545453,Mumbai Indians,0.0,0.0,0.0,0.0,0,0.0,0.0,0.0,0.0,0.0,0.0,0.0,Low,Low
1422123,2024-03-24,2024,1,Gujarat Titans,Mumbai Indians,B Sai Sudharsan,45,39,3,1,115.38461538461536,Mumbai Indians,96.0,204.25531914893617,39.0,133.02120151547052,13,45.0,44.1,28.5,8.0,6.0,4.6,1.6,High,Low
1422123,2024-03-24,2024,1,Gujarat Titans,Mumbai Indians,DA Miller,12,11,1,0,109.09090909090908,Mumbai Indians,4.0,66.66666666666666,23.6,124.51832442524568,115,15.8,20.9,24.266666666666666,0.0,0.0,1.6,0.6,Low,Low
1422123,2024-03-24,2024,1,Gujarat Titans,Mumbai Indians,R Tewatia,22,14,2,1,157.14285714285714,Mumbai Indians,3.0,60.0,14.732142857142858,128.44307686941158,56,8.8,8.7,10.5,0.0,0.0,0.2,0.6,Moderate,Low
1422123,2024-03-24,2024,1,Gujarat Titans,Mumbai Indians,Rashid Khan,4,3,0,0,133.33333333333331,Mumbai Indians,0.0,0.0,8.86,120.32654983904985,50,22.8,14.9,9.727272727272728,0.0,0.0,1.4,2.4,Low,Low
1422123,2024-03-24,2024,1,Gujarat Titans,Mumbai Indians,Shubman Gill,31,22,3,1,140.9090909090909,Mumbai Indians,39.0,195.0,32.06896551724138,120.6792950825364,87,83.0,60.6,37.18181818181818,7.0,0.0,7.2,4.0,Moderate,Low
1422123,2024-03-24,2024,1,Gujarat Titans,Mumbai Indians,V Shankar,6,5,0,0,120.0,Mumbai Indians,14.0,140.0,20.235294117647054,122.2588998777165,51,30.6,30.1,19.0,0.0,1.0,3.2,1.6,Low,Low
1422123,2024-03-24,2024,1,Gujarat Titans,Mumbai Indians,WP Saha,19,15,4,0,126.66666666666666,Mumbai Indians,54.0,138.46153846153845,20.88059701492537,116.13684351577716,134,19.2,23.0,25.235294117647054,5.0,1.0,2.4,0.2,Low,Low
1422123,2024-03-24,2024,2,Mumbai Indians,Gujarat Titans,D Brevis,46,38,2,3,121.05263157894736,Gujarat Titans,37.0,112.12121212121212,23.0,127.01206562860698,7,24.8,23.0,0.0,1.0,3.0,2.2,1.8,High,Low
1422123,2024-03-24,2024,2,Mumbai Indians,Gujarat Titans,G Coetzee,1,3,0,0,33.33333333333333,Gujarat Titans,0.0,0.0,0.0,0.0,0,0.0,0.0,0.0,0.0,0.0,0.0,0.0,Low,Low
1422123,2024-03-24,2024,2,Mumbai Indians,Gujarat Titans,HH Pandya,11,4,1,1,275.0,Gujarat Titans,21.0,175.0,19.64406779661017,141.40531949281691,118,13.8,23.1,0.0,0.0,2.0,1.0,0.8,Low,Low
1422123,2024-03-24,2024,2,Mumbai Indians,Gujarat Titans,Ishan Kishan,0,4,0,0,0.0,Gujarat Titans,15.0,125.0,27.341176470588238,116.40240059016315,85,32.2,28.5,29.666666666666668,3.0,0.0,4.0,1.4,Low,Low
1422123,2024-03-24,2024,2,Mumbai Indians,Gujarat Titans,JJ Bumrah,1,1,0,0,100.0,Gujarat Titans,0.0,0.0,2.5454545454545454,65.09641873278237,22,1.0,1.5,0.0,0.0,0.0,0.2,0.0,Low,Low
1422123,2024-03-24,2024,2,Mumbai Indians,Gujarat Titans,Naman Dhir,20,10,3,1,200.0,Gujarat Titans,0.0,0.0,0.0,0.0,0,0.0,0.0,0.0,0.0,0.0,0.0,0.0,Moderate,Low
1422123,2024-03-24,2024,2,Mumbai Indians,Gujarat Titans,PP Chawla,0,1,0,0,0.0,Gujarat Titans,0.0,0.0,7.6125,107.44976359532282,80,5.0,6.7,9.0,0.0,0.0,0.2,0.2,Low,Low
1422123,2024-03-24,2024,2,Mumbai Indians,Gujarat Titans,RG Sharma,43,29,7,1,148.27586206896552,Gujarat Titans,8.0,114.28571428571428,26.105042016806724,111.67268350831849,238,28.2,15.3,20.5,1.0,0.0,2.8,1.4,High,Low
1422123,2024-03-24,2024,2,Mumbai Indians,Gujarat Titans,SZ Mulani,1,1,0,0,100.0,Gujarat Titans,0.0,0.0,0.0,0.0,0,0.0,0.0,0.0,0.0,0.0,0.0,0.0,Low,Low
1422123,2024-03-24,2024,2,Mumbai Indians,Gujarat Titans,TH David,11,10,1,0,110.0,Gujarat Titans,2.0,66.66666666666666,17.416666666666668,145.71775446775447,24,10.4,14.3,12.75,0.0,0.0,0.6,0.6,Low,Low
1422123,2024-03-24,2024,2,Mumbai Indians,Gujarat Titans,Tilak Varma,25,19,1,1,131.57894736842107,Gujarat Titans,43.0,307.1428571428572,29.6,138.39752358494044,25,25.2,25.9,22.0,5.0,3.0,1.8,1.8,Moderate,Low
1422124,2024-03-25,2024,1,Punjab Kings,Royal Challengers Bengaluru,Harpreet Brar,2,2,0,0,100.0,Royal Challengers Bengaluru,2.0,100.0,8.88888888888889,119.11535374383672,18,5.2,5.5,0.0,0.0,0.0,0.6,0.2,Low,Low
1422124,2024-03-25,2024,1,Punjab Kings,Royal Challengers Bengaluru,JM Bairstow,8,6,2,0,133.33333333333331,Royal Challengers Bengaluru,9.0,300.0,32.5,132.19134743733574,40,36.4,24.2,0.0,2.0,0.0,4.6,1.8,Low,Low
1422124,2024-03-25,2024,1,Punjab Kings,Royal Challengers Bengaluru,JM Sharma,27,20,1,2,135.0,Royal Challengers Bengaluru,9.0,100.0,22.08,155.20823967639825,25,15.8,23.9,0.0,1.0,0.0,1.0,1.0,Moderate,Low
1422124,2024-03-25,2024,1,Punjab Kings,Royal Challengers Bengaluru,LS Livingstone,17,13,1,1,130.76923076923077,Royal Challengers Bengaluru,38.0,180.95238095238096,26.24242424242424,140.84898829473735,33,32.0,31.7,0.0,2.0,3.0,2.4,2.4,Low,Low
1422124,2024-03-25,2024,1,Punjab Kings,Royal Challengers Bengaluru,P Simran Singh,25,17,2,2,147.05882352941177,Royal Challengers Bengaluru,26.0,152.94117647058823,21.33333333333333,115.02092298089644,21,33.0,29.7,0.0,5.0,0.0,4.4,1.2,Moderate,Low
1422124,2024-03-25,2024,1,Punjab Kings,Royal Challengers Bengaluru,S Dhawan,45,37,5,1,121.62162162162164,Royal Challengers Bengaluru,22.0,137.5,30.45412844036697,112.04538472220018,218,20.6,26.9,0.0,4.0,0.0,3.0,0.6,High,Low
1422124,2024-03-25,2024,1,Punjab Kings,Royal Challengers Bengaluru,SM Curran,23,17,3,0,135.29411764705884,Royal Challengers Bengaluru,63.0,134.04255319148936,18.27027027027027,135.16564388123595,37,29.4,26.8,0.0,6.0,1.0,2.4,0.8,Moderate,Low
1422124,2024-03-25,2024,1,Punjab Kings,Royal Challengers Bengaluru,Shashank Singh,21,8,1,2,262.5,Royal Challengers Bengaluru,0.0,0.0,11.5,145.17195767195767,6,8.8,11.5,0.0,0.0,0.0,0.8,0.2,Moderate,Low
1422124,2024-03-25,2024,2,Royal Challengers Bengaluru,Punjab Kings,Anuj Rawat,11,14,1,0,78.57142857142857,Punjab Kings,48.0,192.0,15.764705882352942,100.00364091477984,17,22.8,14.3,21.0,4.0,3.0,1.8,1.4,Low,Low
1422124,2024-03-25,2024,2,Royal Challengers Bengaluru,Punjab Kings,C Green,3,5,0,0,60.0,Punjab Kings,18.0,81.81818181818183,27.647058823529413,137.8352449191352,17,38.6,27.1,45.0,1.0,0.0,3.4,2.2,Low,Low
1422124,2024-03-25,2024,2,Royal Challengers Bengaluru,Punjab Kings,F du Plessis,3,7,0,0,42.85714285714285,Punjab Kings,35.0,152.17391304347828,33.61290322580645,119.28160941533864,124,50.8,50.6,58.8,8.0,0.0,5.6,1.4,Low,Low
1422124,2024-03-25,2024,2,Royal Challengers Bengaluru,Punjab Kings,GJ Maxwell,3,5,0,0,60.0,Punjab Kings,0.0,0.0,22.479338842975206,128.55198250560048,121,27.6,22.4,23.0,0.0,0.0,3.0,1.6,Low,Low
1422124,2024-03-25,2024,2,Royal Challengers Bengaluru,Punjab Kings,KD Karthik,28,10,3,2,280.0,Punjab Kings,38.0,146.15384615384613,20.426008968609864,118.08852428995095,223,15.8,16.8,14.6,3.0,2.0,1.4,0.8,Moderate,Low
1422124,2024-03-25,2024,2,Royal Challengers Bengaluru,Punjab Kings,MK Lomror,17,8,2,1,212.5,Punjab Kings,1.0,33.33333333333333,16.08,117.84266643881249,25,12.0,13.5,18.666666666666668,0.0,0.0,1.2,0.6,Low,Low
1422124,2024-03-25,2024,2,Royal Challengers Bengaluru,Punjab Kings,RM Patidar,18,18,1,1,100.0,Punjab Kings,0.0,0.0,33.666666666666664,116.35697752815427,12,48.8,39.5,28.5,0.0,0.0,4.2,2.8,Low,Low
1422124,2024-03-25,2024,2,Royal Challengers Bengaluru,Punjab Kings,V Kohli,77,49,11,2,157.14285714285714,Punjab Kings,21.0,105.0,31.439655172413797,116.5056194265102,232,48.2,44.0,36.0,0.0,1.0,5.2,1.2,High,Low
1422125,2024-03-26,2024,1,Chennai Super Kings,Gujarat Titans,AM Rahane,12,12,1,0,100.0,Gujarat Titans,27.0,142.10526315789474,27.66875,105.49351316911866,160,21.6,26.1,22.0,0.0,2.0,1.0,1.2,Low,Low
1422125,2024-03-26,2024,1,Chennai Super Kings,Gujarat Titans,DJ Mitchell,24,20,2,0,120.0,Gujarat Titans,22.0,122.22222222222224,18.33333333333333,91.2962962962963,3,18.33333333333333,18.33333333333333,0.0,0.0,2.0,0.3333333333333333,0.6666666666666666,Moderate,Low
1422125,2024-03-26,2024,1,Chennai Super Kings,Gujarat Titans,R Ravindra,46,20,6,3,230.0,Gujarat Titans,37.0,246.66666666666669,37.0,246.66666666666669,1,37.0,37.0,0.0,3.0,3.0,3.0,3.0,High,Low
1422125,2024-03-26,2024,1,Chennai Super Kings,Gujarat Titans,RA Jadeja,7,3,1,0,233.33333333333331,Gujarat Titans,25.0,147.05882352941177,15.98235294117647,132.0674504894374,170,20.4,18.6,15.0,0.0,1.0,1.2,0.8,Low,Low
1422125,2024-03-26,2024,1,Chennai Super Kings,Gujarat Titans,RD Gaikwad,46,36,5,1,127.77777777777776,Gujarat Titans,15.0,100.0,34.84615384615385,111.27826373005884,52,39.4,37.0,60.8,3.0,0.0,3.6,1.8,High,Low
1422125,2024-03-26,2024,1,Chennai Super Kings,Gujarat Titans,S Dube,51,23,2,5,221.73913043478265,Gujarat Titans,34.0,121.42857142857142,23.75,124.75236322135156,48,27.4,31.8,14.2,4.0,1.0,1.0,1.8,High,Low
1422125,2024-03-26,2024,1,Chennai Super Kings,Gujarat Titans,Sameer Rizvi,14,6,0,2,233.33333333333331,Gujarat Titans,0.0,0.0,0.0,0.0,0,0.0,0.0,0.0,0.0,0.0,0.0,0.0,Low,Low
1422125,2024-03-26,2024,2,Gujarat Titans,Chennai Super Kings,Azmatullah Omarzai,11,10,1,0,110.0,Chennai Super Kings,17.0,154.54545454545453,17.0,154.54545454545453,1,17.0,17.0,0.0,1.0,1.0,1.0,1.0,Low,Low
1422125,2024-03-26,2024,2,Gujarat Titans,Chennai Super Kings,B Sai Sudharsan,37,31,3,0,119.35483870967742,Chennai Super Kings,45.0,115.38461538461536,39.42857142857143,131.76144536326655,14,50.2,42.1,59.0,3.0,1.0,4.8,1.8,Moderate,Low
1422125,2024-03-26,2024,2,Gujarat Titans,Chennai Super Kings,DA Miller,21,16,3,0,131.25,Chennai Super Kings,12.0,109.09090909090908,23.5,124.3853294654669,116,14.0,17.5,28.307692307692307,1.0,0.0,1.4,0.4,Moderate,Low
1422125,2024-03-26,2024,2,Gujarat Titans,Chennai Super Kings,R Tewatia,6,11,1,0,54.54545454545454,Chennai Super Kings,22.0,157.14285714285714,14.859649122807015,128.9465817864896,57,9.2,9.4,9.714285714285714,2.0,1.0,0.6,0.2,Low,Low
1422125,2024-03-26,2024,2,Gujarat Titans,Chennai Super Kings,Rashid Khan,1,2,0,0,50.0,Chennai Super Kings,4.0,133.33333333333331,8.764705882352942,120.58158480952598,51,7.8,13.4,18.285714285714285,0.0,0.0,0.8,0.4,Low,Low
1422125,2024-03-26,2024,2,Gujarat Titans,Chennai Super Kings,SH Johnson,5,5,1,0,100.0,Chennai Super Kings,0.0,0.0,0.0,0.0,0,0.0,0.0,0.0,0.0,0.0,0.0,0.0,Low,Low
1422125,2024-03-26,2024,2,Gujarat Titans,Chennai Super Kings,Shubman Gill,8,5,0,1,160.0,Chennai Super Kings,31.0,140.9090909090909,32.05681818181818,120.90917912602,88,69.0,58.8,26.153846153846157,3.0,1.0,5.2,4.0,Low,Low
1422125,2024-03-26,2024,2,Gujarat Titans,Chennai Super Kings,UT Yadav,10,11,0,1,90.9090909090909,Chennai Super Kings,4.0,100.0,4.260869565217392,93.82520860781732,46,3.8,5.6,2.333333333333333,0.0,0.0,0.2,0.0,Low,Low
1422125,2024-03-26,2024,2,Gujarat Titans,Chennai Super Kings,V Shankar,12,12,0,1,100.0,Chennai Super Kings,6.0,120.0,19.96153846153846,122.21545949545272,52,21.6,28.0,22.0,0.0,0.0,2.8,0.6,Low,Low
1422125,2024-03-26,2024,2,Gujarat Titans,Chennai Super Kings,WP Saha,21,17,4,0,123.52941176470588,Chennai Super Kings,19.0,126.66666666666666,20.866666666666667,116.21484220578374,135,23.0,23.9,22.933333333333334,4.0,0.0,3.2,0.2,Moderate,Low
1422126,2024-03-27,2024,1,Sunrisers Hyderabad,Mumbai Indians,AK Markram,42,28,2,1,150.0,Mumbai Indians,18.0,138.46153846153845,24.78125,123.51762377553734,32,17.4,15.7,19.75,2.0,0.0,1.0,0.4,High,Low
1422126,2024-03-27,2024,1,Sunrisers Hyderabad,Mumbai Indians,Abhishek Sharma,63,22,3,7,286.3636363636364,Mumbai Indians,32.0,168.42105263157893,20.108695652173918,118.8179775603353,46,22.0,22.6,10.285714285714286,4.0,2.0,2.6,0.8,High,Low
1422126,2024-03-27,2024,1,Sunrisers Hyderabad,Mumbai Indians,H Klaasen,80,33,4,7,242.42424242424244,Mumbai Indians,63.0,217.24137931034485,32.05555555555556,155.14748851149247,18,59.2,45.9,18.0,0.0,8.0,3.4,4.0,High,Low
1422126,2024-03-27,2024,1,Sunrisers Hyderabad,Mumbai Indians,MA Agarwal,11,13,1,0,84.61538461538461,Mumbai Indians,32.0,152.38095238095238,22.159663865546214,117.77054984003315,119,37.4,27.5,25.11764705882353,4.0,1.0,4.4,1.2,Low,Low
1422126,2024-03-27,2024,1,Sunrisers Hyderabad,Mumbai Indians,TM Head,62,24,9,3,258.33333333333337,Mumbai Indians,2.0,100.0,20.5,108.97476282582666,10,18.2,20.5,24.5,0.0,0.0,0.8,1.0,High,Low
1422126,2024-03-27,2024,2,Mumbai Indians,Sunrisers Hyderabad,HH Pandya,24,20,1,1,120.0,Sunrisers Hyderabad,11.0,275.0,19.571428571428573,142.52796386682687,119,15.2,22.9,12.928571428571429,1.0,1.0,1.0,1.0,Moderate,Low
1422126,2024-03-27,2024,2,Mumbai Indians,Sunrisers Hyderabad,Ishan Kishan,34,13,2,4,261.53846153846155,Sunrisers Hyderabad,0.0,0.0,27.023255813953487,115.04888430423104,86,23.8,28.4,31.09090909090909,0.0,0.0,3.2,0.6,Moderate,Low
1422126,2024-03-27,2024,2,Mumbai Indians,Sunrisers Hyderabad,Naman Dhir,30,14,2,2,214.28571428571428,Sunrisers Hyderabad,20.0,200.0,20.0,200.0,1,20.0,20.0,0.0,3.0,1.0,3.0,1.0,Moderate,Low
1422126,2024-03-27,2024,2,Mumbai Indians,Sunrisers Hyderabad,R Shepherd,15,6,2,1,250.0,Sunrisers Hyderabad,0.0,0.0,14.5,104.76190476190476,4,14.5,14.5,0.0,0.0,0.0,0.5,1.25,Low,Low
1422126,2024-03-27,2024,2,Mumbai Indians,Sunrisers Hyderabad,RG Sharma,26,12,1,3,216.66666666666663,Sunrisers Hyderabad,43.0,148.27586206896552,26.175732217573223,111.82583488304924,239,31.0,19.4,19.476190476190474,7.0,1.0,3.6,1.2,Moderate,Low
1422126,2024-03-27,2024,2,Mumbai Indians,Sunrisers Hyderabad,TH David,42,22,2,3,190.9090909090909,Sunrisers Hyderabad,11.0,110.0,17.16,144.28904428904428,25,12.6,12.9,31.0,1.0,0.0,0.8,0.6,High,Low
1422126,2024-03-27,2024,2,Mumbai Indians,Sunrisers Hyderabad,Tilak Varma,64,33,2,6,193.93939393939397,Sunrisers Hyderabad,25.0,131.57894736842107,29.423076923076923,138.13527065353583,26,29.8,26.2,22.5,1.0,1.0,2.0,2.0,High,Low
1422127,2024-03-28,2024,1,Rajasthan Royals,Delhi Capitals,Dhruv Jurel,20,12,3,0,166.66666666666669,Delhi Capitals,20.0,166.66666666666669,14.333333333333334,147.99603174603175,12,8.4,13.2,8.0,1.0,1.0,0.4,0.4,Moderate,Low
1422127,2024-03-28,2024,1,Rajasthan Royals,Delhi Capitals,JC Buttler,11,16,0,0,68.75,Delhi Capitals,11.0,122.22222222222224,33.350515463917525,129.0719278687547,97,21.2,19.9,39.833333333333336,2.0,0.0,2.4,0.8,Low,Low
1422127,2024-03-28,2024,1,Rajasthan Royals,Delhi Capitals,R Ashwin,29,19,0,3,152.63157894736844,Delhi Capitals,2.0,33.33333333333333,8.814814814814815,108.30215624104936,81,5.2,7.3,23.0,0.0,0.0,0.6,0.0,Moderate,Low
1422127,2024-03-28,2024,1,Rajasthan Royals,Delhi Capitals,R Parag,84,45,7,6,186.66666666666663,Delhi Capitals,43.0,148.27586206896552,14.28888888888889,110.75699448766083,45,17.4,14.0,10.714285714285714,1.0,3.0,0.6,1.2,High,Low
1422127,2024-03-28,2024,1,Rajasthan Royals,Delhi Capitals,SO Hetmyer,14,7,1,1,200.0,Delhi Capitals,5.0,71.42857142857143,19.912280701754387,134.68074687470573,57,20.0,17.7,20.0,0.0,0.0,1.0,1.4,Low,Low
1422127,2024-03-28,2024,1,Rajasthan Royals,Delhi Capitals,SV Samson,15,14,3,0,107.14285714285714,Delhi Capitals,82.0,160.7843137254902,26.824324324324323,117.14671874623376,148,40.4,28.7,20.125,3.0,6.0,2.0,3.2,Low,Low
1422127,2024-03-28,2024,1,Rajasthan Royals,Delhi Capitals,YBK Jaiswal,5,7,1,0,71.42857142857143,Delhi Capitals,24.0,200.0,31.473684210526315,125.50148260778144,38,41.4,51.3,29.5,3.0,1.0,5.8,1.6,Low,Low
1422127,2024-03-28,2024,2,Delhi Capitals,Rajasthan Royals,AR Patel,15,13,1,0,115.38461538461536,Rajasthan Royals,21.0,161.53846153846155,14.247524752475249,127.68540920685146,101,13.2,19.6,8.9,2.0,1.0,1.0,0.8,Low,Low
1422127,2024-03-28,2024,2,Delhi Capitals,Rajasthan Royals,Abishek Porel,9,10,0,0,90.0,Rajasthan Royals,32.0,320.0,13.0,135.0858585858586,5,13.0,13.0,7.0,4.0,2.0,1.0,0.8,Low,Low
1422127,2024-03-28,2024,2,Delhi Capitals,Rajasthan Royals,DA Warner,49,34,5,3,144.11764705882354,Rajasthan Royals,29.0,138.0952380952381,35.71111111111111,120.88789258945847,180,43.0,31.7,35.6,3.0,2.0,5.0,2.0,High,Low
1422127,2024-03-28,2024,2,Delhi Capitals,Rajasthan Royals,MR Marsh,23,12,5,0,191.66666666666669,Rajasthan Royals,20.0,166.66666666666669,18.90909090909091,106.27766360425316,33,23.4,14.8,62.0,2.0,2.0,1.4,1.8,Moderate,Low
1422127,2024-03-28,2024,2,Delhi Capitals,Rajasthan Royals,RK Bhui,0,2,0,0,0.0,Rajasthan Royals,3.0,42.85714285714285,3.333333333333333,33.73015873015873,3,3.333333333333333,3.333333333333333,0.0,0.0,0.0,0.0,0.0,Low,Low
1422127,2024-03-28,2024,2,Delhi Capitals,Rajasthan Royals,RR Pant,28,26,2,1,107.6923076923077,Rajasthan Royals,18.0,138.46153846153845,28.405940594059405,133.79412859287453,101,19.6,24.8,39.66666666666666,2.0,0.0,2.0,0.8,Moderate,Low
1422127,2024-03-28,2024,2,Delhi Capitals,Rajasthan Royals,T Stubbs,44,23,2,3,191.30434782608697,Rajasthan Royals,5.0,62.5,6.4,61.54761904761905,5,6.4,6.4,0.0,0.0,0.0,0.4,0.0,High,Low
1422128,2024-03-29,2024,1,Royal Challengers Bengaluru,Kolkata Knight Riders,Anuj Rawat,3,3,0,0,100.0,Kolkata Knight Riders,11.0,78.57142857142857,15.5,98.81296245126032,18,23.4,15.0,0.3333333333333333,1.0,0.0,2.0,1.2,Low,Low
1422128,2024-03-29,2024,1,Royal Challengers Bengaluru,Kolkata Knight Riders,C Green,33,21,4,2,157.14285714285714,Kolkata Knight Riders,3.0,60.0,26.27777777777778,133.5110646458499,18,38.4,23.0,1.0,0.0,0.0,3.4,2.2,Moderate,Low
1422128,2024-03-29,2024,1,Royal Challengers Bengaluru,Kolkata Knight Riders,F du Plessis,8,6,0,1,133.33333333333331,Kolkata Knight Riders,3.0,42.85714285714285,33.368,118.67021368287308,125,38.4,42.5,29.5,0.0,0.0,4.6,0.8,Low,Low
1422128,2024-03-29,2024,1,Royal Challengers Bengaluru,Kolkata Knight Riders,GJ Maxwell,28,19,3,1,147.36842105263156,Kolkata Knight Riders,3.0,60.0,22.31967213114754,127.99008100965293,122,14.6,22.7,23.789473684210527,0.0,0.0,1.4,0.8,Moderate,Low
1422128,2024-03-29,2024,1,Royal Challengers Bengaluru,Kolkata Knight Riders,KD Karthik,20,8,0,3,250.0,Kolkata Knight Riders,28.0,280.0,20.459821428571427,118.81134337794224,224,19.2,16.8,23.352941176470587,3.0,2.0,2.0,1.0,Moderate,Low
1422128,2024-03-29,2024,1,Royal Challengers Bengaluru,Kolkata Knight Riders,RM Patidar,3,4,0,0,75.0,Kolkata Knight Riders,18.0,100.0,32.46153846153846,115.09874848752705,13,42.8,38.2,1.0,1.0,1.0,3.6,2.6,Low,Low
1422128,2024-03-29,2024,1,Royal Challengers Bengaluru,Kolkata Knight Riders,V Kohli,83,59,4,4,140.67796610169492,Kolkata Knight Riders,77.0,157.14285714285714,31.63519313304721,116.68002817207396,233,63.4,45.8,29.689655172413797,11.0,2.0,7.4,1.6,High,Low
1422128,2024-03-29,2024,2,Kolkata Knight Riders,Royal Challengers Bengaluru,PD Salt,30,20,2,2,150.0,Royal Challengers Bengaluru,54.0,135.0,27.2,117.73605805958748,10,24.2,27.2,0.0,3.0,3.0,1.8,1.4,Moderate,Low
1422128,2024-03-29,2024,2,Kolkata Knight Riders,Royal Challengers Bengaluru,RK Singh,5,5,0,0,100.0,Royal Challengers Bengaluru,23.0,153.33333333333334,24.933333333333334,132.35946646636282,30,36.2,32.3,0.0,3.0,0.0,3.0,1.8,Low,Low
1422128,2024-03-29,2024,2,Kolkata Knight Riders,Royal Challengers Bengaluru,SP Narine,47,22,2,5,213.63636363636363,Royal Challengers Bengaluru,2.0,50.0,11.268817204301076,118.37398632859534,93,2.0,1.6,0.0,0.0,0.0,0.2,0.0,High,Low
1422128,2024-03-29,2024,2,Kolkata Knight Riders,Royal Challengers Bengaluru,SS Iyer,39,24,2,2,162.5,Royal Challengers Bengaluru,0.0,0.0,27.254901960784316,108.8962127252265,102,15.4,27.8,0.0,0.0,0.0,1.6,0.6,Moderate,Low
1422128,2024-03-29,2024,2,Kolkata Knight Riders,Royal Challengers Bengaluru,VR Iyer,50,30,3,4,166.66666666666669,Royal Challengers Bengaluru,7.0,140.0,26.027027027027028,114.85264418985469,37,21.6,17.7,0.0,1.0,0.0,1.6,1.0,High,Low
1422129,2024-03-30,2024,1,Lucknow Super Giants,Punjab Kings,A Badoni,8,10,0,0,80.0,Punjab Kings,1.0,20.0,16.666666666666668,120.29936509721767,24,21.4,16.8,17.333333333333332,0.0,0.0,1.0,1.4,Low,Low
1422129,2024-03-30,2024,1,Lucknow Super Giants,Punjab Kings,D Padikkal,9,6,2,0,150.0,Punjab Kings,0.0,0.0,26.224137931034484,106.26123173554718,58,13.8,23.8,30.0,0.0,0.0,1.4,0.6,Low,Low
1422129,2024-03-30,2024,1,Lucknow Super Giants,Punjab Kings,KH Pandya,43,22,4,2,195.45454545454547,Punjab Kings,3.0,60.0,15.639175257731958,123.01600613564526,97,13.8,11.5,8.25,0.0,0.0,0.4,0.4,High,Low
1422129,2024-03-30,2024,1,Lucknow Super Giants,Punjab Kings,KL Rahul,15,9,1,1,166.66666666666669,Punjab Kings,58.0,131.8181818181818,38.08108108108108,120.650257467495,111,35.4,33.2,30.666666666666668,4.0,2.0,3.4,0.8,Low,Low
1422129,2024-03-30,2024,1,Lucknow Super Giants,Punjab Kings,MP Stoinis,19,12,0,2,158.33333333333331,Punjab Kings,3.0,75.0,19.746666666666663,117.5788892203848,75,34.4,26.7,28.75,0.0,0.0,2.2,2.4,Low,Low
1422129,2024-03-30,2024,1,Lucknow Super Giants,Punjab Kings,Mohsin Khan,2,1,0,0,200.0,Punjab Kings,0.0,0.0,5.75,94.64285714285714,4,5.75,5.75,13.0,0.0,0.0,0.5,0.25,Low,Low
1422129,2024-03-30,2024,1,Lucknow Super Giants,Punjab Kings,N Pooran,42,21,3,3,200.0,Punjab Kings,64.0,156.09756097560975,21.868852459016395,134.6047459201202,61,34.8,25.2,21.25,4.0,4.0,2.4,2.6,High,Low
1422129,2024-03-30,2024,1,Lucknow Super Giants,Punjab Kings,Q de Kock,54,38,5,2,142.10526315789474,Punjab Kings,4.0,80.0,29.73469387755102,116.15009865610592,98,29.4,36.1,25.33333333333333,1.0,0.0,2.2,1.6,High,Low
1422129,2024-03-30,2024,1,Lucknow Super Giants,Punjab Kings,Ravi Bishnoi,0,1,0,0,0.0,Punjab Kings,3.0,50.0,2.5454545454545454,78.24675324675326,11,2.8,2.7,3.0,0.0,0.0,0.2,0.0,Low,Low
1422129,2024-03-30,2024,2,Punjab Kings,Lucknow Super Giants,JM Bairstow,42,29,3,3,144.82758620689654,Lucknow Super Giants,8.0,133.33333333333331,31.902439024390244,132.21920075187225,41,26.8,23.8,32.0,2.0,0.0,3.4,1.6,High,Low
1422129,2024-03-30,2024,2,Punjab Kings,Lucknow Super Giants,JM Sharma,6,9,1,0,66.66666666666666,Lucknow Super Giants,27.0,135.0,22.26923076923077,154.43099968884445,26,17.0,22.5,9.333333333333334,1.0,2.0,1.2,1.0,Low,Low
1422129,2024-03-30,2024,2,Punjab Kings,Lucknow Super Giants,LS Livingstone,28,17,2,2,164.70588235294116,Lucknow Super Giants,17.0,130.76923076923077,25.97058823529412,140.55252483810477,34,32.4,33.2,20.5,1.0,1.0,2.0,2.6,Moderate,Low
1422129,2024-03-30,2024,2,Punjab Kings,Lucknow Super Giants,P Simran Singh,19,7,1,2,271.42857142857144,Lucknow Super Giants,25.0,147.05882352941177,21.5,116.47719118764714,22,35.6,27.6,6.5,2.0,2.0,4.2,1.6,Low,Low
1422129,2024-03-30,2024,2,Punjab Kings,Lucknow Super Giants,S Dhawan,70,50,7,3,140.0,Lucknow Super Giants,45.0,121.62162162162164,30.52054794520548,112.08911183132996,219,18.2,21.5,3.0,5.0,1.0,2.2,0.6,High,Low
1422129,2024-03-30,2024,2,Punjab Kings,Lucknow Super Giants,SM Curran,0,1,0,0,0.0,Lucknow Super Giants,23.0,135.29411764705884,18.394736842105264,135.16902476981025,38,33.2,28.5,13.5,3.0,0.0,3.0,0.8,Low,Low
1422129,2024-03-30,2024,2,Punjab Kings,Lucknow Super Giants,Shashank Singh,9,7,1,0,128.57142857142858,Lucknow Super Giants,21.0,262.5,12.857142857142858,161.9331065759637,7,10.0,12.857142857142858,0.0,1.0,2.0,0.8,0.6,Low,Low
1422130,2024-03-31,2024,1,Sunrisers Hyderabad,Gujarat Titans,AK Markram,17,19,0,0,89.47368421052632,Gujarat Titans,42.0,150.0,25.303030303030305,124.32012002476348,33,20.2,18.7,26.0,2.0,1.0,1.0,0.4,Low,Low
1422130,2024-03-31,2024,1,Sunrisers Hyderabad,Gujarat Titans,Abdul Samad,29,14,3,1,207.1428571428572,Gujarat Titans,15.0,136.36363636363637,14.20689655172414,126.01490850494643,29,18.8,18.4,4.0,1.0,1.0,1.2,1.4,Moderate,Low
1422130,2024-03-31,2024,1,Sunrisers Hyderabad,Gujarat Titans,Abhishek Sharma,29,20,2,2,145.0,Gujarat Titans,63.0,286.3636363636364,21.02127659574468,122.38277881146936,47,23.6,28.8,37.333333333333336,3.0,7.0,2.2,1.8,Moderate,Low
1422130,2024-03-31,2024,1,Sunrisers Hyderabad,Gujarat Titans,H Klaasen,24,13,1,2,184.6153846153846,Gujarat Titans,80.0,242.42424242424244,34.578947368421055,159.74100187532142,19,65.8,52.2,64.0,4.0,7.0,3.6,4.8,Moderate,Low
1422130,2024-03-31,2024,1,Sunrisers Hyderabad,Gujarat Titans,MA Agarwal,16,17,2,0,94.11764705882352,Gujarat Titans,11.0,84.61538461538461,22.066666666666663,117.49425679649444,120,29.8,27.8,5.0,1.0,0.0,3.2,1.2,Low,Low
1422130,2024-03-31,2024,1,Sunrisers Hyderabad,Gujarat Titans,PJ Cummins,2,2,0,0,100.0,Gujarat Titans,0.0,0.0,12.633333333333333,124.06175251763489,30,1.4,15.6,0.0,0.0,0.0,0.2,0.0,Low,Low
1422130,2024-03-31,2024,1,Sunrisers Hyderabad,Gujarat Titans,Shahbaz Ahmed,22,20,1,1,110.0,Gujarat Titans,16.0,320.0,12.961538461538462,113.7034033592738,26,7.4,8.0,2.0,1.0,2.0,0.2,0.6,Moderate,Low
1422130,2024-03-31,2024,1,Sunrisers Hyderabad,Gujarat Titans,TM Head,19,14,3,0,135.71428571428572,Gujarat Titans,62.0,258.33333333333337,24.272727272727277,122.55281469014544,11,30.6,23.0,0.0,9.0,3.0,2.6,1.6,Low,Low
1422130,2024-03-31,2024,1,Sunrisers Hyderabad,Gujarat Titans,Washington Sundar,0,1,0,0,0.0,Gujarat Titans,24.0,160.0,10.216216216216216,108.94444854971172,37,12.0,10.3,3.0,3.0,0.0,1.2,0.0,Low,Low
1422130,2024-03-31,2024,2,Gujarat Titans,Sunrisers Hyderabad,B Sai Sudharsan,45,36,4,1,125.0,Sunrisers Hyderabad,37.0,119.35483870967742,39.266666666666666,130.9343382530273,15,53.6,44.4,29.0,3.0,0.0,5.0,1.8,High,Low
1422130,2024-03-31,2024,2,Gujarat Titans,Sunrisers Hyderabad,DA Miller,44,27,4,2,162.96296296296296,Sunrisers Hyderabad,21.0,131.25,23.47863247863248,124.44400186319795,117,10.0,19.0,16.357142857142858,3.0,0.0,1.2,0.0,High,Low
1422130,2024-03-31,2024,2,Gujarat Titans,Sunrisers Hyderabad,Shubman Gill,36,28,2,1,128.57142857142858,Sunrisers Hyderabad,8.0,160.0,31.786516853932586,121.3484018324692,89,49.8,59.0,32.90909090909091,0.0,1.0,4.2,2.6,Moderate,Low
1422130,2024-03-31,2024,2,Gujarat Titans,Sunrisers Hyderabad,V Shankar,14,11,2,0,127.27272727272728,Sunrisers Hyderabad,12.0,100.0,19.81132075471698,121.79629988233096,53,22.8,26.3,23.0,0.0,1.0,2.6,0.8,Low,Low
1422130,2024-03-31,2024,2,Gujarat Titans,Sunrisers Hyderabad,WP Saha,25,13,1,2,192.30769230769232,Sunrisers Hyderabad,21.0,123.52941176470588,20.86764705882353,116.2686258054817,136,24.8,26.0,24.75,4.0,0.0,3.6,0.2,Moderate,Low
1422131,2024-03-31,2024,1,Delhi Capitals,Chennai Super Kings,AR Patel,7,8,0,0,87.5,Chennai Super Kings,15.0,115.38461538461536,14.254901960784316,127.5648131889864,102,14.6,19.0,11.615384615384617,1.0,0.0,1.2,0.6,Low,Low
1422131,2024-03-31,2024,1,Delhi Capitals,Chennai Super Kings,Abishek Porel,9,5,1,0,180.0,Chennai Super Kings,9.0,90.0,12.333333333333334,127.57154882154884,6,10.8,12.333333333333334,0.0,0.0,0.0,1.0,0.4,Low,Low
1422131,2024-03-31,2024,1,Delhi Capitals,Chennai Super Kings,DA Warner,52,34,5,3,152.94117647058823,Chennai Super Kings,49.0,144.11764705882354,35.78453038674033,121.0162337743721,181,52.8,30.9,32.2,5.0,3.0,6.0,2.6,High,Low
1422131,2024-03-31,2024,1,Delhi Capitals,Chennai Super Kings,MR Marsh,18,12,2,1,150.0,Chennai Super Kings,23.0,191.66666666666669,19.029411764705884,108.78910487079474,34,15.4,17.1,10.75,5.0,0.0,2.2,0.6,Low,Low
1422131,2024-03-31,2024,1,Delhi Capitals,Chennai Super Kings,PP Shaw,43,27,4,2,159.25925925925927,Chennai Super Kings,5.0,71.42857142857143,23.859154929577464,120.90444849438131,71,17.4,13.5,25.272727272727277,1.0,0.0,2.6,0.2,High,Low
1422131,2024-03-31,2024,1,Delhi Capitals,Chennai Super Kings,RR Pant,51,32,4,3,159.375,Chennai Super Kings,28.0,107.6923076923077,28.40196078431373,133.53822838796702,102,21.0,24.2,32.4,2.0,1.0,1.6,1.0,High,Low
1422131,2024-03-31,2024,1,Delhi Capitals,Chennai Super Kings,T Stubbs,0,2,0,0,0.0,Chennai Super Kings,44.0,191.30434782608697,12.666666666666666,83.17374051069703,6,15.2,12.666666666666666,8.333333333333334,2.0,3.0,0.8,0.6,Low,Low
1422131,2024-03-31,2024,2,Chennai Super Kings,Delhi Capitals,AM Rahane,45,30,5,2,150.0,Delhi Capitals,12.0,100.0,27.571428571428573,105.45939196931047,161,19.8,23.6,34.0,1.0,0.0,0.8,1.2,High,Low
1422131,2024-03-31,2024,2,Chennai Super Kings,Delhi Capitals,DJ Mitchell,34,26,1,2,130.76923076923077,Delhi Capitals,24.0,120.0,19.75,98.47222222222224,4,19.75,19.75,0.0,2.0,0.0,0.75,0.5,Moderate,Low
1422131,2024-03-31,2024,2,Chennai Super Kings,Delhi Capitals,MS Dhoni,37,16,4,3,231.25,Delhi Capitals,0.0,0.0,23.41935483870968,128.88210877438368,217,5.6,7.8,16.818181818181817,0.0,0.0,0.2,0.4,Moderate,Low
1422131,2024-03-31,2024,2,Chennai Super Kings,Delhi Capitals,R Ravindra,2,12,0,0,16.666666666666664,Delhi Capitals,46.0,230.0,41.5,238.3333333333333,2,41.5,41.5,0.0,6.0,3.0,4.5,3.0,Low,Low
1422131,2024-03-31,2024,2,Chennai Super Kings,Delhi Capitals,RA Jadeja,21,17,2,0,123.52941176470588,Delhi Capitals,7.0,233.33333333333331,15.929824561403509,132.65964863472334,171,17.8,18.3,19.714285714285715,1.0,0.0,1.4,0.6,Moderate,Low
1422131,2024-03-31,2024,2,Chennai Super Kings,Delhi Capitals,RD Gaikwad,1,2,0,0,50.0,Delhi Capitals,46.0,127.77777777777776,35.056603773584904,111.58957531586483,53,45.2,38.1,33.857142857142854,5.0,1.0,4.2,2.0,Low,Low
1422131,2024-03-31,2024,2,Chennai Super Kings,Delhi Capitals,S Dube,18,16,1,0,112.5,Delhi Capitals,51.0,221.73913043478265,24.306122448979597,126.73168500121751,49,28.0,31.9,19.0,2.0,5.0,1.2,2.2,Low,Low
1422131,2024-03-31,2024,2,Chennai Super Kings,Delhi Capitals,Sameer Rizvi,0,1,0,0,0.0,Delhi Capitals,14.0,233.33333333333331,14.0,233.33333333333331,1,14.0,14.0,0.0,0.0,2.0,0.0,2.0,Low,Low
1422132,2024-04-01,2024,1,Mumbai Indians,Rajasthan Royals,Akash Madhwal,4,5,0,0,80.0,Rajasthan Royals,0.0,0.0,0.0,0.0,0,0.0,0.0,0.0,0.0,0.0,0.0,0.0,Low,Low
1422132,2024-04-01,2024,1,Mumbai Indians,Rajasthan Royals,D Brevis,0,1,0,0,0.0,Rajasthan Royals,46.0,121.05263157894736,25.875,126.26713637239952,8,24.2,25.875,0.0,2.0,3.0,1.8,1.4,Low,Low
1422132,2024-04-01,2024,1,Mumbai Indians,Rajasthan Royals,G Coetzee,4,9,0,0,44.44444444444444,Rajasthan Royals,1.0,33.33333333333333,1.0,33.33333333333333,1,1.0,1.0,0.0,0.0,0.0,0.0,0.0,Low,Low
1422132,2024-04-01,2024,1,Mumbai Indians,Rajasthan Royals,HH Pandya,34,21,6,0,161.9047619047619,Rajasthan Royals,24.0,120.0,19.60833333333333,142.34023083460332,120,18.4,22.7,34.5,1.0,1.0,1.0,1.2,Moderate,Low
1422132,2024-04-01,2024,1,Mumbai Indians,Rajasthan Royals,Ishan Kishan,16,14,2,1,114.28571428571428,Rajasthan Royals,34.0,261.53846153846155,27.103448275862068,116.73267254830267,87,24.4,30.5,30.0,2.0,4.0,2.8,1.2,Low,Low
1422132,2024-04-01,2024,1,Mumbai Indians,Rajasthan Royals,JJ Bumrah,8,9,1,0,88.88888888888889,Rajasthan Royals,1.0,100.0,2.4782608695652173,66.61396574440053,23,0.2,1.6,0.0,0.0,0.0,0.0,0.0,Low,Low
1422132,2024-04-01,2024,1,Mumbai Indians,Rajasthan Royals,Naman Dhir,0,1,0,0,0.0,Rajasthan Royals,30.0,214.28571428571428,25.0,207.14285714285717,2,25.0,25.0,0.0,2.0,2.0,2.5,1.5,Low,Low
1422132,2024-04-01,2024,1,Mumbai Indians,Rajasthan Royals,PP Chawla,3,6,0,0,50.0,Rajasthan Royals,0.0,0.0,7.518518518518518,106.12322330402252,81,5.0,5.5,6.75,0.0,0.0,0.2,0.2,Low,Low
1422132,2024-04-01,2024,1,Mumbai Indians,Rajasthan Royals,RG Sharma,0,1,0,0,0.0,Rajasthan Royals,26.0,216.66666666666663,26.175,112.26267168214764,240,28.8,21.7,20.807692307692307,1.0,3.0,3.6,1.2,Low,Low
1422132,2024-04-01,2024,1,Mumbai Indians,Rajasthan Royals,TH David,17,24,1,0,70.83333333333334,Rajasthan Royals,42.0,190.9090909090909,18.115384615384617,146.08212300519992,26,20.0,17.1,22.0,2.0,3.0,1.0,1.2,Low,Low
1422132,2024-04-01,2024,1,Mumbai Indians,Rajasthan Royals,Tilak Varma,32,29,0,2,110.34482758620688,Rajasthan Royals,64.0,193.93939393939397,30.703703703703702,140.20209003449355,27,36.8,28.5,41.66666666666666,2.0,6.0,1.8,3.0,Moderate,Low
1422132,2024-04-01,2024,2,Rajasthan Royals,Mumbai Indians,JC Buttler,13,16,2,0,81.25,Mumbai Indians,11.0,68.75,33.12244897959184,128.45639799254292,98,4.4,17.0,60.625,0.0,0.0,0.4,0.0,Low,Low
1422132,2024-04-01,2024,2,Rajasthan Royals,Mumbai Indians,R Ashwin,16,16,1,0,100.0,Mumbai Indians,29.0,152.63157894736844,9.060975609756095,108.84275895698008,82,10.4,9.6,7.923076923076923,0.0,3.0,0.6,0.6,Low,Low
1422132,2024-04-01,2024,2,Rajasthan Royals,Mumbai Indians,R Parag,54,39,5,3,138.46153846153845,Mumbai Indians,84.0,186.66666666666663,15.804347826086955,112.40720475242183,46,33.2,22.0,14.75,7.0,6.0,2.0,2.4,High,Low
1422132,2024-04-01,2024,2,Rajasthan Royals,Mumbai Indians,SB Dubey,8,6,1,0,133.33333333333331,Mumbai Indians,0.0,0.0,0.0,0.0,0,0.0,0.0,0.0,0.0,0.0,0.0,0.0,Low,Low
1422132,2024-04-01,2024,2,Rajasthan Royals,Mumbai Indians,SV Samson,12,10,3,0,120.0,Mumbai Indians,15.0,107.14285714285714,26.74496644295302,117.07957873547282,149,30.2,30.0,26.23809523809524,3.0,0.0,1.8,2.2,Low,Low
1422132,2024-04-01,2024,2,Rajasthan Royals,Mumbai Indians,YBK Jaiswal,10,6,2,0,166.66666666666669,Mumbai Indians,5.0,71.42857142857143,30.7948717948718,124.11499770575044,39,35.4,47.4,33.8,1.0,0.0,5.0,1.2,Low,Low
1422133,2024-04-02,2024,1,Lucknow Super Giants,Royal Challengers Bengaluru,A Badoni,0,3,0,0,0.0,Royal Challengers Bengaluru,8.0,80.0,16.32,118.687390493329,25,11.2,17.1,0.0,0.0,0.0,0.6,0.6,Low,Low
1422133,2024-04-02,2024,1,Lucknow Super Giants,Royal Challengers Bengaluru,D Padikkal,6,11,0,0,54.54545454545454,Royal Challengers Bengaluru,9.0,150.0,25.93220338983051,107.0025667908769,59,15.2,20.9,0.0,2.0,0.0,1.8,0.6,Low,Low
1422133,2024-04-02,2024,1,Lucknow Super Giants,Royal Challengers Bengaluru,KL Rahul,20,14,0,2,142.85714285714286,Royal Challengers Bengaluru,15.0,166.66666666666669,37.875,121.0611182639162,112,30.6,33.9,0.0,1.0,1.0,2.8,0.8,Moderate,Low
1422133,2024-04-02,2024,1,Lucknow Super Giants,Royal Challengers Bengaluru,MP Stoinis,24,15,1,2,160.0,Royal Challengers Bengaluru,19.0,158.33333333333331,19.73684210526316,118.11513190608149,76,30.2,28.6,0.0,0.0,2.0,1.8,2.2,Moderate,Low
1422133,2024-04-02,2024,1,Lucknow Super Giants,Royal Challengers Bengaluru,N Pooran,40,21,1,5,190.47619047619045,Royal Challengers Bengaluru,42.0,200.0,22.193548387096776,135.65950808269892,62,34.4,29.3,0.0,3.0,3.0,2.4,2.4,High,Low
1422133,2024-04-02,2024,1,Lucknow Super Giants,Royal Challengers Bengaluru,Q de Kock,81,56,8,5,144.64285714285714,Royal Challengers Bengaluru,54.0,142.10526315789474,29.97979797979798,116.41227203491188,99,26.2,36.5,0.0,5.0,2.0,1.8,1.4,High,Low
1422133,2024-04-02,2024,2,Royal Challengers Bengaluru,Lucknow Super Giants,Anuj Rawat,11,21,0,0,52.38095238095239,Lucknow Super Giants,3.0,100.0,14.842105263157896,98.8754381117203,19,22.8,15.3,6.5,0.0,0.0,1.8,1.2,Low,Low
1422133,2024-04-02,2024,2,Royal Challengers Bengaluru,Lucknow Super Giants,C Green,9,9,1,0,100.0,Lucknow Super Giants,33.0,157.14285714285714,26.63157894736842,134.75484319832398,19,25.0,24.0,22.5,4.0,2.0,2.6,1.0,Low,Low
1422133,2024-04-02,2024,2,Royal Challengers Bengaluru,Lucknow Super Giants,F du Plessis,19,13,3,0,146.15384615384613,Lucknow Super Giants,8.0,133.33333333333331,33.166666666666664,118.78658764835292,126,29.0,37.1,54.75,0.0,1.0,4.0,0.6,Low,Low
1422133,2024-04-02,2024,2,Royal Challengers Bengaluru,Lucknow Super Giants,GJ Maxwell,0,2,0,0,0.0,Lucknow Super Giants,28.0,147.36842105263156,22.365853658536587,128.14762848967715,123,9.4,17.8,23.75,3.0,1.0,1.0,0.4,Low,Low
1422133,2024-04-02,2024,2,Royal Challengers Bengaluru,Lucknow Super Giants,KD Karthik,4,8,0,0,50.0,Lucknow Super Giants,20.0,250.0,20.45777777777778,119.39440407404028,225,17.2,18.1,16.75,0.0,3.0,1.2,1.4,Low,Low
1422133,2024-04-02,2024,2,Royal Challengers Bengaluru,Lucknow Super Giants,MK Lomror,33,13,3,3,253.84615384615384,Lucknow Super Giants,17.0,212.5,16.115384615384617,121.48333311424275,26,14.8,12.6,8.5,2.0,1.0,1.6,0.8,Moderate,Low
1422133,2024-04-02,2024,2,Royal Challengers Bengaluru,Lucknow Super Giants,Mayank Dagar,0,1,0,0,0.0,Lucknow Super Giants,0.0,0.0,0.0,0.0,0,0.0,0.0,0.0,0.0,0.0,0.0,0.0,Low,Low
1422133,2024-04-02,2024,2,Royal Challengers Bengaluru,Lucknow Super Giants,Mohammed Siraj,12,8,0,2,150.0,Lucknow Super Giants,0.0,0.0,5.105263157894737,75.83101109416899,19,3.4,5.1,0.0,0.0,0.0,0.4,0.0,Low,Low
1422133,2024-04-02,2024,2,Royal Challengers Bengaluru,Lucknow Super Giants,RJW Topley,3,6,0,0,50.0,Lucknow Super Giants,0.0,0.0,0.0,0.0,0,0.0,0.0,0.0,0.0,0.0,0.0,0.0,Low,Low
1422133,2024-04-02,2024,2,Royal Challengers Bengaluru,Lucknow Super Giants,RM Patidar,29,21,2,2,138.0952380952381,Lucknow Super Giants,3.0,75.0,30.357142857142858,112.2345521669894,14,38.2,35.4,112.0,0.0,0.0,3.4,2.2,Moderate,Low
1422133,2024-04-02,2024,2,Royal Challengers Bengaluru,Lucknow Super Giants,V Kohli,22,16,2,1,137.5,Lucknow Super Giants,83.0,140.67796610169492,31.85470085470085,116.78258346237146,234,76.4,54.1,29.25,4.0,4.0,8.0,2.4,Moderate,Low
1422134,2024-04-03,2024,1,Kolkata Knight Riders,Delhi Capitals,A Raghuvanshi,54,27,5,3,200.0,Delhi Capitals,0.0,0.0,0.0,0.0,0,0.0,0.0,0.0,0.0,0.0,0.0,0.0,High,Low
1422134,2024-04-03,2024,1,Kolkata Knight Riders,Delhi Capitals,AD Russell,41,19,4,3,215.7894736842105,Delhi Capitals,64.0,266.66666666666663,24.02061855670103,149.5743178718931,97,25.0,23.1,28.875,3.0,7.0,1.2,2.4,High,Low
1422134,2024-04-03,2024,1,Kolkata Knight Riders,Delhi Capitals,MA Starc,1,1,0,0,100.0,Delhi Capitals,6.0,200.0,8.5,107.28595786140544,12,3.8,7.6,0.0,1.0,0.0,0.4,0.0,Low,Low
1422134,2024-04-03,2024,1,Kolkata Knight Riders,Delhi Capitals,PD Salt,18,12,4,0,150.0,Delhi Capitals,30.0,150.0,27.454545454545453,120.66914369053409,11,26.8,29.7,0.0,2.0,2.0,2.0,1.4,Low,Low
1422134,2024-04-03,2024,1,Kolkata Knight Riders,Delhi Capitals,RK Singh,26,7,1,3,371.4285714285714,Delhi Capitals,5.0,100.0,24.29032258064516,131.31561270938337,31,33.0,32.2,14.5,0.0,0.0,2.6,1.6,Moderate,Low
1422134,2024-04-03,2024,1,Kolkata Knight Riders,Delhi Capitals,Ramandeep Singh,2,2,0,0,100.0,Delhi Capitals,35.0,218.75,16.0,167.41666666666669,5,16.0,16.0,13.0,1.0,4.0,0.8,1.0,Low,Low
1422134,2024-04-03,2024,1,Kolkata Knight Riders,Delhi Capitals,SP Narine,85,39,7,7,217.94871794871796,Delhi Capitals,47.0,213.63636363636363,11.648936170212766,119.38741587442266,94,11.4,6.3,12.0,2.0,5.0,0.6,1.0,High,Low
1422134,2024-04-03,2024,1,Kolkata Knight Riders,Delhi Capitals,SS Iyer,18,11,0,2,163.63636363636363,Delhi Capitals,39.0,162.5,27.368932038834952,109.41663784439906,103,22.0,28.9,48.0,2.0,2.0,1.8,1.0,Low,Low
1422134,2024-04-03,2024,1,Kolkata Knight Riders,Delhi Capitals,VR Iyer,5,2,1,0,250.0,Delhi Capitals,50.0,166.66666666666669,26.657894736842103,116.2161710971392,38,29.4,22.7,18.6,3.0,4.0,2.2,1.8,Low,Low
1422134,2024-04-03,2024,2,Delhi Capitals,Kolkata Knight Riders,A Nortje,4,6,0,0,66.66666666666666,Kolkata Knight Riders,0.0,0.0,4.090909090909091,107.35930735930737,11,6.6,4.2,0.0,0.0,0.0,1.0,0.0,Low,Low
1422134,2024-04-03,2024,2,Delhi Capitals,Kolkata Knight Riders,AR Patel,0,1,0,0,0.0,Kolkata Knight Riders,7.0,87.5,14.184466019417476,127.17583442016128,103,11.8,17.8,9.8,0.0,0.0,0.8,0.4,Low,Low
1422134,2024-04-03,2024,2,Delhi Capitals,Kolkata Knight Riders,Abishek Porel,0,5,0,0,0.0,Kolkata Knight Riders,9.0,180.0,11.857142857142858,135.06132756132757,7,11.2,11.857142857142858,0.0,1.0,0.0,1.0,0.4,Low,Low
1422134,2024-04-03,2024,2,Delhi Capitals,Kolkata Knight Riders,DA Warner,18,13,2,1,138.46153846153845,Kolkata Knight Riders,52.0,152.94117647058823,35.87362637362637,121.19164554742822,182,52.4,34.0,38.392857142857146,5.0,3.0,5.0,3.0,Low,Low
1422134,2024-04-03,2024,2,Delhi Capitals,Kolkata Knight Riders,I Sharma,1,3,0,0,33.33333333333333,Kolkata Knight Riders,1.0,100.0,2.9473684210526314,107.71929824561404,19,3.8,2.3,1.0,0.0,0.0,0.4,0.2,Low,Low
1422134,2024-04-03,2024,2,Delhi Capitals,Kolkata Knight Riders,MR Marsh,0,2,0,0,0.0,Kolkata Knight Riders,18.0,150.0,19.0,109.96655901734349,35,13.8,18.5,6.666666666666667,2.0,1.0,2.0,0.6,Low,Low
1422134,2024-04-03,2024,2,Delhi Capitals,Kolkata Knight Riders,PP Shaw,10,7,2,0,142.85714285714286,Kolkata Knight Riders,43.0,159.25925925925927,24.125,121.43715419944908,72,23.0,17.3,45.0,4.0,2.0,2.8,0.6,Low,Low
1422134,2024-04-03,2024,2,Delhi Capitals,Kolkata Knight Riders,RR Pant,55,25,4,5,220.00000000000003,Kolkata Knight Riders,51.0,159.375,28.62135922330097,133.78907083080227,103,28.6,24.9,20.6,4.0,3.0,2.4,1.2,High,Low
1422134,2024-04-03,2024,2,Delhi Capitals,Kolkata Knight Riders,Rasikh Salam,1,5,0,0,20.0,Kolkata Knight Riders,7.0,116.66666666666669,6.0,120.83333333333334,2,6.0,6.0,0.0,1.0,0.0,0.5,0.0,Low,Low
1422134,2024-04-03,2024,2,Delhi Capitals,Kolkata Knight Riders,Sumit Kumar,7,6,0,1,116.66666666666669,Kolkata Knight Riders,2.0,22.22222222222222,2.0,22.22222222222222,1,2.0,2.0,0.0,0.0,0.0,0.0,0.0,Low,Low
1422134,2024-04-03,2024,2,Delhi Capitals,Kolkata Knight Riders,T Stubbs,54,31,4,4,174.19354838709677,Kolkata Knight Riders,0.0,0.0,10.857142857142858,71.29177758059745,7,14.8,10.857142857142858,0.0,0.0,0.0,0.8,0.6,High,Low
1422135,2024-04-04,2024,1,Gujarat Titans,Punjab Kings,B Sai Sudharsan,33,19,6,0,173.6842105263158,Punjab Kings,45.0,125.0,39.625,130.5634421122131,16,53.2,46.7,39.66666666666666,4.0,1.0,4.6,1.8,Moderate,Low
1422135,2024-04-04,2024,1,Gujarat Titans,Punjab Kings,KS Williamson,26,22,4,0,118.1818181818182,Punjab Kings,8.0,114.28571428571428,28.066666666666663,115.1003534379732,75,14.6,19.8,6.666666666666667,1.0,0.0,1.2,0.4,Moderate,Low
1422135,2024-04-04,2024,1,Gujarat Titans,Punjab Kings,R Tewatia,23,8,3,1,287.5,Punjab Kings,6.0,54.54545454545454,14.70689655172414,127.66380373060966,58,7.6,9.5,6.6,1.0,0.0,0.6,0.2,Moderate,Low
1422135,2024-04-04,2024,1,Gujarat Titans,Punjab Kings,Shubman Gill,89,48,6,4,185.41666666666669,Punjab Kings,36.0,128.57142857142858,31.83333333333333,121.4286576851243,90,48.6,59.0,37.6,2.0,1.0,3.8,2.6,High,Low
1422135,2024-04-04,2024,1,Gujarat Titans,Punjab Kings,V Shankar,8,10,0,0,80.0,Punjab Kings,14.0,127.27272727272728,19.703703703703702,121.89771520437534,54,19.8,21.4,0.0,2.0,0.0,1.8,0.8,Low,Low
1422135,2024-04-04,2024,1,Gujarat Titans,Punjab Kings,WP Saha,11,13,2,0,84.61538461538461,Punjab Kings,25.0,192.30769230769232,20.8978102189781,116.8236554879796,137,27.4,24.4,27.33333333333333,1.0,2.0,3.4,0.6,Low,Low
1422135,2024-04-04,2024,2,Punjab Kings,Gujarat Titans,Ashutosh Sharma,31,17,3,1,182.35294117647055,Gujarat Titans,0.0,0.0,0.0,0.0,0,0.0,0.0,0.0,0.0,0.0,0.0,0.0,Moderate,Low
1422135,2024-04-04,2024,2,Punjab Kings,Gujarat Titans,Harpreet Brar,1,2,0,0,50.0,Gujarat Titans,2.0,100.0,8.526315789473685,118.1092824941611,19,4.6,5.6,8.0,0.0,0.0,0.4,0.2,Low,Low
1422135,2024-04-04,2024,2,Punjab Kings,Gujarat Titans,JM Bairstow,22,13,4,0,169.23076923076923,Gujarat Titans,42.0,144.82758620689654,32.142857142857146,132.51940040556332,42,22.0,27.1,4.5,3.0,3.0,3.2,0.8,Moderate,Low
1422135,2024-04-04,2024,2,Punjab Kings,Gujarat Titans,JM Sharma,16,8,0,2,200.0,Gujarat Titans,6.0,66.66666666666666,21.666666666666668,151.1804688361712,27,17.2,20.6,24.0,1.0,0.0,1.2,1.0,Low,Low
1422135,2024-04-04,2024,2,Punjab Kings,Gujarat Titans,P Simran Singh,35,24,5,1,145.83333333333331,Gujarat Titans,19.0,271.42857142857144,21.39130434782609,123.21420771986124,23,18.8,26.9,0.0,1.0,2.0,2.4,0.8,Moderate,Low
1422135,2024-04-04,2024,2,Punjab Kings,Gujarat Titans,S Dhawan,1,2,0,0,50.0,Gujarat Titans,70.0,140.0,30.7,112.21597950482392,220,30.8,27.7,35.0,7.0,3.0,3.6,1.0,Low,Low
1422135,2024-04-04,2024,2,Punjab Kings,Gujarat Titans,SM Curran,5,8,0,0,62.5,Gujarat Titans,0.0,0.0,17.923076923076923,131.70315233981512,39,29.2,27.5,22.0,0.0,0.0,2.8,0.8,Low,Low
1422135,2024-04-04,2024,2,Punjab Kings,Gujarat Titans,Shashank Singh,61,29,6,4,210.3448275862069,Gujarat Titans,9.0,128.57142857142858,12.375,157.76289682539684,8,9.8,12.375,25.0,1.0,0.0,0.6,0.6,High,Low
1422135,2024-04-04,2024,2,Punjab Kings,Gujarat Titans,Sikandar Raza,15,16,0,0,93.75,Gujarat Titans,11.0,157.14285714285714,19.857142857142858,128.84687902109505,7,24.4,19.857142857142858,0.0,0.0,1.0,1.8,1.0,Low,Low
1422136,2024-04-05,2024,1,Chennai Super Kings,Sunrisers Hyderabad,AM Rahane,35,30,2,1,116.66666666666669,Sunrisers Hyderabad,45.0,150.0,27.679012345679013,105.73433399419127,162,25.6,27.2,24.11111111111111,5.0,2.0,1.6,1.4,Moderate,Low
1422136,2024-04-05,2024,1,Chennai Super Kings,Sunrisers Hyderabad,DJ Mitchell,13,11,1,0,118.1818181818182,Sunrisers Hyderabad,34.0,130.76923076923077,22.6,104.93162393162392,5,22.6,22.6,0.0,1.0,2.0,0.8,0.8,Low,Low
1422136,2024-04-05,2024,1,Chennai Super Kings,Sunrisers Hyderabad,MS Dhoni,1,2,0,0,50.0,Sunrisers Hyderabad,37.0,231.25,23.48165137614679,129.35168625707,218,9.0,8.3,27.11111111111111,4.0,3.0,0.8,0.6,Low,Low
1422136,2024-04-05,2024,1,Chennai Super Kings,Sunrisers Hyderabad,R Ravindra,12,9,2,0,133.33333333333331,Sunrisers Hyderabad,2.0,16.666666666666664,28.33333333333333,164.44444444444443,3,28.33333333333333,28.33333333333333,0.0,0.0,0.0,3.0,2.0,Low,Low
1422136,2024-04-05,2024,1,Chennai Super Kings,Sunrisers Hyderabad,RA Jadeja,31,23,4,0,134.7826086956522,Sunrisers Hyderabad,21.0,123.52941176470588,15.959302325581396,132.60656586222325,172,18.0,18.6,14.0625,2.0,0.0,1.2,0.4,Moderate,Low
1422136,2024-04-05,2024,1,Chennai Super Kings,Sunrisers Hyderabad,RD Gaikwad,26,21,3,1,123.8095238095238,Sunrisers Hyderabad,1.0,50.0,34.425925925925924,110.44902762483032,54,29.6,33.5,54.0,0.0,0.0,3.6,0.6,Moderate,Low
1422136,2024-04-05,2024,1,Chennai Super Kings,Sunrisers Hyderabad,S Dube,45,24,2,4,187.5,Sunrisers Hyderabad,18.0,112.5,24.18,126.44705130119316,50,27.2,28.5,5.75,1.0,0.0,1.4,1.6,High,Low
1422136,2024-04-05,2024,2,Sunrisers Hyderabad,Chennai Super Kings,AK Markram,50,36,4,1,138.88888888888889,Chennai Super Kings,17.0,89.47368421052632,25.058823529411764,123.29522485375652,34,21.6,20.1,14.0,0.0,0.0,0.8,0.4,High,Low
1422136,2024-04-05,2024,2,Sunrisers Hyderabad,Chennai Super Kings,Abhishek Sharma,37,11,3,4,336.3636363636364,Chennai Super Kings,29.0,145.0,21.1875,122.85397091956374,48,28.0,28.3,33.166666666666664,2.0,2.0,2.4,2.2,Moderate,Low
1422136,2024-04-05,2024,2,Sunrisers Hyderabad,Chennai Super Kings,H Klaasen,10,11,1,0,90.9090909090909,Chennai Super Kings,24.0,184.6153846153846,34.05,160.98472101232457,20,57.8,51.5,12.0,1.0,2.0,3.0,4.6,Low,Low
1422136,2024-04-05,2024,2,Sunrisers Hyderabad,Chennai Super Kings,Nithish Kumar Reddy,14,8,1,1,175.0,Chennai Super Kings,0.0,0.0,0.0,0.0,0,0.0,0.0,0.0,0.0,0.0,0.0,0.0,Low,Low
1422136,2024-04-05,2024,2,Sunrisers Hyderabad,Chennai Super Kings,Shahbaz Ahmed,18,19,0,1,94.73684210526316,Chennai Super Kings,22.0,110.0,13.296296296296296,113.56624027189328,27,9.4,10.1,18.0,1.0,1.0,0.4,0.6,Low,Low
1422136,2024-04-05,2024,2,Sunrisers Hyderabad,Chennai Super Kings,TM Head,31,24,3,1,129.16666666666669,Chennai Super Kings,19.0,135.71428571428572,23.83333333333333,123.64960394215711,12,34.0,24.3,0.0,3.0,0.0,3.2,1.6,Moderate,Low
1422137,2024-04-06,2024,1,Royal Challengers Bengaluru,Rajasthan Royals,C Green,5,6,0,0,83.33333333333334,Rajasthan Royals,9.0,100.0,25.75,133.0171010384078,20,18.6,24.3,44.0,1.0,0.0,1.6,0.8,Low,Low
1422137,2024-04-06,2024,1,Royal Challengers Bengaluru,Rajasthan Royals,F du Plessis,44,33,2,2,133.33333333333331,Rajasthan Royals,19.0,146.15384615384613,33.05511811023622,119.00207787280564,127,18.6,37.3,32.6,3.0,0.0,3.2,0.2,High,Low
1422137,2024-04-06,2024,1,Royal Challengers Bengaluru,Rajasthan Royals,GJ Maxwell,1,3,0,0,33.33333333333333,Rajasthan Royals,0.0,0.0,22.18548387096774,127.1141798728249,124,8.4,17.3,26.214285714285715,0.0,0.0,0.8,0.4,Low,Low
1422137,2024-04-06,2024,1,Royal Challengers Bengaluru,Rajasthan Royals,Saurav Chauhan,9,6,0,1,150.0,Rajasthan Royals,0.0,0.0,0.0,0.0,0,0.0,0.0,0.0,0.0,0.0,0.0,0.0,Low,Low
1422137,2024-04-06,2024,1,Royal Challengers Bengaluru,Rajasthan Royals,V Kohli,113,72,12,4,156.94444444444443,Rajasthan Royals,22.0,137.5,31.812765957446807,116.87074268168053,235,60.8,50.9,22.071428571428573,2.0,1.0,6.0,1.8,High,Low
1422137,2024-04-06,2024,2,Rajasthan Royals,Royal Challengers Bengaluru,Dhruv Jurel,2,3,0,0,66.66666666666666,Royal Challengers Bengaluru,20.0,166.66666666666669,14.76923076923077,149.43223443223445,13,12.0,14.8,0.0,3.0,0.0,1.0,0.4,Low,Low
1422137,2024-04-06,2024,2,Rajasthan Royals,Royal Challengers Bengaluru,JC Buttler,100,58,9,4,172.41379310344826,Royal Challengers Bengaluru,13.0,81.25,32.91919191919192,127.97956568958794,99,7.0,18.3,0.0,2.0,0.0,0.8,0.0,High,Low
1422137,2024-04-06,2024,2,Rajasthan Royals,Royal Challengers Bengaluru,R Parag,4,4,1,0,100.0,Royal Challengers Bengaluru,54.0,138.46153846153845,16.617021276595743,112.96155227814772,47,41.0,25.9,0.0,5.0,3.0,2.8,2.8,Low,Low
1422137,2024-04-06,2024,2,Rajasthan Royals,Royal Challengers Bengaluru,SO Hetmyer,11,6,2,0,183.3333333333333,Royal Challengers Bengaluru,14.0,200.0,19.810344827586206,135.80694089410736,58,21.4,13.5,0.0,1.0,1.0,1.2,1.6,Low,Low
1422137,2024-04-06,2024,2,Rajasthan Royals,Royal Challengers Bengaluru,SV Samson,69,42,8,2,164.28571428571428,Royal Challengers Bengaluru,12.0,120.0,26.64666666666667,117.09904821056968,150,23.0,29.0,0.0,3.0,0.0,2.0,1.2,High,Low
1422137,2024-04-06,2024,2,Rajasthan Royals,Royal Challengers Bengaluru,YBK Jaiswal,0,2,0,0,0.0,Royal Challengers Bengaluru,10.0,166.66666666666669,30.275,125.17878942977332,40,17.8,43.7,0.0,2.0,0.0,2.8,0.2,Low,Low
1422138,2024-04-07,2024,1,Mumbai Indians,Delhi Capitals,HH Pandya,39,33,3,1,118.1818181818182,Delhi Capitals,34.0,161.9047619047619,19.727272727272727,142.50192117402608,121,23.6,20.2,18.4,6.0,0.0,2.0,1.2,Moderate,Low
1422138,2024-04-07,2024,1,Mumbai Indians,Delhi Capitals,Ishan Kishan,42,23,4,2,182.6086956521739,Delhi Capitals,16.0,114.28571428571428,26.977272727272727,116.7048662044096,88,15.8,29.3,46.75,2.0,1.0,1.6,1.2,High,Low
1422138,2024-04-07,2024,1,Mumbai Indians,Delhi Capitals,R Shepherd,39,10,3,4,390.0,Delhi Capitals,15.0,250.0,14.6,133.8095238095238,5,14.6,14.6,0.0,2.0,1.0,0.8,1.2,Moderate,Low
1422138,2024-04-07,2024,1,Mumbai Indians,Delhi Capitals,RG Sharma,49,27,6,3,181.4814814814815,Delhi Capitals,0.0,0.0,26.066390041493776,111.79685146769889,241,17.6,21.7,27.6,0.0,0.0,2.0,1.0,High,Low
1422138,2024-04-07,2024,1,Mumbai Indians,Delhi Capitals,SA Yadav,0,2,0,0,0.0,Delhi Capitals,61.0,160.5263157894737,25.992,134.69138582679577,125,45.8,48.2,24.444444444444443,7.0,2.0,4.8,2.0,Low,Low
1422138,2024-04-07,2024,1,Mumbai Indians,Delhi Capitals,TH David,45,20,2,4,225.0,Delhi Capitals,17.0,70.83333333333334,18.074074074074076,143.2951307951308,27,17.0,14.3,19.666666666666668,1.0,0.0,1.0,0.6,High,Low
1422138,2024-04-07,2024,1,Mumbai Indians,Delhi Capitals,Tilak Varma,6,5,1,0,120.0,Delhi Capitals,32.0,110.34482758620688,30.75,139.13575923276903,28,38.0,28.7,28.0,0.0,2.0,1.6,2.8,Low,Low
1422138,2024-04-07,2024,2,Delhi Capitals,Mumbai Indians,AR Patel,8,7,1,0,114.28571428571428,Mumbai Indians,0.0,0.0,14.048076923076923,125.95298985842896,104,11.6,14.4,16.866666666666667,0.0,0.0,0.8,0.4,Low,Low
1422138,2024-04-07,2024,2,Delhi Capitals,Mumbai Indians,Abishek Porel,41,31,5,0,132.25806451612902,Mumbai Indians,0.0,0.0,10.375,118.17866161616162,8,11.0,10.375,1.0,0.0,0.0,1.0,0.4,High,Low
1422138,2024-04-07,2024,2,Delhi Capitals,Mumbai Indians,DA Warner,10,8,1,1,125.0,Mumbai Indians,18.0,138.46153846153845,35.775956284153004,121.28601654695888,183,46.8,35.8,34.142857142857146,2.0,1.0,4.4,2.8,Low,Low
1422138,2024-04-07,2024,2,Delhi Capitals,Mumbai Indians,JA Richardson,2,2,0,0,100.0,Mumbai Indians,15.0,68.18181818181817,7.5,34.090909090909086,2,7.5,7.5,0.0,2.0,0.0,1.0,0.0,Low,Low
1422138,2024-04-07,2024,2,Delhi Capitals,Mumbai Indians,Kumar Kushagra,0,1,0,0,0.0,Mumbai Indians,0.0,0.0,0.0,0.0,0,0.0,0.0,0.0,0.0,0.0,0.0,0.0,Low,Low
1422138,2024-04-07,2024,2,Delhi Capitals,Mumbai Indians,Lalit Yadav,3,4,0,0,75.0,Mumbai Indians,6.0,50.0,15.526315789473683,96.98042823931056,19,5.6,15.2,24.0,0.0,0.0,0.6,0.0,Low,Low
1422138,2024-04-07,2024,2,Delhi Capitals,Mumbai Indians,PP Shaw,66,40,8,3,165.0,Mumbai Indians,10.0,142.85714285714286,23.931506849315067,121.73057870160926,73,25.0,15.9,13.0,2.0,0.0,3.2,0.6,High,Low
1422138,2024-04-07,2024,2,Delhi Capitals,Mumbai Indians,RR Pant,1,3,0,0,33.33333333333333,Mumbai Indians,55.0,220.00000000000003,28.875,134.6180220728138,104,38.2,30.2,26.571428571428573,4.0,5.0,3.2,2.0,Low,Low
1422138,2024-04-07,2024,2,Delhi Capitals,Mumbai Indians,T Stubbs,71,24,3,7,295.83333333333337,Mumbai Indians,54.0,174.19354838709677,16.25,84.15449893140988,8,24.6,16.25,0.0,4.0,4.0,1.6,1.4,High,Low
1422139,2024-04-07,2024,1,Lucknow Super Giants,Gujarat Titans,A Badoni,20,11,3,0,181.8181818181818,Gujarat Titans,0.0,0.0,15.692307692307692,114.12249085897018,26,7.0,17.0,22.75,0.0,0.0,0.4,0.2,Moderate,Low
1422139,2024-04-07,2024,1,Lucknow Super Giants,Gujarat Titans,D Padikkal,7,7,1,0,100.0,Gujarat Titans,6.0,54.54545454545454,25.6,106.12828158678651,60,14.0,18.9,13.6,0.0,0.0,1.6,0.6,Low,Low
1422139,2024-04-07,2024,1,Lucknow Super Giants,Gujarat Titans,KH Pandya,2,2,0,0,100.0,Gujarat Titans,43.0,195.45454545454547,15.918367346938776,123.75517490420546,98,22.4,15.4,12.25,4.0,2.0,1.2,0.8,Low,Low
1422139,2024-04-07,2024,1,Lucknow Super Giants,Gujarat Titans,KL Rahul,33,31,3,0,106.4516129032258,Gujarat Titans,20.0,142.85714285714286,37.71681415929204,121.25400343730756,113,21.0,33.9,25.33333333333333,0.0,2.0,1.2,1.2,Moderate,Low
1422139,2024-04-07,2024,1,Lucknow Super Giants,Gujarat Titans,MP Stoinis,58,43,4,2,134.88372093023256,Gujarat Titans,24.0,160.0,19.792207792207797,118.65909123197652,77,17.2,23.8,2.0,1.0,2.0,1.2,1.0,High,Low
1422139,2024-04-07,2024,1,Lucknow Super Giants,Gujarat Titans,N Pooran,32,22,0,3,145.45454545454547,Gujarat Titans,40.0,190.47619047619045,22.476190476190474,136.5296141524369,63,40.8,28.8,10.25,1.0,5.0,2.4,3.4,Moderate,Low
1422139,2024-04-07,2024,1,Lucknow Super Giants,Gujarat Titans,Q de Kock,6,4,0,1,150.0,Gujarat Titans,81.0,144.64285714285714,30.49,116.69457788599132,100,36.6,43.5,29.33333333333333,8.0,5.0,2.8,2.2,Low,Low
1422139,2024-04-07,2024,2,Gujarat Titans,Lucknow Super Giants,B Sai Sudharsan,31,20,4,0,155.0,Lucknow Super Giants,33.0,173.6842105263158,39.23529411764706,133.09995790127795,17,51.2,43.8,0.0,6.0,0.0,4.8,1.6,Moderate,Low
1422139,2024-04-07,2024,2,Gujarat Titans,Lucknow Super Giants,BR Sharath,2,5,0,0,40.0,Lucknow Super Giants,0.0,0.0,0.0,0.0,0,0.0,0.0,0.0,0.0,0.0,0.0,0.0,Low,Low
1422139,2024-04-07,2024,2,Gujarat Titans,Lucknow Super Giants,DG Nalkande,12,11,0,1,109.09090909090908,Lucknow Super Giants,0.0,0.0,0.0,0.0,1,0.0,0.0,0.0,0.0,0.0,0.0,0.0,Low,Low
1422139,2024-04-07,2024,2,Gujarat Titans,Lucknow Super Giants,KS Williamson,1,5,0,0,20.0,Lucknow Super Giants,26.0,118.1818181818182,28.039473684210527,115.140899026708,76,18.8,19.2,16.0,4.0,0.0,1.8,0.4,Low,Low
1422139,2024-04-07,2024,2,Gujarat Titans,Lucknow Super Giants,Noor Ahmad,4,2,1,0,200.0,Lucknow Super Giants,7.0,140.0,2.6666666666666665,57.77777777777777,3,2.6666666666666665,2.6666666666666665,0.0,1.0,0.0,0.3333333333333333,0.0,Low,Low
1422139,2024-04-07,2024,2,Gujarat Titans,Lucknow Super Giants,R Tewatia,30,24,2,2,125.0,Lucknow Super Giants,23.0,287.5,14.847457627118644,130.37289180297222,59,11.6,11.7,21.33333333333333,3.0,1.0,1.2,0.4,Moderate,Low
1422139,2024-04-07,2024,2,Gujarat Titans,Lucknow Super Giants,Rashid Khan,0,3,0,0,0.0,Lucknow Super Giants,1.0,50.0,8.615384615384615,119.224246640112,52,8.0,12.5,0.0,0.0,0.0,0.8,0.4,Low,Low
1422139,2024-04-07,2024,2,Gujarat Titans,Lucknow Super Giants,SH Johnson,0,1,0,0,0.0,Lucknow Super Giants,5.0,100.0,5.0,100.0,1,5.0,5.0,0.0,1.0,0.0,1.0,0.0,Low,Low
1422139,2024-04-07,2024,2,Gujarat Titans,Lucknow Super Giants,Shubman Gill,19,21,2,0,90.47619047619048,Lucknow Super Giants,89.0,185.41666666666669,32.46153846153846,122.1318226189874,91,40.6,58.5,39.25,6.0,4.0,3.6,1.4,Low,Low
1422139,2024-04-07,2024,2,Gujarat Titans,Lucknow Super Giants,UT Yadav,2,4,0,0,50.0,Lucknow Super Giants,10.0,90.9090909090909,4.382978723404255,93.7631635503976,47,4.6,6.5,0.0,0.0,1.0,0.0,0.2,Low,Low
1422139,2024-04-07,2024,2,Gujarat Titans,Lucknow Super Giants,V Shankar,17,17,0,1,100.0,Lucknow Super Giants,8.0,80.0,19.49090909090909,121.1359385642958,55,10.8,21.2,7.0,0.0,0.0,0.4,0.4,Low,Low
1426260,2024-04-08,2024,1,Kolkata Knight Riders,Chennai Super Kings,A Raghuvanshi,24,18,3,1,133.33333333333331,Chennai Super Kings,54.0,200.0,54.0,200.0,1,54.0,54.0,0.0,5.0,3.0,5.0,3.0,Moderate,Low
1426260,2024-04-08,2024,1,Kolkata Knight Riders,Chennai Super Kings,AD Russell,10,9,2,0,111.11111111111111,Chennai Super Kings,41.0,215.7894736842105,24.193877551020407,150.24998272712082,98,24.8,23.4,25.916666666666668,4.0,3.0,1.4,2.4,Low,Low
1426260,2024-04-08,2024,1,Kolkata Knight Riders,Chennai Super Kings,AS Roy,3,3,0,0,100.0,Chennai Super Kings,6.0,100.0,4.6,73.14285714285714,5,4.6,4.6,0.0,0.0,0.0,0.6,0.0,Low,Low
1426260,2024-04-08,2024,1,Kolkata Knight Riders,Chennai Super Kings,MA Starc,0,3,0,0,0.0,Chennai Super Kings,1.0,100.0,7.923076923076923,106.72549956437425,13,3.6,7.2,3.25,0.0,0.0,0.4,0.0,Low,Low
1426260,2024-04-08,2024,1,Kolkata Knight Riders,Chennai Super Kings,PD Salt,0,1,0,0,0.0,Chennai Super Kings,18.0,150.0,26.666666666666668,123.1133817163229,12,26.2,31.5,10.0,4.0,0.0,2.2,1.4,Low,Low
1426260,2024-04-08,2024,1,Kolkata Knight Riders,Chennai Super Kings,RK Singh,9,13,0,0,69.23076923076923,Chennai Super Kings,26.0,371.4285714285714,24.34375,138.819142669358,32,35.0,29.5,27.2,1.0,3.0,2.8,2.0,Low,Low
1426260,2024-04-08,2024,1,Kolkata Knight Riders,Chennai Super Kings,Ramandeep Singh,13,12,0,1,108.33333333333331,Chennai Super Kings,2.0,100.0,13.666666666666666,156.18055555555557,6,15.2,13.666666666666666,0.0,0.0,0.0,0.8,1.0,Low,Low
1426260,2024-04-08,2024,1,Kolkata Knight Riders,Chennai Super Kings,SP Narine,27,20,3,2,135.0,Chennai Super Kings,85.0,217.94871794871796,12.421052631578949,120.4249032646784,95,28.2,14.8,8.0,7.0,7.0,2.0,2.4,Moderate,Low
1426260,2024-04-08,2024,1,Kolkata Knight Riders,Chennai Super Kings,SS Iyer,34,32,3,0,106.25,Chennai Super Kings,18.0,163.63636363636363,27.278846153846157,109.93798136162948,104,24.4,22.2,21.33333333333333,0.0,2.0,1.6,1.4,Moderate,Low
1426260,2024-04-08,2024,1,Kolkata Knight Riders,Chennai Super Kings,VG Arora,1,1,0,0,100.0,Chennai Super Kings,1.0,100.0,1.3333333333333333,72.22222222222221,6,1.4,1.3333333333333333,1.0,0.0,0.0,0.0,0.0,Low,Low
1426260,2024-04-08,2024,1,Kolkata Knight Riders,Chennai Super Kings,VR Iyer,3,8,0,0,37.5,Chennai Super Kings,5.0,250.0,26.102564102564106,119.64652568439205,39,19.0,21.2,22.6,1.0,0.0,2.0,1.0,Low,Low
1426260,2024-04-08,2024,2,Chennai Super Kings,Kolkata Knight Riders,DJ Mitchell,25,19,1,1,131.57894736842107,Kolkata Knight Riders,13.0,118.1818181818182,21.0,107.13998963998964,6,22.0,21.0,0.0,1.0,0.0,1.0,0.8,Moderate,Low
1426260,2024-04-08,2024,2,Chennai Super Kings,Kolkata Knight Riders,MS Dhoni,1,3,0,0,33.33333333333333,Kolkata Knight Riders,1.0,50.0,23.378995433789957,128.9893497901427,219,8.8,8.3,20.55555555555556,0.0,0.0,0.8,0.6,Low,Low
1426260,2024-04-08,2024,2,Chennai Super Kings,Kolkata Knight Riders,R Ravindra,15,8,3,0,187.5,Kolkata Knight Riders,12.0,133.33333333333331,24.25,156.66666666666666,4,24.25,24.25,0.0,2.0,0.0,2.75,1.5,Low,Low
1426260,2024-04-08,2024,2,Chennai Super Kings,Kolkata Knight Riders,RD Gaikwad,67,58,9,0,115.51724137931036,Kolkata Knight Riders,26.0,123.8095238095238,34.27272727272727,110.6919457372793,55,22.8,32.4,37.142857142857146,3.0,1.0,2.8,0.6,High,Low
1426260,2024-04-08,2024,2,Chennai Super Kings,Kolkata Knight Riders,S Dube,28,18,1,3,155.55555555555557,Kolkata Knight Riders,45.0,187.5,24.58823529411765,127.64416794234624,51,36.0,30.2,28.2,2.0,4.0,1.8,2.4,Moderate,Low
1426261,2024-04-09,2024,1,Sunrisers Hyderabad,Punjab Kings,AK Markram,0,2,0,0,0.0,Punjab Kings,50.0,138.88888888888889,25.77142857142857,123.74075811190316,35,28.0,24.3,33.0,4.0,1.0,1.6,0.6,Low,Low
1426261,2024-04-09,2024,1,Sunrisers Hyderabad,Punjab Kings,Abdul Samad,25,12,5,0,208.33333333333331,Punjab Kings,29.0,207.1428571428572,14.7,128.71917345954347,30,20.4,21.3,1.0,3.0,1.0,1.2,1.6,Moderate,Low
1426261,2024-04-09,2024,1,Sunrisers Hyderabad,Punjab Kings,Abhishek Sharma,16,11,2,1,145.45454545454547,Punjab Kings,37.0,336.3636363636364,21.51020408163265,127.21131103066726,49,34.4,31.5,37.0,3.0,4.0,2.8,3.0,Low,Low
1426261,2024-04-09,2024,1,Sunrisers Hyderabad,Punjab Kings,B Kumar,6,8,0,0,75.0,Punjab Kings,27.0,103.84615384615384,4.716666666666667,88.06091593591594,60,8.4,6.3,2.0,3.0,0.0,0.8,0.0,Low,Low
1426261,2024-04-09,2024,1,Sunrisers Hyderabad,Punjab Kings,H Klaasen,9,9,1,0,100.0,Punjab Kings,10.0,90.9090909090909,32.904761904761905,157.6477862455039,21,39.0,47.2,0.0,1.0,0.0,1.6,3.4,Low,Low
1426261,2024-04-09,2024,1,Sunrisers Hyderabad,Punjab Kings,JD Unadkat,6,1,0,1,600.0,Punjab Kings,9.0,128.57142857142858,7.863636363636363,98.86410974646267,22,11.0,11.8,12.0,1.0,0.0,0.8,0.6,Low,Low
1426261,2024-04-09,2024,1,Sunrisers Hyderabad,Punjab Kings,Nithish Kumar Reddy,64,37,4,5,172.97297297297297,Punjab Kings,14.0,175.0,14.0,175.0,1,14.0,14.0,0.0,1.0,1.0,1.0,1.0,High,Low
1426261,2024-04-09,2024,1,Sunrisers Hyderabad,Punjab Kings,PJ Cummins,3,4,0,0,75.0,Punjab Kings,2.0,100.0,12.290322580645162,123.28556695254989,31,1.0,15.2,0.0,0.0,0.0,0.0,0.0,Low,Low
1426261,2024-04-09,2024,1,Sunrisers Hyderabad,Punjab Kings,RA Tripathi,11,14,1,0,78.57142857142857,Punjab Kings,20.0,100.0,23.76136363636364,126.68115013917718,88,20.6,17.6,40.6,0.0,1.0,1.6,1.0,Low,Low
1426261,2024-04-09,2024,1,Sunrisers Hyderabad,Punjab Kings,Shahbaz Ahmed,14,7,1,1,200.0,Punjab Kings,18.0,94.73684210526316,13.464285714285714,112.89376176594224,28,12.0,11.0,7.5,0.0,1.0,0.4,0.8,Low,Low
1426261,2024-04-09,2024,1,Sunrisers Hyderabad,Punjab Kings,TM Head,21,15,4,0,140.0,Punjab Kings,31.0,129.16666666666669,24.384615384615383,124.07399338250404,13,37.8,26.3,0.0,3.0,1.0,3.6,1.8,Moderate,Low
1426261,2024-04-09,2024,2,Punjab Kings,Sunrisers Hyderabad,Ashutosh Sharma,33,15,3,2,220.00000000000003,Sunrisers Hyderabad,31.0,182.35294117647055,31.0,182.35294117647055,1,31.0,31.0,0.0,3.0,1.0,3.0,1.0,Moderate,Low
1426261,2024-04-09,2024,2,Punjab Kings,Sunrisers Hyderabad,JM Bairstow,0,3,0,0,0.0,Sunrisers Hyderabad,22.0,169.23076923076923,31.906976744186046,133.37315316894018,43,20.8,28.7,17.5,4.0,0.0,3.2,0.6,Low,Low
1426261,2024-04-09,2024,2,Punjab Kings,Sunrisers Hyderabad,JM Sharma,19,11,1,1,172.72727272727272,Sunrisers Hyderabad,16.0,200.0,21.464285714285715,152.92402352059366,28,20.4,19.8,11.333333333333334,0.0,2.0,1.2,1.4,Low,Low
1426261,2024-04-09,2024,2,Punjab Kings,Sunrisers Hyderabad,P Simran Singh,4,6,1,0,66.66666666666666,Sunrisers Hyderabad,35.0,145.83333333333331,21.95833333333333,124.15667128708924,24,21.4,29.5,10.25,5.0,1.0,2.6,1.0,Low,Low
1426261,2024-04-09,2024,2,Punjab Kings,Sunrisers Hyderabad,S Dhawan,14,16,2,0,87.5,Sunrisers Hyderabad,1.0,50.0,30.56561085972851,111.93445923557132,221,31.0,27.7,30.33333333333333,0.0,0.0,3.6,1.0,Low,Low
1426261,2024-04-09,2024,2,Punjab Kings,Sunrisers Hyderabad,SM Curran,29,22,2,2,131.8181818181818,Sunrisers Hyderabad,5.0,62.5,17.6,129.97307353131973,40,28.0,22.5,18.25,0.0,0.0,2.6,0.6,Moderate,Low
1426261,2024-04-09,2024,2,Punjab Kings,Sunrisers Hyderabad,Shashank Singh,46,25,6,1,184.0,Sunrisers Hyderabad,61.0,210.3448275862069,17.77777777777778,163.60533357659793,9,20.4,17.77777777777778,0.0,6.0,4.0,1.8,1.2,High,Low
1426261,2024-04-09,2024,2,Punjab Kings,Sunrisers Hyderabad,Sikandar Raza,28,22,2,2,127.27272727272728,Sunrisers Hyderabad,15.0,93.75,19.25,124.45976914345816,8,26.4,19.25,5.0,0.0,0.0,1.8,1.0,Moderate,Low
1426262,2024-04-10,2024,1,Rajasthan Royals,Gujarat Titans,JC Buttler,8,10,0,0,80.0,Gujarat Titans,100.0,172.41379310344826,33.59,128.42390796372655,100,27.0,25.6,38.0,9.0,4.0,2.6,0.8,Low,Low
1426262,2024-04-10,2024,1,Rajasthan Royals,Gujarat Titans,R Parag,76,48,3,5,158.33333333333331,Gujarat Titans,4.0,100.0,16.354166666666668,112.69151993901964,48,41.0,25.6,9.2,1.0,0.0,3.0,2.8,High,Low
1426262,2024-04-10,2024,1,Rajasthan Royals,Gujarat Titans,SO Hetmyer,13,5,1,1,260.0,Gujarat Titans,11.0,183.3333333333333,19.661016949152543,136.61247296934846,59,22.2,14.4,21.4,2.0,0.0,1.6,1.6,Low,Low
1426262,2024-04-10,2024,1,Rajasthan Royals,Gujarat Titans,SV Samson,68,38,7,2,178.94736842105263,Gujarat Titans,69.0,164.28571428571428,26.927152317880797,117.41154268788851,151,36.0,34.2,32.4,8.0,2.0,3.4,1.6,High,Low
1426262,2024-04-10,2024,1,Rajasthan Royals,Gujarat Titans,YBK Jaiswal,24,19,5,0,126.3157894736842,Gujarat Titans,0.0,0.0,29.536585365853657,122.12564822416913,41,17.8,36.0,10.0,0.0,0.0,2.8,0.2,Moderate,Low
1426262,2024-04-10,2024,2,Gujarat Titans,Rajasthan Royals,A Manohar,1,2,0,0,50.0,Rajasthan Royals,2.0,66.66666666666666,17.076923076923077,117.1285125131279,13,20.0,17.1,35.0,0.0,0.0,0.6,1.4,Low,Low
1426262,2024-04-10,2024,2,Gujarat Titans,Rajasthan Royals,B Sai Sudharsan,35,29,3,1,120.6896551724138,Rajasthan Royals,31.0,155.0,38.77777777777778,134.3166269067625,18,38.2,41.6,20.0,4.0,0.0,4.0,0.4,Moderate,Low
1426262,2024-04-10,2024,2,Gujarat Titans,Rajasthan Royals,M Shahrukh Khan,14,8,1,1,175.0,Rajasthan Royals,41.0,178.26086956521738,14.2,138.6287703487192,30,14.4,13.4,19.33333333333333,4.0,2.0,1.4,0.8,Low,Low
1426262,2024-04-10,2024,2,Gujarat Titans,Rajasthan Royals,MS Wade,4,6,0,0,66.66666666666666,Rajasthan Royals,8.0,80.0,13.76923076923077,104.15273203071612,13,17.8,15.7,18.33333333333333,0.0,1.0,2.4,0.4,Low,Low
1426262,2024-04-10,2024,2,Gujarat Titans,Rajasthan Royals,R Tewatia,22,11,3,0,200.0,Rajasthan Royals,30.0,125.0,15.1,130.283343606256,60,16.8,14.5,1.0,2.0,2.0,1.6,0.8,Moderate,Low
1426262,2024-04-10,2024,2,Gujarat Titans,Rajasthan Royals,Rashid Khan,24,10,4,0,240.0,Rajasthan Royals,0.0,0.0,8.452830188679245,116.97473255256274,53,2.0,12.4,6.8,0.0,0.0,0.2,0.0,Moderate,Low
1426262,2024-04-10,2024,2,Gujarat Titans,Rajasthan Royals,Shubman Gill,72,44,6,2,163.63636363636363,Rajasthan Royals,19.0,90.47619047619048,32.31521739130435,121.78773966091352,92,36.6,59.8,31.0,2.0,0.0,2.6,1.4,High,Low
1426262,2024-04-10,2024,2,Gujarat Titans,Rajasthan Royals,V Shankar,16,10,3,0,160.0,Rajasthan Royals,17.0,100.0,19.446428571428573,120.75851108993336,56,11.4,21.0,17.857142857142858,0.0,1.0,0.4,0.4,Low,Low
1426263,2024-04-11,2024,1,Royal Challengers Bengaluru,Mumbai Indians,Akash Deep,2,2,0,0,100.0,Mumbai Indians,17.0,212.5,8.5,106.25,2,8.5,8.5,0.0,2.0,1.0,1.0,0.5,Low,Low
1426263,2024-04-11,2024,1,Royal Challengers Bengaluru,Mumbai Indians,F du Plessis,61,40,4,3,152.5,Mumbai Indians,44.0,133.33333333333331,33.140625,119.114040806091,128,21.8,37.3,26.36842105263158,2.0,2.0,2.6,0.6,High,Low
1426263,2024-04-11,2024,1,Royal Challengers Bengaluru,Mumbai Indians,GJ Maxwell,0,4,0,0,0.0,Mumbai Indians,1.0,33.33333333333333,22.016,126.36393310050896,125,6.4,17.0,25.705882352941178,0.0,0.0,0.6,0.2,Low,Low
1426263,2024-04-11,2024,1,Royal Challengers Bengaluru,Mumbai Indians,KD Karthik,53,23,5,4,230.43478260869568,Mumbai Indians,4.0,50.0,20.384955752212388,119.08734918875692,226,18.0,16.9,15.0,0.0,0.0,1.2,1.4,High,Low
1426263,2024-04-11,2024,1,Royal Challengers Bengaluru,Mumbai Indians,MK Lomror,0,1,0,0,0.0,Mumbai Indians,33.0,253.84615384615384,16.74074074074074,126.38565980801724,27,10.6,15.9,6.0,3.0,3.0,1.0,0.8,Low,Low
1426263,2024-04-11,2024,1,Royal Challengers Bengaluru,Mumbai Indians,RM Patidar,50,26,3,4,192.30769230769232,Mumbai Indians,29.0,138.0952380952381,30.266666666666666,113.9585978955393,15,21.6,36.7,8.0,2.0,2.0,1.4,1.2,High,Low
1426263,2024-04-11,2024,1,Royal Challengers Bengaluru,Mumbai Indians,Saurav Chauhan,9,8,1,0,112.5,Mumbai Indians,9.0,150.0,9.0,150.0,1,9.0,9.0,0.0,0.0,1.0,0.0,1.0,Low,Low
1426263,2024-04-11,2024,1,Royal Challengers Bengaluru,Mumbai Indians,V Kohli,3,9,0,0,33.33333333333333,Mumbai Indians,113.0,156.94444444444443,32.15677966101695,117.04054650270918,236,63.2,59.1,26.78125,12.0,4.0,5.8,2.4,Low,Low
1426263,2024-04-11,2024,1,Royal Challengers Bengaluru,Mumbai Indians,Vijaykumar Vyshak,0,1,0,0,0.0,Mumbai Indians,13.0,162.5,6.5,81.25,2,6.5,6.5,0.0,0.0,1.0,0.0,0.5,Low,Low
1426263,2024-04-11,2024,1,Royal Challengers Bengaluru,Mumbai Indians,WG Jacks,8,6,2,0,133.33333333333331,Mumbai Indians,0.0,0.0,0.0,0.0,0,0.0,0.0,0.0,0.0,0.0,0.0,0.0,Low,Low
1426263,2024-04-11,2024,2,Mumbai Indians,Royal Challengers Bengaluru,HH Pandya,21,6,0,3,350.0,Royal Challengers Bengaluru,39.0,118.1818181818182,19.885245901639344,142.30257606753258,122,25.8,20.2,0.0,3.0,1.0,2.2,1.0,Moderate,Low
1426263,2024-04-11,2024,2,Mumbai Indians,Royal Challengers Bengaluru,Ishan Kishan,69,34,7,5,202.94117647058823,Royal Challengers Bengaluru,42.0,182.6086956521739,27.146067415730336,117.44535867011484,89,21.4,26.0,0.0,4.0,2.0,2.2,1.4,High,Low
1426263,2024-04-11,2024,2,Mumbai Indians,Royal Challengers Bengaluru,RG Sharma,38,24,3,3,158.33333333333331,Royal Challengers Bengaluru,49.0,181.4814814814815,26.16115702479339,112.08480448428476,242,25.2,26.6,0.0,6.0,3.0,3.0,1.4,Moderate,Low
1426263,2024-04-11,2024,2,Mumbai Indians,Royal Challengers Bengaluru,SA Yadav,52,19,5,4,273.6842105263158,Royal Challengers Bengaluru,0.0,0.0,25.785714285714285,133.62240657420216,126,25.2,45.9,0.0,0.0,0.0,2.6,0.8,High,Low
1426263,2024-04-11,2024,2,Mumbai Indians,Royal Challengers Bengaluru,Tilak Varma,16,10,3,0,160.0,Royal Challengers Bengaluru,6.0,120.0,29.89655172413793,138.47590546612182,29,34.0,25.6,0.0,1.0,0.0,1.8,2.4,Low,Low
1426264,2024-04-12,2024,1,Lucknow Super Giants,Delhi Capitals,A Badoni,55,35,5,1,157.14285714285714,Delhi Capitals,20.0,181.8181818181818,15.851851851851851,116.62973867227431,27,6.0,18.2,14.0,3.0,0.0,0.6,0.0,High,Low
1426264,2024-04-12,2024,1,Lucknow Super Giants,Delhi Capitals,Arshad Khan,20,16,2,0,125.0,Delhi Capitals,1.0,50.0,6.0,88.8888888888889,3,6.0,6.0,0.0,0.0,0.0,0.0,0.3333333333333333,Moderate,Low
1426264,2024-04-12,2024,1,Lucknow Super Giants,Delhi Capitals,D Padikkal,3,6,0,0,50.0,Delhi Capitals,7.0,100.0,25.295081967213115,106.02781795421625,61,14.6,17.0,28.83333333333333,1.0,0.0,1.6,0.6,Low,Low
1426264,2024-04-12,2024,1,Lucknow Super Giants,Delhi Capitals,DJ Hooda,10,13,0,0,76.92307692307693,Delhi Capitals,26.0,200.0,15.134831460674157,117.90340427246588,89,11.6,8.4,15.0,2.0,2.0,0.4,0.6,Low,Low
1426264,2024-04-12,2024,1,Lucknow Super Giants,Delhi Capitals,KH Pandya,3,4,0,0,75.0,Delhi Capitals,2.0,100.0,15.77777777777778,123.5152236425468,99,13.0,13.3,15.2,0.0,0.0,1.0,0.6,Low,Low
1426264,2024-04-12,2024,1,Lucknow Super Giants,Delhi Capitals,KL Rahul,39,22,5,1,177.27272727272728,Delhi Capitals,33.0,106.4516129032258,37.675438596491226,121.12415790630683,114,25.2,33.7,26.11111111111111,3.0,0.0,1.6,1.0,Moderate,Low
1426264,2024-04-12,2024,1,Lucknow Super Giants,Delhi Capitals,MP Stoinis,8,10,1,0,80.0,Delhi Capitals,58.0,134.88372093023256,20.28205128205128,118.86709930503108,78,28.8,28.3,19.0,4.0,2.0,2.0,1.4,Low,Low
1426264,2024-04-12,2024,1,Lucknow Super Giants,Delhi Capitals,N Pooran,0,1,0,0,0.0,Delhi Capitals,32.0,145.45454545454547,22.625,136.6690662040323,64,35.6,31.1,26.666666666666668,0.0,3.0,1.6,3.0,Low,Low
1426264,2024-04-12,2024,1,Lucknow Super Giants,Delhi Capitals,Q de Kock,19,13,4,0,146.15384615384613,Delhi Capitals,6.0,150.0,30.247524752475247,117.02433454058546,101,34.6,43.4,32.5,0.0,1.0,2.8,2.0,Low,Low
1426264,2024-04-12,2024,2,Delhi Capitals,Lucknow Super Giants,DA Warner,8,9,1,0,88.88888888888889,Lucknow Super Giants,10.0,125.0,35.63586956521739,121.30620123963844,184,31.6,36.6,21.0,1.0,1.0,3.2,2.0,Low,Low
1426264,2024-04-12,2024,2,Delhi Capitals,Lucknow Super Giants,J Fraser-McGurk,55,35,2,5,157.14285714285714,Lucknow Super Giants,0.0,0.0,0.0,0.0,0,0.0,0.0,0.0,0.0,0.0,0.0,0.0,High,Low
1426264,2024-04-12,2024,2,Delhi Capitals,Lucknow Super Giants,PP Shaw,32,22,6,0,145.45454545454547,Lucknow Super Giants,66.0,165.0,24.5,122.31530061104698,74,35.6,21.3,26.0,8.0,3.0,4.4,1.2,Moderate,Low
1426264,2024-04-12,2024,2,Delhi Capitals,Lucknow Super Giants,RR Pant,41,24,4,2,170.83333333333331,Lucknow Super Giants,1.0,33.33333333333333,28.60952380952381,133.65340598958065,105,30.6,25.9,41.5,0.0,0.0,2.4,1.8,High,Low
1426264,2024-04-12,2024,2,Delhi Capitals,Lucknow Super Giants,SD Hope,11,10,1,0,110.0,Lucknow Super Giants,33.0,132.0,33.0,132.0,1,33.0,33.0,0.0,2.0,2.0,2.0,2.0,Low,Low
1426264,2024-04-12,2024,2,Delhi Capitals,Lucknow Super Giants,T Stubbs,15,9,0,1,166.66666666666669,Lucknow Super Giants,71.0,295.83333333333337,22.33333333333333,107.67436942051248,9,34.8,22.33333333333333,0.0,3.0,7.0,1.8,2.8,Low,Low
1426265,2024-04-13,2024,1,Punjab Kings,Rajasthan Royals,Ashutosh Sharma,31,15,1,3,206.66666666666669,Rajasthan Royals,33.0,220.00000000000003,32.0,201.1764705882353,2,32.0,32.0,0.0,3.0,2.0,3.0,1.5,Moderate,Low
1426265,2024-04-13,2024,1,Punjab Kings,Rajasthan Royals,Atharva Taide,15,12,2,0,125.0,Rajasthan Royals,19.0,158.33333333333331,26.571428571428573,131.38255302120848,7,36.4,26.571428571428573,19.0,3.0,1.0,3.8,1.2,Low,Low
1426265,2024-04-13,2024,1,Punjab Kings,Rajasthan Royals,Harpreet Brar,3,3,0,0,100.0,Rajasthan Royals,1.0,50.0,8.15,114.70381836945305,20,1.4,5.6,0.0,0.0,0.0,0.0,0.0,Low,Low
1426265,2024-04-13,2024,1,Punjab Kings,Rajasthan Royals,JM Bairstow,15,19,1,0,78.94736842105263,Rajasthan Royals,0.0,0.0,31.181818181818183,130.34194514237336,44,16.2,25.5,31.4,0.0,0.0,2.2,0.6,Low,Low
1426265,2024-04-13,2024,1,Punjab Kings,Rajasthan Royals,JM Sharma,29,24,1,2,120.83333333333331,Rajasthan Royals,19.0,172.72727272727272,21.379310344827587,153.60689418289294,29,15.4,19.6,36.333333333333336,1.0,1.0,0.8,1.0,Moderate,Low
1426265,2024-04-13,2024,1,Punjab Kings,Rajasthan Royals,LS Livingstone,21,14,2,1,150.0,Rajasthan Royals,28.0,164.70588235294116,26.02857142857143,141.2426207671001,35,37.2,35.0,15.5,2.0,2.0,2.2,3.0,Moderate,Low
1426265,2024-04-13,2024,1,Punjab Kings,Rajasthan Royals,P Simran Singh,10,14,1,0,71.42857142857143,Rajasthan Royals,4.0,66.66666666666666,21.24,121.85707110227234,25,21.8,25.7,31.0,1.0,0.0,2.8,1.0,Low,Low
1426265,2024-04-13,2024,1,Punjab Kings,Rajasthan Royals,SM Curran,6,10,0,0,60.0,Rajasthan Royals,29.0,131.8181818181818,17.878048780487806,130.0180761724627,41,24.0,23.3,20.4,2.0,2.0,2.2,0.6,Low,Low
1426265,2024-04-13,2024,1,Punjab Kings,Rajasthan Royals,Shashank Singh,9,9,1,0,100.0,Rajasthan Royals,46.0,184.0,20.6,165.64480021893814,10,27.4,20.6,0.0,6.0,1.0,2.8,1.4,Low,Low
1426265,2024-04-13,2024,2,Rajasthan Royals,Punjab Kings,Dhruv Jurel,6,11,0,0,54.54545454545454,Punjab Kings,2.0,66.66666666666666,13.857142857142858,143.5204081632653,14,10.6,13.2,21.0,0.0,0.0,0.8,0.4,Low,Low
1426265,2024-04-13,2024,2,Rajasthan Royals,Punjab Kings,KA Maharaj,1,2,0,0,50.0,Punjab Kings,0.0,0.0,0.0,0.0,0,0.0,0.0,0.0,0.0,0.0,0.0,0.0,Low,Low
1426265,2024-04-13,2024,2,Rajasthan Royals,Punjab Kings,R Parag,23,18,1,1,127.77777777777776,Punjab Kings,76.0,158.33333333333331,17.571428571428573,113.62298551849544,49,52.2,31.2,13.8,3.0,5.0,3.4,3.4,Moderate,Low
1426265,2024-04-13,2024,2,Rajasthan Royals,Punjab Kings,R Powell,11,5,2,0,220.00000000000003,Punjab Kings,4.0,100.0,17.133333333333333,104.05438842203549,15,10.4,22.6,2.0,1.0,0.0,0.4,0.8,Low,Low
1426265,2024-04-13,2024,2,Rajasthan Royals,Punjab Kings,SO Hetmyer,27,10,1,3,270.0,Punjab Kings,13.0,260.0,19.55,138.66893175319268,60,17.8,15.4,32.25,1.0,1.0,1.6,1.0,Moderate,Low
1426265,2024-04-13,2024,2,Rajasthan Royals,Punjab Kings,SV Samson,18,14,1,1,128.57142857142858,Punjab Kings,68.0,178.94736842105263,27.19736842105263,117.81638364665932,152,49.2,39.6,38.0,7.0,2.0,4.8,2.0,Low,Low
1426265,2024-04-13,2024,2,Rajasthan Royals,Punjab Kings,Tanush Kotian,24,31,3,0,77.41935483870968,Punjab Kings,0.0,0.0,0.0,0.0,0,0.0,0.0,0.0,0.0,0.0,0.0,0.0,Moderate,Low
1426265,2024-04-13,2024,2,Rajasthan Royals,Punjab Kings,YBK Jaiswal,39,28,4,0,139.28571428571428,Punjab Kings,24.0,126.3157894736842,29.404761904761905,122.22541349201472,42,12.6,26.0,44.5,5.0,0.0,2.2,0.2,Moderate,Low
1426266,2024-04-14,2024,1,Lucknow Super Giants,Kolkata Knight Riders,A Badoni,29,27,2,1,107.40740740740742,Kolkata Knight Riders,55.0,157.14285714285714,17.25,118.0766357605094,28,16.8,19.4,20.0,5.0,1.0,1.6,0.2,Moderate,Low
1426266,2024-04-14,2024,1,Lucknow Super Giants,Kolkata Knight Riders,Arshad Khan (2),5,4,1,0,125.0,Kolkata Knight Riders,0.0,0.0,0.0,0.0,0,0.0,0.0,0.0,0.0,0.0,0.0,0.0,Low,Low
1426266,2024-04-14,2024,1,Lucknow Super Giants,Kolkata Knight Riders,DJ Hooda,8,10,1,0,80.0,Kolkata Knight Riders,10.0,76.92307692307693,15.077777777777778,117.44806730191712,90,13.4,8.5,12.333333333333334,0.0,0.0,0.4,0.6,Low,Low
1426266,2024-04-14,2024,1,Lucknow Super Giants,Kolkata Knight Riders,KH Pandya,7,8,0,0,87.5,Kolkata Knight Riders,3.0,75.0,15.65,123.03007140612137,100,11.8,13.1,14.166666666666666,0.0,0.0,1.0,0.4,Low,Low
1426266,2024-04-14,2024,1,Lucknow Super Giants,Kolkata Knight Riders,KL Rahul,39,26,3,2,150.0,Kolkata Knight Riders,39.0,177.27272727272728,37.68695652173913,121.61240633558008,115,33.0,35.8,37.583333333333336,5.0,1.0,2.6,1.2,Moderate,Low
1426266,2024-04-14,2024,1,Lucknow Super Giants,Kolkata Knight Riders,MP Stoinis,10,5,2,0,200.0,Kolkata Knight Riders,8.0,80.0,20.126582278481013,118.37511070623324,79,22.4,28.5,11.3,1.0,0.0,1.2,1.2,Low,Low
1426266,2024-04-14,2024,1,Lucknow Super Giants,Kolkata Knight Riders,N Pooran,45,32,2,4,140.625,Kolkata Knight Riders,0.0,0.0,22.27692307692308,134.56646518550872,65,35.6,29.1,20.25,0.0,0.0,1.6,3.0,High,Low
1426266,2024-04-14,2024,1,Lucknow Super Giants,Kolkata Knight Riders,Q de Kock,10,8,2,0,125.0,Kolkata Knight Riders,19.0,146.15384615384613,30.137254901960784,117.30991798777428,102,32.8,31.3,31.785714285714285,4.0,0.0,3.6,1.6,Low,Low
1426266,2024-04-14,2024,2,Kolkata Knight Riders,Lucknow Super Giants,A Raghuvanshi,7,6,0,1,116.66666666666669,Lucknow Super Giants,24.0,133.33333333333331,39.0,166.66666666666666,2,39.0,39.0,0.0,3.0,1.0,4.0,2.0,Low,Low
1426266,2024-04-14,2024,2,Kolkata Knight Riders,Lucknow Super Giants,PD Salt,89,44,14,3,202.27272727272728,Lucknow Super Giants,0.0,0.0,24.615384615384617,113.64312158429806,13,21.0,25.6,0.0,0.0,0.0,1.8,1.0,High,Low
1426266,2024-04-14,2024,2,Kolkata Knight Riders,Lucknow Super Giants,SP Narine,6,6,1,0,100.0,Lucknow Super Giants,27.0,135.0,12.572916666666666,120.57672718900466,96,32.4,17.5,14.666666666666666,3.0,2.0,2.4,2.8,Low,Low
1426266,2024-04-14,2024,2,Kolkata Knight Riders,Lucknow Super Giants,SS Iyer,38,38,6,0,100.0,Lucknow Super Giants,34.0,106.25,27.34285714285714,109.90285772961396,105,28.2,24.4,28.0,3.0,0.0,1.8,1.4,Moderate,Low
1426267,2024-04-14,2024,1,Chennai Super Kings,Mumbai Indians,AM Rahane,5,8,1,0,62.5,Mumbai Indians,35.0,116.66666666666669,27.7239263803681,105.80140351978926,163,29.2,23.6,29.45833333333333,2.0,1.0,2.0,1.4,Low,Low
1426267,2024-04-14,2024,1,Chennai Super Kings,Mumbai Indians,DJ Mitchell,17,14,1,0,121.42857142857142,Mumbai Indians,25.0,131.57894736842107,21.571428571428573,110.63126931547984,7,23.6,21.571428571428573,17.0,1.0,1.0,1.0,1.0,Low,Low
1426267,2024-04-14,2024,1,Chennai Super Kings,Mumbai Indians,MS Dhoni,20,4,0,3,500.0,Mumbai Indians,1.0,33.33333333333333,23.277272727272727,128.55454971533905,220,8.0,8.2,21.37142857142857,0.0,0.0,0.8,0.6,Moderate,Low
1426267,2024-04-14,2024,1,Chennai Super Kings,Mumbai Indians,R Ravindra,21,16,2,1,131.25,Mumbai Indians,15.0,187.5,22.4,162.83333333333331,5,22.4,22.4,0.0,3.0,0.0,2.8,1.2,Moderate,Low
1426267,2024-04-14,2024,1,Chennai Super Kings,Mumbai Indians,RD Gaikwad,69,40,5,5,172.5,Mumbai Indians,67.0,115.51724137931036,34.857142857142854,110.778111730887,56,31.0,36.1,24.142857142857142,9.0,0.0,4.0,0.4,High,Low
1426267,2024-04-14,2024,1,Chennai Super Kings,Mumbai Indians,S Dube,66,38,10,2,173.6842105263158,Mumbai Indians,28.0,155.55555555555557,24.653846153846157,128.1809253964464,52,35.2,30.4,17.0,1.0,3.0,2.0,2.6,High,Low
1426267,2024-04-14,2024,2,Mumbai Indians,Chennai Super Kings,HH Pandya,2,6,0,0,33.33333333333333,Chennai Super Kings,21.0,350.0,19.89430894308943,143.99117301007297,123,25.8,19.8,13.866666666666667,0.0,3.0,2.2,1.2,Low,Low
1426267,2024-04-14,2024,2,Mumbai Indians,Chennai Super Kings,Ishan Kishan,23,15,3,1,153.33333333333334,Chennai Super Kings,69.0,202.94117647058823,27.61111111111111,118.3953122012312,90,32.2,32.2,23.88888888888889,7.0,5.0,3.0,2.4,Moderate,Low
1426267,2024-04-14,2024,2,Mumbai Indians,Chennai Super Kings,Mohammad Nabi,4,7,0,0,57.14285714285714,Chennai Super Kings,3.0,75.0,12.4,165.35521885521885,15,13.0,13.8,0.0,0.0,0.0,1.6,0.6,Low,Low
1426267,2024-04-14,2024,2,Mumbai Indians,Chennai Super Kings,R Shepherd,1,2,0,0,50.0,Chennai Super Kings,39.0,390.0,18.666666666666668,176.5079365079365,6,17.6,18.666666666666668,0.0,3.0,4.0,1.4,1.6,Low,Low
1426267,2024-04-14,2024,2,Mumbai Indians,Chennai Super Kings,RG Sharma,105,63,11,5,166.66666666666669,Chennai Super Kings,38.0,158.33333333333331,26.20987654320988,112.27512764827262,243,31.2,29.7,23.96969696969697,3.0,3.0,3.4,2.0,High,Low
1426267,2024-04-14,2024,2,Mumbai Indians,Chennai Super Kings,SA Yadav,0,2,0,0,0.0,Chennai Super Kings,52.0,273.6842105263158,25.992125984251967,134.7252554242188,127,34.2,45.6,24.285714285714285,5.0,4.0,3.6,1.6,Low,Low
1426267,2024-04-14,2024,2,Mumbai Indians,Chennai Super Kings,TH David,13,5,0,2,260.0,Chennai Super Kings,45.0,225.0,19.035714285714285,146.21316183816185,28,23.4,16.9,12.5,2.0,4.0,1.2,1.4,Low,Low
1426267,2024-04-14,2024,2,Mumbai Indians,Chennai Super Kings,Tilak Varma,31,20,5,0,155.0,Chennai Super Kings,16.0,160.0,29.433333333333334,139.19337528391776,30,28.6,26.9,35.666666666666664,3.0,0.0,1.4,1.8,Moderate,Low
1426268,2024-04-15,2024,1,Sunrisers Hyderabad,Royal Challengers Bengaluru,AK Markram,32,16,2,2,200.0,Royal Challengers Bengaluru,0.0,0.0,25.05555555555556,120.30351483101695,36,25.4,20.2,0.0,0.0,0.0,1.6,0.4,Moderate,Low
1426268,2024-04-15,2024,1,Sunrisers Hyderabad,Royal Challengers Bengaluru,Abdul Samad,37,10,4,3,370.0,Royal Challengers Bengaluru,25.0,208.33333333333331,15.03225806451613,131.2873721651496,31,22.0,20.6,0.0,5.0,0.0,2.2,1.2,Moderate,Low
1426268,2024-04-15,2024,1,Sunrisers Hyderabad,Royal Challengers Bengaluru,Abhishek Sharma,34,22,2,2,154.54545454545453,Royal Challengers Bengaluru,16.0,145.45454545454547,21.4,127.57617571914484,50,35.4,26.4,0.0,2.0,1.0,2.8,3.2,Moderate,Low
1426268,2024-04-15,2024,1,Sunrisers Hyderabad,Royal Challengers Bengaluru,H Klaasen,67,31,2,7,216.1290322580645,Royal Challengers Bengaluru,9.0,100.0,31.818181818181817,155.02743232525373,22,37.2,44.5,0.0,1.0,0.0,1.4,3.4,High,Low
1426268,2024-04-15,2024,1,Sunrisers Hyderabad,Royal Challengers Bengaluru,TM Head,102,41,9,8,248.78048780487805,Royal Challengers Bengaluru,21.0,140.0,24.142857142857142,125.21156528375374,14,27.0,25.4,0.0,4.0,0.0,3.8,0.8,High,Low
1426268,2024-04-15,2024,2,Royal Challengers Bengaluru,Sunrisers Hyderabad,Anuj Rawat,25,14,5,0,178.57142857142858,Sunrisers Hyderabad,11.0,52.38095238095239,14.65,96.55071382518192,20,19.2,16.3,0.0,0.0,0.0,1.2,0.8,Moderate,Low
1426268,2024-04-15,2024,2,Royal Challengers Bengaluru,Sunrisers Hyderabad,F du Plessis,62,28,7,4,221.42857142857144,Sunrisers Hyderabad,61.0,152.5,33.35658914728682,119.37284669131512,129,27.0,38.9,30.25,4.0,3.0,1.8,1.2,High,Low
1426268,2024-04-15,2024,2,Royal Challengers Bengaluru,Sunrisers Hyderabad,KD Karthik,83,35,5,7,237.14285714285717,Sunrisers Hyderabad,53.0,230.43478260869568,20.52863436123348,119.57786651659804,227,28.6,20.0,14.304347826086955,5.0,4.0,2.2,2.2,High,Low
1426268,2024-04-15,2024,2,Royal Challengers Bengaluru,Sunrisers Hyderabad,MK Lomror,19,11,0,2,172.72727272727272,Sunrisers Hyderabad,0.0,0.0,16.142857142857142,121.87188624344522,28,10.4,15.2,20.0,0.0,0.0,1.0,0.8,Low,Low
1426268,2024-04-15,2024,2,Royal Challengers Bengaluru,Sunrisers Hyderabad,RM Patidar,9,5,0,1,180.0,Sunrisers Hyderabad,50.0,192.30769230769232,31.5,118.85541629629888,16,20.0,36.5,48.0,3.0,4.0,1.2,1.4,Low,Low
1426268,2024-04-15,2024,2,Royal Challengers Bengaluru,Sunrisers Hyderabad,Saurav Chauhan,0,1,0,0,0.0,Sunrisers Hyderabad,9.0,112.5,9.0,131.25,2,9.0,9.0,0.0,1.0,0.0,0.5,0.5,Low,Low
1426268,2024-04-15,2024,2,Royal Challengers Bengaluru,Sunrisers Hyderabad,V Kohli,42,20,6,2,210.0,Sunrisers Hyderabad,3.0,33.33333333333333,32.0337552742616,116.68735151043334,237,59.6,53.9,30.63636363636364,0.0,0.0,5.8,2.2,High,Low
1426268,2024-04-15,2024,2,Royal Challengers Bengaluru,Sunrisers Hyderabad,Vijaykumar Vyshak,1,2,0,0,50.0,Sunrisers Hyderabad,0.0,0.0,4.333333333333333,54.16666666666666,3,4.333333333333333,4.333333333333333,0.0,0.0,0.0,0.0,0.3333333333333333,Low,Low
1426268,2024-04-15,2024,2,Royal Challengers Bengaluru,Sunrisers Hyderabad,WG Jacks,7,4,1,0,175.0,Sunrisers Hyderabad,8.0,133.33333333333331,8.0,133.33333333333331,1,8.0,8.0,0.0,2.0,0.0,2.0,0.0,Low,Low
1426269,2024-04-16,2024,1,Kolkata Knight Riders,Rajasthan Royals,A Raghuvanshi,30,18,5,0,166.66666666666669,Rajasthan Royals,7.0,116.66666666666669,28.33333333333333,150.0,3,28.33333333333333,28.33333333333333,0.0,0.0,1.0,2.6666666666666665,1.6666666666666667,Moderate,Low
1426269,2024-04-16,2024,1,Kolkata Knight Riders,Rajasthan Royals,AD Russell,13,10,2,0,130.0,Rajasthan Royals,10.0,111.11111111111111,24.05050505050505,149.85464058958536,99,24.8,23.5,17.0,2.0,0.0,1.8,2.2,Low,Low
1426269,2024-04-16,2024,1,Kolkata Knight Riders,Rajasthan Royals,PD Salt,10,13,1,0,76.92307692307693,Rajasthan Royals,89.0,202.27272727272728,29.214285714285715,119.97380770490015,14,38.2,34.5,0.0,14.0,3.0,4.6,1.6,Low,Low
1426269,2024-04-16,2024,1,Kolkata Knight Riders,Rajasthan Royals,RK Singh,20,9,1,2,222.22222222222223,Rajasthan Royals,9.0,69.23076923076923,23.87878787878788,136.71040408030987,33,26.0,28.6,20.33333333333333,0.0,0.0,2.0,1.4,Moderate,Low
1426269,2024-04-16,2024,1,Kolkata Knight Riders,Rajasthan Royals,Ramandeep Singh,1,1,0,0,100.0,Rajasthan Royals,13.0,108.33333333333331,13.571428571428571,149.3452380952381,7,15.4,13.571428571428571,0.0,0.0,1.0,0.8,1.2,Low,Low
1426269,2024-04-16,2024,1,Kolkata Knight Riders,Rajasthan Royals,SP Narine,109,56,13,6,194.64285714285717,Rajasthan Royals,6.0,100.0,12.505154639175258,120.3645959808706,97,33.4,17.9,12.333333333333334,1.0,0.0,2.6,2.8,High,Low
1426269,2024-04-16,2024,1,Kolkata Knight Riders,Rajasthan Royals,SS Iyer,11,7,1,1,157.14285714285714,Rajasthan Royals,38.0,100.0,27.443396226415093,109.80943454348554,106,25.8,24.0,35.5,6.0,0.0,2.2,0.8,Low,Low
1426269,2024-04-16,2024,1,Kolkata Knight Riders,Rajasthan Royals,VR Iyer,8,6,1,0,133.33333333333331,Rajasthan Royals,3.0,37.5,25.525,117.59286254228223,40,17.8,18.4,33.666666666666664,0.0,0.0,1.6,1.0,Low,Low
1426269,2024-04-16,2024,2,Rajasthan Royals,Kolkata Knight Riders,Dhruv Jurel,2,4,0,0,50.0,Kolkata Knight Riders,6.0,54.54545454545454,13.333333333333334,137.5887445887446,15,11.6,13.8,0.0,0.0,0.0,0.8,0.4,Low,Low
1426269,2024-04-16,2024,2,Rajasthan Royals,Kolkata Knight Riders,JC Buttler,107,59,9,6,181.35593220338984,Kolkata Knight Riders,8.0,80.0,33.336633663366335,127.94446333042232,101,28.6,24.6,30.83333333333333,0.0,0.0,2.6,0.8,High,Low
1426269,2024-04-16,2024,2,Rajasthan Royals,Kolkata Knight Riders,R Ashwin,8,11,1,0,72.72727272727273,Kolkata Knight Riders,16.0,100.0,9.144578313253012,108.73621969243815,83,11.2,11.1,10.666666666666666,1.0,0.0,0.4,0.6,Low,Low
1426269,2024-04-16,2024,2,Rajasthan Royals,Kolkata Knight Riders,R Parag,34,14,4,2,242.85714285714283,Kolkata Knight Riders,23.0,127.77777777777776,17.68,113.90608136368108,50,48.2,32.8,14.4,1.0,1.0,3.4,3.0,Moderate,Low
1426269,2024-04-16,2024,2,Rajasthan Royals,Kolkata Knight Riders,R Powell,26,13,1,3,200.0,Kolkata Knight Riders,11.0,220.00000000000003,16.75,111.30098914565826,16,12.2,20.1,20.5,2.0,0.0,0.8,0.8,Moderate,Low
1426269,2024-04-16,2024,2,Rajasthan Royals,Kolkata Knight Riders,SO Hetmyer,0,1,0,0,0.0,Kolkata Knight Riders,27.0,270.0,19.672131147540984,140.82190008510756,61,14.0,17.3,13.0,1.0,3.0,1.0,1.0,Low,Low
1426269,2024-04-16,2024,2,Rajasthan Royals,Kolkata Knight Riders,SV Samson,12,8,2,0,150.0,Kolkata Knight Riders,18.0,128.57142857142858,27.137254901960784,117.88667805793231,153,36.4,38.4,27.210526315789476,1.0,1.0,4.4,1.0,Low,Low
1426269,2024-04-16,2024,2,Rajasthan Royals,Kolkata Knight Riders,TA Boult,0,1,0,0,0.0,Kolkata Knight Riders,1.0,50.0,3.8333333333333335,87.0179974346641,18,5.4,5.5,0.0,0.0,0.0,0.2,0.4,Low,Low
1426269,2024-04-16,2024,2,Rajasthan Royals,Kolkata Knight Riders,YBK Jaiswal,19,9,3,1,211.11111111111111,Kolkata Knight Riders,39.0,139.28571428571428,29.627906976744185,122.62216467326353,43,15.6,28.5,40.0,4.0,0.0,2.4,0.0,Low,Low
1426270,2024-04-17,2024,1,Gujarat Titans,Delhi Capitals,A Manohar,8,14,1,0,57.14285714285714,Delhi Capitals,1.0,50.0,15.928571428571429,112.3336187621902,14,14.8,12.9,13.5,0.0,0.0,0.6,0.8,Low,Low
1426270,2024-04-17,2024,1,Gujarat Titans,Delhi Capitals,B Sai Sudharsan,12,8,2,0,150.0,Delhi Capitals,35.0,120.6896551724138,38.578947368421055,133.5994178681126,19,36.2,43.2,62.0,3.0,1.0,4.0,0.4,Low,Low
1426270,2024-04-17,2024,1,Gujarat Titans,Delhi Capitals,DA Miller,2,6,0,0,33.33333333333333,Delhi Capitals,44.0,162.96296296296296,23.65254237288136,124.7704337369248,118,17.4,18.8,24.285714285714285,4.0,2.0,1.8,0.4,Low,Low
1426270,2024-04-17,2024,1,Gujarat Titans,Delhi Capitals,M Shahrukh Khan,0,1,0,0,0.0,Delhi Capitals,14.0,175.0,14.193548387096774,139.80203582134115,31,16.8,14.4,7.8,1.0,1.0,1.6,1.0,Low,Low
1426270,2024-04-17,2024,1,Gujarat Titans,Delhi Capitals,MM Sharma,2,14,0,0,14.285714285714285,Delhi Capitals,0.0,0.0,4.6923076923076925,87.12912087912088,26,1.8,2.8,0.0,0.0,0.0,0.2,0.0,Low,Low
1426270,2024-04-17,2024,1,Gujarat Titans,Delhi Capitals,Noor Ahmad,1,7,0,0,14.285714285714285,Delhi Capitals,4.0,200.0,3.0,93.33333333333331,4,3.0,3.0,0.0,1.0,0.0,0.5,0.0,Low,Low
1426270,2024-04-17,2024,1,Gujarat Titans,Delhi Capitals,R Tewatia,10,14,1,0,71.42857142857143,Delhi Capitals,22.0,200.0,15.21311475409836,131.42623961271082,61,20.6,14.7,19.0,3.0,0.0,2.2,0.8,Low,Low
1426270,2024-04-17,2024,1,Gujarat Titans,Delhi Capitals,Rashid Khan,31,24,2,1,129.16666666666669,Delhi Capitals,24.0,240.0,8.74074074074074,119.2529782460338,54,5.8,14.6,5.142857142857143,4.0,0.0,0.8,0.0,Moderate,Low
1426270,2024-04-17,2024,1,Gujarat Titans,Delhi Capitals,SH Johnson,1,1,0,0,100.0,Delhi Capitals,0.0,0.0,2.5,50.0,2,2.5,2.5,0.0,0.0,0.0,0.5,0.0,Low,Low
1426270,2024-04-17,2024,1,Gujarat Titans,Delhi Capitals,Shubman Gill,8,6,2,0,133.33333333333331,Delhi Capitals,72.0,163.63636363636363,32.74193548387097,122.23772486495062,93,44.8,56.9,32.9,6.0,2.0,3.2,1.6,Low,Low
1426270,2024-04-17,2024,1,Gujarat Titans,Delhi Capitals,WP Saha,2,10,0,0,20.0,Delhi Capitals,11.0,84.61538461538461,20.82608695652174,116.59026222078688,138,26.0,17.4,25.4,2.0,0.0,3.2,0.6,Low,Low
1426270,2024-04-17,2024,2,Delhi Capitals,Gujarat Titans,Abishek Porel,15,7,2,1,214.28571428571428,Gujarat Titans,41.0,132.25806451612902,13.77777777777778,119.743039716158,9,18.2,13.77777777777778,20.0,5.0,0.0,2.0,0.4,Low,Low
1426270,2024-04-17,2024,2,Delhi Capitals,Gujarat Titans,J Fraser-McGurk,20,10,2,2,200.0,Gujarat Titans,55.0,157.14285714285714,55.0,157.14285714285714,1,55.0,55.0,0.0,2.0,5.0,2.0,5.0,Moderate,Low
1426270,2024-04-17,2024,2,Delhi Capitals,Gujarat Titans,PP Shaw,7,6,1,0,116.66666666666669,Gujarat Titans,32.0,145.45454545454547,24.6,122.62382387562695,75,31.2,23.8,8.5,6.0,0.0,4.2,1.0,Low,Low
1426270,2024-04-17,2024,2,Delhi Capitals,Gujarat Titans,RR Pant,16,11,1,1,145.45454545454547,Gujarat Titans,41.0,170.83333333333331,28.72641509433962,134.00416002112547,106,35.2,27.4,43.0,4.0,2.0,2.8,2.2,Low,Low
1426270,2024-04-17,2024,2,Delhi Capitals,Gujarat Titans,SD Hope,19,10,1,2,190.0,Gujarat Titans,11.0,110.0,22.0,121.0,2,22.0,22.0,0.0,1.0,0.0,1.5,1.0,Low,Low
1426270,2024-04-17,2024,2,Delhi Capitals,Gujarat Titans,Sumit Kumar,9,9,2,0,100.0,Gujarat Titans,7.0,116.66666666666669,4.5,69.44444444444444,2,4.5,4.5,0.0,0.0,1.0,0.0,0.5,Low,Low
1426271,2024-04-18,2024,1,Mumbai Indians,Punjab Kings,HH Pandya,10,6,0,1,166.66666666666669,Punjab Kings,2.0,33.33333333333333,19.75,143.09877107719603,124,24.0,19.6,15.4,0.0,0.0,2.0,1.0,Low,Low
1426271,2024-04-18,2024,1,Mumbai Indians,Punjab Kings,Ishan Kishan,8,8,1,0,100.0,Punjab Kings,23.0,153.33333333333334,27.56043956043956,118.77924649938616,91,36.8,30.3,21.25,3.0,1.0,3.6,2.6,Low,Low
1426271,2024-04-18,2024,1,Mumbai Indians,Punjab Kings,Mohammad Nabi,0,1,0,0,0.0,Punjab Kings,4.0,57.14285714285714,11.875,158.59194624819625,16,9.8,13.0,0.0,0.0,0.0,1.0,0.4,Low,Low
1426271,2024-04-18,2024,1,Mumbai Indians,Punjab Kings,R Shepherd,1,2,0,0,50.0,Punjab Kings,1.0,50.0,16.142857142857142,158.43537414965985,7,16.2,16.142857142857142,26.0,0.0,0.0,1.4,1.4,Low,Low
1426271,2024-04-18,2024,1,Mumbai Indians,Punjab Kings,RG Sharma,36,25,2,3,144.0,Punjab Kings,105.0,166.66666666666669,26.5327868852459,112.4980437917906,244,43.6,37.3,28.6,11.0,5.0,4.2,2.8,Moderate,Low
1426271,2024-04-18,2024,1,Mumbai Indians,Punjab Kings,SA Yadav,78,53,7,3,147.16981132075472,Punjab Kings,0.0,0.0,25.7890625,133.6727143662171,128,29.2,39.0,39.8,0.0,0.0,2.8,1.6,High,Low
1426271,2024-04-18,2024,1,Mumbai Indians,Punjab Kings,TH David,14,7,2,1,200.0,Punjab Kings,13.0,260.0,18.82758620689655,150.13684591270797,29,25.6,18.0,22.0,0.0,2.0,1.2,1.8,Low,Low
1426271,2024-04-18,2024,1,Mumbai Indians,Punjab Kings,Tilak Varma,34,18,2,2,188.88888888888889,Punjab Kings,31.0,155.0,29.483870967741936,139.7032664037914,31,29.8,29.8,21.666666666666668,5.0,0.0,2.2,1.6,Moderate,Low
1426271,2024-04-18,2024,2,Punjab Kings,Mumbai Indians,Ashutosh Sharma,61,26,2,7,234.6153846153846,Mumbai Indians,31.0,206.66666666666669,31.666666666666668,203.0065359477124,3,31.666666666666668,31.666666666666668,0.0,1.0,3.0,2.333333333333333,2.0,High,Low
1426271,2024-04-18,2024,2,Punjab Kings,Mumbai Indians,HV Patel,1,4,0,0,25.0,Mumbai Indians,6.0,150.0,7.151515151515151,111.2477213814112,33,5.2,5.7,5.0,0.0,1.0,0.4,0.4,Low,Low
1426271,2024-04-18,2024,2,Punjab Kings,Mumbai Indians,Harpreet Brar,21,20,2,1,105.0,Mumbai Indians,3.0,100.0,7.904761904761905,114.00363654233624,21,1.6,5.1,9.5,0.0,0.0,0.0,0.0,Moderate,Low
1426271,2024-04-18,2024,2,Punjab Kings,Mumbai Indians,Harpreet Singh,13,15,2,0,86.66666666666667,Mumbai Indians,41.0,151.85185185185185,16.0,110.78622482131254,6,19.0,16.0,41.0,4.0,2.0,1.6,0.6,Low,Low
1426271,2024-04-18,2024,2,Punjab Kings,Mumbai Indians,JM Sharma,9,9,1,0,100.0,Mumbai Indians,29.0,120.83333333333331,21.633333333333333,152.51444215457428,30,19.4,17.6,34.666666666666664,1.0,2.0,0.8,1.4,Low,Low
1426271,2024-04-18,2024,2,Punjab Kings,Mumbai Indians,K Rabada,8,3,0,1,266.66666666666663,Mumbai Indians,0.0,0.0,7.44,100.22234432234433,25,1.6,5.2,16.0,0.0,0.0,0.0,0.2,Low,Low
1426271,2024-04-18,2024,2,Punjab Kings,Mumbai Indians,LS Livingstone,1,2,0,0,50.0,Mumbai Indians,21.0,150.0,25.88888888888889,141.48588130134735,36,22.6,34.8,23.75,2.0,1.0,1.6,1.4,Low,Low
1426271,2024-04-18,2024,2,Punjab Kings,Mumbai Indians,P Simran Singh,0,1,0,0,0.0,Mumbai Indians,10.0,71.42857142857143,20.807692307692307,119.9175134225146,26,18.6,25.8,17.5,1.0,0.0,2.0,1.0,Low,Low
1426271,2024-04-18,2024,2,Punjab Kings,Mumbai Indians,RR Rossouw,1,3,0,0,33.33333333333333,Mumbai Indians,0.0,0.0,18.714285714285715,99.6954696488858,14,31.4,22.3,12.0,0.0,0.0,2.0,2.0,Low,Low
1426271,2024-04-18,2024,2,Punjab Kings,Mumbai Indians,SM Curran,6,7,1,0,85.71428571428571,Mumbai Indians,6.0,60.0,17.595238095238095,128.3509791207374,42,12.6,21.0,33.25,0.0,0.0,1.0,0.4,Low,Low
1426271,2024-04-18,2024,2,Punjab Kings,Mumbai Indians,Shashank Singh,41,25,2,3,164.0,Mumbai Indians,9.0,100.0,19.545454545454547,159.67709110812558,11,29.2,19.0,0.0,1.0,0.0,3.0,1.4,High,Low
1426272,2024-04-19,2024,1,Chennai Super Kings,Lucknow Super Giants,AM Rahane,36,24,5,1,150.0,Lucknow Super Giants,5.0,62.5,27.585365853658537,105.53737057149786,164,24.8,22.6,0.0,1.0,0.0,1.8,1.0,Moderate,Low
1426272,2024-04-19,2024,1,Chennai Super Kings,Lucknow Super Giants,MM Ali,30,20,0,3,150.0,Lucknow Super Giants,9.0,300.0,19.884615384615383,119.6514591389283,52,10.0,12.4,27.0,0.0,1.0,0.8,0.6,Moderate,Low
1426272,2024-04-19,2024,1,Chennai Super Kings,Lucknow Super Giants,MS Dhoni,28,9,3,2,311.11111111111114,Lucknow Super Giants,20.0,500.0,23.262443438914023,130.23529835916105,221,11.8,8.9,14.0,0.0,3.0,0.8,1.2,Moderate,Low
1426272,2024-04-19,2024,1,Chennai Super Kings,Lucknow Super Giants,R Ravindra,0,1,0,0,0.0,Lucknow Super Giants,21.0,131.25,22.166666666666668,157.56944444444443,6,19.2,22.166666666666668,0.0,2.0,1.0,2.6,0.8,Low,Low
1426272,2024-04-19,2024,1,Chennai Super Kings,Lucknow Super Giants,RA Jadeja,57,40,5,1,142.5,Lucknow Super Giants,31.0,134.7826086956522,16.046242774566473,132.6191441444974,173,19.8,19.4,10.0,4.0,0.0,1.6,0.4,High,Low
1426272,2024-04-19,2024,1,Chennai Super Kings,Lucknow Super Giants,RD Gaikwad,17,13,1,0,130.76923076923077,Lucknow Super Giants,69.0,172.5,35.45614035087719,111.86095187595916,57,41.8,40.6,29.0,5.0,5.0,4.4,1.4,Low,Low
1426272,2024-04-19,2024,1,Chennai Super Kings,Lucknow Super Giants,S Dube,3,8,0,0,37.5,Lucknow Super Giants,66.0,173.6842105263158,25.433962264150946,129.0394779460666,53,41.6,34.5,38.0,10.0,2.0,3.2,2.8,Low,Low
1426272,2024-04-19,2024,1,Chennai Super Kings,Lucknow Super Giants,Sameer Rizvi,1,5,0,0,20.0,Lucknow Super Giants,0.0,0.0,7.0,116.66666666666669,2,7.0,7.0,0.0,0.0,0.0,0.0,1.0,Low,Low
1426272,2024-04-19,2024,2,Lucknow Super Giants,Chennai Super Kings,KL Rahul,82,53,9,3,154.7169811320755,Chennai Super Kings,39.0,150.0,37.69827586206897,121.85712697061818,116,29.2,32.3,37.91666666666666,3.0,2.0,2.4,1.2,High,Low
1426272,2024-04-19,2024,2,Lucknow Super Giants,Chennai Super Kings,MP Stoinis,8,7,1,0,114.28571428571428,Chennai Super Kings,10.0,200.0,20.0,119.39542182240532,80,23.8,29.1,14.0,2.0,0.0,1.6,1.2,Low,Low
1426272,2024-04-19,2024,2,Lucknow Super Giants,Chennai Super Kings,N Pooran,23,11,3,1,209.0909090909091,Chennai Super Kings,45.0,140.625,22.62121212121212,134.65826116754647,66,31.8,33.3,24.0,2.0,4.0,1.2,3.0,Moderate,Low
1426272,2024-04-19,2024,2,Lucknow Super Giants,Chennai Super Kings,Q de Kock,54,43,5,1,125.5813953488372,Chennai Super Kings,10.0,125.0,29.941747572815533,117.38457897818424,103,34.0,31.7,25.76923076923077,2.0,0.0,3.8,1.6,High,Low
1426273,2024-04-20,2024,1,Sunrisers Hyderabad,Delhi Capitals,AK Markram,1,3,0,0,33.33333333333333,Delhi Capitals,32.0,200.0,25.24324324324324,122.45747388963812,37,28.2,22.8,17.666666666666668,2.0,2.0,1.6,0.8,Low,Low
1426273,2024-04-20,2024,1,Sunrisers Hyderabad,Delhi Capitals,Abdul Samad,13,8,1,1,162.5,Delhi Capitals,37.0,370.0,15.71875,138.74714178498868,32,22.0,22.2,25.25,4.0,3.0,2.8,1.0,Low,Low
1426273,2024-04-20,2024,1,Sunrisers Hyderabad,Delhi Capitals,Abhishek Sharma,46,12,2,6,383.33333333333337,Delhi Capitals,34.0,154.54545454545453,21.647058823529413,128.104985107896,51,35.8,28.9,14.5,2.0,2.0,2.4,3.2,High,Low
1426273,2024-04-20,2024,1,Sunrisers Hyderabad,Delhi Capitals,H Klaasen,15,8,0,2,187.5,Delhi Capitals,67.0,216.1290322580645,33.34782608695652,157.6840236266803,23,38.0,48.6,29.0,2.0,7.0,1.8,3.2,Low,Low
1426273,2024-04-20,2024,1,Sunrisers Hyderabad,Delhi Capitals,Nithish Kumar Reddy,37,27,2,2,137.03703703703704,Delhi Capitals,64.0,172.97297297297297,39.0,173.98648648648648,2,39.0,39.0,0.0,4.0,5.0,2.5,3.0,Moderate,Low
1426273,2024-04-20,2024,1,Sunrisers Hyderabad,Delhi Capitals,PJ Cummins,1,1,0,0,100.0,Delhi Capitals,3.0,75.0,12.0,121.77664298528268,32,1.0,8.9,6.666666666666667,0.0,0.0,0.0,0.0,Low,Low
1426273,2024-04-20,2024,1,Sunrisers Hyderabad,Delhi Capitals,Shahbaz Ahmed,59,29,2,5,203.44827586206893,Delhi Capitals,14.0,200.0,13.482758620689657,115.89742515332352,29,14.4,11.2,17.666666666666668,1.0,1.0,0.6,1.0,High,Low
1426273,2024-04-20,2024,1,Sunrisers Hyderabad,Delhi Capitals,TM Head,89,32,11,6,278.125,Delhi Capitals,102.0,248.78048780487805,29.33333333333333,133.4494934518287,15,47.0,32.6,0.0,9.0,8.0,5.6,2.4,High,Low
1426273,2024-04-20,2024,2,Delhi Capitals,Sunrisers Hyderabad,A Nortje,0,2,0,0,0.0,Sunrisers Hyderabad,4.0,66.66666666666666,4.083333333333333,103.96825396825398,12,6.4,4.3,2.0,0.0,0.0,0.8,0.0,Low,Low
1426273,2024-04-20,2024,2,Delhi Capitals,Sunrisers Hyderabad,AR Patel,6,8,0,0,75.0,Sunrisers Hyderabad,8.0,114.28571428571428,13.99047619047619,125.84187294821264,105,10.2,12.3,16.416666666666668,1.0,0.0,0.8,0.2,Low,Low
1426273,2024-04-20,2024,2,Delhi Capitals,Sunrisers Hyderabad,Abishek Porel,42,22,7,1,190.9090909090909,Sunrisers Hyderabad,15.0,214.28571428571428,13.9,129.19730717311364,10,14.8,13.9,0.0,2.0,1.0,1.6,0.2,High,Low
1426273,2024-04-20,2024,2,Delhi Capitals,Sunrisers Hyderabad,DA Warner,1,3,0,0,33.33333333333333,Sunrisers Hyderabad,8.0,88.88888888888889,35.486486486486484,121.130972524229,185,27.4,35.2,24.2,1.0,0.0,2.8,1.6,Low,Low
1426273,2024-04-20,2024,2,Delhi Capitals,Sunrisers Hyderabad,J Fraser-McGurk,65,18,5,7,361.1111111111112,Sunrisers Hyderabad,20.0,200.0,37.5,178.57142857142856,2,37.5,37.5,0.0,2.0,2.0,2.0,3.5,High,Low
1426273,2024-04-20,2024,2,Delhi Capitals,Sunrisers Hyderabad,Kuldeep Yadav,0,1,0,0,0.0,Sunrisers Hyderabad,1.0,50.0,4.892857142857143,70.03274994208209,28,2.2,2.6,2.0,0.0,0.0,0.0,0.0,Low,Low
1426273,2024-04-20,2024,2,Delhi Capitals,Sunrisers Hyderabad,Lalit Yadav,7,8,1,0,87.5,Sunrisers Hyderabad,3.0,75.0,14.9,95.88140682734505,20,5.8,11.8,0.0,0.0,0.0,0.6,0.0,Low,Low
1426273,2024-04-20,2024,2,Delhi Capitals,Sunrisers Hyderabad,Mukesh Kumar,0,2,0,0,0.0,Sunrisers Hyderabad,6.0,85.71428571428571,2.333333333333333,61.90476190476191,3,2.333333333333333,2.333333333333333,0.0,0.0,0.0,0.0,0.0,Low,Low
1426273,2024-04-20,2024,2,Delhi Capitals,Sunrisers Hyderabad,PP Shaw,16,5,4,0,320.0,Sunrisers Hyderabad,7.0,116.66666666666669,24.36842105263158,122.54544022814063,76,31.6,24.5,26.375,1.0,0.0,4.2,1.0,Low,Low
1426273,2024-04-20,2024,2,Delhi Capitals,Sunrisers Hyderabad,RR Pant,44,35,5,1,125.71428571428572,Sunrisers Hyderabad,16.0,145.45454545454547,28.60747663551402,134.11117296910135,107,32.8,26.9,31.0625,1.0,1.0,2.6,2.2,High,Low
1426273,2024-04-20,2024,2,Delhi Capitals,Sunrisers Hyderabad,T Stubbs,10,11,0,0,90.9090909090909,Sunrisers Hyderabad,15.0,166.66666666666669,21.6,113.5735991451279,10,36.8,21.6,2.0,0.0,1.0,1.8,3.0,Low,Low
1426274,2024-04-21,2024,1,Kolkata Knight Riders,Royal Challengers Bengaluru,A Raghuvanshi,3,4,0,0,75.0,Royal Challengers Bengaluru,30.0,166.66666666666669,28.75,154.16666666666669,4,28.75,28.75,0.0,5.0,0.0,3.25,1.25,Low,Low
1426274,2024-04-21,2024,1,Kolkata Knight Riders,Royal Challengers Bengaluru,AD Russell,27,18,4,0,150.0,Royal Challengers Bengaluru,13.0,130.0,23.94,149.6560941836895,100,27.0,24.7,0.0,2.0,0.0,2.2,2.2,Moderate,Low
1426274,2024-04-21,2024,1,Kolkata Knight Riders,Royal Challengers Bengaluru,PD Salt,48,14,7,3,342.85714285714283,Royal Challengers Bengaluru,10.0,76.92307692307693,27.933333333333334,117.10375898611191,15,29.4,26.8,30.0,1.0,0.0,4.2,1.0,High,Low
1426274,2024-04-21,2024,1,Kolkata Knight Riders,Royal Challengers Bengaluru,RK Singh,24,16,2,1,150.0,Royal Challengers Bengaluru,20.0,222.22222222222223,23.764705882352946,139.22545755507198,34,16.6,28.7,5.0,1.0,2.0,1.0,1.0,Moderate,Low
1426274,2024-04-21,2024,1,Kolkata Knight Riders,Royal Challengers Bengaluru,Ramandeep Singh,24,9,2,2,266.66666666666663,Royal Challengers Bengaluru,1.0,100.0,12.0,143.17708333333334,8,12.8,12.0,0.0,0.0,0.0,0.6,1.0,Moderate,Low
1426274,2024-04-21,2024,1,Kolkata Knight Riders,Royal Challengers Bengaluru,SP Narine,10,15,2,0,66.66666666666666,Royal Challengers Bengaluru,109.0,194.64285714285717,13.489795918367347,121.12253742129904,98,54.8,28.4,47.0,13.0,6.0,5.2,4.0,Low,Low
1426274,2024-04-21,2024,1,Kolkata Knight Riders,Royal Challengers Bengaluru,SS Iyer,50,36,7,1,138.88888888888889,Royal Challengers Bengaluru,11.0,157.14285714285714,27.289719626168225,110.25180297899368,107,28.0,21.7,39.0,1.0,1.0,2.4,1.0,High,Low
1426274,2024-04-21,2024,1,Kolkata Knight Riders,Royal Challengers Bengaluru,VR Iyer,16,8,3,0,200.0,Royal Challengers Bengaluru,8.0,133.33333333333331,25.09756097560976,117.9767764640152,41,14.6,18.1,50.0,1.0,0.0,1.2,0.8,Low,Low
1426274,2024-04-21,2024,2,Royal Challengers Bengaluru,Kolkata Knight Riders,C Green,6,4,0,1,150.0,Kolkata Knight Riders,5.0,83.33333333333334,24.761904761904763,130.65120733816616,21,13.6,24.6,17.0,0.0,0.0,1.2,0.4,Low,Low
1426274,2024-04-21,2024,2,Royal Challengers Bengaluru,Kolkata Knight Riders,F du Plessis,7,7,1,0,100.0,Kolkata Knight Riders,62.0,221.42857142857144,33.57692307692308,120.15789072775554,130,38.8,38.6,28.235294117647054,7.0,4.0,3.2,2.0,Low,Low
1426274,2024-04-21,2024,2,Royal Challengers Bengaluru,Kolkata Knight Riders,KD Karthik,25,18,3,1,138.88888888888889,Kolkata Knight Riders,83.0,237.14285714285717,20.80263157894737,120.09350244039744,228,37.6,26.7,23.166666666666668,5.0,7.0,2.6,3.2,Moderate,Low
1426274,2024-04-21,2024,2,Royal Challengers Bengaluru,Kolkata Knight Riders,KV Sharma,20,7,0,3,285.7142857142857,Kolkata Knight Riders,2.0,100.0,8.88888888888889,110.3598856662582,36,5.4,6.2,8.142857142857142,0.0,0.0,0.6,0.2,Moderate,Low
1426274,2024-04-21,2024,2,Royal Challengers Bengaluru,Kolkata Knight Riders,LH Ferguson,1,1,0,0,100.0,Kolkata Knight Riders,5.0,166.66666666666669,11.166666666666666,125.00534188034187,6,13.2,11.166666666666666,0.0,1.0,0.0,1.2,0.4,Low,Low
1426274,2024-04-21,2024,2,Royal Challengers Bengaluru,Kolkata Knight Riders,MK Lomror,4,3,1,0,133.33333333333331,Kolkata Knight Riders,19.0,172.72727272727272,16.24137931034483,123.62552026012892,29,14.0,16.3,34.0,0.0,2.0,1.0,1.2,Low,Low
1426274,2024-04-21,2024,2,Royal Challengers Bengaluru,Kolkata Knight Riders,RM Patidar,52,23,3,5,226.08695652173915,Kolkata Knight Riders,9.0,180.0,30.176470588235293,122.45215651416363,17,21.8,35.3,2.0,0.0,1.0,1.2,1.6,High,Low
1426274,2024-04-21,2024,2,Royal Challengers Bengaluru,Kolkata Knight Riders,SS Prabhudessai,24,18,3,0,133.33333333333331,Kolkata Knight Riders,6.0,85.71428571428571,11.333333333333334,100.77922077922078,9,7.4,11.333333333333334,10.0,0.0,0.0,0.2,0.4,Moderate,Low
1426274,2024-04-21,2024,2,Royal Challengers Bengaluru,Kolkata Knight Riders,V Kohli,18,7,1,2,257.1428571428572,Kolkata Knight Riders,42.0,210.0,32.075630252100844,117.07942146207016,238,52.6,58.0,31.466666666666665,6.0,2.0,4.8,2.2,Low,Low
1426274,2024-04-21,2024,2,Royal Challengers Bengaluru,Kolkata Knight Riders,WG Jacks,55,32,4,5,171.875,Kolkata Knight Riders,7.0,175.0,7.5,154.16666666666666,2,7.5,7.5,0.0,1.0,0.0,1.5,0.0,High,Low
1426275,2024-04-21,2024,1,Punjab Kings,Gujarat Titans,Ashutosh Sharma,3,8,0,0,37.5,Gujarat Titans,61.0,234.6153846153846,39.0,210.90874811463047,4,39.0,39.0,31.0,2.0,7.0,2.25,3.25,Low,Low
1426275,2024-04-21,2024,1,Punjab Kings,Gujarat Titans,HV Patel,0,1,0,0,0.0,Gujarat Titans,1.0,25.0,6.970588235294118,108.71102369372264,34,3.8,5.0,0.0,0.0,0.0,0.4,0.2,Low,Low
1426275,2024-04-21,2024,1,Punjab Kings,Gujarat Titans,Harpreet Brar,29,12,4,1,241.66666666666663,Gujarat Titans,21.0,105.0,8.5,113.5943803358664,22,5.8,6.6,4.5,2.0,1.0,0.4,0.2,Moderate,Low
1426275,2024-04-21,2024,1,Punjab Kings,Gujarat Titans,Harpreet Singh,14,19,0,0,73.68421052631578,Gujarat Titans,13.0,86.66666666666667,15.571428571428571,107.34057365636312,7,19.0,15.571428571428571,0.0,2.0,0.0,2.0,0.6,Low,Low
1426275,2024-04-21,2024,1,Punjab Kings,Gujarat Titans,JM Sharma,13,12,0,1,108.33333333333331,Gujarat Titans,9.0,100.0,21.225806451612904,150.8204278915235,31,15.8,16.4,21.33333333333333,1.0,0.0,0.8,1.0,Low,Low
1426275,2024-04-21,2024,1,Punjab Kings,Gujarat Titans,K Rabada,1,1,0,0,100.0,Gujarat Titans,8.0,266.66666666666663,7.461538461538462,106.62404902789518,26,2.8,5.6,1.0,0.0,1.0,0.0,0.4,Low,Low
1426275,2024-04-21,2024,1,Punjab Kings,Gujarat Titans,LS Livingstone,6,9,1,0,66.66666666666666,Gujarat Titans,1.0,50.0,25.216216216216218,139.01328991482444,37,21.0,30.9,47.0,0.0,0.0,1.4,1.4,Low,Low
1426275,2024-04-21,2024,1,Punjab Kings,Gujarat Titans,P Simran Singh,35,20,3,3,175.0,Gujarat Titans,0.0,0.0,20.03703703703704,115.47612403649556,27,13.6,24.6,17.5,0.0,0.0,1.6,0.6,Moderate,Low
1426275,2024-04-21,2024,1,Punjab Kings,Gujarat Titans,RR Rossouw,9,7,2,0,128.57142857142858,Gujarat Titans,1.0,33.33333333333333,17.533333333333335,95.27132722784896,15,24.6,21.0,4.0,0.0,0.0,1.8,1.4,Low,Low
1426275,2024-04-21,2024,1,Punjab Kings,Gujarat Titans,SM Curran,20,19,2,0,105.26315789473684,Gujarat Titans,6.0,85.71428571428571,17.325581395348838,127.35942811128504,43,9.2,21.2,13.5,1.0,0.0,0.6,0.4,Moderate,Low
1426275,2024-04-21,2024,1,Punjab Kings,Gujarat Titans,Shashank Singh,8,12,0,0,66.66666666666666,Gujarat Titans,41.0,164.0,21.33333333333333,160.0373335157818,12,33.2,21.6,43.0,2.0,3.0,3.2,1.6,Low,Low
1426275,2024-04-21,2024,2,Gujarat Titans,Punjab Kings,Azmatullah Omarzai,13,10,0,1,130.0,Punjab Kings,11.0,110.0,14.0,132.27272727272728,2,14.0,14.0,0.0,1.0,0.0,1.0,0.5,Low,Low
1426275,2024-04-21,2024,2,Gujarat Titans,Punjab Kings,B Sai Sudharsan,31,34,3,0,91.17647058823528,Punjab Kings,12.0,150.0,37.25,134.41944697470694,20,31.2,42.4,38.0,2.0,0.0,3.8,0.4,Moderate,Low
1426275,2024-04-21,2024,2,Gujarat Titans,Punjab Kings,DA Miller,4,6,0,0,66.66666666666666,Punjab Kings,2.0,33.33333333333333,23.47058823529412,124.0020547419366,119,16.6,15.8,11.333333333333334,0.0,0.0,1.6,0.4,Low,Low
1426275,2024-04-21,2024,2,Gujarat Titans,Punjab Kings,M Shahrukh Khan,8,4,0,1,200.0,Punjab Kings,0.0,0.0,13.75,135.43322220192425,32,12.6,12.2,0.0,0.0,0.0,1.0,0.8,Low,Low
1426275,2024-04-21,2024,2,Gujarat Titans,Punjab Kings,R Tewatia,36,18,7,0,200.0,Punjab Kings,10.0,71.42857142857143,15.129032258064516,130.4585352871602,62,18.2,13.7,9.333333333333334,1.0,0.0,2.0,0.6,Moderate,Low
1426275,2024-04-21,2024,2,Gujarat Titans,Punjab Kings,Rashid Khan,3,3,0,0,100.0,Punjab Kings,31.0,129.16666666666669,9.145454545454545,119.43322712640897,55,12.0,17.4,1.5,2.0,1.0,1.2,0.2,Low,Low
1426275,2024-04-21,2024,2,Gujarat Titans,Punjab Kings,Shubman Gill,35,29,5,0,120.6896551724138,Punjab Kings,8.0,133.33333333333331,32.47872340425532,122.35576325291214,94,44.8,47.3,46.16666666666666,2.0,0.0,3.6,1.4,Moderate,Low
1426275,2024-04-21,2024,2,Gujarat Titans,Punjab Kings,WP Saha,13,11,1,0,118.1818181818182,Punjab Kings,2.0,20.0,20.690647482014388,115.89536824797548,139,15.6,17.4,23.25,0.0,0.0,2.2,0.4,Low,Low
1426276,2024-04-22,2024,1,Mumbai Indians,Rajasthan Royals,G Coetzee,0,1,0,0,0.0,Rajasthan Royals,4.0,44.44444444444444,2.5,38.888888888888886,2,2.5,2.5,4.0,0.0,0.0,0.0,0.0,Low,Low
1426276,2024-04-22,2024,1,Mumbai Indians,Rajasthan Royals,HH Pandya,10,10,1,0,100.0,Rajasthan Royals,10.0,166.66666666666669,19.672,143.28731424191182,125,21.2,19.8,34.46153846153846,0.0,1.0,1.8,1.0,Low,Low
1426276,2024-04-22,2024,1,Mumbai Indians,Rajasthan Royals,Ishan Kishan,0,3,0,0,0.0,Rajasthan Royals,8.0,100.0,27.347826086956523,118.57512425482764,92,31.6,28.0,28.6,1.0,0.0,3.4,1.8,Low,Low
1426276,2024-04-22,2024,1,Mumbai Indians,Rajasthan Royals,JJ Bumrah,2,1,0,0,200.0,Rajasthan Royals,8.0,88.88888888888889,2.708333333333333,67.54208754208754,24,1.8,2.1,4.0,1.0,0.0,0.2,0.0,Low,Low
1426276,2024-04-22,2024,1,Mumbai Indians,Rajasthan Royals,Mohammad Nabi,23,17,2,1,135.29411764705884,Rajasthan Royals,0.0,0.0,11.176470588235292,149.26300823359648,17,7.6,11.0,17.0,0.0,0.0,0.6,0.4,Moderate,Low
1426276,2024-04-22,2024,1,Mumbai Indians,Rajasthan Royals,N Wadhera,49,24,3,4,204.16666666666663,Rajasthan Royals,4.0,133.33333333333331,24.1,140.4366319954555,10,22.0,24.1,0.0,1.0,0.0,2.0,1.2,High,Low
1426276,2024-04-22,2024,1,Mumbai Indians,Rajasthan Royals,PP Chawla,1,1,0,0,100.0,Rajasthan Royals,3.0,50.0,7.463414634146342,105.43879375153443,82,4.6,5.0,6.461538461538462,0.0,0.0,0.2,0.2,Low,Low
1426276,2024-04-22,2024,1,Mumbai Indians,Rajasthan Royals,RG Sharma,6,5,1,0,120.0,Rajasthan Royals,36.0,144.0,26.571428571428573,112.62662320488536,245,45.6,37.2,20.03703703703704,2.0,3.0,4.4,2.8,Low,Low
1426276,2024-04-22,2024,1,Mumbai Indians,Rajasthan Royals,SA Yadav,10,8,2,0,125.0,Rajasthan Royals,78.0,147.16981132075472,26.1937984496124,133.77734302477938,129,38.2,44.2,32.42857142857143,7.0,3.0,3.8,1.8,Low,Low
1426276,2024-04-22,2024,1,Mumbai Indians,Rajasthan Royals,TH David,3,5,0,0,60.0,Rajasthan Royals,14.0,200.0,18.666666666666668,151.79895104895104,30,26.2,19.4,20.75,2.0,1.0,1.4,2.0,Low,Low
1426276,2024-04-22,2024,1,Mumbai Indians,Rajasthan Royals,Tilak Varma,65,45,5,3,144.44444444444443,Rajasthan Royals,34.0,188.88888888888889,29.625,141.24031710645068,32,23.8,30.3,39.25,2.0,2.0,2.2,0.8,High,Low
1426276,2024-04-22,2024,2,Rajasthan Royals,Mumbai Indians,JC Buttler,35,25,6,0,140.0,Mumbai Indians,107.0,181.35593220338984,34.05882352941177,128.46810518211808,102,47.8,34.5,55.333333333333336,9.0,6.0,4.0,2.0,Moderate,Low
1426276,2024-04-22,2024,2,Rajasthan Royals,Mumbai Indians,SV Samson,38,27,2,2,140.74074074074073,Mumbai Indians,12.0,150.0,27.03896103896104,118.0952061224912,154,35.8,33.0,25.59090909090909,2.0,0.0,4.2,1.0,Moderate,Low
1426276,2024-04-22,2024,2,Rajasthan Royals,Mumbai Indians,YBK Jaiswal,104,60,9,7,173.33333333333334,Mumbai Indians,19.0,211.11111111111111,29.38636363636364,124.63327709230552,44,18.4,26.9,29.83333333333333,3.0,1.0,2.8,0.2,High,Low
1426277,2024-04-23,2024,1,Chennai Super Kings,Lucknow Super Giants,AM Rahane,1,3,0,0,33.33333333333333,Lucknow Super Giants,36.0,150.0,27.63636363636364,105.80684105288272,165,26.6,24.1,36.0,5.0,1.0,2.8,0.8,Low,Low
1426277,2024-04-23,2024,1,Chennai Super Kings,Lucknow Super Giants,DJ Mitchell,11,10,1,0,110.0,Lucknow Super Giants,17.0,121.42857142857142,21.0,111.9809320796163,8,22.6,21.0,0.0,1.0,0.0,1.2,0.6,Low,Low
1426277,2024-04-23,2024,1,Chennai Super Kings,Lucknow Super Giants,MS Dhoni,4,1,1,0,400.0,Lucknow Super Giants,28.0,311.11111111111114,23.283783783783782,131.0500542724581,222,17.4,11.5,18.666666666666668,3.0,2.0,1.4,1.6,Low,Low
1426277,2024-04-23,2024,1,Chennai Super Kings,Lucknow Super Giants,RA Jadeja,16,19,2,0,84.21052631578947,Lucknow Super Giants,57.0,142.5,16.2816091954023,132.6759306724026,174,28.2,23.9,25.666666666666668,5.0,1.0,2.4,0.4,Low,Low
1426277,2024-04-23,2024,1,Chennai Super Kings,Lucknow Super Giants,RD Gaikwad,108,60,12,3,180.0,Lucknow Super Giants,17.0,130.76923076923077,35.13793103448276,112.18695668446384,58,36.0,40.6,25.0,1.0,0.0,3.6,1.2,High,Low
1426277,2024-04-23,2024,1,Chennai Super Kings,Lucknow Super Giants,S Dube,66,27,3,7,244.44444444444449,Lucknow Super Giants,3.0,37.5,25.01851851851852,127.34430242854684,54,32.0,30.0,26.33333333333333,0.0,0.0,2.8,1.8,High,Low
1426277,2024-04-23,2024,2,Lucknow Super Giants,Chennai Super Kings,D Padikkal,13,18,0,0,72.22222222222221,Chennai Super Kings,3.0,50.0,24.93548387096774,105.12414347108373,62,5.0,12.1,32.42857142857143,0.0,0.0,0.6,0.0,Low,Low
1426277,2024-04-23,2024,2,Lucknow Super Giants,Chennai Super Kings,DJ Hooda,17,6,2,1,283.33333333333337,Chennai Super Kings,8.0,80.0,15.0,117.03655007881916,91,12.8,9.1,15.555555555555555,1.0,0.0,0.6,0.6,Low,Low
1426277,2024-04-23,2024,2,Lucknow Super Giants,Chennai Super Kings,KL Rahul,16,14,1,1,114.28571428571428,Chennai Super Kings,82.0,154.7169811320755,38.07692307692308,122.13798042498962,117,42.6,36.6,41.30769230769231,9.0,3.0,4.0,1.6,Low,Low
1426277,2024-04-23,2024,2,Lucknow Super Giants,Chennai Super Kings,MP Stoinis,124,61,13,6,203.27868852459017,Chennai Super Kings,8.0,114.28571428571428,19.85185185185185,119.33233901331036,81,21.6,25.9,13.142857142857142,1.0,0.0,1.8,0.8,High,Low
1426277,2024-04-23,2024,2,Lucknow Super Giants,Chennai Super Kings,N Pooran,34,15,3,2,226.66666666666663,Chennai Super Kings,23.0,209.0909090909091,22.62686567164179,135.76919621117878,67,28.0,31.2,23.88888888888889,3.0,1.0,1.2,2.6,Moderate,Low
1426277,2024-04-23,2024,2,Lucknow Super Giants,Chennai Super Kings,Q de Kock,0,3,0,0,0.0,Chennai Super Kings,54.0,125.5813953488372,30.173076923076923,117.46339452020976,104,34.0,30.1,27.785714285714285,5.0,1.0,3.8,1.4,Low,Low
1426278,2024-04-24,2024,1,Delhi Capitals,Gujarat Titans,AR Patel,66,43,5,4,153.48837209302326,Gujarat Titans,6.0,75.0,13.91509433962264,125.36223263738044,106,7.2,10.2,23.666666666666668,0.0,0.0,0.4,0.0,High,Low
1426278,2024-04-24,2024,1,Delhi Capitals,Gujarat Titans,J Fraser-McGurk,23,14,2,2,164.28571428571428,Gujarat Titans,65.0,361.1111111111112,46.66666666666666,239.41798941798945,3,46.66666666666666,46.66666666666666,20.0,5.0,7.0,3.0,4.666666666666667,Moderate,Low
1426278,2024-04-24,2024,1,Delhi Capitals,Gujarat Titans,PP Shaw,11,7,2,0,157.14285714285714,Gujarat Titans,16.0,320.0,24.25974025974026,125.10978516024272,77,26.2,24.6,8.0,4.0,0.0,4.2,0.6,Low,Low
1426278,2024-04-24,2024,1,Delhi Capitals,Gujarat Titans,RR Pant,88,43,5,8,204.6511627906977,Gujarat Titans,44.0,125.71428571428572,28.75,134.03342401303829,108,31.4,30.0,29.5,5.0,1.0,2.8,1.8,High,Low
1426278,2024-04-24,2024,1,Delhi Capitals,Gujarat Titans,SD Hope,5,6,1,0,83.33333333333334,Gujarat Titans,19.0,190.0,21.0,144.0,3,21.0,21.0,19.0,1.0,2.0,1.3333333333333333,1.3333333333333333,Low,Low
1426278,2024-04-24,2024,1,Delhi Capitals,Gujarat Titans,T Stubbs,26,7,3,2,371.4285714285714,Gujarat Titans,10.0,90.9090909090909,20.545454545454547,111.51318930548818,11,30.0,22.6,0.0,0.0,0.0,1.4,2.4,Moderate,Low
1426278,2024-04-24,2024,2,Gujarat Titans,Delhi Capitals,Azmatullah Omarzai,1,2,0,0,50.0,Delhi Capitals,13.0,130.0,13.666666666666666,131.51515151515153,3,13.666666666666666,13.666666666666666,0.0,0.0,1.0,0.6666666666666666,0.6666666666666666,Low,Low
1426278,2024-04-24,2024,2,Gujarat Titans,Delhi Capitals,B Sai Sudharsan,65,39,7,2,166.66666666666669,Delhi Capitals,31.0,91.17647058823528,36.95238095238095,132.3602576229702,21,28.4,40.8,37.0,3.0,0.0,3.6,0.2,High,Low
1426278,2024-04-24,2024,2,Gujarat Titans,Delhi Capitals,DA Miller,55,23,6,3,239.1304347826087,Delhi Capitals,4.0,66.66666666666666,23.308333333333334,123.52425984130936,120,16.6,16.2,21.5,0.0,0.0,1.6,0.4,High,Low
1426278,2024-04-24,2024,2,Gujarat Titans,Delhi Capitals,M Shahrukh Khan,8,5,0,1,160.0,Delhi Capitals,8.0,200.0,13.575757575757576,137.38979122610837,33,13.8,10.7,6.5,0.0,1.0,1.0,1.0,Low,Low
1426278,2024-04-24,2024,2,Gujarat Titans,Delhi Capitals,R Sai Kishore,13,6,0,2,216.66666666666663,Delhi Capitals,0.0,0.0,0.0,0.0,0,0.0,0.0,0.0,0.0,0.0,0.0,0.0,Low,Low
1426278,2024-04-24,2024,2,Gujarat Titans,Delhi Capitals,R Tewatia,4,5,0,0,80.0,Delhi Capitals,36.0,200.0,15.46031746031746,131.5623680603799,63,24.2,15.9,17.714285714285715,7.0,0.0,3.2,0.6,Low,Low
1426278,2024-04-24,2024,2,Gujarat Titans,Delhi Capitals,Rashid Khan,21,10,3,1,210.0,Delhi Capitals,3.0,100.0,9.035714285714286,119.08620521343737,56,11.8,9.8,8.375,0.0,0.0,1.2,0.2,Moderate,Low
1426278,2024-04-24,2024,2,Gujarat Titans,Delhi Capitals,Shubman Gill,6,5,1,0,120.0,Delhi Capitals,35.0,120.6896551724138,32.50526315789474,122.33822527311742,95,44.6,46.6,30.63636363636364,5.0,0.0,4.2,1.2,Low,Low
1426278,2024-04-24,2024,2,Gujarat Titans,Delhi Capitals,WP Saha,39,25,5,1,156.0,Delhi Capitals,13.0,118.1818181818182,20.63571428571429,115.9117000332172,140,14.4,18.7,21.5,1.0,0.0,1.6,0.4,Moderate,Low
1426279,2024-04-25,2024,1,Royal Challengers Bengaluru,Sunrisers Hyderabad,C Green,37,20,5,0,185.0,Sunrisers Hyderabad,6.0,150.0,23.90909090909091,131.53069791370405,22,11.2,24.9,82.0,0.0,1.0,1.0,0.6,Moderate,Low
1426279,2024-04-25,2024,1,Royal Challengers Bengaluru,Sunrisers Hyderabad,F du Plessis,25,12,3,1,208.33333333333331,Sunrisers Hyderabad,7.0,100.0,33.37404580152672,120.0040136992994,131,38.6,33.8,32.11764705882353,1.0,0.0,3.4,1.8,Moderate,Low
1426279,2024-04-25,2024,1,Royal Challengers Bengaluru,Sunrisers Hyderabad,KD Karthik,11,6,2,0,183.3333333333333,Sunrisers Hyderabad,25.0,138.88888888888889,20.820960698689955,120.17557836375327,229,37.0,28.1,17.166666666666668,3.0,1.0,2.6,3.0,Low,Low
1426279,2024-04-25,2024,1,Royal Challengers Bengaluru,Sunrisers Hyderabad,MK Lomror,7,4,1,0,175.0,Sunrisers Hyderabad,4.0,133.33333333333331,15.833333333333334,123.94911402923572,30,14.6,13.3,19.666666666666668,1.0,0.0,1.2,1.2,Low,Low
1426279,2024-04-25,2024,1,Royal Challengers Bengaluru,Sunrisers Hyderabad,RM Patidar,50,20,2,5,250.0,Sunrisers Hyderabad,52.0,226.08695652173915,31.38888888888889,128.2096454034734,18,28.6,35.7,28.5,3.0,5.0,1.6,2.4,High,Low
1426279,2024-04-25,2024,1,Royal Challengers Bengaluru,Sunrisers Hyderabad,Swapnil Singh,12,6,1,1,200.0,Sunrisers Hyderabad,2.0,50.0,3.5,52.20588235294117,4,3.5,3.5,0.0,0.0,0.0,0.0,0.0,Low,Low
1426279,2024-04-25,2024,1,Royal Challengers Bengaluru,Sunrisers Hyderabad,V Kohli,51,43,4,1,118.6046511627907,Sunrisers Hyderabad,18.0,257.1428571428572,32.01673640167364,117.66546094190608,239,39.6,58.0,31.130434782608692,1.0,2.0,4.2,1.8,High,Low
1426279,2024-04-25,2024,1,Royal Challengers Bengaluru,Sunrisers Hyderabad,WG Jacks,6,9,0,0,66.66666666666666,Sunrisers Hyderabad,55.0,171.875,23.33333333333333,160.06944444444443,3,23.33333333333333,23.33333333333333,7.0,4.0,5.0,2.333333333333333,1.6666666666666667,Low,Low
1426279,2024-04-25,2024,2,Sunrisers Hyderabad,Royal Challengers Bengaluru,AK Markram,7,8,1,0,87.5,Royal Challengers Bengaluru,1.0,33.33333333333333,24.605263157894736,120.11210176973536,38,20.0,20.1,32.0,0.0,0.0,1.2,0.6,Low,Low
1426279,2024-04-25,2024,2,Sunrisers Hyderabad,Royal Challengers Bengaluru,Abdul Samad,10,6,0,1,166.66666666666669,Royal Challengers Bengaluru,13.0,162.5,15.636363636363637,139.46692536726175,33,23.8,22.6,37.0,1.0,1.0,2.8,1.2,Low,Low
1426279,2024-04-25,2024,2,Sunrisers Hyderabad,Royal Challengers Bengaluru,Abhishek Sharma,31,13,3,2,238.46153846153845,Royal Challengers Bengaluru,46.0,383.33333333333337,22.115384615384617,133.0132225737698,52,32.4,28.0,34.0,2.0,6.0,2.2,3.0,Moderate,Low
1426279,2024-04-25,2024,2,Sunrisers Hyderabad,Royal Challengers Bengaluru,B Kumar,13,13,3,0,100.0,Royal Challengers Bengaluru,6.0,75.0,4.737704918032787,87.84680255991732,61,8.4,6.8,0.0,0.0,0.0,0.8,0.0,Low,Low
1426279,2024-04-25,2024,2,Sunrisers Hyderabad,Royal Challengers Bengaluru,H Klaasen,7,2,0,1,350.0,Royal Challengers Bengaluru,15.0,187.5,32.583333333333336,158.9263559755686,24,25.0,45.4,67.0,0.0,2.0,1.0,2.2,Low,Low
1426279,2024-04-25,2024,2,Sunrisers Hyderabad,Royal Challengers Bengaluru,JD Unadkat,8,10,1,0,80.0,Royal Challengers Bengaluru,6.0,600.0,7.782608695652174,120.65262671400778,23,9.8,11.5,0.0,0.0,1.0,0.8,0.6,Low,Low
1426279,2024-04-25,2024,2,Sunrisers Hyderabad,Royal Challengers Bengaluru,Nithish Kumar Reddy,13,13,0,1,100.0,Royal Challengers Bengaluru,37.0,137.03703703703704,38.333333333333336,161.67000333667,3,38.333333333333336,38.333333333333336,0.0,2.0,2.0,2.333333333333333,2.6666666666666665,Low,Low
1426279,2024-04-25,2024,2,Sunrisers Hyderabad,Royal Challengers Bengaluru,PJ Cummins,31,15,1,3,206.66666666666669,Royal Challengers Bengaluru,1.0,100.0,11.666666666666666,121.1167447130014,33,1.2,8.0,0.0,0.0,0.0,0.0,0.0,Moderate,Low
1426279,2024-04-25,2024,2,Sunrisers Hyderabad,Royal Challengers Bengaluru,Shahbaz Ahmed,40,37,1,1,108.10810810810813,Royal Challengers Bengaluru,59.0,203.44827586206893,15.0,118.81578684361504,30,25.8,17.0,0.0,2.0,5.0,1.0,2.0,High,Low
1426279,2024-04-25,2024,2,Sunrisers Hyderabad,Royal Challengers Bengaluru,TM Head,1,3,0,0,33.33333333333333,Royal Challengers Bengaluru,89.0,278.125,33.0625,142.49171261108938,16,52.4,41.5,102.0,11.0,6.0,6.0,3.0,Low,Low
1426280,2024-04-26,2024,1,Kolkata Knight Riders,Punjab Kings,AD Russell,24,12,2,2,200.0,Punjab Kings,27.0,150.0,23.97029702970297,149.6594991917718,101,31.0,24.0,39.25,4.0,0.0,3.0,2.0,Moderate,Low
1426280,2024-04-26,2024,1,Kolkata Knight Riders,Punjab Kings,PD Salt,75,36,6,6,208.33333333333331,Punjab Kings,48.0,342.85714285714283,29.1875,131.21334547805137,16,33.0,29.9,23.5,7.0,3.0,5.2,1.2,High,Low
1426280,2024-04-26,2024,1,Kolkata Knight Riders,Punjab Kings,RK Singh,5,4,1,0,125.0,Punjab Kings,24.0,150.0,23.77142857142857,139.53330162492708,35,16.8,26.5,12.5,2.0,1.0,0.8,1.2,Low,Low
1426280,2024-04-26,2024,1,Kolkata Knight Riders,Punjab Kings,Ramandeep Singh,6,3,0,1,200.0,Punjab Kings,24.0,266.66666666666663,13.333333333333334,156.89814814814815,9,15.0,13.333333333333334,0.0,2.0,2.0,0.6,1.4,Low,Low
1426280,2024-04-26,2024,1,Kolkata Knight Riders,Punjab Kings,SP Narine,71,32,9,4,221.875,Punjab Kings,10.0,66.66666666666666,13.454545454545457,120.5724781207472,99,47.4,29.4,3.333333333333333,2.0,0.0,5.2,3.0,High,Low
1426280,2024-04-26,2024,1,Kolkata Knight Riders,Punjab Kings,SS Iyer,28,10,1,3,280.0,Punjab Kings,50.0,138.88888888888889,27.5,110.51696118186308,108,30.2,26.1,26.0,7.0,1.0,3.4,0.8,Moderate,Low
1426280,2024-04-26,2024,1,Kolkata Knight Riders,Punjab Kings,VR Iyer,39,23,3,2,169.56521739130434,Punjab Kings,16.0,200.0,24.88095238095238,119.92971035772912,42,16.4,19.0,28.75,3.0,0.0,1.6,0.8,Moderate,Low
1426280,2024-04-26,2024,2,Punjab Kings,Kolkata Knight Riders,JM Bairstow,108,48,8,9,225.0,Kolkata Knight Riders,15.0,78.94736842105263,30.822222222222223,129.19984343745512,45,17.4,26.9,43.0,1.0,0.0,2.0,0.6,High,Low
1426280,2024-04-26,2024,2,Punjab Kings,Kolkata Knight Riders,P Simran Singh,54,20,4,5,270.0,Kolkata Knight Riders,35.0,175.0,20.571428571428573,117.60197674947786,28,16.8,17.8,13.0,3.0,3.0,2.0,0.8,High,Low
1426280,2024-04-26,2024,2,Punjab Kings,Kolkata Knight Riders,RR Rossouw,26,16,1,2,162.5,Kolkata Knight Riders,9.0,128.57142857142858,17.0,97.3525835618227,16,19.4,18.9,0.0,2.0,0.0,1.8,1.2,Moderate,Low
1426280,2024-04-26,2024,2,Punjab Kings,Kolkata Knight Riders,Shashank Singh,68,28,2,8,242.85714285714283,Kolkata Knight Riders,8.0,66.66666666666666,20.307692307692307,152.85497452738832,13,33.0,21.4,11.0,0.0,0.0,3.0,1.6,High,Low
1426281,2024-04-27,2024,1,Delhi Capitals,Mumbai Indians,AR Patel,11,6,0,1,183.3333333333333,Mumbai Indians,66.0,153.48837209302326,14.401869158878505,125.6250937537883,107,17.4,16.0,16.3125,5.0,4.0,1.2,0.8,Low,Low
1426281,2024-04-27,2024,1,Delhi Capitals,Mumbai Indians,Abishek Porel,36,27,3,1,133.33333333333331,Mumbai Indians,42.0,190.9090909090909,16.454545454545453,134.8074693309297,11,21.4,16.1,21.0,7.0,1.0,3.0,0.4,Moderate,Low
1426281,2024-04-27,2024,1,Delhi Capitals,Mumbai Indians,J Fraser-McGurk,84,26,11,6,323.0769230769231,Mumbai Indians,23.0,164.28571428571428,40.75,220.63492063492063,4,40.75,40.75,0.0,2.0,2.0,2.75,4.0,High,Low
1426281,2024-04-27,2024,1,Delhi Capitals,Mumbai Indians,RR Pant,29,19,2,2,152.63157894736844,Mumbai Indians,88.0,204.6511627906977,29.29357798165137,134.68129317613605,109,38.0,38.1,24.866666666666667,5.0,8.0,3.0,2.4,Moderate,Low
1426281,2024-04-27,2024,1,Delhi Capitals,Mumbai Indians,SD Hope,41,17,0,5,241.17647058823528,Mumbai Indians,5.0,83.33333333333334,17.0,128.83333333333334,4,17.0,17.0,0.0,1.0,0.0,1.25,1.0,High,Low
1426281,2024-04-27,2024,1,Delhi Capitals,Mumbai Indians,T Stubbs,48,25,6,2,192.0,Mumbai Indians,26.0,371.4285714285714,21.0,133.17280448241178,12,35.2,25.0,71.0,3.0,2.0,2.0,2.8,High,Low
1426281,2024-04-27,2024,2,Mumbai Indians,Delhi Capitals,HH Pandya,46,24,4,3,191.66666666666669,Delhi Capitals,10.0,100.0,19.59523809523809,142.94376412888076,126,16.4,20.0,20.272727272727277,1.0,0.0,0.8,1.0,High,Low
1426281,2024-04-27,2024,2,Mumbai Indians,Delhi Capitals,Ishan Kishan,20,14,4,0,142.85714285714286,Delhi Capitals,0.0,0.0,27.053763440860216,117.3001229187542,93,28.4,22.1,46.22222222222222,0.0,0.0,3.0,1.6,Moderate,Low
1426281,2024-04-27,2024,2,Mumbai Indians,Delhi Capitals,L Wood,9,3,0,1,300.0,Delhi Capitals,0.0,0.0,0.0,0.0,0,0.0,0.0,0.0,0.0,0.0,0.0,0.0,Low,Low
1426281,2024-04-27,2024,2,Mumbai Indians,Delhi Capitals,Mohammad Nabi,7,4,0,1,175.0,Delhi Capitals,23.0,135.29411764705884,11.833333333333334,148.4869587565666,18,9.4,10.2,18.5,2.0,1.0,0.6,0.6,Low,Low
1426281,2024-04-27,2024,2,Mumbai Indians,Delhi Capitals,N Wadhera,4,2,1,0,200.0,Delhi Capitals,49.0,204.16666666666663,26.363636363636363,146.23027151102016,11,21.4,26.9,0.0,3.0,4.0,1.8,1.4,Low,Low
1426281,2024-04-27,2024,2,Mumbai Indians,Delhi Capitals,PP Chawla,10,4,1,1,250.0,Delhi Capitals,1.0,100.0,7.385542168674699,105.3732661159738,83,1.2,3.7,13.0,0.0,0.0,0.0,0.0,Low,Low
1426281,2024-04-27,2024,2,Mumbai Indians,Delhi Capitals,RG Sharma,8,7,1,0,114.28571428571428,Delhi Capitals,6.0,120.0,26.48780487804878,112.65659628128824,246,46.8,32.2,29.545454545454547,1.0,0.0,4.6,2.8,Low,Low
1426281,2024-04-27,2024,2,Mumbai Indians,Delhi Capitals,SA Yadav,26,13,3,2,200.0,Delhi Capitals,10.0,125.0,26.06923076923077,133.70982500151186,130,28.0,36.9,22.0,2.0,0.0,2.8,1.4,Moderate,Low
1426281,2024-04-27,2024,2,Mumbai Indians,Delhi Capitals,TH David,37,17,2,3,217.6470588235294,Delhi Capitals,3.0,60.0,18.161290322580644,148.837694563501,31,18.4,19.2,26.0,0.0,0.0,1.0,1.4,Moderate,Low
1426281,2024-04-27,2024,2,Mumbai Indians,Delhi Capitals,Tilak Varma,63,32,4,4,196.875,Delhi Capitals,65.0,144.44444444444443,30.696969696969692,141.33741187426867,33,30.4,34.2,22.5,5.0,3.0,3.2,1.0,High,Low
1426282,2024-04-27,2024,1,Lucknow Super Giants,Rajasthan Royals,A Badoni,18,13,1,0,138.46153846153845,Rajasthan Royals,29.0,107.40740740740742,17.655172413793103,117.70873133454036,29,22.4,21.9,1.75,2.0,1.0,2.0,0.4,Low,Low
1426282,2024-04-27,2024,1,Lucknow Super Giants,Rajasthan Royals,DJ Hooda,50,31,7,0,161.29032258064515,Rajasthan Royals,17.0,283.33333333333337,15.021739130434783,118.84412380984648,92,15.2,10.6,22.125,2.0,1.0,1.0,0.8,High,Low
1426282,2024-04-27,2024,1,Lucknow Super Giants,Rajasthan Royals,KH Pandya,15,11,1,0,136.36363636363637,Rajasthan Royals,7.0,87.5,15.564356435643564,122.67828852091225,101,11.6,12.4,12.0,0.0,0.0,0.8,0.4,Low,Low
1426282,2024-04-27,2024,1,Lucknow Super Giants,Rajasthan Royals,KL Rahul,76,47,8,2,161.70212765957444,Rajasthan Royals,16.0,114.28571428571428,37.889830508474574,122.07143579669066,118,41.8,31.4,42.46666666666667,1.0,1.0,4.2,1.4,High,Low
1426282,2024-04-27,2024,1,Lucknow Super Giants,Rajasthan Royals,MP Stoinis,0,4,0,0,0.0,Rajasthan Royals,124.0,203.27868852459017,21.121951219512194,120.35607498296014,82,41.6,29.4,19.181818181818183,13.0,6.0,4.2,1.6,Low,Low
1426282,2024-04-27,2024,1,Lucknow Super Giants,Rajasthan Royals,N Pooran,11,11,1,0,100.0,Rajasthan Royals,34.0,226.66666666666663,22.794117647058822,137.10592371787712,68,26.8,33.8,21.0,3.0,2.0,1.6,2.0,Low,Low
1426282,2024-04-27,2024,1,Lucknow Super Giants,Rajasthan Royals,Q de Kock,8,3,2,0,266.66666666666663,Rajasthan Royals,0.0,0.0,29.88571428571429,116.34469552477918,105,17.8,27.2,36.3,0.0,0.0,2.2,0.4,Low,Low
1426282,2024-04-27,2024,2,Rajasthan Royals,Lucknow Super Giants,Dhruv Jurel,52,34,5,2,152.94117647058823,Lucknow Super Giants,2.0,50.0,12.625,132.11444805194805,16,10.0,10.6,10.0,0.0,0.0,0.8,0.2,High,Low
1426282,2024-04-27,2024,2,Rajasthan Royals,Lucknow Super Giants,JC Buttler,34,18,4,1,188.88888888888889,Lucknow Super Giants,35.0,140.0,34.067961165048544,128.58006532598102,103,52.6,28.5,16.5,6.0,0.0,5.2,2.0,Moderate,Low
1426282,2024-04-27,2024,2,Rajasthan Royals,Lucknow Super Giants,R Parag,14,11,0,1,127.27272727272728,Lucknow Super Giants,34.0,242.85714285714283,18.0,116.4345335498274,51,38.2,35.7,21.25,4.0,2.0,2.8,2.2,Low,Low
1426282,2024-04-27,2024,2,Rajasthan Royals,Lucknow Super Giants,SV Samson,71,33,7,4,215.15151515151516,Lucknow Super Giants,38.0,140.74074074074073,27.10967741935484,118.24130634583474,155,41.0,32.0,32.25,2.0,2.0,4.0,1.4,High,Low
1426282,2024-04-27,2024,2,Rajasthan Royals,Lucknow Super Giants,YBK Jaiswal,24,18,3,1,133.33333333333331,Lucknow Super Giants,104.0,173.33333333333334,31.044444444444444,125.71550056432837,45,37.2,27.5,36.333333333333336,9.0,7.0,4.2,1.6,Moderate,Low
1426283,2024-04-28,2024,1,Gujarat Titans,Royal Challengers Bengaluru,B Sai Sudharsan,84,48,8,4,175.0,Royal Challengers Bengaluru,65.0,166.66666666666669,38.22727272727273,133.91963985222912,22,34.8,43.0,0.0,7.0,2.0,3.8,0.6,High,Low
1426283,2024-04-28,2024,1,Gujarat Titans,Royal Challengers Bengaluru,DA Miller,26,19,2,1,136.8421052631579,Royal Challengers Bengaluru,55.0,239.1304347826087,23.570247933884296,124.47968277470854,121,25.2,19.6,0.0,6.0,3.0,2.6,1.0,Moderate,Low
1426283,2024-04-28,2024,1,Gujarat Titans,Royal Challengers Bengaluru,M Shahrukh Khan,58,30,3,5,193.33333333333331,Royal Challengers Bengaluru,8.0,160.0,13.411764705882351,138.05479736651694,34,14.2,10.8,0.0,0.0,1.0,1.0,1.0,High,Low
1426283,2024-04-28,2024,1,Gujarat Titans,Royal Challengers Bengaluru,Shubman Gill,16,19,1,0,84.21052631578947,Royal Challengers Bengaluru,6.0,120.0,32.229166666666664,122.31386875985578,96,28.0,34.3,0.0,1.0,0.0,3.2,0.4,Low,Low
1426283,2024-04-28,2024,1,Gujarat Titans,Royal Challengers Bengaluru,WP Saha,5,4,1,0,125.0,Royal Challengers Bengaluru,39.0,156.0,20.76595744680851,116.19601421737876,141,18.0,21.4,0.0,5.0,1.0,1.8,0.6,Low,Low
1426283,2024-04-28,2024,2,Royal Challengers Bengaluru,Gujarat Titans,F du Plessis,24,12,1,3,200.0,Gujarat Titans,25.0,208.33333333333331,33.31060606060606,120.67317521167844,132,39.8,29.2,24.0,3.0,1.0,3.4,2.0,Moderate,Low
1426283,2024-04-28,2024,2,Royal Challengers Bengaluru,Gujarat Titans,V Kohli,70,44,6,3,159.0909090909091,Gujarat Titans,51.0,118.6046511627907,32.09583333333333,117.6693742344931,240,45.4,53.1,77.33333333333333,4.0,1.0,4.6,1.8,High,Low
1426283,2024-04-28,2024,2,Royal Challengers Bengaluru,Gujarat Titans,WG Jacks,100,40,5,10,250.0,Gujarat Titans,6.0,66.66666666666666,19.0,136.71875,4,19.0,19.0,0.0,0.0,0.0,1.75,1.25,High,Low
1426284,2024-04-28,2024,1,Chennai Super Kings,Sunrisers Hyderabad,AM Rahane,9,12,1,0,75.0,Sunrisers Hyderabad,1.0,33.33333333333333,27.47590361445783,105.37025365698184,166,24.4,22.1,24.68421052631579,0.0,0.0,2.6,0.8,Low,Low
1426284,2024-04-28,2024,1,Chennai Super Kings,Sunrisers Hyderabad,DJ Mitchell,52,32,7,1,162.5,Sunrisers Hyderabad,11.0,110.0,19.88888888888889,111.76082851521448,9,20.0,19.88888888888889,13.0,1.0,0.0,1.0,0.6,High,Low
1426284,2024-04-28,2024,1,Chennai Super Kings,Sunrisers Hyderabad,MS Dhoni,5,2,1,0,250.0,Sunrisers Hyderabad,4.0,400.0,23.19730941704036,132.25610784074306,223,10.8,9.9,25.73684210526316,1.0,0.0,0.8,1.0,Low,Low
1426284,2024-04-28,2024,1,Chennai Super Kings,Sunrisers Hyderabad,RD Gaikwad,98,54,10,3,181.4814814814815,Sunrisers Hyderabad,108.0,180.0,36.3728813559322,113.3363302999814,59,57.4,43.5,49.333333333333336,12.0,3.0,6.0,1.8,High,Low
1426284,2024-04-28,2024,1,Chennai Super Kings,Sunrisers Hyderabad,S Dube,39,20,1,4,195.0,Sunrisers Hyderabad,66.0,244.44444444444449,25.76363636363636,129.47339591974497,55,41.6,34.4,13.6,3.0,7.0,3.2,3.2,Moderate,Low
1426284,2024-04-28,2024,2,Sunrisers Hyderabad,Chennai Super Kings,AK Markram,32,25,4,0,128.0,Chennai Super Kings,7.0,87.5,24.153846153846157,119.27589403204983,39,18.0,19.8,23.0,1.0,0.0,1.4,0.6,Moderate,Low
1426284,2024-04-28,2024,2,Sunrisers Hyderabad,Chennai Super Kings,Abdul Samad,19,18,1,1,105.55555555555556,Chennai Super Kings,10.0,166.66666666666669,15.470588235294118,140.2669177584207,34,22.8,20.8,13.0,0.0,1.0,2.6,1.2,Low,Low
1426284,2024-04-28,2024,2,Sunrisers Hyderabad,Chennai Super Kings,Abhishek Sharma,15,9,1,1,166.66666666666669,Chennai Super Kings,31.0,238.46153846153845,22.28301886792453,135.00281343957676,53,32.8,30.4,33.714285714285715,3.0,2.0,2.4,3.0,Low,Low
1426284,2024-04-28,2024,2,Sunrisers Hyderabad,Chennai Super Kings,Anmolpreet Singh,0,1,0,0,0.0,Chennai Super Kings,5.0,125.0,19.142857142857142,119.67695796267223,7,22.0,19.142857142857142,16.0,1.0,0.0,3.2,0.4,Low,Low
1426284,2024-04-28,2024,2,Sunrisers Hyderabad,Chennai Super Kings,B Kumar,4,3,0,0,133.33333333333331,Chennai Super Kings,13.0,100.0,4.870967741935484,88.04282187346703,62,10.6,7.6,8.75,3.0,0.0,1.4,0.0,Low,Low
1426284,2024-04-28,2024,2,Sunrisers Hyderabad,Chennai Super Kings,H Klaasen,20,21,0,1,95.23809523809524,Chennai Super Kings,7.0,350.0,31.56,166.56930173654587,25,21.6,39.7,11.333333333333334,0.0,1.0,0.8,2.0,Moderate,Low
1426284,2024-04-28,2024,2,Sunrisers Hyderabad,Chennai Super Kings,JD Unadkat,1,2,0,0,50.0,Chennai Super Kings,8.0,80.0,7.791666666666667,118.9587672675908,24,8.6,11.2,15.0,1.0,0.0,0.6,0.4,Low,Low
1426284,2024-04-28,2024,2,Sunrisers Hyderabad,Chennai Super Kings,Nithish Kumar Reddy,15,15,0,0,100.0,Chennai Super Kings,13.0,100.0,32.0,146.2525025025025,4,32.0,32.0,14.0,0.0,1.0,1.75,2.25,Low,Low
1426284,2024-04-28,2024,2,Sunrisers Hyderabad,Chennai Super Kings,PJ Cummins,5,7,1,0,71.42857142857143,Chennai Super Kings,31.0,206.66666666666669,12.235294117647058,123.6329188881092,34,7.4,10.0,27.666666666666668,1.0,3.0,0.2,0.6,Low,Low
1426284,2024-04-28,2024,2,Sunrisers Hyderabad,Chennai Super Kings,Shahbaz Ahmed,7,5,1,0,140.0,Chennai Super Kings,40.0,108.10810810810813,15.806451612903226,118.47037785214708,31,30.6,19.0,18.0,1.0,1.0,1.0,1.8,Low,Low
1426284,2024-04-28,2024,2,Sunrisers Hyderabad,Chennai Super Kings,TM Head,13,7,1,1,185.7142857142857,Chennai Super Kings,1.0,33.33333333333333,31.176470588235293,136.07063147710377,17,48.8,41.4,31.0,0.0,0.0,5.4,3.0,Low,Low
1426285,2024-04-29,2024,1,Delhi Capitals,Kolkata Knight Riders,AR Patel,15,21,2,0,71.42857142857143,Kolkata Knight Riders,11.0,183.3333333333333,14.37037037037037,126.15942930545076,108,18.2,15.0,9.1875,0.0,1.0,1.2,1.0,Low,Low
1426285,2024-04-29,2024,1,Delhi Capitals,Kolkata Knight Riders,Abishek Porel,18,15,2,1,120.0,Kolkata Knight Riders,36.0,133.33333333333331,18.08333333333333,134.68462466446337,12,26.8,19.0,0.0,3.0,1.0,3.4,0.6,Low,Low
1426285,2024-04-29,2024,1,Delhi Capitals,Kolkata Knight Riders,J Fraser-McGurk,12,6,1,1,200.0,Kolkata Knight Riders,84.0,323.0769230769231,49.4,241.12332112332115,5,49.4,49.4,0.0,11.0,6.0,4.4,4.4,Low,Low
1426285,2024-04-29,2024,1,Delhi Capitals,Kolkata Knight Riders,Kuldeep Yadav,35,26,5,1,134.6153846153846,Kolkata Knight Riders,0.0,0.0,4.724137931034483,67.61782753028616,29,2.2,2.5,0.0,0.0,0.0,0.0,0.0,Moderate,Low
1426285,2024-04-29,2024,1,Delhi Capitals,Kolkata Knight Riders,Kumar Kushagra,1,3,0,0,33.33333333333333,Kolkata Knight Riders,0.0,0.0,0.0,0.0,1,0.0,0.0,0.0,0.0,0.0,0.0,0.0,Low,Low
1426285,2024-04-29,2024,1,Delhi Capitals,Kolkata Knight Riders,LB Williams,1,2,0,0,50.0,Kolkata Knight Riders,0.0,0.0,0.0,0.0,0,0.0,0.0,0.0,0.0,0.0,0.0,0.0,Low,Low
1426285,2024-04-29,2024,1,Delhi Capitals,Kolkata Knight Riders,PP Shaw,13,7,3,0,185.7142857142857,Kolkata Knight Riders,11.0,157.14285714285714,24.08974358974359,125.52046557027622,78,26.4,25.7,41.5,2.0,0.0,4.2,0.6,Low,Low
1426285,2024-04-29,2024,1,Delhi Capitals,Kolkata Knight Riders,RR Pant,27,20,2,1,135.0,Kolkata Knight Riders,29.0,152.63157894736844,29.29090909090909,134.84447759223818,110,43.6,37.1,22.75,2.0,2.0,3.4,2.8,Moderate,Low
1426285,2024-04-29,2024,1,Delhi Capitals,Kolkata Knight Riders,Rasikh Salam,8,10,1,0,80.0,Kolkata Knight Riders,1.0,20.0,4.333333333333333,87.22222222222223,3,4.333333333333333,4.333333333333333,1.0,0.0,0.0,0.3333333333333333,0.0,Low,Low
1426285,2024-04-29,2024,1,Delhi Capitals,Kolkata Knight Riders,SD Hope,6,3,0,1,200.0,Kolkata Knight Riders,41.0,241.17647058823528,21.8,151.30196078431374,5,21.8,21.8,0.0,0.0,5.0,1.0,1.8,Low,Low
1426285,2024-04-29,2024,1,Delhi Capitals,Kolkata Knight Riders,T Stubbs,4,7,0,0,57.14285714285714,Kolkata Knight Riders,48.0,192.0,23.07692307692308,137.6979733683801,13,34.0,29.3,54.0,6.0,2.0,2.4,2.4,Low,Low
1426285,2024-04-29,2024,2,Kolkata Knight Riders,Delhi Capitals,PD Salt,68,33,7,5,206.0606060606061,Delhi Capitals,75.0,208.33333333333331,31.88235294117647,135.7498153518915,17,44.4,35.3,18.0,6.0,6.0,5.6,2.4,High,Low
1426285,2024-04-29,2024,2,Kolkata Knight Riders,Delhi Capitals,RK Singh,11,11,1,0,100.0,Delhi Capitals,5.0,125.0,23.25,139.12959880201242,36,16.8,24.9,18.33333333333333,1.0,0.0,1.0,1.2,Low,Low
1426285,2024-04-29,2024,2,Kolkata Knight Riders,Delhi Capitals,SP Narine,15,9,3,0,166.66666666666669,Delhi Capitals,71.0,221.875,14.03,121.58550333953971,100,44.6,36.4,20.11111111111111,9.0,4.0,5.6,2.4,Low,Low
1426285,2024-04-29,2024,2,Kolkata Knight Riders,Delhi Capitals,SS Iyer,33,23,3,1,143.47826086956522,Delhi Capitals,28.0,280.0,27.504587155963304,112.07185144624964,109,32.2,28.3,38.0,1.0,3.0,3.6,1.0,Moderate,Low
1426285,2024-04-29,2024,2,Kolkata Knight Riders,Delhi Capitals,VR Iyer,26,23,2,1,113.04347826086956,Delhi Capitals,39.0,169.56521739130434,25.209302325581397,121.08402447478902,43,14.2,21.8,16.333333333333332,3.0,2.0,1.6,0.4,Moderate,Low
1426286,2024-04-30,2024,1,Mumbai Indians,Lucknow Super Giants,G Coetzee,1,2,0,0,50.0,Lucknow Super Giants,0.0,0.0,1.6666666666666667,25.925925925925924,3,1.6666666666666667,1.6666666666666667,0.0,0.0,0.0,0.0,0.0,Low,Low
1426286,2024-04-30,2024,1,Mumbai Indians,Lucknow Super Giants,HH Pandya,0,1,0,0,0.0,Lucknow Super Giants,46.0,191.66666666666669,19.80314960629921,143.3274090307531,127,17.8,21.8,33.75,4.0,3.0,1.0,1.4,Low,Low
1426286,2024-04-30,2024,1,Mumbai Indians,Lucknow Super Giants,Ishan Kishan,32,35,3,0,91.42857142857144,Lucknow Super Giants,20.0,142.85714285714286,26.97872340425532,117.57200610958812,94,24.0,22.7,23.75,4.0,0.0,3.0,1.2,Moderate,Low
1426286,2024-04-30,2024,1,Mumbai Indians,Lucknow Super Giants,Mohammad Nabi,1,2,0,0,50.0,Lucknow Super Giants,7.0,175.0,11.578947368421051,149.88238197990518,19,7.4,10.3,0.0,0.0,1.0,0.4,0.4,Low,Low
1426286,2024-04-30,2024,1,Mumbai Indians,Lucknow Super Giants,N Wadhera,46,41,4,2,112.19512195121952,Lucknow Super Giants,4.0,200.0,24.5,150.71108221843517,12,19.2,26.7,19.5,1.0,0.0,1.8,1.2,High,Low
1426286,2024-04-30,2024,1,Mumbai Indians,Lucknow Super Giants,RG Sharma,4,5,1,0,80.0,Lucknow Super Giants,8.0,114.28571428571428,26.412955465587043,112.66319190073938,247,38.6,31.9,23.25,1.0,0.0,3.6,2.2,Low,Low
1426286,2024-04-30,2024,1,Mumbai Indians,Lucknow Super Giants,SA Yadav,10,6,0,1,166.66666666666669,Lucknow Super Giants,26.0,200.0,26.06870229007633,134.21585687172933,131,33.2,29.2,21.0,3.0,2.0,3.4,1.8,Low,Low
1426286,2024-04-30,2024,1,Mumbai Indians,Lucknow Super Giants,TH David,35,17,3,1,205.8823529411765,Lucknow Super Giants,37.0,217.6470588235294,18.75,150.9879871966269,32,22.4,19.7,22.5,2.0,3.0,1.2,2.0,Moderate,Low
1426286,2024-04-30,2024,1,Mumbai Indians,Lucknow Super Giants,Tilak Varma,7,11,1,0,63.63636363636363,Lucknow Super Giants,63.0,196.875,31.647058823529413,142.97087034855488,34,41.8,37.9,30.0,4.0,4.0,3.8,1.8,Low,Low
1426286,2024-04-30,2024,2,Lucknow Super Giants,Mumbai Indians,A Badoni,6,6,1,0,100.0,Mumbai Indians,18.0,138.46153846153845,17.666666666666668,118.400491572107,30,24.4,17.8,7.5,1.0,0.0,2.2,0.4,Low,Low
1426286,2024-04-30,2024,2,Lucknow Super Giants,Mumbai Indians,AA Kulkarni,0,1,0,0,0.0,Mumbai Indians,0.0,0.0,0.0,0.0,0,0.0,0.0,0.0,0.0,0.0,0.0,0.0,Low,Low
1426286,2024-04-30,2024,2,Lucknow Super Giants,Mumbai Indians,AJ Turner,5,9,0,0,55.55555555555556,Mumbai Indians,3.0,42.85714285714285,0.75,10.714285714285714,4,0.75,0.75,0.0,0.0,0.0,0.0,0.0,Low,Low
1426286,2024-04-30,2024,2,Lucknow Super Giants,Mumbai Indians,DJ Hooda,18,18,2,0,100.0,Mumbai Indians,50.0,161.29032258064515,15.397849462365592,119.30053454931742,93,22.2,15.4,14.538461538461538,7.0,0.0,2.4,0.6,Low,Low
1426286,2024-04-30,2024,2,Lucknow Super Giants,Mumbai Indians,KH Pandya,1,1,0,0,100.0,Mumbai Indians,15.0,136.36363636363637,15.558823529411764,122.81245859780168,102,14.0,13.9,14.75,1.0,0.0,1.0,0.4,Low,Low
1426286,2024-04-30,2024,2,Lucknow Super Giants,Mumbai Indians,KL Rahul,28,22,3,1,127.27272727272728,Mumbai Indians,76.0,161.70212765957444,38.21008403361345,122.40446682074852,119,50.4,37.8,51.23529411764706,8.0,2.0,5.2,1.8,Moderate,Low
1426286,2024-04-30,2024,2,Lucknow Super Giants,Mumbai Indians,MP Stoinis,62,45,7,2,137.77777777777777,Mumbai Indians,0.0,0.0,20.867469879518072,118.90600179039434,83,30.0,29.4,20.83333333333333,0.0,0.0,3.4,1.2,High,Low
1426286,2024-04-30,2024,2,Lucknow Super Giants,Mumbai Indians,N Pooran,14,14,1,0,100.0,Mumbai Indians,11.0,100.0,22.6231884057971,136.5681567074731,69,22.6,29.1,16.571428571428573,1.0,0.0,1.8,1.4,Low,Low
1426287,2024-05-01,2024,1,Chennai Super Kings,Punjab Kings,AM Rahane,29,24,5,0,120.83333333333331,Punjab Kings,9.0,75.0,27.365269461077844,105.1883958506526,167,17.2,21.4,12.0,1.0,0.0,1.8,0.4,Moderate,Low
1426287,2024-05-01,2024,1,Chennai Super Kings,Punjab Kings,DJ Mitchell,1,1,0,0,100.0,Punjab Kings,52.0,162.5,23.1,116.83474566369304,10,23.6,23.1,0.0,7.0,1.0,2.2,0.4,Low,Low
1426287,2024-05-01,2024,1,Chennai Super Kings,Punjab Kings,MM Ali,15,9,1,1,166.66666666666669,Punjab Kings,30.0,150.0,20.07547169811321,120.22407311743908,53,11.4,13.1,14.0,0.0,3.0,0.4,0.8,Low,Low
1426287,2024-05-01,2024,1,Chennai Super Kings,Punjab Kings,MS Dhoni,14,11,1,1,127.27272727272728,Punjab Kings,5.0,250.0,23.116071428571427,132.781750216454,224,11.6,10.2,15.0,1.0,0.0,1.0,1.0,Low,Low
1426287,2024-05-01,2024,1,Chennai Super Kings,Punjab Kings,RA Jadeja,2,4,0,0,50.0,Punjab Kings,16.0,84.21052631578947,16.28,132.3989855046505,175,26.4,23.4,12.0,2.0,0.0,2.8,0.2,Low,Low
1426287,2024-05-01,2024,1,Chennai Super Kings,Punjab Kings,RD Gaikwad,62,47,5,2,131.91489361702128,Punjab Kings,98.0,181.4814814814815,37.4,114.47208281967306,60,71.8,47.3,17.0,10.0,3.0,7.4,2.2,High,Low
1426287,2024-05-01,2024,1,Chennai Super Kings,Punjab Kings,S Dube,0,1,0,0,0.0,Punjab Kings,39.0,195.0,26.0,130.64351384974955,56,40.4,38.2,29.0,1.0,4.0,3.0,3.2,Low,Low
1426287,2024-05-01,2024,1,Chennai Super Kings,Punjab Kings,Sameer Rizvi,21,23,1,0,91.30434782608695,Punjab Kings,1.0,20.0,5.0,84.44444444444444,3,5.0,5.0,0.0,0.0,0.0,0.0,0.6666666666666666,Moderate,Low
1426287,2024-05-01,2024,2,Punjab Kings,Chennai Super Kings,JM Bairstow,46,30,7,1,153.33333333333334,Chennai Super Kings,108.0,225.0,32.5,131.28245553664087,46,37.4,32.1,16.166666666666668,8.0,9.0,3.2,2.4,High,Low
1426287,2024-05-01,2024,2,Punjab Kings,Chennai Super Kings,P Simran Singh,13,10,1,1,130.0,Chennai Super Kings,54.0,270.0,21.724137931034484,122.85708099949584,29,20.6,21.0,42.0,4.0,5.0,1.8,1.6,Low,Low
1426287,2024-05-01,2024,2,Punjab Kings,Chennai Super Kings,RR Rossouw,43,23,5,2,186.95652173913044,Chennai Super Kings,26.0,162.5,17.529411764705884,101.1847845287743,17,23.6,21.5,12.5,1.0,2.0,1.8,1.6,High,Low
1426287,2024-05-01,2024,2,Punjab Kings,Chennai Super Kings,SM Curran,26,18,3,0,144.44444444444443,Chennai Super Kings,20.0,105.26315789473684,17.386363636363637,126.85724015181805,44,13.2,21.2,11.666666666666666,2.0,0.0,1.0,0.4,Moderate,Low
1426287,2024-05-01,2024,2,Punjab Kings,Chennai Super Kings,Shashank Singh,25,26,1,1,96.15384615384616,Chennai Super Kings,68.0,242.85714285714283,23.714285714285715,159.2837008366565,14,34.4,27.4,15.0,2.0,8.0,2.2,2.4,Moderate,Low
1426288,2024-05-02,2024,1,Sunrisers Hyderabad,Rajasthan Royals,Abhishek Sharma,12,10,0,1,120.0,Rajasthan Royals,15.0,166.66666666666669,22.14814814814815,135.58918109193027,54,28.4,31.4,21.25,1.0,1.0,2.0,2.4,Low,Low
1426288,2024-05-02,2024,1,Sunrisers Hyderabad,Rajasthan Royals,Anmolpreet Singh,5,5,1,0,100.0,Rajasthan Royals,0.0,0.0,16.75,104.7173382173382,8,21.0,16.75,19.0,0.0,0.0,3.0,0.4,Low,Low
1426288,2024-05-02,2024,1,Sunrisers Hyderabad,Rajasthan Royals,H Klaasen,42,19,3,3,221.0526315789474,Rajasthan Royals,20.0,95.23809523809524,31.115384615384617,163.82579379429777,26,23.6,31.3,16.0,0.0,1.0,0.6,2.2,High,Low
1426288,2024-05-02,2024,1,Sunrisers Hyderabad,Rajasthan Royals,Nithish Kumar Reddy,76,42,3,8,180.95238095238096,Rajasthan Royals,15.0,100.0,28.6,137.002002002002,5,28.6,28.6,0.0,0.0,0.0,1.4,1.8,High,Low
1426288,2024-05-02,2024,1,Sunrisers Hyderabad,Rajasthan Royals,TM Head,58,44,6,3,131.8181818181818,Rajasthan Royals,13.0,185.7142857142857,30.166666666666668,138.8286122680583,18,45.2,41.5,0.0,1.0,1.0,5.0,3.0,High,Low
1426288,2024-05-02,2024,2,Rajasthan Royals,Sunrisers Hyderabad,Dhruv Jurel,1,3,0,0,33.33333333333333,Sunrisers Hyderabad,52.0,152.94117647058823,14.941176470588236,133.33954972363276,17,16.4,12.4,0.0,5.0,2.0,1.6,0.4,Low,Low
1426288,2024-05-02,2024,2,Rajasthan Royals,Sunrisers Hyderabad,JC Buttler,0,1,0,0,0.0,Sunrisers Hyderabad,34.0,188.88888888888889,34.06730769230769,129.15995786023976,104,56.8,31.9,31.75,4.0,1.0,5.6,2.2,Low,Low
1426288,2024-05-02,2024,2,Rajasthan Royals,Sunrisers Hyderabad,R Ashwin,2,2,0,0,100.0,Sunrisers Hyderabad,8.0,72.72727272727273,9.13095238095238,108.30754175237668,84,12.6,11.9,8.2,1.0,0.0,0.6,0.6,Low,Low
1426288,2024-05-02,2024,2,Rajasthan Royals,Sunrisers Hyderabad,R Parag,77,48,8,4,160.41666666666669,Sunrisers Hyderabad,14.0,127.27272727272728,17.923076923076923,116.64296035219084,52,30.2,35.6,16.0,0.0,1.0,1.8,1.8,High,Low
1426288,2024-05-02,2024,2,Rajasthan Royals,Sunrisers Hyderabad,R Powell,27,15,3,1,180.0,Sunrisers Hyderabad,26.0,200.0,17.294117647058822,116.51857801944308,17,8.8,19.4,67.0,1.0,3.0,0.8,0.6,Moderate,Low
1426288,2024-05-02,2024,2,Rajasthan Royals,Sunrisers Hyderabad,SO Hetmyer,13,9,1,1,144.44444444444443,Sunrisers Hyderabad,0.0,0.0,19.35483870967742,138.55057911599292,62,13.0,16.5,25.0,0.0,0.0,1.0,1.0,Low,Low
1426288,2024-05-02,2024,2,Rajasthan Royals,Sunrisers Hyderabad,SV Samson,0,3,0,0,0.0,Sunrisers Hyderabad,71.0,215.15151515151516,27.39102564102564,118.86252563305064,156,41.4,38.7,37.66666666666666,7.0,4.0,3.8,1.8,Low,Low
1426288,2024-05-02,2024,2,Rajasthan Royals,Sunrisers Hyderabad,YBK Jaiswal,67,39,7,2,171.7948717948718,Sunrisers Hyderabad,24.0,133.33333333333331,30.89130434782609,125.88110562452412,46,42.0,29.9,31.4,3.0,1.0,4.8,1.8,High,Low
1426289,2024-05-03,2024,1,Kolkata Knight Riders,Mumbai Indians,A Raghuvanshi,13,6,0,2,216.66666666666663,Mumbai Indians,3.0,75.0,23.6,138.33333333333334,5,23.6,23.6,0.0,0.0,0.0,2.6,1.0,Low,Low
1426289,2024-05-03,2024,1,Kolkata Knight Riders,Mumbai Indians,AD Russell,7,2,0,1,350.0,Mumbai Indians,24.0,200.0,23.97058823529412,150.1530335134211,102,23.0,24.0,17.23076923076923,2.0,2.0,2.8,1.0,Low,Low
1426289,2024-05-03,2024,1,Kolkata Knight Riders,Mumbai Indians,MA Starc,0,2,0,0,0.0,Mumbai Indians,0.0,0.0,7.357142857142857,99.10224959549036,14,1.8,6.7,5.0,0.0,0.0,0.2,0.0,Low,Low
1426289,2024-05-03,2024,1,Kolkata Knight Riders,Mumbai Indians,MK Pandey,42,30,2,2,140.0,Mumbai Indians,0.0,0.0,24.0062893081761,105.95283243445888,159,12.6,18.2,30.666666666666668,0.0,0.0,0.6,0.4,High,Low
1426289,2024-05-03,2024,1,Kolkata Knight Riders,Mumbai Indians,PD Salt,5,3,1,0,166.66666666666669,Mumbai Indians,68.0,206.0606060606061,33.888888888888886,139.65597039126453,18,58.0,39.5,0.0,7.0,5.0,7.0,3.4,Low,Low
1426289,2024-05-03,2024,1,Kolkata Knight Riders,Mumbai Indians,RK Singh,9,8,2,0,112.5,Mumbai Indians,11.0,100.0,22.91891891891892,138.0720420776337,37,13.8,24.4,12.5,1.0,0.0,1.0,0.6,Low,Low
1426289,2024-05-03,2024,1,Kolkata Knight Riders,Mumbai Indians,Ramandeep Singh,2,4,0,0,50.0,Mumbai Indians,6.0,200.0,12.6,161.20833333333331,10,9.2,12.6,0.0,0.0,1.0,0.4,0.8,Low,Low
1426289,2024-05-03,2024,1,Kolkata Knight Riders,Mumbai Indians,SP Narine,8,8,0,1,100.0,Mumbai Indians,15.0,166.66666666666669,14.03960396039604,122.03185149129344,101,42.2,37.3,4.3,3.0,0.0,5.6,2.0,Low,Low
1426289,2024-05-03,2024,1,Kolkata Knight Riders,Mumbai Indians,SS Iyer,6,4,1,0,150.0,Mumbai Indians,33.0,143.47826086956522,27.55454545454545,112.35736425918888,110,32.0,30.1,23.4375,3.0,1.0,3.6,1.2,Low,Low
1426289,2024-05-03,2024,1,Kolkata Knight Riders,Mumbai Indians,VR Iyer,70,52,6,3,134.6153846153846,Mumbai Indians,26.0,113.04347826086956,25.227272727272727,120.90128478810902,44,18.4,18.7,62.5,2.0,1.0,1.8,0.6,High,Low
1426289,2024-05-03,2024,2,Mumbai Indians,Kolkata Knight Riders,G Coetzee,8,7,0,1,114.28571428571428,Kolkata Knight Riders,1.0,50.0,1.5,31.944444444444443,4,1.5,1.5,0.0,0.0,0.0,0.0,0.0,Low,Low
1426289,2024-05-03,2024,2,Mumbai Indians,Kolkata Knight Riders,HH Pandya,1,3,0,0,33.33333333333333,Kolkata Knight Riders,0.0,0.0,19.6484375,142.20766364770034,128,13.6,19.7,32.666666666666664,0.0,0.0,1.0,0.8,Low,Low
1426289,2024-05-03,2024,2,Mumbai Indians,Kolkata Knight Riders,Ishan Kishan,13,7,1,1,185.7142857142857,Kolkata Knight Riders,32.0,91.42857142857144,27.03157894736842,117.29681206031428,95,16.6,24.4,29.142857142857142,3.0,0.0,2.2,0.2,Low,Low
1426289,2024-05-03,2024,2,Mumbai Indians,Kolkata Knight Riders,JJ Bumrah,1,1,0,0,100.0,Kolkata Knight Riders,2.0,200.0,2.68,72.84040404040405,25,2.2,2.2,0.0,0.0,0.0,0.2,0.0,Low,Low
1426289,2024-05-03,2024,2,Mumbai Indians,Kolkata Knight Riders,N Wadhera,6,11,1,0,54.54545454545454,Kolkata Knight Riders,46.0,112.19512195121952,26.153846153846157,147.74831604403397,13,25.2,31.3,6.0,4.0,2.0,2.2,1.6,Low,Low
1426289,2024-05-03,2024,2,Mumbai Indians,Kolkata Knight Riders,Naman Dhir,11,11,2,0,100.0,Kolkata Knight Riders,0.0,0.0,16.666666666666668,138.0952380952381,3,16.666666666666668,16.666666666666668,0.0,0.0,0.0,1.6666666666666667,1.0,Low,Low
1426289,2024-05-03,2024,2,Mumbai Indians,Kolkata Knight Riders,PP Chawla,0,1,0,0,0.0,Kolkata Knight Riders,10.0,250.0,7.416666666666667,107.09501294792648,84,2.8,4.3,8.142857142857142,1.0,1.0,0.2,0.2,Low,Low
1426289,2024-05-03,2024,2,Mumbai Indians,Kolkata Knight Riders,RG Sharma,11,12,0,1,91.66666666666666,Kolkata Knight Riders,4.0,80.0,26.32258064516129,112.53148548178478,248,31.8,31.5,33.54838709677419,1.0,0.0,3.2,1.6,Low,Low
1426289,2024-05-03,2024,2,Mumbai Indians,Kolkata Knight Riders,SA Yadav,56,34,6,2,164.70588235294116,Kolkata Knight Riders,10.0,166.66666666666669,25.946969696969692,134.4616963398728,132,24.8,29.5,38.0,0.0,1.0,2.4,1.2,High,Low
1426289,2024-05-03,2024,2,Mumbai Indians,Kolkata Knight Riders,TH David,24,20,1,1,120.0,Kolkata Knight Riders,35.0,205.8823529411765,19.24242424242424,152.65145282524963,33,20.4,21.9,18.5,3.0,1.0,1.4,1.4,Moderate,Low
1426289,2024-05-03,2024,2,Mumbai Indians,Kolkata Knight Riders,Tilak Varma,4,6,0,0,66.66666666666666,Kolkata Knight Riders,7.0,63.63636363636363,30.942857142857143,140.704170156778,35,40.0,34.3,24.666666666666668,1.0,0.0,3.4,1.8,Low,Low
1426290,2024-05-04,2024,1,Gujarat Titans,Royal Challengers Bengaluru,B Sai Sudharsan,6,14,0,0,42.85714285714285,Royal Challengers Bengaluru,84.0,175.0,40.21739130434783,135.7057424673496,23,45.4,41.8,84.0,8.0,4.0,4.6,1.4,Low,Low
1426290,2024-05-04,2024,1,Gujarat Titans,Royal Challengers Bengaluru,DA Miller,30,20,3,2,150.0,Royal Challengers Bengaluru,26.0,136.8421052631579,23.59016393442623,124.58101410658108,122,26.2,18.1,26.0,2.0,1.0,2.4,1.2,Moderate,Low
1426290,2024-05-04,2024,1,Gujarat Titans,Royal Challengers Bengaluru,M Shahrukh Khan,37,24,5,1,154.16666666666669,Royal Challengers Bengaluru,58.0,193.33333333333331,14.685714285714283,139.63418410842598,35,17.6,16.0,58.0,3.0,5.0,0.8,1.6,Moderate,Low
1426290,2024-05-04,2024,1,Gujarat Titans,Royal Challengers Bengaluru,MJ Suthar,1,2,0,0,50.0,Royal Challengers Bengaluru,0.0,0.0,0.0,0.0,0,0.0,0.0,0.0,0.0,0.0,0.0,0.0,Low,Low
1426290,2024-05-04,2024,1,Gujarat Titans,Royal Challengers Bengaluru,MM Sharma,0,1,0,0,0.0,Royal Challengers Bengaluru,2.0,14.285714285714285,4.592592592592593,84.43121693121692,27,1.4,2.6,0.0,0.0,0.0,0.0,0.0,Low,Low
1426290,2024-05-04,2024,1,Gujarat Titans,Royal Challengers Bengaluru,R Tewatia,35,21,5,1,166.66666666666669,Royal Challengers Bengaluru,4.0,80.0,15.28125,130.75670605943645,64,20.4,16.0,0.0,0.0,0.0,2.6,0.4,Moderate,Low
1426290,2024-05-04,2024,1,Gujarat Titans,Royal Challengers Bengaluru,Rashid Khan,18,14,2,1,128.57142857142858,Royal Challengers Bengaluru,21.0,210.0,9.24561403508772,120.68118406934197,57,15.8,11.9,0.0,3.0,1.0,1.8,0.4,Low,Low
1426290,2024-05-04,2024,1,Gujarat Titans,Royal Challengers Bengaluru,Shubman Gill,2,7,0,0,28.57142857142857,Royal Challengers Bengaluru,16.0,84.21052631578947,32.06185567010309,121.92105079651488,97,27.4,32.0,16.0,1.0,0.0,3.0,0.4,Low,Low
1426290,2024-05-04,2024,1,Gujarat Titans,Royal Challengers Bengaluru,V Shankar,10,7,2,0,142.85714285714286,Royal Challengers Bengaluru,16.0,160.0,19.385964912280706,121.4469582637942,57,13.4,17.5,0.0,3.0,0.0,1.0,0.4,Low,Low
1426290,2024-05-04,2024,1,Gujarat Titans,Royal Challengers Bengaluru,WP Saha,1,7,0,0,14.285714285714285,Royal Challengers Bengaluru,5.0,125.0,20.654929577464788,116.25801411725638,142,14.0,20.7,5.0,1.0,0.0,1.8,0.2,Low,Low
1426290,2024-05-04,2024,2,Royal Challengers Bengaluru,Gujarat Titans,C Green,1,2,0,0,50.0,Gujarat Titans,37.0,185.0,24.47826086956522,133.8554501783256,23,18.0,28.2,22.0,5.0,0.0,2.0,0.6,Low,Low
1426290,2024-05-04,2024,2,Royal Challengers Bengaluru,Gujarat Titans,F du Plessis,64,23,10,3,278.2608695652174,Gujarat Titans,24.0,200.0,33.2406015037594,121.26961750331996,133,35.8,28.8,24.0,1.0,3.0,3.2,2.2,High,Low
1426290,2024-05-04,2024,2,Royal Challengers Bengaluru,Gujarat Titans,GJ Maxwell,4,3,1,0,133.33333333333331,Gujarat Titans,0.0,0.0,21.84126984126984,125.3610447425684,126,6.4,17.0,28.0,0.0,0.0,0.6,0.2,Low,Low
1426290,2024-05-04,2024,2,Royal Challengers Bengaluru,Gujarat Titans,KD Karthik,21,12,3,0,175.0,Gujarat Titans,11.0,183.3333333333333,20.778260869565216,120.45017729840364,230,35.2,26.2,1.3333333333333333,2.0,0.0,3.0,2.4,Moderate,Low
1426290,2024-05-04,2024,2,Royal Challengers Bengaluru,Gujarat Titans,RM Patidar,2,3,0,0,66.66666666666666,Gujarat Titans,50.0,250.0,32.36842105263158,134.61966406644848,19,38.0,38.1,52.0,2.0,5.0,2.0,3.4,Low,Low
1426290,2024-05-04,2024,2,Royal Challengers Bengaluru,Gujarat Titans,Swapnil Singh,15,9,2,1,166.66666666666669,Gujarat Titans,12.0,200.0,5.2,81.76470588235294,5,5.2,5.2,2.0,1.0,1.0,0.2,0.2,Low,Low
1426290,2024-05-04,2024,2,Royal Challengers Bengaluru,Gujarat Titans,V Kohli,42,27,2,4,155.55555555555557,Gujarat Titans,70.0,159.0909090909091,32.25311203319502,117.84124782310896,241,36.8,50.0,75.5,6.0,3.0,3.4,1.6,High,Low
1426290,2024-05-04,2024,2,Royal Challengers Bengaluru,Gujarat Titans,WG Jacks,1,3,0,0,33.33333333333333,Gujarat Titans,100.0,250.0,35.2,159.375,5,35.2,35.2,100.0,5.0,10.0,2.4,3.0,Low,Low
1426291,2024-05-05,2024,1,Chennai Super Kings,Punjab Kings,AM Rahane,9,7,1,0,128.57142857142858,Punjab Kings,29.0,120.83333333333331,27.375,105.2815204785257,168,16.0,22.6,20.5,5.0,0.0,2.4,0.2,Low,Low
1426291,2024-05-05,2024,1,Chennai Super Kings,Punjab Kings,DJ Mitchell,30,19,2,1,157.89473684210526,Punjab Kings,1.0,100.0,21.09090909090909,115.30431423972097,11,21.2,21.6,1.0,0.0,0.0,2.0,0.4,Moderate,Low
1426291,2024-05-05,2024,1,Chennai Super Kings,Punjab Kings,MJ Santner,11,11,1,0,100.0,Punjab Kings,1.0,100.0,7.0,114.33479532163744,8,2.6,7.0,9.0,0.0,0.0,0.2,0.0,Low,Low
1426291,2024-05-05,2024,1,Chennai Super Kings,Punjab Kings,MM Ali,17,20,2,0,85.0,Punjab Kings,15.0,166.66666666666669,19.98148148148148,121.0841211461285,54,12.4,12.7,14.2,1.0,1.0,0.2,1.0,Low,Low
1426291,2024-05-05,2024,1,Chennai Super Kings,Punjab Kings,MS Dhoni,0,1,0,0,0.0,Punjab Kings,14.0,127.27272727272728,23.07555555555556,132.75726567003744,225,14.2,11.1,14.8,1.0,1.0,1.2,1.2,Low,Low
1426291,2024-05-05,2024,1,Chennai Super Kings,Punjab Kings,RA Jadeja,43,26,3,2,165.3846153846154,Punjab Kings,2.0,50.0,16.198863636363637,131.93080945064682,176,25.4,21.6,10.0,0.0,0.0,2.6,0.2,High,Low
1426291,2024-05-05,2024,1,Chennai Super Kings,Punjab Kings,RD Gaikwad,32,21,4,1,152.38095238095238,Punjab Kings,62.0,131.91489361702128,37.80327868852459,114.75803053766238,61,70.8,50.9,24.5,5.0,2.0,6.6,2.6,Moderate,Low
1426291,2024-05-05,2024,1,Chennai Super Kings,Punjab Kings,RJ Gleeson,2,2,0,0,100.0,Punjab Kings,0.0,0.0,0.0,0.0,0,0.0,0.0,0.0,0.0,0.0,0.0,0.0,Low,Low
1426291,2024-05-05,2024,1,Chennai Super Kings,Punjab Kings,S Dube,0,1,0,0,0.0,Punjab Kings,0.0,0.0,25.54385964912281,128.3515223787013,57,34.8,35.0,23.2,0.0,0.0,2.8,2.6,Low,Low
1426291,2024-05-05,2024,1,Chennai Super Kings,Punjab Kings,SN Thakur,17,11,2,1,154.54545454545453,Punjab Kings,3.0,42.85714285714285,8.9375,106.32681249230704,32,5.0,11.7,5.5,0.0,0.0,0.4,0.0,Low,Low
1426291,2024-05-05,2024,1,Chennai Super Kings,Punjab Kings,TU Deshpande,0,1,0,0,0.0,Punjab Kings,0.0,0.0,7.0,85.18518518518518,3,7.0,7.0,0.0,0.0,0.0,0.6666666666666666,0.3333333333333333,Low,Low
1426291,2024-05-05,2024,2,Punjab Kings,Chennai Super Kings,Ashutosh Sharma,3,10,0,0,30.0,Chennai Super Kings,3.0,37.5,31.8,176.22699849170436,5,31.8,31.8,0.0,0.0,0.0,1.8,2.6,Low,Low
1426291,2024-05-05,2024,2,Punjab Kings,Chennai Super Kings,HV Patel,12,13,1,1,92.3076923076923,Chennai Super Kings,0.0,0.0,6.771428571428571,105.60499444533058,35,1.6,4.0,6.833333333333333,0.0,0.0,0.0,0.2,Low,Low
1426291,2024-05-05,2024,2,Punjab Kings,Chennai Super Kings,Harpreet Brar,17,13,2,0,130.76923076923077,Chennai Super Kings,29.0,241.66666666666663,9.391304347826088,119.1627406111186,23,11.2,8.2,0.0,4.0,1.0,1.2,0.4,Low,Low
1426291,2024-05-05,2024,2,Punjab Kings,Chennai Super Kings,JM Bairstow,7,6,1,0,116.66666666666669,Chennai Super Kings,46.0,153.33333333333334,32.787234042553195,131.75162314933647,47,38.2,30.1,20.428571428571427,7.0,1.0,4.0,2.0,Low,Low
1426291,2024-05-05,2024,2,Punjab Kings,Chennai Super Kings,JM Sharma,0,1,0,0,0.0,Chennai Super Kings,13.0,108.33333333333331,20.96875,149.49270618658008,32,17.2,17.2,23.5,0.0,1.0,0.6,1.2,Low,Low
1426291,2024-05-05,2024,2,Punjab Kings,Chennai Super Kings,K Rabada,11,10,0,1,110.0,Chennai Super Kings,1.0,100.0,7.222222222222222,106.37871387871388,27,3.0,3.2,8.0,0.0,0.0,0.0,0.4,Low,Low
1426291,2024-05-05,2024,2,Punjab Kings,Chennai Super Kings,P Simran Singh,30,23,2,2,130.43478260869566,Chennai Super Kings,13.0,130.0,21.433333333333334,123.09517829951264,30,22.4,22.1,27.5,1.0,1.0,1.8,1.8,Moderate,Low
1426291,2024-05-05,2024,2,Punjab Kings,Chennai Super Kings,RD Chahar,16,10,2,1,160.0,Chennai Super Kings,0.0,0.0,5.4,73.42261904761905,20,6.2,7.7,3.5,0.0,0.0,0.6,0.2,Low,Low
1426291,2024-05-05,2024,2,Punjab Kings,Chennai Super Kings,RR Rossouw,0,3,0,0,0.0,Chennai Super Kings,43.0,186.95652173913044,18.944444444444443,105.94988104046077,18,15.8,24.4,18.6,5.0,2.0,1.6,0.8,Low,Low
1426291,2024-05-05,2024,2,Punjab Kings,Chennai Super Kings,SM Curran,7,11,0,0,63.63636363636363,Chennai Super Kings,26.0,144.44444444444443,17.57777777777778,127.2480669138764,45,17.4,22.7,15.25,3.0,0.0,1.6,0.4,Low,Low
1426291,2024-05-05,2024,2,Punjab Kings,Chennai Super Kings,Shashank Singh,27,20,4,0,135.0,Chennai Super Kings,25.0,96.15384615384616,23.8,155.07504385780248,15,30.2,28.8,20.0,1.0,1.0,1.2,2.4,Moderate,Low
1426292,2024-05-05,2024,1,Kolkata Knight Riders,Lucknow Super Giants,A Raghuvanshi,32,26,3,1,123.07692307692308,Lucknow Super Giants,13.0,216.66666666666663,21.83333333333333,151.38888888888889,6,15.4,21.83333333333333,7.0,0.0,2.0,1.6,0.8,Moderate,Low
1426292,2024-05-05,2024,1,Kolkata Knight Riders,Lucknow Super Giants,AD Russell,12,8,1,1,150.0,Lucknow Super Giants,7.0,350.0,23.805825242718445,152.0932953239704,103,16.2,20.5,19.0,0.0,1.0,2.0,0.6,Low,Low
1426292,2024-05-05,2024,1,Kolkata Knight Riders,Lucknow Super Giants,PD Salt,32,14,5,1,228.57142857142856,Lucknow Super Giants,5.0,166.66666666666669,32.36842105263158,141.07758598470673,19,41.2,39.7,89.0,1.0,0.0,4.4,2.8,Moderate,Low
1426292,2024-05-05,2024,1,Kolkata Knight Riders,Lucknow Super Giants,RK Singh,16,11,2,0,145.45454545454547,Lucknow Super Giants,9.0,112.5,22.55263157894737,137.39909360190651,38,13.8,19.9,37.66666666666666,2.0,0.0,1.4,0.6,Low,Low
1426292,2024-05-05,2024,1,Kolkata Knight Riders,Lucknow Super Giants,Ramandeep Singh,25,6,1,3,416.6666666666667,Lucknow Super Giants,2.0,50.0,11.636363636363637,151.09848484848484,11,9.2,12.2,0.0,0.0,0.0,0.4,0.8,Moderate,Low
1426292,2024-05-05,2024,1,Kolkata Knight Riders,Lucknow Super Giants,SP Narine,81,39,6,7,207.6923076923077,Lucknow Super Giants,8.0,100.0,13.980392156862743,121.81585294726116,102,42.6,38.0,12.5,0.0,1.0,5.4,2.2,High,Low
1426292,2024-05-05,2024,1,Kolkata Knight Riders,Lucknow Super Giants,SS Iyer,23,15,3,0,153.33333333333334,Lucknow Super Giants,6.0,150.0,27.36036036036036,112.69648710370068,111,25.6,25.7,31.33333333333333,1.0,0.0,2.6,1.2,Moderate,Low
1426292,2024-05-05,2024,1,Kolkata Knight Riders,Lucknow Super Giants,VR Iyer,1,1,0,0,100.0,Lucknow Super Giants,70.0,134.6153846153846,26.22222222222222,121.20604256204848,45,31.8,24.8,12.0,6.0,3.0,3.0,1.2,Low,Low
1426292,2024-05-05,2024,2,Lucknow Super Giants,Kolkata Knight Riders,A Badoni,15,12,0,1,125.0,Kolkata Knight Riders,6.0,100.0,17.29032258064516,117.80692732784549,31,25.6,16.3,23.0,1.0,0.0,2.4,0.4,Low,Low
1426292,2024-05-05,2024,2,Lucknow Super Giants,Kolkata Knight Riders,AA Kulkarni,9,7,2,0,128.57142857142858,Kolkata Knight Riders,0.0,0.0,0.0,0.0,1,0.0,0.0,0.0,0.0,0.0,0.0,0.0,Low,Low
1426292,2024-05-05,2024,2,Lucknow Super Giants,Kolkata Knight Riders,AJ Turner,16,9,0,2,177.77777777777777,Kolkata Knight Riders,5.0,55.55555555555556,1.6,19.68253968253968,5,1.6,1.6,0.0,0.0,0.0,0.0,0.0,Low,Low
1426292,2024-05-05,2024,2,Lucknow Super Giants,Kolkata Knight Riders,DJ Hooda,5,3,1,0,166.66666666666669,Kolkata Knight Riders,18.0,100.0,15.425531914893616,119.0952097136864,94,20.6,16.1,11.9,2.0,0.0,2.4,0.2,Low,Low
1426292,2024-05-05,2024,2,Lucknow Super Giants,Kolkata Knight Riders,KH Pandya,5,6,0,0,83.33333333333334,Kolkata Knight Riders,1.0,100.0,15.41747572815534,122.59097841724048,103,5.6,14.0,13.615384615384617,0.0,0.0,0.2,0.0,Low,Low
1426292,2024-05-05,2024,2,Lucknow Super Giants,Kolkata Knight Riders,KL Rahul,25,21,3,0,119.04761904761904,Kolkata Knight Riders,28.0,127.27272727272728,38.125,122.44503565784834,120,48.2,40.6,37.69230769230769,3.0,1.0,4.8,1.8,Moderate,Low
1426292,2024-05-05,2024,2,Lucknow Super Giants,Kolkata Knight Riders,MP Stoinis,36,21,4,2,171.42857142857142,Kolkata Knight Riders,62.0,137.77777777777777,21.357142857142858,119.13066579024414,84,40.8,31.6,11.181818181818182,7.0,2.0,4.6,1.6,Moderate,Low
1426292,2024-05-05,2024,2,Lucknow Super Giants,Kolkata Knight Riders,N Pooran,10,8,0,1,125.0,Kolkata Knight Riders,14.0,100.0,22.5,136.0457544687949,70,25.4,30.5,23.0,1.0,0.0,2.0,1.4,Low,Low
1426292,2024-05-05,2024,2,Lucknow Super Giants,Kolkata Knight Riders,Ravi Bishnoi,2,3,0,0,66.66666666666666,Kolkata Knight Riders,0.0,0.0,2.333333333333333,71.72619047619048,12,2.8,2.1,1.5,0.0,0.0,0.2,0.0,Low,Low
1426292,2024-05-05,2024,2,Lucknow Super Giants,Kolkata Knight Riders,Yudhvir Singh,7,7,0,1,100.0,Kolkata Knight Riders,1.0,100.0,0.5,50.0,2,0.5,0.5,0.0,0.0,0.0,0.0,0.0,Low,Low
1426293,2024-05-06,2024,1,Sunrisers Hyderabad,Mumbai Indians,Abdul Samad,3,4,0,0,75.0,Mumbai Indians,19.0,105.55555555555556,15.571428571428571,139.27516455262457,35,20.8,20.6,9.5,1.0,1.0,2.2,1.2,Low,Low
1426293,2024-05-06,2024,1,Sunrisers Hyderabad,Mumbai Indians,Abhishek Sharma,11,16,0,1,68.75,Mumbai Indians,12.0,120.0,21.963636363636365,135.30574143571334,55,27.6,31.5,16.875,0.0,1.0,1.6,2.4,Low,Low
1426293,2024-05-06,2024,1,Sunrisers Hyderabad,Mumbai Indians,H Klaasen,2,4,0,0,50.0,Mumbai Indians,42.0,221.0526315789474,31.51851851851852,165.94530630484036,27,30.2,33.7,33.5,3.0,3.0,1.0,2.8,Low,Low
1426293,2024-05-06,2024,1,Sunrisers Hyderabad,Mumbai Indians,M Jansen,17,12,1,1,141.66666666666669,Mumbai Indians,1.0,100.0,4.454545454545454,81.41873278236913,11,2.0,4.9,13.0,0.0,0.0,0.0,0.0,Low,Low
1426293,2024-05-06,2024,1,Sunrisers Hyderabad,Mumbai Indians,MA Agarwal,5,6,1,0,83.33333333333334,Mumbai Indians,16.0,94.11764705882352,22.016528925619838,117.30106167469548,121,32.0,27.3,24.33333333333333,2.0,0.0,3.4,1.2,Low,Low
1426293,2024-05-06,2024,1,Sunrisers Hyderabad,Mumbai Indians,Nithish Kumar Reddy,20,15,2,0,133.33333333333331,Mumbai Indians,76.0,180.95238095238096,36.5,144.3270651603985,6,41.0,36.5,0.0,3.0,8.0,1.8,3.2,Moderate,Low
1426293,2024-05-06,2024,1,Sunrisers Hyderabad,Mumbai Indians,PJ Cummins,35,16,2,2,218.75,Mumbai Indians,5.0,71.42857142857143,12.028571428571428,122.14136610355098,35,8.4,4.9,22.285714285714285,1.0,0.0,0.4,0.6,Moderate,Low
1426293,2024-05-06,2024,1,Sunrisers Hyderabad,Mumbai Indians,Sanvir Singh,8,7,0,0,114.28571428571428,Mumbai Indians,4.0,133.33333333333331,5.5,125.0,2,5.5,5.5,4.0,1.0,0.0,0.5,0.5,Low,Low
1426293,2024-05-06,2024,1,Sunrisers Hyderabad,Mumbai Indians,Shahbaz Ahmed,10,12,0,0,83.33333333333334,Mumbai Indians,7.0,140.0,15.53125,119.14317854426749,32,27.6,18.5,1.0,1.0,0.0,1.0,1.6,Low,Low
1426293,2024-05-06,2024,1,Sunrisers Hyderabad,Mumbai Indians,TM Head,48,28,7,1,171.42857142857142,Mumbai Indians,58.0,131.8181818181818,31.63157894736842,138.4596422443806,19,52.6,39.8,37.0,6.0,3.0,5.4,3.6,High,Low
1426293,2024-05-06,2024,2,Mumbai Indians,Sunrisers Hyderabad,Ishan Kishan,9,7,2,0,128.57142857142858,Sunrisers Hyderabad,13.0,185.7142857142857,26.885416666666668,118.00949407754314,96,14.6,25.7,31.33333333333333,1.0,1.0,1.8,0.2,Low,Low
1426293,2024-05-06,2024,2,Mumbai Indians,Sunrisers Hyderabad,Naman Dhir,0,9,0,0,0.0,Sunrisers Hyderabad,11.0,100.0,15.25,128.57142857142856,4,15.25,15.25,30.0,2.0,0.0,1.75,0.75,Low,Low
1426293,2024-05-06,2024,2,Mumbai Indians,Sunrisers Hyderabad,RG Sharma,4,5,1,0,80.0,Sunrisers Hyderabad,11.0,91.66666666666666,26.26104417670683,112.447691028712,249,13.0,28.3,19.772727272727277,0.0,1.0,1.0,0.8,Low,Low
1426293,2024-05-06,2024,2,Mumbai Indians,Sunrisers Hyderabad,SA Yadav,102,51,12,6,200.0,Sunrisers Hyderabad,56.0,164.70588235294116,26.172932330827063,134.6890962347079,133,36.0,32.6,20.75,6.0,2.0,3.6,1.6,High,Low
1426293,2024-05-06,2024,2,Mumbai Indians,Sunrisers Hyderabad,Tilak Varma,37,32,6,0,115.625,Sunrisers Hyderabad,4.0,66.66666666666666,30.194444444444443,138.64757283760824,36,34.6,32.2,36.333333333333336,0.0,0.0,2.4,1.8,Moderate,Low
1426294,2024-05-07,2024,1,Delhi Capitals,Rajasthan Royals,AR Patel,15,10,1,1,150.0,Rajasthan Royals,15.0,71.42857142857143,14.376146788990823,125.65731134327756,109,21.2,16.4,9.454545454545457,2.0,0.0,1.6,1.0,Low,Low
1426294,2024-05-07,2024,1,Delhi Capitals,Rajasthan Royals,Abishek Porel,65,36,7,3,180.5555555555556,Rajasthan Royals,18.0,120.0,18.07692307692308,133.55503815181234,13,30.4,20.7,8.0,2.0,1.0,3.8,0.8,High,Low
1426294,2024-05-07,2024,1,Delhi Capitals,Rajasthan Royals,Gulbadin Naib,19,15,1,1,126.66666666666666,Rajasthan Royals,0.0,0.0,0.0,0.0,0,0.0,0.0,0.0,0.0,0.0,0.0,0.0,Low,Low
1426294,2024-05-07,2024,1,Delhi Capitals,Rajasthan Royals,J Fraser-McGurk,50,20,7,3,250.0,Rajasthan Royals,12.0,200.0,43.16666666666666,234.2694342694343,6,40.8,43.16666666666666,0.0,1.0,1.0,4.2,3.6,High,Low
1426294,2024-05-07,2024,1,Delhi Capitals,Rajasthan Royals,Kuldeep Yadav,5,2,1,0,250.0,Rajasthan Royals,35.0,134.6153846153846,5.733333333333333,69.85107943312278,30,9.2,5.7,1.5,5.0,1.0,1.0,0.2,Low,Low
1426294,2024-05-07,2024,1,Delhi Capitals,Rajasthan Royals,RR Pant,15,13,0,1,115.38461538461536,Rajasthan Royals,27.0,135.0,29.27027027027027,134.8458786950108,111,40.8,38.0,38.5,2.0,1.0,3.0,2.6,Low,Low
1426294,2024-05-07,2024,1,Delhi Capitals,Rajasthan Royals,Rasikh Salam,9,3,2,0,300.0,Rajasthan Royals,8.0,80.0,5.25,85.41666666666667,4,5.25,5.25,0.0,1.0,0.0,0.5,0.0,Low,Low
1426294,2024-05-07,2024,1,Delhi Capitals,Rajasthan Royals,SD Hope,1,1,0,0,100.0,Rajasthan Royals,6.0,200.0,19.166666666666668,159.41830065359477,6,16.4,19.166666666666668,0.0,0.0,1.0,0.6,1.6,Low,Low
1426294,2024-05-07,2024,1,Delhi Capitals,Rajasthan Royals,T Stubbs,41,20,3,3,205.0,Rajasthan Royals,4.0,57.14285714285714,21.714285714285715,131.94403649512847,14,20.6,27.7,44.0,0.0,0.0,1.8,1.0,High,Low
1426294,2024-05-07,2024,2,Rajasthan Royals,Delhi Capitals,Avesh Khan,7,3,1,0,233.33333333333331,Delhi Capitals,0.0,0.0,4.428571428571429,148.57142857142858,7,4.4,4.428571428571429,0.0,0.0,0.0,0.0,0.6,Low,Low
1426294,2024-05-07,2024,2,Rajasthan Royals,Delhi Capitals,D Ferreira,1,3,0,0,33.33333333333333,Delhi Capitals,0.0,0.0,0.0,0.0,0,0.0,0.0,0.0,0.0,0.0,0.0,0.0,Low,Low
1426294,2024-05-07,2024,2,Rajasthan Royals,Delhi Capitals,JC Buttler,19,17,2,1,111.76470588235294,Delhi Capitals,0.0,0.0,33.74285714285714,127.92986302347556,105,36.8,31.9,35.714285714285715,0.0,0.0,3.8,1.4,Low,Low
1426294,2024-05-07,2024,2,Rajasthan Royals,Delhi Capitals,R Ashwin,2,3,0,0,66.66666666666666,Delhi Capitals,2.0,100.0,9.047058823529412,108.2098059670546,85,11.4,9.1,24.5,0.0,0.0,0.4,0.6,Low,Low
1426294,2024-05-07,2024,2,Rajasthan Royals,Delhi Capitals,R Parag,27,22,1,3,122.72727272727272,Delhi Capitals,77.0,160.41666666666669,19.0377358490566,117.46887933925645,53,44.8,42.9,19.875,8.0,4.0,3.2,2.6,Moderate,Low
1426294,2024-05-07,2024,2,Rajasthan Royals,Delhi Capitals,R Powell,13,10,1,1,130.0,Delhi Capitals,27.0,180.0,17.833333333333332,120.04532368502956,18,14.0,18.6,0.0,3.0,1.0,1.4,0.8,Low,Low
1426294,2024-05-07,2024,2,Rajasthan Royals,Delhi Capitals,SB Dubey,25,12,2,2,208.33333333333331,Delhi Capitals,8.0,133.33333333333331,8.0,133.33333333333331,1,8.0,8.0,0.0,1.0,0.0,1.0,0.0,Moderate,Low
1426294,2024-05-07,2024,2,Rajasthan Royals,Delhi Capitals,SV Samson,86,45,8,6,191.11111111111111,Delhi Capitals,0.0,0.0,27.21656050955414,118.10543948252167,157,27.8,38.5,19.55555555555556,0.0,0.0,2.4,1.4,High,Low
1426294,2024-05-07,2024,2,Rajasthan Royals,Delhi Capitals,TA Boult,2,3,0,0,66.66666666666666,Delhi Capitals,0.0,0.0,3.631578947368421,82.43810283283968,19,3.2,5.3,2.0,0.0,0.0,0.2,0.2,Low,Low
1426294,2024-05-07,2024,2,Rajasthan Royals,Delhi Capitals,YBK Jaiswal,4,2,1,0,200.0,Delhi Capitals,67.0,171.7948717948718,31.659574468085108,126.8579942664464,47,50.6,31.6,24.6,7.0,2.0,5.2,2.2,Low,Low
1426295,2024-05-08,2024,1,Lucknow Super Giants,Sunrisers Hyderabad,A Badoni,55,30,9,0,183.3333333333333,Sunrisers Hyderabad,15.0,125.0,17.21875,118.0317108488503,32,24.6,15.3,19.0,0.0,1.0,1.8,0.6,High,Low
1426295,2024-05-08,2024,1,Lucknow Super Giants,Sunrisers Hyderabad,KH Pandya,24,21,0,2,114.28571428571428,Sunrisers Hyderabad,5.0,83.33333333333334,15.317307692307692,122.21350106066446,104,6.2,9.6,17.615384615384617,0.0,0.0,0.2,0.0,Moderate,Low
1426295,2024-05-08,2024,1,Lucknow Super Giants,Sunrisers Hyderabad,KL Rahul,29,33,1,1,87.87878787878788,Sunrisers Hyderabad,25.0,119.04761904761904,38.01652892561984,122.41695783462328,121,45.4,37.3,35.666666666666664,3.0,0.0,4.8,1.4,Moderate,Low
1426295,2024-05-08,2024,1,Lucknow Super Giants,Sunrisers Hyderabad,MP Stoinis,3,5,0,0,60.0,Sunrisers Hyderabad,36.0,171.42857142857142,21.529411764705884,119.74593526834212,85,46.0,34.9,17.666666666666668,4.0,2.0,5.0,2.0,Low,Low
1426295,2024-05-08,2024,1,Lucknow Super Giants,Sunrisers Hyderabad,N Pooran,48,26,6,1,184.6153846153846,Sunrisers Hyderabad,10.0,125.0,22.323943661971832,135.89018046219215,71,18.4,25.1,32.166666666666664,0.0,1.0,1.6,0.8,High,Low
1426295,2024-05-08,2024,1,Lucknow Super Giants,Sunrisers Hyderabad,Q de Kock,2,5,0,0,40.0,Sunrisers Hyderabad,8.0,266.66666666666663,29.67924528301887,117.76282732800452,106,18.2,26.4,33.416666666666664,2.0,0.0,2.6,0.2,Low,Low
1426295,2024-05-08,2024,2,Sunrisers Hyderabad,Lucknow Super Giants,Abhishek Sharma,75,28,8,6,267.85714285714283,Lucknow Super Giants,11.0,68.75,21.767857142857142,134.11724605293276,56,23.0,29.4,10.0,0.0,1.0,1.2,2.2,High,Low
1426295,2024-05-08,2024,2,Sunrisers Hyderabad,Lucknow Super Giants,TM Head,89,30,8,8,296.6666666666667,Lucknow Super Giants,48.0,171.42857142857142,32.45,140.1080887035901,20,41.8,44.4,0.0,7.0,1.0,5.0,2.2,High,Low
1426296,2024-05-09,2024,1,Royal Challengers Bengaluru,Punjab Kings,C Green,46,27,5,1,170.37037037037038,Punjab Kings,1.0,50.0,23.5,130.36147308756205,24,11.6,18.3,31.0,0.0,0.0,1.2,0.2,High,Low
1426296,2024-05-09,2024,1,Royal Challengers Bengaluru,Punjab Kings,F du Plessis,9,7,2,0,128.57142857142858,Punjab Kings,64.0,278.2608695652174,33.47014925373134,122.44119401124456,134,36.4,31.7,49.5,10.0,3.0,4.4,2.2,Low,Low
1426296,2024-05-09,2024,1,Royal Challengers Bengaluru,Punjab Kings,KD Karthik,18,6,1,2,300.0,Punjab Kings,21.0,175.0,20.77922077922078,120.68632371702526,231,38.6,28.3,16.833333333333332,3.0,0.0,3.6,2.4,Low,Low
1426296,2024-05-09,2024,1,Royal Challengers Bengaluru,Punjab Kings,MK Lomror,0,2,0,0,0.0,Punjab Kings,7.0,175.0,15.548387096774194,125.5959168024862,31,12.6,13.7,18.25,1.0,0.0,1.0,1.0,Low,Low
1426296,2024-05-09,2024,1,Royal Challengers Bengaluru,Punjab Kings,RM Patidar,55,23,3,6,239.1304347826087,Punjab Kings,2.0,66.66666666666666,30.85,131.22201419645938,20,32.6,27.1,25.0,0.0,0.0,1.6,3.0,High,Low
1426296,2024-05-09,2024,1,Royal Challengers Bengaluru,Punjab Kings,Swapnil Singh,1,1,0,0,100.0,Punjab Kings,15.0,166.66666666666669,6.833333333333333,95.91503267973856,6,8.2,6.833333333333333,0.0,2.0,1.0,0.6,0.4,Low,Low
1426296,2024-05-09,2024,1,Royal Challengers Bengaluru,Punjab Kings,V Kohli,92,47,7,6,195.74468085106383,Punjab Kings,42.0,155.55555555555557,32.29338842975206,117.99709206993724,242,44.6,52.1,42.833333333333336,2.0,4.0,3.8,2.4,High,Low
1426296,2024-05-09,2024,1,Royal Challengers Bengaluru,Punjab Kings,WG Jacks,12,7,1,1,171.42857142857142,Punjab Kings,1.0,33.33333333333333,29.5,138.36805555555554,6,33.8,29.5,0.0,0.0,0.0,2.0,3.0,Low,Low
1426296,2024-05-09,2024,2,Punjab Kings,Royal Challengers Bengaluru,Arshdeep Singh,4,3,1,0,133.33333333333331,Royal Challengers Bengaluru,2.0,100.0,2.5,56.96078431372549,10,2.6,2.5,0.0,0.0,0.0,0.4,0.0,Low,Low
1426296,2024-05-09,2024,2,Punjab Kings,Royal Challengers Bengaluru,Ashutosh Sharma,8,5,0,1,160.0,Royal Challengers Bengaluru,3.0,30.0,27.0,151.8558320764203,6,26.2,27.0,0.0,0.0,0.0,1.2,2.4,Low,Low
1426296,2024-05-09,2024,2,Punjab Kings,Royal Challengers Bengaluru,HV Patel,0,1,0,0,0.0,Royal Challengers Bengaluru,12.0,92.3076923076923,6.916666666666667,105.2356249415073,36,3.8,4.3,0.0,1.0,1.0,0.2,0.4,Low,Low
1426296,2024-05-09,2024,2,Punjab Kings,Royal Challengers Bengaluru,JM Bairstow,27,16,4,1,168.75,Royal Challengers Bengaluru,7.0,116.66666666666669,32.25,131.43735322261418,48,35.2,28.0,8.0,1.0,0.0,3.4,2.0,Moderate,Low
1426296,2024-05-09,2024,2,Punjab Kings,Royal Challengers Bengaluru,JM Sharma,5,4,1,0,125.0,Royal Challengers Bengaluru,0.0,0.0,20.33333333333333,144.96262418092613,33,14.0,17.2,27.0,0.0,0.0,0.6,0.8,Low,Low
1426296,2024-05-09,2024,2,Punjab Kings,Royal Challengers Bengaluru,LS Livingstone,0,2,0,0,0.0,Royal Challengers Bengaluru,6.0,66.66666666666666,24.710526315789476,137.10943140829397,38,14.6,23.3,17.0,1.0,0.0,1.2,0.8,Low,Low
1426296,2024-05-09,2024,2,Punjab Kings,Royal Challengers Bengaluru,P Simran Singh,6,4,1,0,150.0,Royal Challengers Bengaluru,30.0,130.43478260869566,21.70967741935484,123.33193972884116,31,26.4,22.5,25.0,2.0,2.0,2.0,2.2,Low,Low
1426296,2024-05-09,2024,2,Punjab Kings,Royal Challengers Bengaluru,RD Chahar,5,5,1,0,100.0,Royal Challengers Bengaluru,16.0,160.0,5.904761904761905,77.5453514739229,21,8.6,9.3,0.0,2.0,1.0,0.8,0.4,Low,Low
1426296,2024-05-09,2024,2,Punjab Kings,Royal Challengers Bengaluru,RR Rossouw,61,27,9,3,225.9259259259259,Royal Challengers Bengaluru,0.0,0.0,17.94736842105263,100.37357151201545,19,15.8,23.6,0.0,0.0,0.0,1.6,0.8,High,Low
1426296,2024-05-09,2024,2,Punjab Kings,Royal Challengers Bengaluru,SM Curran,22,16,2,0,137.5,Royal Challengers Bengaluru,7.0,63.63636363636363,17.347826086956523,125.86520379914786,46,13.0,18.5,23.0,0.0,0.0,1.2,0.0,Moderate,Low
1426296,2024-05-09,2024,2,Punjab Kings,Royal Challengers Bengaluru,Shashank Singh,37,19,4,2,194.73684210526315,Royal Challengers Bengaluru,27.0,135.0,24.0,153.82035361668983,16,33.8,31.5,21.0,4.0,0.0,1.8,2.4,Moderate,Low
1426297,2024-05-10,2024,1,Gujarat Titans,Chennai Super Kings,B Sai Sudharsan,103,51,5,8,201.96078431372547,Chennai Super Kings,6.0,42.85714285714285,38.79166666666666,131.83705081692435,24,39.6,37.9,51.66666666666666,0.0,0.0,4.0,1.2,High,Low
1426297,2024-05-10,2024,1,Gujarat Titans,Chennai Super Kings,DA Miller,16,11,1,0,145.45454545454547,Chennai Super Kings,30.0,150.0,23.642276422764223,124.78767252847878,123,23.4,20.4,27.785714285714285,3.0,2.0,2.2,1.2,Low,Low
1426297,2024-05-10,2024,1,Gujarat Titans,Chennai Super Kings,M Shahrukh Khan,2,3,0,0,66.66666666666666,Chennai Super Kings,37.0,154.16666666666669,15.305555555555555,140.03786417948822,36,22.2,19.5,15.75,5.0,1.0,1.6,1.6,Low,Low
1426297,2024-05-10,2024,1,Gujarat Titans,Chennai Super Kings,Shubman Gill,104,55,9,6,189.0909090909091,Chennai Super Kings,2.0,28.57142857142857,31.755102040816325,120.9685036309528,98,13.4,29.1,24.857142857142858,0.0,0.0,1.8,0.0,High,Low
1426297,2024-05-10,2024,2,Chennai Super Kings,Gujarat Titans,AM Rahane,1,5,0,0,20.0,Gujarat Titans,9.0,128.57142857142858,27.266272189349117,105.41933058558428,169,16.8,20.8,18.666666666666668,1.0,0.0,2.4,0.2,Low,Low
1426297,2024-05-10,2024,2,Chennai Super Kings,Gujarat Titans,DJ Mitchell,63,34,7,3,185.29411764705884,Gujarat Titans,30.0,157.89473684210526,21.83333333333333,118.85351612325296,12,22.2,22.9,24.0,2.0,1.0,2.2,0.4,High,Low
1426297,2024-05-10,2024,2,Chennai Super Kings,Gujarat Titans,MJ Santner,0,2,0,0,0.0,Gujarat Titans,11.0,100.0,7.444444444444445,112.74204028589992,9,3.0,7.444444444444445,1.0,1.0,0.0,0.2,0.0,Low,Low
1426297,2024-05-10,2024,2,Chennai Super Kings,Gujarat Titans,MM Ali,56,36,4,4,155.55555555555557,Gujarat Titans,17.0,85.0,19.92727272727273,120.4280462161989,55,14.4,13.7,13.5,2.0,0.0,0.6,1.0,High,Low
1426297,2024-05-10,2024,2,Chennai Super Kings,Gujarat Titans,MS Dhoni,26,11,1,3,236.3636363636364,Gujarat Titans,0.0,0.0,22.97345132743363,132.16984414052402,226,10.2,11.0,5.5,0.0,0.0,1.2,0.6,Moderate,Low
1426297,2024-05-10,2024,2,Chennai Super Kings,Gujarat Titans,R Ravindra,1,2,0,0,50.0,Gujarat Titans,0.0,0.0,19.0,135.0595238095238,7,10.0,19.0,46.0,0.0,0.0,1.4,0.2,Low,Low
1426297,2024-05-10,2024,2,Chennai Super Kings,Gujarat Titans,RA Jadeja,18,10,2,1,180.0,Gujarat Titans,43.0,165.3846153846154,16.350282485875706,132.11981400394606,177,29.8,23.9,13.4,3.0,2.0,2.8,0.6,Low,Low
1426297,2024-05-10,2024,2,Chennai Super Kings,Gujarat Titans,RD Gaikwad,0,3,0,0,0.0,Gujarat Titans,32.0,152.38095238095238,37.70967741935484,115.36485185771544,62,63.4,52.6,58.333333333333336,4.0,1.0,6.4,1.8,Low,Low
1426297,2024-05-10,2024,2,Chennai Super Kings,Gujarat Titans,S Dube,21,13,2,1,161.53846153846155,Gujarat Titans,0.0,0.0,25.103448275862068,126.1385650963099,58,21.6,31.6,20.33333333333333,0.0,0.0,0.8,2.2,Moderate,Low
1426297,2024-05-10,2024,2,Chennai Super Kings,Gujarat Titans,SN Thakur,3,4,0,0,75.0,Gujarat Titans,17.0,154.54545454545453,9.181818181818182,107.78798346361454,33,5.8,13.0,0.6666666666666666,2.0,1.0,0.6,0.2,Low,Low
1426298,2024-05-11,2024,1,Kolkata Knight Riders,Mumbai Indians,AD Russell,24,14,2,2,171.42857142857142,Mumbai Indians,12.0,150.0,23.692307692307693,152.07316748431683,104,16.6,20.7,16.5,1.0,1.0,1.8,0.8,Moderate,Low
1426298,2024-05-11,2024,1,Kolkata Knight Riders,Mumbai Indians,MA Starc,2,2,0,0,100.0,Mumbai Indians,0.0,0.0,6.866666666666666,92.49543295579102,15,1.6,3.8,2.5,0.0,0.0,0.2,0.0,Low,Low
1426298,2024-05-11,2024,1,Kolkata Knight Riders,Mumbai Indians,N Rana,33,23,4,1,143.47826086956522,Mumbai Indians,9.0,81.81818181818183,26.03,118.86405300388836,100,29.4,27.2,22.5,1.0,0.0,3.2,0.4,Moderate,Low
1426298,2024-05-11,2024,1,Kolkata Knight Riders,Mumbai Indians,PD Salt,6,5,0,1,120.0,Mumbai Indians,32.0,228.57142857142856,32.35,145.45227811404283,20,45.6,37.5,5.0,5.0,1.0,5.2,3.0,Low,Low
1426298,2024-05-11,2024,1,Kolkata Knight Riders,Mumbai Indians,RK Singh,20,12,0,2,166.66666666666669,Mumbai Indians,16.0,145.45454545454547,22.384615384615383,137.60564364941007,39,13.0,14.8,11.8,2.0,0.0,1.6,0.2,Moderate,Low
1426298,2024-05-11,2024,1,Kolkata Knight Riders,Mumbai Indians,Ramandeep Singh,17,8,1,1,212.5,Mumbai Indians,25.0,416.6666666666667,12.75,173.22916666666666,12,11.6,13.5,2.0,1.0,3.0,0.6,1.2,Low,Low
1426298,2024-05-11,2024,1,Kolkata Knight Riders,Mumbai Indians,SP Narine,0,1,0,0,0.0,Mumbai Indians,81.0,207.6923076923077,14.631067961165048,122.64960493507716,103,37.0,45.9,4.636363636363637,6.0,7.0,4.0,2.4,Low,Low
1426298,2024-05-11,2024,1,Kolkata Knight Riders,Mumbai Indians,SS Iyer,7,10,1,0,70.0,Mumbai Indians,23.0,153.33333333333334,27.321428571428573,113.05931608789383,112,28.0,28.0,22.41176470588235,3.0,0.0,3.0,1.0,Low,Low
1426298,2024-05-11,2024,1,Kolkata Knight Riders,Mumbai Indians,VR Iyer,42,21,6,2,200.0,Mumbai Indians,1.0,100.0,25.67391304347826,120.74504163678657,46,30.4,22.5,64.0,0.0,0.0,2.8,1.2,High,Low
1426298,2024-05-11,2024,2,Mumbai Indians,Kolkata Knight Riders,A Kamboj,2,2,0,0,100.0,Kolkata Knight Riders,0.0,0.0,0.0,0.0,0,0.0,0.0,0.0,0.0,0.0,0.0,0.0,Low,Low
1426298,2024-05-11,2024,2,Mumbai Indians,Kolkata Knight Riders,HH Pandya,2,4,0,0,50.0,Kolkata Knight Riders,1.0,33.33333333333333,19.503875968992247,141.3636765909998,129,13.4,18.7,30.23076923076923,0.0,0.0,1.0,0.8,Low,Low
1426298,2024-05-11,2024,2,Mumbai Indians,Kolkata Knight Riders,Ishan Kishan,40,22,5,2,181.8181818181818,Kolkata Knight Riders,9.0,128.57142857142858,26.701030927835053,118.11838000016051,97,14.8,23.2,27.125,2.0,0.0,2.0,0.2,High,Low
1426298,2024-05-11,2024,2,Mumbai Indians,Kolkata Knight Riders,N Wadhera,3,3,0,0,100.0,Kolkata Knight Riders,6.0,54.54545454545454,24.714285714285715,141.09096879413542,14,21.8,27.9,6.0,1.0,0.0,2.0,1.2,Low,Low
1426298,2024-05-11,2024,2,Mumbai Indians,Kolkata Knight Riders,Naman Dhir,17,6,1,2,283.33333333333337,Kolkata Knight Riders,0.0,0.0,12.2,102.85714285714285,5,12.2,12.2,11.0,0.0,0.0,1.4,0.6,Low,Low
1426298,2024-05-11,2024,2,Mumbai Indians,Kolkata Knight Riders,PP Chawla,1,2,0,0,50.0,Kolkata Knight Riders,0.0,0.0,7.329411764705882,105.83507161912736,85,2.8,3.9,7.125,0.0,0.0,0.2,0.2,Low,Low
1426298,2024-05-11,2024,2,Mumbai Indians,Kolkata Knight Riders,RG Sharma,19,23,1,1,82.6086956521739,Kolkata Knight Riders,4.0,80.0,26.172,112.31790026459716,250,6.6,26.1,32.84375,1.0,0.0,0.8,0.2,Low,Low
1426298,2024-05-11,2024,2,Mumbai Indians,Kolkata Knight Riders,SA Yadav,11,14,1,0,78.57142857142857,Kolkata Knight Riders,102.0,200.0,26.73880597014925,135.17649103892649,134,40.8,39.5,39.63636363636363,12.0,6.0,4.6,2.2,Low,Low
1426298,2024-05-11,2024,2,Mumbai Indians,Kolkata Knight Riders,TH David,0,3,0,0,0.0,Kolkata Knight Riders,24.0,120.0,19.38235294117647,151.69111597744816,34,22.6,24.1,20.33333333333333,1.0,1.0,1.6,1.2,Low,Low
1426298,2024-05-11,2024,2,Mumbai Indians,Kolkata Knight Riders,Tilak Varma,32,17,5,1,188.23529411764704,Kolkata Knight Riders,37.0,115.625,30.37837837837838,138.0253411392945,37,35.2,29.5,19.5,6.0,0.0,3.2,1.4,Moderate,Low
1426299,2024-05-12,2024,1,Rajasthan Royals,Chennai Super Kings,Dhruv Jurel,28,18,1,2,155.55555555555557,Chennai Super Kings,1.0,33.33333333333333,14.166666666666666,127.78364881306058,18,12.6,12.3,19.0,0.0,0.0,1.0,0.4,Moderate,Low
1426299,2024-05-12,2024,1,Rajasthan Royals,Chennai Super Kings,JC Buttler,21,25,2,0,84.0,Chennai Super Kings,19.0,111.76470588235294,33.60377358490566,127.77736154101214,106,39.0,33.8,38.44444444444444,2.0,1.0,4.2,1.6,Moderate,Low
1426299,2024-05-12,2024,1,Rajasthan Royals,Chennai Super Kings,R Ashwin,1,1,0,0,100.0,Chennai Super Kings,2.0,66.66666666666666,8.965116279069768,107.72674620774777,86,11.4,8.3,14.5,0.0,0.0,0.4,0.6,Low,Low
1426299,2024-05-12,2024,1,Rajasthan Royals,Chennai Super Kings,R Parag,47,35,1,3,134.28571428571428,Chennai Super Kings,27.0,122.72727272727272,19.185185185185187,117.56625699459006,54,35.0,43.6,8.75,1.0,3.0,2.8,2.2,High,Low
1426299,2024-05-12,2024,1,Rajasthan Royals,Chennai Super Kings,SB Dubey,0,1,0,0,0.0,Chennai Super Kings,25.0,208.33333333333331,16.5,170.83333333333331,2,16.5,16.5,0.0,2.0,2.0,1.5,1.0,Low,Low
1426299,2024-05-12,2024,1,Rajasthan Royals,Chennai Super Kings,SV Samson,15,19,0,0,78.94736842105263,Chennai Super Kings,86.0,191.11111111111111,27.588607594936708,118.56750069536086,158,41.4,38.9,15.285714285714286,8.0,6.0,3.8,2.4,Low,Low
1426299,2024-05-12,2024,1,Rajasthan Royals,Chennai Super Kings,YBK Jaiswal,24,21,3,1,114.28571428571428,Chennai Super Kings,4.0,200.0,31.08333333333333,128.3817860525621,48,43.6,29.6,40.4,1.0,0.0,4.6,2.2,Moderate,Low
1426299,2024-05-12,2024,2,Chennai Super Kings,Rajasthan Royals,DJ Mitchell,22,13,4,0,169.23076923076923,Rajasthan Royals,63.0,185.29411764705884,25.0,123.96433162508418,13,31.4,27.0,0.0,7.0,3.0,3.4,1.0,Moderate,Low
1426299,2024-05-12,2024,2,Chennai Super Kings,Rajasthan Royals,MM Ali,10,13,0,0,76.92307692307693,Rajasthan Royals,56.0,155.55555555555557,20.571428571428573,121.0553231686874,56,25.4,17.4,27.0,4.0,4.0,1.4,1.8,Low,Low
1426299,2024-05-12,2024,2,Chennai Super Kings,Rajasthan Royals,R Ravindra,27,18,1,2,150.0,Rajasthan Royals,1.0,50.0,16.75,124.42708333333331,8,9.8,16.75,0.0,0.0,0.0,1.4,0.2,Moderate,Low
1426299,2024-05-12,2024,2,Chennai Super Kings,Rajasthan Royals,RA Jadeja,5,6,0,0,83.33333333333334,Rajasthan Royals,18.0,180.0,16.359550561797754,132.38880381291267,178,27.2,23.5,16.0,2.0,1.0,2.4,0.8,Low,Low
1426299,2024-05-12,2024,2,Chennai Super Kings,Rajasthan Royals,RD Gaikwad,42,41,1,2,102.4390243902439,Rajasthan Royals,0.0,0.0,37.11111111111112,113.5336637329898,63,60.0,48.0,28.0,0.0,0.0,6.2,1.8,High,Low
1426299,2024-05-12,2024,2,Chennai Super Kings,Rajasthan Royals,S Dube,18,11,2,1,163.63636363636363,Rajasthan Royals,21.0,161.53846153846155,25.033898305084747,126.73856334109212,59,25.2,28.6,30.0,2.0,1.0,1.2,2.4,Low,Low
1426299,2024-05-12,2024,2,Chennai Super Kings,Rajasthan Royals,Sameer Rizvi,15,8,3,0,187.5,Rajasthan Royals,21.0,91.30434782608695,9.0,86.15942028985508,4,9.0,9.0,0.0,1.0,0.0,0.25,0.5,Low,Low
1426300,2024-05-12,2024,1,Royal Challengers Bengaluru,Delhi Capitals,C Green,32,24,1,2,133.33333333333331,Delhi Capitals,46.0,170.37037037037038,24.4,131.96182897887437,25,19.0,18.8,17.0,5.0,1.0,2.0,0.4,Moderate,Low
1426300,2024-05-12,2024,1,Royal Challengers Bengaluru,Delhi Capitals,F du Plessis,6,7,1,0,85.71428571428571,Delhi Capitals,9.0,128.57142857142858,33.28888888888889,122.4866031561348,135,25.8,32.3,27.6,2.0,0.0,3.4,1.4,Low,Low
1426300,2024-05-12,2024,1,Royal Challengers Bengaluru,Delhi Capitals,KD Karthik,0,2,0,0,0.0,Delhi Capitals,18.0,300.0,20.767241379310345,121.45922749410704,232,31.6,30.1,15.0,1.0,2.0,2.8,2.0,Low,Low
1426300,2024-05-12,2024,1,Royal Challengers Bengaluru,Delhi Capitals,KV Sharma,6,4,1,0,150.0,Delhi Capitals,20.0,285.7142857142857,9.18918918918919,115.09919377566436,37,5.6,8.0,0.0,0.0,3.0,0.0,0.6,Low,Low
1426300,2024-05-12,2024,1,Royal Challengers Bengaluru,Delhi Capitals,MK Lomror,13,8,0,1,162.5,Delhi Capitals,0.0,0.0,15.0625,121.6710444024085,32,6.0,8.3,21.6,0.0,0.0,0.4,0.4,Low,Low
1426300,2024-05-12,2024,1,Royal Challengers Bengaluru,Delhi Capitals,RM Patidar,52,32,3,3,162.5,Delhi Capitals,55.0,239.1304347826087,32.0,136.36051041484745,21,33.6,26.8,31.0,3.0,6.0,1.6,3.4,High,Low
1426300,2024-05-12,2024,1,Royal Challengers Bengaluru,Delhi Capitals,Swapnil Singh,0,1,0,0,0.0,Delhi Capitals,1.0,100.0,6.0,96.49859943977592,7,8.0,6.0,0.0,0.0,0.0,0.6,0.4,Low,Low
1426300,2024-05-12,2024,1,Royal Challengers Bengaluru,Delhi Capitals,V Kohli,27,13,1,3,207.6923076923077,Delhi Capitals,92.0,195.74468085106383,32.53909465020576,118.31704099496244,243,54.6,53.6,29.88888888888889,7.0,6.0,4.0,3.2,Moderate,Low
1426300,2024-05-12,2024,1,Royal Challengers Bengaluru,Delhi Capitals,WG Jacks,41,29,3,2,141.3793103448276,Delhi Capitals,12.0,171.42857142857142,27.0,143.0909863945578,7,34.8,27.0,0.0,1.0,1.0,2.0,3.2,High,Low
1426300,2024-05-12,2024,2,Delhi Capitals,Royal Challengers Bengaluru,AR Patel,57,39,5,3,146.15384615384613,Royal Challengers Bengaluru,15.0,150.0,14.38181818181818,125.87860851288414,110,22.6,16.4,0.0,1.0,1.0,1.6,1.2,High,Low
1426300,2024-05-12,2024,2,Delhi Capitals,Royal Challengers Bengaluru,Abishek Porel,2,3,0,0,66.66666666666666,Royal Challengers Bengaluru,65.0,180.5555555555556,21.428571428571427,136.91221796636543,14,35.2,26.7,0.0,7.0,3.0,4.2,1.4,Low,Low
1426300,2024-05-12,2024,2,Delhi Capitals,Royal Challengers Bengaluru,DA Warner,1,2,0,0,50.0,Royal Challengers Bengaluru,1.0,33.33333333333333,35.30107526881721,120.6589422059984,186,17.8,35.3,0.0,0.0,0.0,1.8,1.0,Low,Low
1426300,2024-05-12,2024,2,Delhi Capitals,Royal Challengers Bengaluru,I Sharma,0,4,0,0,0.0,Royal Challengers Bengaluru,1.0,33.33333333333333,2.85,104.0,20,3.6,2.4,0.0,0.0,0.0,0.4,0.2,Low,Low
1426300,2024-05-12,2024,2,Delhi Capitals,Royal Challengers Bengaluru,J Fraser-McGurk,21,8,2,2,262.5,Royal Challengers Bengaluru,50.0,250.0,44.142857142857146,236.51665794522935,7,46.8,44.142857142857146,0.0,7.0,3.0,5.2,3.8,Moderate,Low
1426300,2024-05-12,2024,2,Delhi Capitals,Royal Challengers Bengaluru,Kuldeep Yadav,6,10,0,0,60.0,Royal Challengers Bengaluru,5.0,250.0,5.709677419354839,75.6623349352801,31,8.2,6.2,0.0,1.0,0.0,1.2,0.2,Low,Low
1426300,2024-05-12,2024,2,Delhi Capitals,Royal Challengers Bengaluru,Kumar Kushagra,2,3,0,0,66.66666666666666,Royal Challengers Bengaluru,1.0,33.33333333333333,0.5,16.666666666666664,2,0.5,0.5,0.0,0.0,0.0,0.0,0.0,Low,Low
1426300,2024-05-12,2024,2,Delhi Capitals,Royal Challengers Bengaluru,Mukesh Kumar,3,7,0,0,42.85714285714285,Royal Challengers Bengaluru,0.0,0.0,1.75,46.42857142857143,4,1.75,1.75,0.0,0.0,0.0,0.0,0.0,Low,Low
1426300,2024-05-12,2024,2,Delhi Capitals,Royal Challengers Bengaluru,Rasikh Salam,10,12,1,0,83.33333333333334,Royal Challengers Bengaluru,9.0,300.0,6.0,128.33333333333334,5,6.0,6.0,0.0,2.0,0.0,0.8,0.0,Low,Low
1426300,2024-05-12,2024,2,Delhi Capitals,Royal Challengers Bengaluru,SD Hope,29,23,4,0,126.08695652173914,Royal Challengers Bengaluru,1.0,100.0,16.571428571428573,150.92997198879553,7,14.4,16.571428571428573,0.0,0.0,0.0,0.4,1.6,Moderate,Low
1426300,2024-05-12,2024,2,Delhi Capitals,Royal Challengers Bengaluru,T Stubbs,3,4,0,0,75.0,Royal Challengers Bengaluru,41.0,205.0,23.0,136.8144340621199,15,25.8,31.3,0.0,3.0,3.0,2.4,1.4,Low,Low
1426302,2024-05-14,2024,1,Delhi Capitals,Lucknow Super Giants,AR Patel,14,10,2,0,140.0,Lucknow Super Giants,57.0,146.15384615384613,14.765765765765764,126.06126831145136,111,32.8,20.0,29.0,5.0,3.0,2.6,1.8,Low,Low
1426302,2024-05-14,2024,1,Delhi Capitals,Lucknow Super Giants,Abishek Porel,58,33,5,4,175.75757575757575,Lucknow Super Giants,2.0,66.66666666666666,20.133333333333333,132.2291812130522,15,32.6,23.7,0.0,0.0,0.0,3.8,1.2,High,Low
1426302,2024-05-14,2024,1,Delhi Capitals,Lucknow Super Giants,J Fraser-McGurk,0,2,0,0,0.0,Lucknow Super Giants,21.0,262.5,41.25,239.7645757020757,8,38.0,41.25,55.0,2.0,2.0,4.6,2.8,Low,Low
1426302,2024-05-14,2024,1,Delhi Capitals,Lucknow Super Giants,RR Pant,33,23,5,0,143.47826086956522,Lucknow Super Giants,15.0,115.38461538461536,29.142857142857142,134.6721174154537,112,40.6,36.7,41.333333333333336,0.0,1.0,2.8,2.6,Moderate,Low
1426302,2024-05-14,2024,1,Delhi Capitals,Lucknow Super Giants,SD Hope,38,27,3,2,140.74074074074073,Lucknow Super Giants,29.0,126.08695652173914,18.125,147.82459505541348,8,16.4,18.125,11.0,4.0,0.0,1.0,1.2,Moderate,Low
1426302,2024-05-14,2024,1,Delhi Capitals,Lucknow Super Giants,T Stubbs,57,25,3,4,228.0,Lucknow Super Giants,3.0,75.0,21.75,132.9510319332374,16,24.4,27.2,15.0,0.0,0.0,2.4,1.4,High,Low
1426302,2024-05-14,2024,2,Lucknow Super Giants,Delhi Capitals,A Badoni,6,9,0,0,66.66666666666666,Delhi Capitals,55.0,183.3333333333333,18.363636363636363,120.01054789383464,33,24.6,20.7,27.666666666666668,9.0,0.0,2.6,0.4,Low,Low
1426302,2024-05-14,2024,2,Lucknow Super Giants,Delhi Capitals,Arshad Khan,58,33,3,5,175.75757575757575,Delhi Capitals,20.0,125.0,9.5,97.91666666666669,4,9.5,9.5,20.0,2.0,0.0,0.5,0.25,High,Low
1426302,2024-05-14,2024,2,Lucknow Super Giants,Delhi Capitals,DJ Hooda,0,2,0,0,0.0,Delhi Capitals,5.0,166.66666666666669,15.31578947368421,119.59596189213882,95,19.6,16.5,14.5,1.0,0.0,2.6,0.2,Low,Low
1426302,2024-05-14,2024,2,Lucknow Super Giants,Delhi Capitals,KH Pandya,18,18,2,0,100.0,Delhi Capitals,24.0,114.28571428571428,15.4,122.13799832947448,105,10.4,11.1,14.090909090909092,0.0,2.0,0.2,0.4,Low,Low
1426302,2024-05-14,2024,2,Lucknow Super Giants,Delhi Capitals,KL Rahul,5,3,1,0,166.66666666666669,Delhi Capitals,29.0,87.87878787878788,37.94262295081968,122.13385808088694,122,34.8,38.7,27.4,1.0,1.0,3.2,1.0,Low,Low
1426302,2024-05-14,2024,2,Lucknow Super Giants,Delhi Capitals,MP Stoinis,5,7,1,0,71.42857142857143,Delhi Capitals,3.0,60.0,21.313953488372093,119.05121509080324,86,45.0,33.3,16.8,0.0,0.0,4.8,2.0,Low,Low
1426302,2024-05-14,2024,2,Lucknow Super Giants,Delhi Capitals,N Pooran,61,27,6,4,225.9259259259259,Delhi Capitals,48.0,184.6153846153846,22.68055555555556,136.56691940876428,72,23.4,25.7,22.857142857142858,6.0,1.0,2.2,0.8,High,Low
1426302,2024-05-14,2024,2,Lucknow Super Giants,Delhi Capitals,Naveen-ul-Haq,2,4,0,0,50.0,Delhi Capitals,1.0,20.0,5.333333333333333,65.0,3,5.333333333333333,5.333333333333333,0.0,0.0,0.0,0.6666666666666666,0.0,Low,Low
1426302,2024-05-14,2024,2,Lucknow Super Giants,Delhi Capitals,Q de Kock,12,8,2,0,150.0,Delhi Capitals,2.0,40.0,29.42056074766355,117.03607193241572,107,14.8,23.8,31.272727272727277,0.0,0.0,1.8,0.2,Low,Low
1426302,2024-05-14,2024,2,Lucknow Super Giants,Delhi Capitals,Ravi Bishnoi,2,2,0,0,100.0,Delhi Capitals,2.0,66.66666666666666,2.3076923076923075,71.33699633699634,13,2.2,2.2,0.0,0.0,0.0,0.2,0.0,Low,Low
1426302,2024-05-14,2024,2,Lucknow Super Giants,Delhi Capitals,Yudhvir Singh,14,7,1,1,200.0,Delhi Capitals,7.0,100.0,2.6666666666666665,66.66666666666667,3,2.6666666666666665,2.6666666666666665,0.0,0.0,1.0,0.0,0.3333333333333333,Low,Low
1426303,2024-05-15,2024,1,Rajasthan Royals,Punjab Kings,Avesh Khan,3,2,0,0,150.0,Punjab Kings,7.0,233.33333333333331,4.75,159.16666666666666,8,4.4,4.75,2.0,1.0,0.0,0.2,0.4,Low,Low
1426303,2024-05-15,2024,1,Rajasthan Royals,Punjab Kings,D Ferreira,7,8,0,0,87.5,Punjab Kings,1.0,33.33333333333333,1.0,33.33333333333333,1,1.0,1.0,0.0,0.0,0.0,0.0,0.0,Low,Low
1426303,2024-05-15,2024,1,Rajasthan Royals,Punjab Kings,Dhruv Jurel,0,1,0,0,0.0,Punjab Kings,28.0,155.55555555555557,14.894736842105264,129.24532811529716,19,17.8,14.2,16.0,1.0,2.0,1.2,0.8,Low,Low
1426303,2024-05-15,2024,1,Rajasthan Royals,Punjab Kings,R Ashwin,28,19,3,1,147.36842105263156,Punjab Kings,1.0,100.0,8.873563218390805,107.63793303294604,87,5.8,8.1,0.0,0.0,0.0,0.4,0.0,Moderate,Low
1426303,2024-05-15,2024,1,Rajasthan Royals,Punjab Kings,R Parag,48,34,6,0,141.1764705882353,Punjab Kings,47.0,134.28571428571428,19.69090909090909,117.87024712715596,55,39.8,44.0,15.333333333333334,1.0,3.0,2.8,2.6,High,Low
1426303,2024-05-15,2024,1,Rajasthan Royals,Punjab Kings,R Powell,4,5,1,0,80.0,Punjab Kings,13.0,130.0,17.57894736842105,120.56925401739645,19,16.2,13.2,6.5,1.0,1.0,1.6,1.0,Low,Low
1426303,2024-05-15,2024,1,Rajasthan Royals,Punjab Kings,SV Samson,18,15,3,0,120.0,Punjab Kings,15.0,78.94736842105263,27.50943396226415,118.31831747350984,159,42.0,38.9,34.666666666666664,0.0,0.0,3.4,2.4,Low,Low
1426303,2024-05-15,2024,1,Rajasthan Royals,Punjab Kings,T Kohler-Cadmore,18,23,2,1,78.26086956521739,Punjab Kings,0.0,0.0,0.0,0.0,0,0.0,0.0,0.0,0.0,0.0,0.0,0.0,Low,Low
1426303,2024-05-15,2024,1,Rajasthan Royals,Punjab Kings,TA Boult,12,9,2,0,133.33333333333331,Punjab Kings,2.0,66.66666666666666,3.55,81.64953102453102,20,3.6,5.0,1.0,0.0,0.0,0.2,0.2,Low,Low
1426303,2024-05-15,2024,1,Rajasthan Royals,Punjab Kings,YBK Jaiswal,4,4,1,0,100.0,Punjab Kings,24.0,114.28571428571428,30.93877551020408,128.09411111854482,49,44.6,31.5,43.4,3.0,1.0,4.6,2.2,Low,Low
1426303,2024-05-15,2024,2,Punjab Kings,Rajasthan Royals,Ashutosh Sharma,17,11,1,1,154.54545454545453,Rajasthan Royals,8.0,160.0,24.285714285714285,153.0192846369317,7,21.2,24.285714285714285,31.0,0.0,1.0,0.6,2.2,Low,Low
1426303,2024-05-15,2024,2,Punjab Kings,Rajasthan Royals,JM Bairstow,14,22,1,0,63.63636363636363,Rajasthan Royals,27.0,168.75,32.142857142857146,132.19883580990776,49,40.6,28.4,28.666666666666668,4.0,1.0,4.2,2.2,Low,Low
1426303,2024-05-15,2024,2,Punjab Kings,Rajasthan Royals,JM Sharma,22,20,0,2,110.0,Rajasthan Royals,5.0,125.0,19.88235294117647,144.37548817560477,34,11.2,13.3,34.5,1.0,0.0,0.6,0.6,Moderate,Low
1426303,2024-05-15,2024,2,Punjab Kings,Rajasthan Royals,P Simran Singh,6,4,1,0,150.0,Rajasthan Royals,6.0,150.0,21.21875,124.16531661231488,32,27.6,20.6,24.0,1.0,0.0,2.2,2.2,Low,Low
1426303,2024-05-15,2024,2,Punjab Kings,Rajasthan Royals,RR Rossouw,22,13,5,0,169.23076923076923,Rajasthan Royals,61.0,225.9259259259259,20.1,106.65118923271098,20,27.8,26.2,14.0,9.0,3.0,3.4,1.4,Moderate,Low
1426303,2024-05-15,2024,2,Punjab Kings,Rajasthan Royals,SM Curran,63,41,5,3,153.65853658536585,Rajasthan Royals,22.0,137.5,17.4468085106383,126.11275265448512,47,16.2,14.4,18.0,2.0,0.0,1.6,0.0,High,Low
1426303,2024-05-15,2024,2,Punjab Kings,Rajasthan Royals,Shashank Singh,0,2,0,0,0.0,Rajasthan Royals,37.0,194.73684210526315,24.764705882352946,156.22720588072357,17,33.0,33.1,9.0,4.0,2.0,2.2,2.2,Low,Low
1426305,2024-05-17,2024,1,Lucknow Super Giants,Mumbai Indians,A Badoni,22,10,1,2,220.00000000000003,Mumbai Indians,6.0,66.66666666666666,18.0,118.44161021068264,34,20.0,21.2,7.0,0.0,0.0,2.2,0.2,Moderate,Low
1426305,2024-05-17,2024,1,Lucknow Super Giants,Mumbai Indians,Arshad Khan,0,1,0,0,0.0,Mumbai Indians,58.0,175.75757575757575,19.2,113.4848484848485,5,19.2,19.2,0.0,3.0,5.0,1.0,1.2,Low,Low
1426305,2024-05-17,2024,1,Lucknow Super Giants,Mumbai Indians,D Padikkal,0,1,0,0,0.0,Mumbai Indians,13.0,72.22222222222221,24.746031746031747,104.60189075284784,63,7.6,10.7,25.33333333333333,0.0,0.0,0.6,0.0,Low,Low
1426305,2024-05-17,2024,1,Lucknow Super Giants,Mumbai Indians,DJ Hooda,11,9,1,0,122.22222222222224,Mumbai Indians,0.0,0.0,15.15625,118.35017062242903,96,18.0,15.4,14.785714285714286,0.0,0.0,2.4,0.2,Low,Low
1426305,2024-05-17,2024,1,Lucknow Super Giants,Mumbai Indians,KH Pandya,12,7,1,1,171.42857142857142,Mumbai Indians,18.0,100.0,15.424528301886792,121.92914928863036,106,12.6,12.1,12.0,2.0,0.0,0.6,0.4,Low,Low
1426305,2024-05-17,2024,1,Lucknow Super Giants,Mumbai Indians,KL Rahul,55,41,3,3,134.14634146341464,Mumbai Indians,5.0,166.66666666666669,37.67479674796748,122.49591343524288,123,32.6,37.2,49.94444444444444,1.0,0.0,3.2,0.8,High,Low
1426305,2024-05-17,2024,1,Lucknow Super Giants,Mumbai Indians,MP Stoinis,28,22,5,0,127.27272727272728,Mumbai Indians,5.0,71.42857142857143,21.1264367816092,118.50382838204196,87,21.2,31.4,24.0,1.0,0.0,2.4,0.8,Moderate,Low
1426305,2024-05-17,2024,1,Lucknow Super Giants,Mumbai Indians,N Pooran,75,29,5,8,258.62068965517244,Mumbai Indians,61.0,225.9259259259259,23.2054794520548,137.79101538845143,73,28.8,27.8,16.25,6.0,4.0,2.8,1.2,High,Low
1426305,2024-05-17,2024,2,Mumbai Indians,Lucknow Super Giants,D Brevis,23,20,1,2,115.0,Lucknow Super Giants,0.0,0.0,23.0,112.23745455324404,9,18.0,23.0,17.0,0.0,0.0,0.6,1.2,Moderate,Low
1426305,2024-05-17,2024,2,Mumbai Indians,Lucknow Super Giants,HH Pandya,16,13,1,1,123.07692307692308,Lucknow Super Giants,2.0,50.0,19.369230769230768,140.66087907876135,130,11.8,16.5,27.0,0.0,0.0,1.0,0.6,Low,Low
1426305,2024-05-17,2024,2,Mumbai Indians,Lucknow Super Giants,Ishan Kishan,14,15,1,0,93.33333333333331,Lucknow Super Giants,40.0,181.8181818181818,26.836734693877556,118.76837797789544,98,22.8,25.6,25.4,5.0,2.0,3.0,0.6,Low,Low
1426305,2024-05-17,2024,2,Mumbai Indians,Lucknow Super Giants,N Wadhera,1,3,0,0,33.33333333333333,Lucknow Super Giants,3.0,100.0,23.266666666666666,138.35157087452637,15,21.6,21.8,28.33333333333333,0.0,0.0,1.8,1.2,Low,Low
1426305,2024-05-17,2024,2,Mumbai Indians,Lucknow Super Giants,Naman Dhir,62,27,4,5,229.6296296296296,Lucknow Super Giants,17.0,283.33333333333337,13.0,132.93650793650795,6,11.6,13.0,0.0,1.0,2.0,1.0,0.8,High,Low
1426305,2024-05-17,2024,2,Mumbai Indians,Lucknow Super Giants,R Shepherd,1,1,0,0,100.0,Lucknow Super Giants,1.0,50.0,14.25,144.88095238095238,8,11.2,14.25,8.0,0.0,0.0,1.0,1.0,Low,Low
1426305,2024-05-17,2024,2,Mumbai Indians,Lucknow Super Giants,RG Sharma,68,38,10,3,178.94736842105263,Lucknow Super Giants,19.0,82.6086956521739,26.14342629482072,112.19953689960744,251,9.2,28.0,19.4,1.0,1.0,0.8,0.4,High,Low
1426305,2024-05-17,2024,2,Mumbai Indians,Lucknow Super Giants,SA Yadav,0,3,0,0,0.0,Lucknow Super Giants,11.0,78.57142857142857,26.622222222222224,134.75719427990796,135,41.0,34.5,18.8,1.0,0.0,4.4,2.2,Low,Low
1426306,2024-05-18,2024,1,Royal Challengers Bengaluru,Chennai Super Kings,C Green,38,17,3,3,223.52941176470588,Chennai Super Kings,32.0,133.33333333333331,24.692307692307693,132.01457914635355,26,24.4,19.0,12.0,1.0,2.0,2.2,0.8,Moderate,Low
1426306,2024-05-18,2024,1,Royal Challengers Bengaluru,Chennai Super Kings,F du Plessis,54,39,3,3,138.46153846153845,Chennai Super Kings,6.0,85.71428571428571,33.088235294117645,122.2162184690624,136,25.6,32.1,35.75,1.0,0.0,3.4,1.4,High,Low
1426306,2024-05-18,2024,1,Royal Challengers Bengaluru,Chennai Super Kings,GJ Maxwell,16,5,2,1,320.0,Chennai Super Kings,4.0,133.33333333333331,21.700787401574804,125.42381866847995,127,6.6,10.6,28.0,1.0,0.0,0.8,0.2,Low,Low
1426306,2024-05-18,2024,1,Royal Challengers Bengaluru,Chennai Super Kings,KD Karthik,14,6,1,1,233.33333333333331,Chennai Super Kings,0.0,0.0,20.678111587982837,120.93794325593493,233,15.0,26.3,23.766666666666666,0.0,0.0,1.8,0.6,Low,Low
1426306,2024-05-18,2024,1,Royal Challengers Bengaluru,Chennai Super Kings,MK Lomror,0,1,0,0,0.0,Chennai Super Kings,13.0,162.5,15.0,122.9082854811234,33,8.6,9.5,21.0,0.0,1.0,0.4,0.6,Low,Low
1426306,2024-05-18,2024,1,Royal Challengers Bengaluru,Chennai Super Kings,RM Patidar,41,23,2,4,178.26086956521738,Chennai Super Kings,52.0,162.5,32.90909090909091,137.54866903235438,22,42.2,32.0,10.5,3.0,3.0,2.2,3.8,High,Low
1426306,2024-05-18,2024,1,Royal Challengers Bengaluru,Chennai Super Kings,V Kohli,47,29,3,4,162.06896551724137,Chennai Super Kings,27.0,207.6923076923077,32.51639344262295,118.68333307159092,244,56.4,48.0,32.45161290322581,1.0,3.0,4.0,3.4,High,Low
1426306,2024-05-18,2024,2,Chennai Super Kings,Royal Challengers Bengaluru,AM Rahane,33,22,3,1,150.0,Royal Challengers Bengaluru,1.0,20.0,27.111764705882354,104.91686393508084,170,9.8,18.2,27.0,0.0,0.0,1.4,0.0,Moderate,Low
1426306,2024-05-18,2024,2,Chennai Super Kings,Royal Challengers Bengaluru,DJ Mitchell,4,6,0,0,66.66666666666666,Royal Challengers Bengaluru,22.0,169.23076923076923,24.785714285714285,127.19764859691884,14,33.6,26.8,22.0,4.0,0.0,4.0,1.0,Low,Low
1426306,2024-05-18,2024,2,Chennai Super Kings,Royal Challengers Bengaluru,MJ Santner,3,4,0,0,75.0,Royal Challengers Bengaluru,0.0,0.0,6.7,101.46783625730994,10,2.8,6.7,0.0,0.0,0.0,0.2,0.0,Low,Low
1426306,2024-05-18,2024,2,Chennai Super Kings,Royal Challengers Bengaluru,MS Dhoni,25,12,3,1,208.33333333333331,Royal Challengers Bengaluru,26.0,236.3636363636364,22.986784140969164,132.62884763049365,227,9.8,13.6,0.0,1.0,3.0,0.8,0.8,Moderate,Low
1426306,2024-05-18,2024,2,Chennai Super Kings,Royal Challengers Bengaluru,R Ravindra,61,36,5,3,169.44444444444443,Royal Challengers Bengaluru,27.0,150.0,17.88888888888889,127.2685185185185,9,12.8,17.88888888888889,37.0,1.0,2.0,1.2,0.6,High,Low
1426306,2024-05-18,2024,2,Chennai Super Kings,Royal Challengers Bengaluru,RA Jadeja,42,22,3,3,190.9090909090909,Royal Challengers Bengaluru,5.0,83.33333333333334,16.29608938547486,132.1147509052055,179,16.8,22.5,25.0,0.0,0.0,1.4,0.6,High,Low
1426306,2024-05-18,2024,2,Chennai Super Kings,Royal Challengers Bengaluru,RD Gaikwad,0,1,0,0,0.0,Royal Challengers Bengaluru,42.0,102.4390243902439,37.1875,113.3603099932594,64,46.8,52.1,15.0,1.0,2.0,4.0,1.6,Low,Low
1426306,2024-05-18,2024,2,Chennai Super Kings,Royal Challengers Bengaluru,S Dube,7,15,0,0,46.66666666666666,Royal Challengers Bengaluru,18.0,163.63636363636363,24.916666666666668,127.35352667934666,60,15.6,28.6,34.0,2.0,1.0,1.0,1.2,Low,Low
1426306,2024-05-18,2024,2,Chennai Super Kings,Royal Challengers Bengaluru,SN Thakur,1,2,0,0,50.0,Royal Challengers Bengaluru,3.0,75.0,9.0,106.82363100880237,34,6.4,12.5,0.0,0.0,0.0,0.6,0.2,Low,Low
1426307,2024-05-19,2024,1,Punjab Kings,Sunrisers Hyderabad,Ashutosh Sharma,2,3,0,0,66.66666666666666,Sunrisers Hyderabad,17.0,154.54545454545453,23.375,153.21005587549706,8,18.4,23.375,33.0,1.0,1.0,0.6,1.8,Low,Low
1426307,2024-05-19,2024,1,Punjab Kings,Sunrisers Hyderabad,Atharva Taide,46,27,5,2,170.37037037037038,Sunrisers Hyderabad,15.0,125.0,25.125,130.58473389355743,8,33.6,25.125,0.0,2.0,0.0,3.6,1.0,High,Low
1426307,2024-05-19,2024,1,Punjab Kings,Sunrisers Hyderabad,JM Sharma,32,15,2,2,213.33333333333331,Sunrisers Hyderabad,22.0,110.0,19.942857142857143,143.3933313705875,35,9.8,14.6,13.25,0.0,2.0,0.4,0.6,Moderate,Low
1426307,2024-05-19,2024,1,Punjab Kings,Sunrisers Hyderabad,P Simran Singh,71,45,7,4,157.77777777777777,Sunrisers Hyderabad,6.0,150.0,20.75757575757576,124.94818580588108,33,21.8,19.3,9.0,1.0,0.0,1.8,1.6,High,Low
1426307,2024-05-19,2024,1,Punjab Kings,Sunrisers Hyderabad,RR Rossouw,49,23,3,4,213.0434782608696,Sunrisers Hyderabad,22.0,169.23076923076923,20.19047619047619,109.6311692326185,21,30.4,24.9,14.0,5.0,0.0,4.0,1.4,High,Low
1426307,2024-05-19,2024,1,Punjab Kings,Sunrisers Hyderabad,Shashank Singh,2,4,0,0,50.0,Sunrisers Hyderabad,0.0,0.0,23.38888888888889,147.5479166651278,18,31.4,32.2,46.0,0.0,0.0,2.2,2.2,Low,Low
1426307,2024-05-19,2024,1,Punjab Kings,Sunrisers Hyderabad,Shivam Singh,2,3,0,0,66.66666666666666,Sunrisers Hyderabad,0.0,0.0,0.0,0.0,0,0.0,0.0,0.0,0.0,0.0,0.0,0.0,Low,Low
1426307,2024-05-19,2024,2,Sunrisers Hyderabad,Punjab Kings,Abdul Samad,11,8,0,1,137.5,Punjab Kings,3.0,75.0,15.22222222222222,137.48974331505167,36,16.4,19.2,13.0,0.0,0.0,1.2,1.2,Low,Low
1426307,2024-05-19,2024,2,Sunrisers Hyderabad,Punjab Kings,Abhishek Sharma,66,28,5,6,235.7142857142857,Punjab Kings,75.0,267.85714285714283,22.70175438596491,136.463560031954,57,28.8,30.6,30.0,8.0,6.0,2.4,2.2,High,Low
1426307,2024-05-19,2024,2,Sunrisers Hyderabad,Punjab Kings,H Klaasen,42,26,3,2,161.53846153846155,Punjab Kings,2.0,50.0,30.464285714285715,161.8044025082389,28,17.2,27.6,9.0,0.0,0.0,0.6,1.4,High,Low
1426307,2024-05-19,2024,2,Sunrisers Hyderabad,Punjab Kings,Nithish Kumar Reddy,37,25,1,3,148.0,Punjab Kings,20.0,133.33333333333331,34.142857142857146,142.7565320422463,7,32.2,34.142857142857146,64.0,2.0,0.0,1.4,2.2,Moderate,Low
1426307,2024-05-19,2024,2,Sunrisers Hyderabad,Punjab Kings,RA Tripathi,33,17,4,2,194.11764705882356,Punjab Kings,11.0,78.57142857142857,23.617977528089888,126.1405914698766,89,13.4,18.0,35.666666666666664,1.0,0.0,1.4,0.4,Moderate,Low
1426307,2024-05-19,2024,2,Sunrisers Hyderabad,Punjab Kings,Sanvir Singh,6,4,1,0,150.0,Punjab Kings,8.0,114.28571428571428,6.333333333333333,121.42857142857144,3,6.333333333333333,6.333333333333333,0.0,0.0,0.0,0.3333333333333333,0.3333333333333333,Low,Low
1426307,2024-05-19,2024,2,Sunrisers Hyderabad,Punjab Kings,Shahbaz Ahmed,3,6,0,0,50.0,Punjab Kings,10.0,83.33333333333334,15.363636363636363,118.05803171969372,33,26.0,19.0,8.8,0.0,0.0,1.0,1.4,Low,Low
1426307,2024-05-19,2024,2,Sunrisers Hyderabad,Punjab Kings,TM Head,0,1,0,0,0.0,Punjab Kings,89.0,296.6666666666667,35.142857142857146,147.56325908278427,21,41.8,47.1,21.0,8.0,8.0,4.4,2.6,Low,Low
1426309,2024-05-21,2024,1,Sunrisers Hyderabad,Kolkata Knight Riders,Abdul Samad,16,12,0,2,133.33333333333331,Kolkata Knight Riders,11.0,137.5,15.108108108108109,137.49002052275296,37,11.2,16.6,17.5,0.0,1.0,0.4,0.8,Low,Low
1426309,2024-05-21,2024,1,Sunrisers Hyderabad,Kolkata Knight Riders,Abhishek Sharma,3,4,0,0,75.0,Kolkata Knight Riders,66.0,235.7142857142857,23.448275862068964,138.17477944027004,58,35.8,34.3,18.142857142857142,5.0,6.0,2.8,3.0,Low,Low
1426309,2024-05-21,2024,1,Sunrisers Hyderabad,Kolkata Knight Riders,B Kumar,0,4,0,0,0.0,Kolkata Knight Riders,4.0,133.33333333333331,4.857142857142857,88.7617188807665,63,10.4,7.2,4.583333333333333,0.0,0.0,1.2,0.0,Low,Low
1426309,2024-05-21,2024,1,Sunrisers Hyderabad,Kolkata Knight Riders,H Klaasen,32,20,3,1,160.0,Kolkata Knight Riders,42.0,161.53846153846155,30.86206896551724,161.79523212997074,29,22.6,23.8,33.25,3.0,2.0,1.2,1.4,Moderate,Low
1426309,2024-05-21,2024,1,Sunrisers Hyderabad,Kolkata Knight Riders,Nithish Kumar Reddy,9,10,1,0,90.0,Kolkata Knight Riders,37.0,148.0,34.5,143.41196553696554,8,32.2,34.5,0.0,1.0,3.0,1.2,2.4,Low,Low
1426309,2024-05-21,2024,1,Sunrisers Hyderabad,Kolkata Knight Riders,PJ Cummins,30,24,2,2,125.0,Kolkata Knight Riders,35.0,218.75,12.666666666666666,124.82493926734122,36,15.0,8.0,1.5,2.0,2.0,0.8,1.0,Moderate,Low
1426309,2024-05-21,2024,1,Sunrisers Hyderabad,Kolkata Knight Riders,RA Tripathi,55,34,7,1,161.76470588235296,Kolkata Knight Riders,33.0,194.11764705882356,23.72222222222222,126.89589208753158,90,16.0,19.2,29.818181818181817,4.0,2.0,1.4,0.8,High,Low
1426309,2024-05-21,2024,1,Sunrisers Hyderabad,Kolkata Knight Riders,Sanvir Singh,0,1,0,0,0.0,Kolkata Knight Riders,6.0,150.0,6.25,128.57142857142856,4,6.25,6.25,0.0,1.0,0.0,0.5,0.25,Low,Low
1426309,2024-05-21,2024,1,Sunrisers Hyderabad,Kolkata Knight Riders,Shahbaz Ahmed,0,1,0,0,0.0,Kolkata Knight Riders,3.0,50.0,15.0,116.0563249044086,34,23.8,19.1,11.8,0.0,0.0,0.8,1.2,Low,Low
1426309,2024-05-21,2024,1,Sunrisers Hyderabad,Kolkata Knight Riders,TM Head,0,2,0,0,0.0,Kolkata Knight Riders,0.0,0.0,33.54545454545455,140.85583821538498,22,41.6,45.2,75.0,0.0,0.0,4.4,2.6,Low,Low
1426309,2024-05-21,2024,1,Sunrisers Hyderabad,Kolkata Knight Riders,V Viyaskanth,7,5,0,0,140.0,Kolkata Knight Riders,0.0,0.0,0.0,0.0,0,0.0,0.0,0.0,0.0,0.0,0.0,0.0,Low,Low
1426309,2024-05-21,2024,2,Kolkata Knight Riders,Sunrisers Hyderabad,Rahmanullah Gurbaz,23,14,2,2,164.28571428571428,Sunrisers Hyderabad,10.0,66.66666666666666,20.63636363636364,94.18943459641132,11,8.8,20.5,0.0,0.0,0.0,0.4,0.6,Moderate,Low
1426309,2024-05-21,2024,2,Kolkata Knight Riders,Sunrisers Hyderabad,SP Narine,21,16,4,0,131.25,Sunrisers Hyderabad,0.0,0.0,14.490384615384617,121.4702818107014,104,35.0,41.2,7.714285714285714,0.0,0.0,3.6,2.4,Moderate,Low
1426309,2024-05-21,2024,2,Kolkata Knight Riders,Sunrisers Hyderabad,SS Iyer,58,24,5,4,241.66666666666663,Sunrisers Hyderabad,7.0,70.0,27.141592920353983,112.6782601933107,113,19.4,24.8,26.3125,1.0,0.0,1.8,0.8,High,Low
1426309,2024-05-21,2024,2,Kolkata Knight Riders,Sunrisers Hyderabad,VR Iyer,51,28,5,4,182.14285714285717,Sunrisers Hyderabad,42.0,200.0,26.02127659574468,122.43131734664216,47,35.6,26.0,7.5,6.0,2.0,3.4,1.6,High,Low
1426310,2024-05-22,2024,1,Royal Challengers Bengaluru,Rajasthan Royals,C Green,27,21,2,1,128.57142857142858,Rajasthan Royals,38.0,223.52941176470588,25.185185185185187,135.4040173914777,27,30.8,21.0,24.5,3.0,3.0,2.8,1.2,Moderate,Low
1426310,2024-05-22,2024,1,Royal Challengers Bengaluru,Rajasthan Royals,F du Plessis,17,14,2,1,121.42857142857142,Rajasthan Royals,54.0,138.46153846153845,33.24087591240876,122.33479744710966,137,31.4,35.6,33.3125,3.0,3.0,3.4,1.8,Low,Low
1426310,2024-05-22,2024,1,Royal Challengers Bengaluru,Rajasthan Royals,GJ Maxwell,0,1,0,0,0.0,Rajasthan Royals,16.0,320.0,21.65625,126.94394508513246,128,4.2,6.8,24.53333333333333,2.0,1.0,0.6,0.2,Low,Low
1426310,2024-05-22,2024,1,Royal Challengers Bengaluru,Rajasthan Royals,KD Karthik,11,13,1,0,84.61538461538461,Rajasthan Royals,14.0,233.33333333333331,20.64957264957265,121.41826543575289,234,12.8,24.9,22.5,1.0,1.0,1.4,0.6,Low,Low
1426310,2024-05-22,2024,1,Royal Challengers Bengaluru,Rajasthan Royals,KV Sharma,5,4,1,0,125.0,Rajasthan Royals,6.0,150.0,9.105263157894736,116.01763604472583,38,6.0,7.8,3.2,1.0,0.0,0.2,0.6,Low,Low
1426310,2024-05-22,2024,1,Royal Challengers Bengaluru,Rajasthan Royals,MK Lomror,32,17,2,2,188.23529411764704,Rajasthan Royals,0.0,0.0,14.558823529411764,119.29333590814916,34,4.8,9.4,5.666666666666667,0.0,0.0,0.4,0.2,Moderate,Low
1426310,2024-05-22,2024,1,Royal Challengers Bengaluru,Rajasthan Royals,RM Patidar,34,22,2,2,154.54545454545453,Rajasthan Royals,41.0,178.26086956521738,33.26086956521739,139.31876470769626,23,40.0,34.3,37.0,2.0,4.0,2.0,3.6,Moderate,Low
1426310,2024-05-22,2024,1,Royal Challengers Bengaluru,Rajasthan Royals,Swapnil Singh,9,4,0,1,225.0,Rajasthan Royals,0.0,0.0,5.25,84.43627450980392,8,6.0,5.25,0.0,0.0,0.0,0.6,0.4,Low,Low
1426310,2024-05-22,2024,1,Royal Challengers Bengaluru,Rajasthan Royals,V Kohli,33,24,3,1,137.5,Rajasthan Royals,47.0,162.06896551724137,32.57551020408163,118.8604172856548,245,55.6,50.5,25.20689655172414,3.0,4.0,3.8,4.0,Moderate,Low
1426310,2024-05-22,2024,2,Rajasthan Royals,Royal Challengers Bengaluru,Dhruv Jurel,8,8,1,0,100.0,Royal Challengers Bengaluru,0.0,0.0,14.15,122.78306170953228,20,16.6,14.1,2.0,0.0,0.0,1.2,0.8,Low,Low
1426310,2024-05-22,2024,2,Rajasthan Royals,Royal Challengers Bengaluru,R Parag,36,26,2,2,138.46153846153845,Royal Challengers Bengaluru,48.0,141.1764705882353,20.196428571428573,118.28642968896096,56,42.6,40.4,4.0,6.0,0.0,3.2,2.2,Moderate,Low
1426310,2024-05-22,2024,2,Rajasthan Royals,Royal Challengers Bengaluru,R Powell,16,8,2,1,200.0,Royal Challengers Bengaluru,4.0,80.0,16.9,118.5407913165266,20,16.2,13.3,0.0,1.0,0.0,1.6,1.0,Low,Low
1426310,2024-05-22,2024,2,Rajasthan Royals,Royal Challengers Bengaluru,SO Hetmyer,26,14,3,1,185.7142857142857,Royal Challengers Bengaluru,13.0,144.44444444444443,19.253968253968253,138.64413253390484,63,12.8,17.1,11.0,1.0,1.0,1.0,1.0,Moderate,Low
1426310,2024-05-22,2024,2,Rajasthan Royals,Royal Challengers Bengaluru,SV Samson,17,13,0,1,130.76923076923077,Royal Challengers Bengaluru,18.0,120.0,27.45,118.3288279893004,160,38.0,39.5,69.0,3.0,0.0,3.6,2.0,Low,Low
1426310,2024-05-22,2024,2,Rajasthan Royals,Royal Challengers Bengaluru,T Kohler-Cadmore,20,15,4,0,133.33333333333331,Royal Challengers Bengaluru,18.0,78.26086956521739,18.0,78.26086956521739,1,18.0,18.0,0.0,2.0,1.0,2.0,1.0,Moderate,Low
1426310,2024-05-22,2024,2,Rajasthan Royals,Royal Challengers Bengaluru,YBK Jaiswal,45,30,8,0,150.0,Royal Challengers Bengaluru,4.0,100.0,30.4,127.5322288961739,50,24.6,30.9,0.0,1.0,0.0,3.0,0.8,High,Low
1426311,2024-05-24,2024,1,Sunrisers Hyderabad,Rajasthan Royals,AK Markram,1,2,0,0,50.0,Rajasthan Royals,32.0,128.0,24.35,119.4939966812486,40,14.4,21.2,29.666666666666668,4.0,0.0,1.4,0.4,Low,Low
1426311,2024-05-24,2024,1,Sunrisers Hyderabad,Rajasthan Royals,Abdul Samad,0,1,0,0,0.0,Rajasthan Royals,16.0,133.33333333333331,15.13157894736842,137.38063401776824,38,11.8,17.8,15.75,0.0,2.0,0.2,1.0,Low,Low
1426311,2024-05-24,2024,1,Sunrisers Hyderabad,Rajasthan Royals,Abhishek Sharma,12,5,1,1,240.0,Rajasthan Royals,3.0,75.0,23.10169491525424,137.10402046670615,59,33.4,30.9,19.4,0.0,0.0,2.6,2.8,Low,Low
1426311,2024-05-24,2024,1,Sunrisers Hyderabad,Rajasthan Royals,H Klaasen,50,34,0,4,147.05882352941177,Rajasthan Royals,32.0,160.0,30.9,161.73539105897171,30,27.6,24.6,24.666666666666668,3.0,1.0,1.8,1.4,High,Low
1426311,2024-05-24,2024,1,Sunrisers Hyderabad,Rajasthan Royals,JD Unadkat,5,2,1,0,250.0,Rajasthan Royals,1.0,50.0,7.52,116.20041657688716,25,5.0,8.9,0.0,0.0,0.0,0.4,0.2,Low,Low
1426311,2024-05-24,2024,1,Sunrisers Hyderabad,Rajasthan Royals,Nithish Kumar Reddy,5,10,0,0,50.0,Rajasthan Royals,9.0,90.0,31.666666666666668,137.47730269952493,9,31.4,31.666666666666668,76.0,1.0,0.0,1.4,2.2,Low,Low
1426311,2024-05-24,2024,1,Sunrisers Hyderabad,Rajasthan Royals,PJ Cummins,5,5,1,0,100.0,Rajasthan Royals,30.0,125.0,13.135135135135137,124.82967063849416,37,20.4,10.7,9.25,2.0,2.0,1.2,1.4,Low,Low
1426311,2024-05-24,2024,1,Sunrisers Hyderabad,Rajasthan Royals,RA Tripathi,37,15,5,2,246.66666666666669,Rajasthan Royals,55.0,161.76470588235296,24.065934065934066,127.27906586549663,91,26.8,23.2,23.83333333333333,7.0,1.0,2.8,1.0,Moderate,Low
1426311,2024-05-24,2024,1,Sunrisers Hyderabad,Rajasthan Royals,Shahbaz Ahmed,18,18,0,1,100.0,Rajasthan Royals,0.0,0.0,14.571428571428571,112.74042990713978,35,12.0,18.9,19.0,0.0,0.0,0.4,0.2,Low,Low
1426311,2024-05-24,2024,1,Sunrisers Hyderabad,Rajasthan Royals,TM Head,34,28,3,1,121.42857142857142,Rajasthan Royals,0.0,0.0,32.08695652173913,134.7316713364552,23,39.0,42.1,58.0,0.0,0.0,4.2,2.4,Moderate,Low
1426311,2024-05-24,2024,2,Rajasthan Royals,Sunrisers Hyderabad,Dhruv Jurel,56,35,7,2,160.0,Sunrisers Hyderabad,8.0,100.0,13.857142857142858,121.69815400907837,21,17.8,13.9,1.0,1.0,0.0,1.4,0.8,High,Low
1426311,2024-05-24,2024,2,Rajasthan Royals,Sunrisers Hyderabad,R Ashwin,0,3,0,0,0.0,Sunrisers Hyderabad,28.0,147.36842105263156,9.090909090909092,108.08941585135156,88,8.2,9.7,7.166666666666667,3.0,1.0,0.8,0.2,Low,Low
1426311,2024-05-24,2024,2,Rajasthan Royals,Sunrisers Hyderabad,R Parag,6,10,0,0,60.0,Sunrisers Hyderabad,36.0,138.46153846153845,20.473684210526315,118.64037896567282,57,47.0,38.6,24.714285714285715,2.0,2.0,3.6,2.4,Low,Low
1426311,2024-05-24,2024,2,Rajasthan Royals,Sunrisers Hyderabad,R Powell,6,12,0,0,50.0,Sunrisers Hyderabad,16.0,200.0,16.857142857142858,122.41980125383486,21,17.2,14.7,47.0,2.0,1.0,1.6,1.2,Low,Low
1426311,2024-05-24,2024,2,Rajasthan Royals,Sunrisers Hyderabad,SO Hetmyer,4,9,0,0,44.44444444444444,Sunrisers Hyderabad,26.0,185.7142857142857,19.359375,139.37960367734829,64,15.8,19.0,23.8,3.0,1.0,1.2,1.2,Low,Low
1426311,2024-05-24,2024,2,Rajasthan Royals,Sunrisers Hyderabad,SV Samson,10,11,1,0,90.9090909090909,Sunrisers Hyderabad,17.0,130.76923076923077,27.385093167701864,118.40609757178444,161,27.2,34.3,35.95454545454545,0.0,1.0,2.2,1.4,Low,Low
1426311,2024-05-24,2024,2,Rajasthan Royals,Sunrisers Hyderabad,T Kohler-Cadmore,10,16,1,0,62.5,Sunrisers Hyderabad,20.0,133.33333333333331,19.0,105.79710144927536,2,19.0,19.0,0.0,4.0,0.0,3.0,0.5,Low,Low
1426311,2024-05-24,2024,2,Rajasthan Royals,Sunrisers Hyderabad,TA Boult,0,3,0,0,0.0,Sunrisers Hyderabad,12.0,133.33333333333331,3.952380952380953,84.11066446780733,21,6.0,6.1,0.0,2.0,0.0,0.6,0.2,Low,Low
1426311,2024-05-24,2024,2,Rajasthan Royals,Sunrisers Hyderabad,YBK Jaiswal,42,21,4,3,200.0,Sunrisers Hyderabad,45.0,150.0,30.686274509803923,127.97277342762148,51,28.8,35.4,37.333333333333336,8.0,0.0,4.0,0.6,High,Low
1426312,2024-05-26,2024,1,Sunrisers Hyderabad,Kolkata Knight Riders,AK Markram,20,23,3,0,86.95652173913044,Kolkata Knight Riders,1.0,50.0,23.78048780487805,117.79902115243765,41,14.6,20.0,37.833333333333336,0.0,0.0,1.4,0.4,Moderate,Low
1426312,2024-05-26,2024,1,Sunrisers Hyderabad,Kolkata Knight Riders,Abdul Samad,4,4,0,0,100.0,Kolkata Knight Riders,0.0,0.0,14.743589743589745,133.8580536583383,39,9.8,16.3,17.285714285714285,0.0,0.0,0.2,0.8,Low,Low
1426312,2024-05-26,2024,1,Sunrisers Hyderabad,Kolkata Knight Riders,Abhishek Sharma,2,5,0,0,40.0,Kolkata Knight Riders,12.0,240.0,22.916666666666668,138.81895345892772,60,33.4,30.5,16.25,1.0,1.0,2.8,2.8,Low,Low
1426312,2024-05-26,2024,1,Sunrisers Hyderabad,Kolkata Knight Riders,B Kumar,0,1,0,0,0.0,Kolkata Knight Riders,0.0,0.0,4.78125,87.37481702325452,64,10.0,6.6,4.230769230769231,0.0,0.0,1.2,0.0,Low,Low
1426312,2024-05-26,2024,1,Sunrisers Hyderabad,Kolkata Knight Riders,H Klaasen,16,17,1,0,94.11764705882352,Kolkata Knight Riders,50.0,147.05882352941177,31.516129032258064,161.26195339672785,31,33.6,28.6,33.0,0.0,4.0,1.8,2.0,Low,Low
1426312,2024-05-26,2024,1,Sunrisers Hyderabad,Kolkata Knight Riders,JD Unadkat,4,11,0,0,36.36363636363637,Kolkata Knight Riders,5.0,250.0,7.423076923076923,121.34655440085304,26,5.8,8.8,8.4,1.0,0.0,0.6,0.2,Low,Low
1426312,2024-05-26,2024,1,Sunrisers Hyderabad,Kolkata Knight Riders,Nithish Kumar Reddy,13,10,1,1,130.0,Kolkata Knight Riders,5.0,50.0,29.0,128.72957242957244,10,29.4,29.0,9.0,0.0,0.0,1.4,2.2,Low,Low
1426312,2024-05-26,2024,1,Sunrisers Hyderabad,Kolkata Knight Riders,PJ Cummins,24,19,2,1,126.3157894736842,Kolkata Knight Riders,5.0,100.0,12.921052631578949,124.17625825327065,38,21.2,11.2,11.0,1.0,0.0,1.4,1.4,Moderate,Low
1426312,2024-05-26,2024,1,Sunrisers Hyderabad,Kolkata Knight Riders,RA Tripathi,9,13,1,0,69.23076923076923,Kolkata Knight Riders,37.0,246.66666666666669,24.206521739130437,128.57675717855287,92,31.2,25.9,31.916666666666668,5.0,2.0,3.4,1.2,Low,Low
1426312,2024-05-26,2024,1,Sunrisers Hyderabad,Kolkata Knight Riders,Shahbaz Ahmed,8,7,0,1,114.28571428571428,Kolkata Knight Riders,18.0,100.0,14.666666666666666,112.3865290763859,36,7.6,19.1,9.833333333333334,0.0,1.0,0.2,0.2,Low,Low
1426312,2024-05-26,2024,1,Sunrisers Hyderabad,Kolkata Knight Riders,TM Head,0,1,0,0,0.0,Kolkata Knight Riders,34.0,121.42857142857142,32.166666666666664,134.17737550696003,24,34.2,43.4,37.5,3.0,1.0,3.6,2.0,Low,Low
1426312,2024-05-26,2024,2,Kolkata Knight Riders,Sunrisers Hyderabad,Rahmanullah Gurbaz,39,32,5,2,121.875,Sunrisers Hyderabad,23.0,164.28571428571428,20.83333333333333,100.03079123718658,12,13.4,17.1,7.666666666666667,2.0,2.0,0.8,1.0,Moderate,Low
1426312,2024-05-26,2024,2,Kolkata Knight Riders,Sunrisers Hyderabad,SP Narine,6,2,0,1,300.0,Sunrisers Hyderabad,21.0,131.25,14.552380952380952,121.56342198393284,105,25.0,34.8,8.6,4.0,0.0,2.6,1.6,Low,Low
1426312,2024-05-26,2024,2,Kolkata Knight Riders,Sunrisers Hyderabad,SS Iyer,6,3,1,0,200.0,Sunrisers Hyderabad,58.0,241.66666666666663,27.412280701754387,113.80973744307698,114,25.4,28.8,28.176470588235293,5.0,4.0,2.6,1.0,Low,Low
1426312,2024-05-26,2024,2,Kolkata Knight Riders,Sunrisers Hyderabad,VR Iyer,52,26,4,3,200.0,Sunrisers Hyderabad,51.0,182.14285714285717,26.541666666666668,123.6753077590633,48,38.0,26.1,13.714285714285714,5.0,4.0,3.8,2.0,High,Low
1473438,2025-03-22,2025,1,Kolkata Knight Riders,Royal Challengers Bengaluru,A Raghuvanshi,30,22,2,1,136.36363636363637,Royal Challengers Bengaluru,32.0,123.07692307692308,23.285714285714285,147.34432234432234,7,17.0,23.285714285714285,3.0,3.0,1.0,1.6,0.8,Moderate,Low
1473438,2025-03-22,2025,1,Kolkata Knight Riders,Royal Challengers Bengaluru,AD Russell,4,3,1,0,133.33333333333331,Royal Challengers Bengaluru,24.0,171.42857142857142,23.695238095238096,152.2575046647383,105,18.8,22.9,27.0,2.0,2.0,1.8,1.2,Low,Low
1473438,2025-03-22,2025,1,Kolkata Knight Riders,Royal Challengers Bengaluru,AM Rahane,56,31,6,4,180.64516129032256,Royal Challengers Bengaluru,33.0,150.0,27.14619883040936,105.18050800563594,171,16.2,20.3,30.0,3.0,1.0,2.0,0.2,High,Low
1473438,2025-03-22,2025,1,Kolkata Knight Riders,Royal Challengers Bengaluru,Harshit Rana,5,6,1,0,83.33333333333334,Royal Challengers Bengaluru,0.0,0.0,0.6666666666666666,66.66666666666667,3,0.6666666666666666,0.6666666666666666,0.0,0.0,0.0,0.0,0.0,Low,Low
1473438,2025-03-22,2025,1,Kolkata Knight Riders,Royal Challengers Bengaluru,Q de Kock,4,5,1,0,80.0,Royal Challengers Bengaluru,12.0,150.0,29.25925925925926,117.34129348859705,108,15.2,24.6,81.0,2.0,0.0,1.8,0.2,Low,Low
1473438,2025-03-22,2025,1,Kolkata Knight Riders,Royal Challengers Bengaluru,RK Singh,12,10,1,0,120.0,Royal Challengers Bengaluru,20.0,166.66666666666669,22.325,138.3321692248415,40,12.2,14.5,14.5,0.0,2.0,1.2,0.4,Low,Low
1473438,2025-03-22,2025,1,Kolkata Knight Riders,Royal Challengers Bengaluru,Ramandeep Singh,6,9,0,0,66.66666666666666,Royal Challengers Bengaluru,17.0,212.5,13.076923076923077,176.25,13,14.8,13.8,24.0,1.0,1.0,0.8,1.4,Low,Low
1473438,2025-03-22,2025,1,Kolkata Knight Riders,Royal Challengers Bengaluru,SH Johnson,1,1,0,0,100.0,Royal Challengers Bengaluru,1.0,100.0,2.0,66.66666666666667,3,2.0,2.0,0.0,0.0,0.0,0.3333333333333333,0.0,Low,Low
1473438,2025-03-22,2025,1,Kolkata Knight Riders,Royal Challengers Bengaluru,SP Narine,44,26,5,3,169.23076923076923,Royal Challengers Bengaluru,6.0,300.0,14.471698113207546,123.24678592748064,106,23.2,32.7,28.5,0.0,1.0,2.0,1.8,High,Low
1473438,2025-03-22,2025,1,Kolkata Knight Riders,Royal Challengers Bengaluru,VR Iyer,6,7,1,0,85.71428571428571,Royal Challengers Bengaluru,52.0,200.0,27.06122448979592,125.2329545394906,49,43.2,30.8,33.0,4.0,3.0,4.2,2.4,Low,Low
1473438,2025-03-22,2025,2,Royal Challengers Bengaluru,Kolkata Knight Riders,D Padikkal,10,10,1,0,100.0,Kolkata Knight Riders,0.0,0.0,24.359375,102.9674862098346,64,5.8,10.5,21.571428571428573,0.0,0.0,0.2,0.0,Low,Low
1473438,2025-03-22,2025,2,Royal Challengers Bengaluru,Kolkata Knight Riders,LS Livingstone,15,5,2,1,300.0,Kolkata Knight Riders,0.0,0.0,24.07692307692308,133.59380496192748,39,11.2,21.8,13.333333333333334,0.0,0.0,1.0,0.6,Low,Low
1473438,2025-03-22,2025,2,Royal Challengers Bengaluru,Kolkata Knight Riders,PD Salt,56,31,9,2,180.64516129032256,Kolkata Knight Riders,6.0,120.0,31.09523809523809,144.24026487051697,21,37.2,35.1,5.0,0.0,1.0,3.8,2.6,High,Low
1473438,2025-03-22,2025,2,Royal Challengers Bengaluru,Kolkata Knight Riders,RM Patidar,34,16,5,1,212.5,Kolkata Knight Riders,34.0,154.54545454545453,33.291666666666664,139.95321011760285,24,36.8,37.4,18.666666666666668,2.0,2.0,2.0,3.0,Moderate,Low
1473438,2025-03-22,2025,2,Royal Challengers Bengaluru,Kolkata Knight Riders,V Kohli,59,36,4,3,163.88888888888889,Kolkata Knight Riders,33.0,137.5,32.577235772357724,118.93618794709522,246,48.2,42.5,31.032258064516128,3.0,1.0,3.2,3.6,High,Low
1473439,2025-03-23,2025,1,Sunrisers Hyderabad,Rajasthan Royals,A Manohar,0,1,0,0,0.0,Rajasthan Royals,8.0,57.14285714285714,15.4,108.65423465423466,15,15.8,12.5,23.666666666666668,1.0,0.0,0.8,0.8,Low,Low
1473439,2025-03-23,2025,1,Sunrisers Hyderabad,Rajasthan Royals,Abhishek Sharma,24,11,5,0,218.18181818181816,Rajasthan Royals,2.0,40.0,22.57377049180328,137.19897061533874,61,31.6,27.3,18.166666666666668,0.0,0.0,2.8,2.6,Moderate,Low
1473439,2025-03-23,2025,1,Sunrisers Hyderabad,Rajasthan Royals,Aniket Verma,7,3,0,1,233.33333333333331,Rajasthan Royals,0.0,0.0,0.0,0.0,0,0.0,0.0,0.0,0.0,0.0,0.0,0.0,Low,Low
1473439,2025-03-23,2025,1,Sunrisers Hyderabad,Rajasthan Royals,H Klaasen,34,14,5,1,242.85714285714283,Rajasthan Royals,16.0,94.11764705882352,31.03125,159.16369382366832,32,28.4,29.3,31.0,1.0,0.0,1.4,1.4,Moderate,Low
1473439,2025-03-23,2025,1,Sunrisers Hyderabad,Rajasthan Royals,Ishan Kishan,106,46,11,6,230.43478260869568,Rajasthan Royals,14.0,93.33333333333331,26.707070707070702,118.51145833502106,99,21.6,22.8,26.0,1.0,0.0,2.4,0.6,High,Low
1473439,2025-03-23,2025,1,Sunrisers Hyderabad,Rajasthan Royals,Nithish Kumar Reddy,30,15,4,1,200.0,Rajasthan Royals,13.0,130.0,27.545454545454547,128.84506584506585,11,16.8,28.9,40.5,1.0,1.0,1.0,0.8,Moderate,Low
1473439,2025-03-23,2025,1,Sunrisers Hyderabad,Rajasthan Royals,PJ Cummins,0,1,0,0,0.0,Rajasthan Royals,24.0,126.3157894736842,13.205128205128204,124.23111802815303,39,19.8,13.6,8.4,2.0,1.0,1.6,1.0,Low,Low
1473439,2025-03-23,2025,1,Sunrisers Hyderabad,Rajasthan Royals,TM Head,67,29,9,3,231.0344827586207,Rajasthan Royals,0.0,0.0,30.88,128.81028048668162,25,24.6,33.2,46.0,0.0,0.0,2.2,1.8,High,Low
1473439,2025-03-23,2025,2,Rajasthan Royals,Sunrisers Hyderabad,Dhruv Jurel,70,35,5,6,200.0,Sunrisers Hyderabad,56.0,160.0,15.772727272727272,123.43914700866571,22,18.6,17.5,28.5,7.0,2.0,1.8,0.8,High,Low
1473439,2025-03-23,2025,2,Rajasthan Royals,Sunrisers Hyderabad,JC Archer,1,1,0,0,100.0,Sunrisers Hyderabad,3.0,150.0,8.652173913043478,134.09655561829476,23,5.6,7.7,8.5,0.0,0.0,0.2,0.2,Low,Low
1473439,2025-03-23,2025,2,Rajasthan Royals,Sunrisers Hyderabad,N Rana,11,8,2,0,137.5,Sunrisers Hyderabad,33.0,143.47826086956522,26.099009900990097,119.1077580322614,101,25.8,30.1,34.125,4.0,1.0,2.8,0.4,Low,Low
1473439,2025-03-23,2025,2,Rajasthan Royals,Sunrisers Hyderabad,R Parag,4,2,1,0,200.0,Sunrisers Hyderabad,6.0,60.0,20.224137931034484,117.6293379490233,58,32.8,38.8,22.375,0.0,0.0,2.0,1.6,Low,Low
1473439,2025-03-23,2025,2,Rajasthan Royals,Sunrisers Hyderabad,SB Dubey,34,10,1,4,340.0,Sunrisers Hyderabad,0.0,0.0,11.0,113.88888888888889,3,11.0,11.0,0.0,0.0,0.0,1.0,0.6666666666666666,Moderate,Low
1473439,2025-03-23,2025,2,Rajasthan Royals,Sunrisers Hyderabad,SO Hetmyer,42,23,1,4,182.6086956521739,Sunrisers Hyderabad,4.0,44.44444444444444,19.123076923076923,137.9190627660728,65,14.0,15.9,22.0,0.0,0.0,1.0,1.0,High,Low
1473439,2025-03-23,2025,2,Rajasthan Royals,Sunrisers Hyderabad,SV Samson,66,36,7,4,183.3333333333333,Sunrisers Hyderabad,10.0,90.9090909090909,27.27777777777778,118.23636296275548,162,29.2,28.5,34.82608695652174,1.0,0.0,2.4,1.4,High,Low
1473439,2025-03-23,2025,2,Rajasthan Royals,Sunrisers Hyderabad,YBK Jaiswal,1,5,0,0,20.0,Sunrisers Hyderabad,42.0,200.0,30.903846153846157,129.3579124001672,52,23.8,37.2,38.0,4.0,3.0,3.4,0.8,Low,Low
1473440,2025-03-23,2025,1,Mumbai Indians,Chennai Super Kings,DL Chahar,28,15,2,2,186.66666666666663,Chennai Super Kings,1.0,50.0,6.666666666666667,91.25,12,1.8,6.6,0.0,0.0,0.0,0.0,0.0,Moderate,Low
1473440,2025-03-23,2025,1,Mumbai Indians,Chennai Super Kings,MJ Santner,11,13,1,0,84.61538461538461,Chennai Super Kings,3.0,75.0,6.363636363636363,99.06166932482724,11,3.2,6.0,0.0,0.0,0.0,0.2,0.0,Low,Low
1473440,2025-03-23,2025,1,Mumbai Indians,Chennai Super Kings,Naman Dhir,17,12,1,0,141.66666666666669,Chennai Super Kings,62.0,229.6296296296296,20.0,146.7498110355253,7,18.0,20.0,0.0,4.0,5.0,1.4,1.4,Low,Low
1473440,2025-03-23,2025,1,Mumbai Indians,Chennai Super Kings,PVSN Raju,1,1,0,0,100.0,Chennai Super Kings,0.0,0.0,0.0,0.0,0,0.0,0.0,0.0,0.0,0.0,0.0,0.0,Low,Low
1473440,2025-03-23,2025,1,Mumbai Indians,Chennai Super Kings,R Minz,3,9,0,0,33.33333333333333,Chennai Super Kings,0.0,0.0,0.0,0.0,0,0.0,0.0,0.0,0.0,0.0,0.0,0.0,Low,Low
1473440,2025-03-23,2025,1,Mumbai Indians,Chennai Super Kings,RD Rickelton,13,7,3,0,185.7142857142857,Chennai Super Kings,0.0,0.0,0.0,0.0,0,0.0,0.0,0.0,0.0,0.0,0.0,0.0,Low,Low
1473440,2025-03-23,2025,1,Mumbai Indians,Chennai Super Kings,RG Sharma,0,4,0,0,0.0,Chennai Super Kings,68.0,178.94736842105263,26.30952380952381,112.46440924691476,252,21.2,29.9,26.352941176470587,10.0,3.0,2.6,1.0,Low,Low
1473440,2025-03-23,2025,1,Mumbai Indians,Chennai Super Kings,SA Yadav,29,26,2,1,111.53846153846156,Chennai Super Kings,0.0,0.0,26.426470588235293,133.7663325572616,136,35.8,34.5,22.666666666666668,0.0,0.0,3.8,1.8,Moderate,Low
1473440,2025-03-23,2025,1,Mumbai Indians,Chennai Super Kings,TA Boult,1,2,0,0,50.0,Chennai Super Kings,0.0,0.0,3.772727272727273,80.28745244654336,22,3.0,5.8,2.333333333333333,0.0,0.0,0.4,0.0,Low,Low
1473440,2025-03-23,2025,1,Mumbai Indians,Chennai Super Kings,Tilak Varma,31,24,2,2,129.16666666666669,Chennai Super Kings,32.0,188.23529411764704,30.42105263157895,139.3466556913564,38,28.6,29.5,34.5,5.0,1.0,3.2,1.0,Moderate,Low
1473440,2025-03-23,2025,1,Mumbai Indians,Chennai Super Kings,WG Jacks,11,7,2,0,157.14285714285714,Chennai Super Kings,41.0,141.3793103448276,28.75,142.87702688834153,8,32.0,28.75,0.0,3.0,2.0,1.8,2.6,Low,Low
1473440,2025-03-23,2025,2,Chennai Super Kings,Mumbai Indians,DJ Hooda,3,5,0,0,60.0,Mumbai Indians,11.0,122.22222222222224,15.11340206185567,118.39008868015884,97,16.8,16.0,14.533333333333331,1.0,0.0,2.2,0.0,Low,Low
1473440,2025-03-23,2025,2,Chennai Super Kings,Mumbai Indians,MS Dhoni,0,2,0,0,0.0,Mumbai Indians,25.0,208.33333333333331,22.99561403508772,132.96088484848858,228,14.0,12.4,21.33333333333333,3.0,1.0,1.2,1.0,Low,Low
1473440,2025-03-23,2025,2,Chennai Super Kings,Mumbai Indians,R Ravindra,65,45,2,4,144.44444444444443,Mumbai Indians,61.0,169.44444444444443,22.2,131.48611111111111,10,22.0,22.2,21.0,5.0,3.0,1.6,1.2,High,Low
1473440,2025-03-23,2025,2,Chennai Super Kings,Mumbai Indians,RA Jadeja,17,18,1,0,94.44444444444444,Mumbai Indians,42.0,190.9090909090909,16.43888888888889,132.4413861274493,180,22.0,24.2,13.478260869565217,3.0,3.0,1.6,1.2,Low,Low
1473440,2025-03-23,2025,2,Chennai Super Kings,Mumbai Indians,RA Tripathi,2,3,0,0,66.66666666666666,Mumbai Indians,9.0,69.23076923076923,24.04301075268817,127.9386282758885,93,29.0,24.8,22.7,1.0,0.0,3.6,1.0,Low,Low
1473440,2025-03-23,2025,2,Chennai Super Kings,Mumbai Indians,RD Gaikwad,53,26,6,3,203.84615384615384,Mumbai Indians,0.0,0.0,36.61538461538461,111.61630522413232,65,27.2,49.5,29.75,0.0,0.0,2.0,1.0,High,Low
1473440,2025-03-23,2025,2,Chennai Super Kings,Mumbai Indians,S Dube,9,7,0,1,128.57142857142858,Mumbai Indians,7.0,46.66666666666666,24.62295081967213,126.03079126930272,61,9.2,24.8,21.9,0.0,0.0,0.8,0.4,Low,Low
1473440,2025-03-23,2025,2,Chennai Super Kings,Mumbai Indians,SM Curran,4,9,0,0,44.44444444444444,Mumbai Indians,63.0,153.65853658536585,18.39583333333333,126.68662315304516,48,27.6,18.4,27.8,5.0,3.0,2.4,0.6,Low,Low
1473441,2025-03-24,2025,1,Lucknow Super Giants,Delhi Capitals,A Badoni,4,5,0,0,80.0,Delhi Capitals,22.0,220.00000000000003,18.114285714285717,121.34327849037744,35,20.8,22.6,22.25,1.0,2.0,2.2,0.6,Low,Low
1473441,2025-03-24,2025,1,Lucknow Super Giants,Delhi Capitals,AK Markram,15,13,1,1,115.38461538461536,Delhi Capitals,20.0,86.95652173913044,23.69047619047619,117.06467592831127,42,12.2,20.2,13.5,3.0,0.0,1.6,0.0,Low,Low
1473441,2025-03-24,2025,1,Lucknow Super Giants,Delhi Capitals,DA Miller,27,18,1,2,150.0,Delhi Capitals,16.0,145.45454545454547,23.580645161290324,124.95434085852771,124,26.2,21.4,25.22222222222222,1.0,0.0,2.4,1.2,Moderate,Low
1473441,2025-03-24,2025,1,Lucknow Super Giants,Delhi Capitals,MR Marsh,72,36,6,6,200.0,Delhi Capitals,0.0,0.0,18.47222222222222,106.91193237797282,36,12.8,18.5,0.0,0.0,0.0,1.8,0.6,High,Low
1473441,2025-03-24,2025,1,Lucknow Super Giants,Delhi Capitals,N Pooran,75,30,6,7,250.0,Delhi Capitals,75.0,258.62068965517244,23.905405405405407,139.4238488244882,74,41.6,32.1,27.625,5.0,8.0,3.6,2.8,High,Low
1473441,2025-03-24,2025,1,Lucknow Super Giants,Delhi Capitals,RR Pant,0,6,0,0,0.0,Delhi Capitals,33.0,143.47826086956522,29.17699115044248,134.75004788849893,113,38.4,34.9,0.0,5.0,0.0,2.8,2.4,Low,Low
1473441,2025-03-24,2025,1,Lucknow Super Giants,Delhi Capitals,Ravi Bishnoi,0,2,0,0,0.0,Delhi Capitals,2.0,100.0,2.2857142857142856,73.3843537414966,14,1.8,2.4,2.0,0.0,0.0,0.0,0.0,Low,Low
1473441,2025-03-24,2025,1,Lucknow Super Giants,Delhi Capitals,SN Thakur,0,2,0,0,0.0,Delhi Capitals,1.0,50.0,8.771428571428572,105.20009869426514,35,5.0,5.8,0.0,0.0,0.0,0.4,0.2,Low,Low
1473441,2025-03-24,2025,1,Lucknow Super Giants,Delhi Capitals,Shahbaz Ahmed,9,8,1,0,112.5,Delhi Capitals,8.0,114.28571428571428,14.486486486486486,112.43785840636777,37,7.8,17.7,28.0,0.0,1.0,0.0,0.4,Low,Low
1473441,2025-03-24,2025,2,Delhi Capitals,Lucknow Super Giants,AR Patel,22,11,3,1,200.0,Lucknow Super Giants,14.0,140.0,14.758928571428571,126.18572127295626,112,22.4,19.9,24.0,2.0,0.0,2.0,1.0,Moderate,Low
1473441,2025-03-24,2025,2,Delhi Capitals,Lucknow Super Giants,Abishek Porel,0,2,0,0,0.0,Lucknow Super Giants,58.0,175.75757575757575,22.5,134.9497058720849,16,35.8,28.6,58.0,5.0,4.0,3.4,1.8,Low,Low
1473441,2025-03-24,2025,2,Delhi Capitals,Lucknow Super Giants,Ashutosh Sharma,66,31,5,5,212.9032258064516,Lucknow Super Giants,2.0,66.66666666666666,21.0,143.59412374118256,9,6.6,21.0,0.0,0.0,0.0,0.2,0.4,High,Low
1473441,2025-03-24,2025,2,Delhi Capitals,Lucknow Super Giants,F du Plessis,29,18,3,2,161.11111111111111,Lucknow Super Giants,17.0,121.42857142857142,33.1231884057971,122.32823059190284,138,30.0,32.9,47.6,2.0,1.0,3.6,1.4,Moderate,Low
1473441,2025-03-24,2025,2,Delhi Capitals,Lucknow Super Giants,J Fraser-McGurk,1,2,0,0,50.0,Lucknow Super Giants,0.0,0.0,36.66666666666666,213.124067290734,9,33.4,36.66666666666666,27.5,0.0,0.0,4.2,2.4,Low,Low
1473441,2025-03-24,2025,2,Delhi Capitals,Lucknow Super Giants,Kuldeep Yadav,5,5,1,0,100.0,Lucknow Super Giants,6.0,60.0,5.71875,75.1728869685526,32,9.4,6.1,11.0,0.0,0.0,1.2,0.2,Low,Low
1473441,2025-03-24,2025,2,Delhi Capitals,Lucknow Super Giants,MA Starc,2,5,0,0,40.0,Lucknow Super Giants,2.0,100.0,6.5625,92.96446839605407,16,1.8,3.4,0.0,0.0,0.0,0.2,0.0,Low,Low
1473441,2025-03-24,2025,2,Delhi Capitals,Lucknow Super Giants,MM Sharma,1,2,0,0,50.0,Lucknow Super Giants,0.0,0.0,4.428571428571429,81.4158163265306,28,0.8,2.4,0.0,0.0,0.0,0.0,0.0,Low,Low
1473441,2025-03-24,2025,2,Delhi Capitals,Lucknow Super Giants,Sameer Rizvi,4,4,1,0,100.0,Lucknow Super Giants,15.0,187.5,10.2,106.42753623188403,5,10.2,10.2,1.0,3.0,0.0,0.8,0.4,Low,Low
1473441,2025-03-24,2025,2,Delhi Capitals,Lucknow Super Giants,T Stubbs,34,22,1,3,154.54545454545453,Lucknow Super Giants,57.0,228.0,23.823529411764707,138.5421477018705,17,30.6,32.9,36.0,3.0,4.0,2.4,1.8,Moderate,Low
1473441,2025-03-24,2025,2,Delhi Capitals,Lucknow Super Giants,V Nigam,39,15,5,2,260.0,Lucknow Super Giants,0.0,0.0,0.0,0.0,0,0.0,0.0,0.0,0.0,0.0,0.0,0.0,Moderate,Low
1473442,2025-03-25,2025,1,Punjab Kings,Gujarat Titans,Azmatullah Omarzai,16,15,2,1,106.66666666666669,Gujarat Titans,1.0,50.0,10.5,111.13636363636364,4,10.5,10.5,0.0,0.0,0.0,0.5,0.5,Low,Low
1473442,2025-03-25,2025,1,Punjab Kings,Gujarat Titans,GJ Maxwell,0,1,0,0,0.0,Gujarat Titans,0.0,0.0,21.48837209302325,125.95988349532524,129,4.2,6.3,22.0,0.0,0.0,0.6,0.2,Low,Low
1473442,2025-03-25,2025,1,Punjab Kings,Gujarat Titans,MP Stoinis,20,15,1,2,133.33333333333331,Gujarat Titans,28.0,127.27272727272728,21.204545454545453,118.6034749603452,88,26.8,28.4,16.0,5.0,0.0,3.4,0.8,Moderate,Low
1473442,2025-03-25,2025,1,Punjab Kings,Gujarat Titans,P Simran Singh,5,8,1,0,62.5,Gujarat Titans,71.0,157.77777777777777,22.235294117647054,125.91376204034864,34,25.2,22.9,23.33333333333333,7.0,4.0,2.4,1.4,Low,Low
1473442,2025-03-25,2025,1,Punjab Kings,Gujarat Titans,Priyansh Arya,47,23,7,2,204.34782608695653,Gujarat Titans,0.0,0.0,0.0,0.0,0,0.0,0.0,0.0,0.0,0.0,0.0,0.0,High,Low
1473442,2025-03-25,2025,1,Punjab Kings,Gujarat Titans,SS Iyer,97,42,5,9,230.9523809523809,Gujarat Titans,6.0,200.0,27.22608695652174,114.55921798705025,115,20.0,26.0,12.0,1.0,0.0,2.2,0.8,High,Low
1473442,2025-03-25,2025,1,Punjab Kings,Gujarat Titans,Shashank Singh,44,16,6,2,275.0,Gujarat Titans,2.0,50.0,22.26315789473684,142.4138157880158,19,18.2,26.3,31.33333333333333,0.0,0.0,1.8,0.6,High,Low
1473442,2025-03-25,2025,2,Gujarat Titans,Punjab Kings,Arshad Khan,1,1,0,0,100.0,Punjab Kings,0.0,0.0,16.0,94.57070707070709,6,16.2,16.0,0.0,0.0,0.0,1.0,1.0,Low,Low
1473442,2025-03-25,2025,2,Gujarat Titans,Punjab Kings,B Sai Sudharsan,74,41,5,6,180.4878048780488,Punjab Kings,103.0,201.96078431372547,41.36,134.64200015679637,25,57.8,44.5,36.6,5.0,8.0,4.6,2.8,High,Low
1473442,2025-03-25,2025,2,Gujarat Titans,Punjab Kings,JC Buttler,54,33,4,2,163.63636363636363,Punjab Kings,21.0,84.0,33.48598130841121,127.36822732100268,107,21.8,34.8,18.5,2.0,0.0,2.8,0.4,High,Low
1473442,2025-03-25,2025,2,Gujarat Titans,Punjab Kings,M Shahrukh Khan,6,1,0,1,600.0,Punjab Kings,2.0,66.66666666666666,14.945945945945946,138.05485884130383,37,22.6,17.6,8.0,0.0,0.0,1.6,1.6,Low,Low
1473442,2025-03-25,2025,2,Gujarat Titans,Punjab Kings,R Tewatia,6,2,0,1,300.0,Punjab Kings,35.0,166.66666666666669,15.584615384615384,131.30916699185536,65,21.4,19.1,13.142857142857142,5.0,1.0,3.2,0.2,Low,Low
1473442,2025-03-25,2025,2,Gujarat Titans,Punjab Kings,SE Rutherford,46,28,4,3,164.28571428571428,Punjab Kings,5.0,50.0,11.77777777777778,116.33903133903134,9,12.6,11.77777777777778,0.0,0.0,0.0,0.2,0.8,High,Low
1473442,2025-03-25,2025,2,Gujarat Titans,Punjab Kings,Shubman Gill,33,14,2,3,235.7142857142857,Punjab Kings,104.0,189.0909090909091,32.484848484848484,121.65660873660892,99,32.6,38.7,44.57142857142857,9.0,6.0,3.2,1.2,Moderate,Low
1473443,2025-03-26,2025,1,Rajasthan Royals,Kolkata Knight Riders,Dhruv Jurel,33,28,5,0,117.85714285714286,Kolkata Knight Riders,70.0,200.0,18.130434782608692,126.76787974741936,23,32.4,22.5,2.0,5.0,6.0,2.8,2.0,Moderate,Low
1473443,2025-03-26,2025,1,Rajasthan Royals,Kolkata Knight Riders,JC Archer,16,7,0,2,228.57142857142856,Kolkata Knight Riders,1.0,100.0,8.333333333333334,132.6758658008658,24,5.4,7.2,11.25,0.0,0.0,0.2,0.2,Low,Low
1473443,2025-03-26,2025,1,Rajasthan Royals,Kolkata Knight Riders,M Theekshana,1,1,0,0,100.0,Kolkata Knight Riders,0.0,0.0,3.5,87.5,2,3.5,3.5,0.0,0.0,0.0,0.0,0.5,Low,Low
1473443,2025-03-26,2025,1,Rajasthan Royals,Kolkata Knight Riders,N Rana,8,9,0,0,88.88888888888889,Kolkata Knight Riders,11.0,137.5,25.95098039215686,119.28807412998432,102,23.6,28.5,50.0,2.0,0.0,2.8,0.4,Low,Low
1473443,2025-03-26,2025,1,Rajasthan Royals,Kolkata Knight Riders,PWH de Silva,4,4,0,0,100.0,Kolkata Knight Riders,12.0,150.0,5.142857142857143,89.68334297281665,14,6.6,6.0,3.0,2.0,0.0,0.6,0.0,Low,Low
1473443,2025-03-26,2025,1,Rajasthan Royals,Kolkata Knight Riders,R Parag,25,15,0,3,166.66666666666669,Kolkata Knight Riders,4.0,200.0,19.94915254237288,119.02545086514154,59,28.2,31.6,17.666666666666668,1.0,0.0,2.0,1.0,Moderate,Low
1473443,2025-03-26,2025,1,Rajasthan Royals,Kolkata Knight Riders,SB Dubey,9,12,1,0,75.0,Kolkata Knight Riders,34.0,340.0,16.75,170.41666666666666,4,16.75,16.75,0.0,1.0,4.0,1.0,1.5,Low,Low
1473443,2025-03-26,2025,1,Rajasthan Royals,Kolkata Knight Riders,SO Hetmyer,7,8,1,0,87.5,Kolkata Knight Riders,42.0,182.6086956521739,19.46969696969697,138.59617841586223,66,17.0,15.5,11.375,1.0,4.0,1.0,1.2,Low,Low
1473443,2025-03-26,2025,1,Rajasthan Royals,Kolkata Knight Riders,SV Samson,13,11,2,0,118.1818181818182,Kolkata Knight Riders,66.0,183.3333333333333,27.51533742331288,118.6357308791394,163,25.2,33.3,26.45,7.0,4.0,2.2,1.0,Low,Low
1473443,2025-03-26,2025,1,Rajasthan Royals,Kolkata Knight Riders,TU Deshpande,2,1,0,0,200.0,Kolkata Knight Riders,0.0,0.0,5.25,63.888888888888886,4,5.25,5.25,1.0,0.0,0.0,0.5,0.25,Low,Low
1473443,2025-03-26,2025,1,Rajasthan Royals,Kolkata Knight Riders,YBK Jaiswal,29,24,2,2,120.83333333333331,Kolkata Knight Riders,1.0,20.0,30.339622641509436,127.29455556242822,53,23.2,33.4,34.75,0.0,0.0,3.2,0.8,Moderate,Low
1473443,2025-03-26,2025,2,Kolkata Knight Riders,Rajasthan Royals,A Raghuvanshi,22,17,2,0,129.41176470588235,Rajasthan Royals,30.0,136.36363636363637,24.125,145.9717365967366,8,21.6,24.125,30.0,2.0,1.0,2.0,0.8,Moderate,Low
1473443,2025-03-26,2025,2,Kolkata Knight Riders,Rajasthan Royals,AM Rahane,18,15,1,1,120.0,Rajasthan Royals,56.0,180.64516129032256,27.313953488372093,105.61925598984922,172,25.6,21.4,11.8,6.0,4.0,3.0,1.0,Low,Low
1473443,2025-03-26,2025,2,Kolkata Knight Riders,Rajasthan Royals,MM Ali,5,12,0,0,41.66666666666667,Rajasthan Royals,10.0,76.92307692307693,20.385964912280706,120.28107323455389,57,25.6,17.8,24.875,0.0,0.0,1.4,1.6,Low,Low
1473443,2025-03-26,2025,2,Kolkata Knight Riders,Rajasthan Royals,Q de Kock,97,61,8,6,159.01639344262296,Rajasthan Royals,4.0,80.0,29.027522935779817,116.99871281438972,109,5.2,19.6,33.72727272727273,1.0,0.0,1.0,0.0,High,Low
1473444,2025-03-27,2025,1,Sunrisers Hyderabad,Lucknow Super Giants,A Manohar,2,6,0,0,33.33333333333333,Lucknow Super Giants,0.0,0.0,14.4375,101.863344988345,16,7.4,12.3,9.0,0.0,0.0,0.2,0.2,Low,Low
1473444,2025-03-27,2025,1,Sunrisers Hyderabad,Lucknow Super Giants,Abhishek Sharma,6,6,1,0,100.0,Lucknow Super Giants,24.0,218.18181818181816,22.596774193548388,138.5051455760884,62,21.4,25.1,31.666666666666668,5.0,0.0,2.2,1.4,Low,Low
1473444,2025-03-27,2025,1,Sunrisers Hyderabad,Lucknow Super Giants,Aniket Verma,36,13,0,5,276.9230769230769,Lucknow Super Giants,7.0,233.33333333333331,7.0,233.33333333333331,1,7.0,7.0,0.0,0.0,1.0,0.0,1.0,Moderate,Low
1473444,2025-03-27,2025,1,Sunrisers Hyderabad,Lucknow Super Giants,H Klaasen,26,17,2,1,152.94117647058823,Lucknow Super Giants,34.0,242.85714285714283,31.12121212121212,161.69985894589485,33,34.8,26.0,47.0,5.0,1.0,2.4,1.6,Moderate,Low
1473444,2025-03-27,2025,1,Sunrisers Hyderabad,Lucknow Super Giants,HV Patel,12,11,0,0,109.09090909090908,Lucknow Super Giants,0.0,0.0,6.72972972972973,102.3914188620071,37,3.8,4.3,0.0,0.0,0.0,0.2,0.4,Low,Low
1473444,2025-03-27,2025,1,Sunrisers Hyderabad,Lucknow Super Giants,Ishan Kishan,0,1,0,0,0.0,Lucknow Super Giants,106.0,230.43478260869568,27.5,119.6306915777578,100,36.4,26.5,23.5,11.0,6.0,4.0,1.8,Low,Low
1473444,2025-03-27,2025,1,Sunrisers Hyderabad,Lucknow Super Giants,Mohammed Shami,1,3,0,0,33.33333333333333,Lucknow Super Giants,5.0,100.0,3.217391304347826,71.73913043478261,23,3.6,2.8,0.0,1.0,0.0,0.2,0.0,Low,Low
1473444,2025-03-27,2025,1,Sunrisers Hyderabad,Lucknow Super Giants,Nithish Kumar Reddy,32,28,2,0,114.28571428571428,Lucknow Super Giants,30.0,200.0,27.75,134.77464369131036,12,18.8,25.5,0.0,4.0,1.0,1.4,1.0,Moderate,Low
1473444,2025-03-27,2025,1,Sunrisers Hyderabad,Lucknow Super Giants,PJ Cummins,18,4,0,3,450.0,Lucknow Super Giants,0.0,0.0,12.875,121.1253400774492,40,18.8,13.6,0.0,0.0,0.0,1.4,1.0,Low,Low
1473444,2025-03-27,2025,1,Sunrisers Hyderabad,Lucknow Super Giants,Simarjeet Singh,3,4,0,0,75.0,Lucknow Super Giants,3.0,100.0,2.333333333333333,88.88888888888887,3,2.333333333333333,2.333333333333333,0.0,0.0,0.0,0.0,0.0,Low,Low
1473444,2025-03-27,2025,1,Sunrisers Hyderabad,Lucknow Super Giants,TM Head,47,27,5,3,174.07407407407408,Lucknow Super Giants,67.0,231.0344827586207,32.26923076923077,132.74198057406392,26,20.2,31.0,89.0,9.0,3.0,2.4,0.8,High,Low
1473444,2025-03-27,2025,2,Lucknow Super Giants,Sunrisers Hyderabad,A Badoni,6,6,1,0,100.0,Sunrisers Hyderabad,4.0,80.0,17.72222222222222,120.19485408786694,36,20.4,23.0,37.0,0.0,0.0,2.0,0.6,Low,Low
1473444,2025-03-27,2025,2,Lucknow Super Giants,Sunrisers Hyderabad,AK Markram,1,4,0,0,25.0,Sunrisers Hyderabad,15.0,115.38461538461536,23.48837209302325,117.0256047528765,43,15.0,17.5,27.0,1.0,1.0,1.8,0.2,Low,Low
1473444,2025-03-27,2025,2,Lucknow Super Giants,Sunrisers Hyderabad,Abdul Samad,22,8,2,2,275.0,Sunrisers Hyderabad,4.0,100.0,14.475,133.01160231687984,40,6.8,13.8,0.0,0.0,0.0,0.0,0.6,Moderate,Low
1473444,2025-03-27,2025,2,Lucknow Super Giants,Sunrisers Hyderabad,DA Miller,13,7,2,0,185.7142857142857,Sunrisers Hyderabad,27.0,150.0,23.608,125.1547061316595,125,30.8,23.7,18.2,1.0,2.0,2.6,1.6,Low,Low
1473444,2025-03-27,2025,2,Lucknow Super Giants,Sunrisers Hyderabad,MR Marsh,52,31,7,2,167.74193548387098,Sunrisers Hyderabad,72.0,200.0,19.91891891891892,109.42782609748706,37,26.6,25.5,23.8,6.0,6.0,3.0,1.8,High,Low
1473444,2025-03-27,2025,2,Lucknow Super Giants,Sunrisers Hyderabad,N Pooran,70,26,6,6,269.2307692307692,Sunrisers Hyderabad,75.0,250.0,24.586666666666662,140.89819750682835,75,53.8,39.6,34.42857142857143,6.0,7.0,4.6,4.2,High,Low
1473444,2025-03-27,2025,2,Lucknow Super Giants,Sunrisers Hyderabad,RR Pant,15,15,0,1,100.0,Sunrisers Hyderabad,0.0,0.0,28.92105263157895,133.56802992456474,114,20.8,29.4,31.823529411764707,0.0,0.0,1.8,0.8,Low,Low
1473445,2025-03-28,2025,1,Royal Challengers Bengaluru,Chennai Super Kings,B Kumar,0,2,0,0,0.0,Chennai Super Kings,0.0,0.0,4.707692307692308,86.0305890690506,65,4.6,6.5,7.8,0.0,0.0,0.6,0.0,Low,Low
1473445,2025-03-28,2025,1,Royal Challengers Bengaluru,Chennai Super Kings,D Padikkal,27,14,2,2,192.8571428571429,Chennai Super Kings,10.0,100.0,24.138461538461534,102.92183257583712,65,6.6,10.3,30.0,1.0,0.0,0.4,0.0,Moderate,Low
1473445,2025-03-28,2025,1,Royal Challengers Bengaluru,Chennai Super Kings,JM Sharma,12,6,1,1,200.0,Chennai Super Kings,32.0,213.33333333333331,20.27777777777778,145.33610920288598,36,14.4,15.1,15.666666666666666,2.0,2.0,0.6,1.0,Low,Low
1473445,2025-03-28,2025,1,Royal Challengers Bengaluru,Chennai Super Kings,KH Pandya,0,3,0,0,0.0,Chennai Super Kings,12.0,171.42857142857142,15.392523364485982,122.39176071049896,107,12.0,13.0,13.9,1.0,1.0,0.6,0.6,Low,Low
1473445,2025-03-28,2025,1,Royal Challengers Bengaluru,Chennai Super Kings,LS Livingstone,10,9,0,1,111.11111111111111,Chennai Super Kings,15.0,300.0,23.85,137.75395983787928,40,8.6,22.9,39.66666666666666,2.0,1.0,1.0,0.4,Low,Low
1473445,2025-03-28,2025,1,Royal Challengers Bengaluru,Chennai Super Kings,PD Salt,32,16,5,1,200.0,Chennai Super Kings,56.0,180.64516129032256,32.22727272727273,145.8950328895991,22,33.4,38.9,6.666666666666667,9.0,2.0,4.4,1.8,Moderate,Low
1473445,2025-03-28,2025,1,Royal Challengers Bengaluru,Chennai Super Kings,RM Patidar,51,32,4,3,159.375,Chennai Super Kings,34.0,212.5,33.32,142.85508171289874,25,43.2,37.9,20.666666666666668,5.0,1.0,3.0,3.2,High,Low
1473445,2025-03-28,2025,1,Royal Challengers Bengaluru,Chennai Super Kings,TH David,22,8,1,3,275.0,Chennai Super Kings,0.0,0.0,18.82857142857143,147.35708409237822,35,19.8,23.0,12.6,0.0,0.0,1.2,1.0,Moderate,Low
1473445,2025-03-28,2025,1,Royal Challengers Bengaluru,Chennai Super Kings,V Kohli,31,30,2,1,103.33333333333334,Chennai Super Kings,59.0,163.88888888888889,32.68421052631579,119.11818268775026,247,51.6,48.1,32.90625,4.0,3.0,3.6,3.4,Moderate,Low
1473445,2025-03-28,2025,2,Chennai Super Kings,Royal Challengers Bengaluru,DJ Hooda,4,9,1,0,44.44444444444444,Royal Challengers Bengaluru,3.0,60.0,14.989795918367347,117.79427144872868,98,7.4,14.8,0.0,0.0,0.0,0.8,0.0,Low,Low
1473445,2025-03-28,2025,2,Chennai Super Kings,Royal Challengers Bengaluru,MS Dhoni,30,16,3,2,187.5,Royal Challengers Bengaluru,0.0,0.0,22.895196506550217,132.3802696308096,229,13.0,12.3,25.0,0.0,0.0,1.0,1.0,Moderate,Low
1473445,2025-03-28,2025,2,Chennai Super Kings,Royal Challengers Bengaluru,Noor Ahmad,0,2,0,0,0.0,Royal Challengers Bengaluru,1.0,14.285714285714285,2.6,77.52380952380952,5,2.6,2.6,0.0,0.0,0.0,0.4,0.0,Low,Low
1473445,2025-03-28,2025,2,Chennai Super Kings,Royal Challengers Bengaluru,R Ashwin,11,8,1,0,137.5,Royal Challengers Bengaluru,0.0,0.0,8.98876404494382,106.87492803279706,89,6.6,9.6,0.0,0.0,0.0,0.6,0.2,Low,Low
1473445,2025-03-28,2025,2,Chennai Super Kings,Royal Challengers Bengaluru,R Ravindra,41,31,5,0,132.25806451612902,Royal Challengers Bengaluru,65.0,144.44444444444443,26.09090909090909,132.6641414141414,11,30.8,25.0,49.0,2.0,4.0,1.6,1.8,High,Low
1473445,2025-03-28,2025,2,Chennai Super Kings,Royal Challengers Bengaluru,RA Jadeja,25,19,2,1,131.57894736842107,Royal Challengers Bengaluru,17.0,94.44444444444444,16.441988950276244,132.2314582728471,181,25.0,25.2,33.5,1.0,0.0,1.8,1.2,Moderate,Low
1473445,2025-03-28,2025,2,Chennai Super Kings,Royal Challengers Bengaluru,RA Tripathi,5,3,1,0,166.66666666666669,Royal Challengers Bengaluru,2.0,66.66666666666666,23.80851063829787,127.28679889706702,94,27.2,20.3,0.0,0.0,0.0,3.4,1.0,Low,Low
1473445,2025-03-28,2025,2,Chennai Super Kings,Royal Challengers Bengaluru,RD Gaikwad,0,4,0,0,0.0,Royal Challengers Bengaluru,53.0,203.84615384615384,36.86363636363637,113.01372717295084,66,25.4,48.1,7.5,6.0,3.0,2.2,1.2,Low,Low
1473445,2025-03-28,2025,2,Chennai Super Kings,Royal Challengers Bengaluru,S Dube,19,15,2,1,126.66666666666666,Royal Challengers Bengaluru,9.0,128.57142857142858,24.370967741935484,126.07176929030476,62,11.0,22.9,20.5,0.0,1.0,0.8,0.6,Low,Low
1473445,2025-03-28,2025,2,Chennai Super Kings,Royal Challengers Bengaluru,SM Curran,8,13,0,0,61.53846153846154,Royal Challengers Bengaluru,4.0,44.44444444444444,18.10204081632653,125.00821134266556,49,24.4,18.8,22.5,0.0,0.0,2.0,0.6,Low,Low
1473446,2025-03-29,2025,1,Gujarat Titans,Mumbai Indians,B Sai Sudharsan,63,41,4,2,153.65853658536585,Mumbai Indians,74.0,180.4878048780488,42.61538461538461,136.40530033838303,26,66.4,47.4,34.0,5.0,6.0,5.0,4.0,High,Low
1473446,2025-03-29,2025,1,Gujarat Titans,Mumbai Indians,JC Buttler,39,24,5,1,162.5,Mumbai Indians,54.0,163.63636363636363,33.675925925925924,127.70404339799676,108,25.6,39.1,53.3,4.0,2.0,2.4,0.8,Moderate,Low
1473446,2025-03-29,2025,1,Gujarat Titans,Mumbai Indians,K Rabada,7,5,0,1,140.0,Mumbai Indians,11.0,110.0,7.357142857142857,106.50804552590266,28,4.0,3.1,14.666666666666666,0.0,1.0,0.0,0.4,Low,Low
1473446,2025-03-29,2025,1,Gujarat Titans,Mumbai Indians,M Shahrukh Khan,9,7,0,1,128.57142857142858,Mumbai Indians,6.0,600.0,14.710526315789474,150.2113099244274,38,22.2,18.0,15.0,0.0,1.0,1.6,1.6,Low,Low
1473446,2025-03-29,2025,1,Gujarat Titans,Mumbai Indians,R Sai Kishore,1,1,0,0,100.0,Mumbai Indians,13.0,216.66666666666663,13.0,216.66666666666663,1,13.0,13.0,0.0,0.0,2.0,0.0,2.0,Low,Low
1473446,2025-03-29,2025,1,Gujarat Titans,Mumbai Indians,Rashid Khan,6,4,0,1,150.0,Mumbai Indians,18.0,128.57142857142858,9.39655172413793,120.8172227676538,58,19.4,10.7,9.25,2.0,1.0,2.2,0.6,Low,Low
1473446,2025-03-29,2025,1,Gujarat Titans,Mumbai Indians,SE Rutherford,18,11,0,2,163.63636363636363,Mumbai Indians,46.0,164.28571428571428,15.2,121.13369963369964,10,19.6,15.2,0.0,4.0,3.0,1.0,1.2,Low,Low
1473446,2025-03-29,2025,1,Gujarat Titans,Mumbai Indians,Shubman Gill,38,27,4,1,140.74074074074073,Mumbai Indians,33.0,235.7142857142857,32.49,122.79718550638567,100,32.2,38.4,36.66666666666666,2.0,3.0,2.6,1.8,Moderate,Low
1473446,2025-03-29,2025,2,Mumbai Indians,Gujarat Titans,HH Pandya,11,17,1,0,64.70588235294117,Gujarat Titans,16.0,123.07692307692308,19.34351145038168,140.5266504069916,131,13.0,14.7,11.0,1.0,1.0,1.0,0.8,Low,Low
1473446,2025-03-29,2025,2,Mumbai Indians,Gujarat Titans,MJ Santner,18,9,1,2,200.0,Gujarat Titans,11.0,84.61538461538461,6.75,97.857812265707,12,5.2,4.9,0.6666666666666666,1.0,0.0,0.4,0.0,Low,Low
1473446,2025-03-29,2025,2,Mumbai Indians,Gujarat Titans,Naman Dhir,18,11,3,0,163.63636363636363,Gujarat Titans,17.0,141.66666666666669,19.625,146.114417989418,8,21.4,19.625,20.0,1.0,0.0,1.6,1.4,Low,Low
1473446,2025-03-29,2025,2,Mumbai Indians,Gujarat Titans,R Minz,3,6,0,0,50.0,Gujarat Titans,3.0,33.33333333333333,3.0,33.33333333333333,1,3.0,3.0,0.0,0.0,0.0,0.0,0.0,Low,Low
1473446,2025-03-29,2025,2,Mumbai Indians,Gujarat Titans,RD Rickelton,6,9,1,0,66.66666666666666,Gujarat Titans,13.0,185.7142857142857,13.0,185.7142857142857,1,13.0,13.0,0.0,3.0,0.0,3.0,0.0,Low,Low
1473446,2025-03-29,2025,2,Mumbai Indians,Gujarat Titans,RG Sharma,8,4,2,0,200.0,Gujarat Titans,0.0,0.0,26.205533596837945,112.0198858902076,253,20.4,26.1,25.0,0.0,0.0,2.4,1.0,Low,Low
1473446,2025-03-29,2025,2,Mumbai Indians,Gujarat Titans,SA Yadav,48,28,1,4,171.42857142857142,Gujarat Titans,29.0,111.53846153846156,26.445255474452555,133.60408532354774,137,39.6,32.2,50.0,2.0,1.0,4.2,1.8,High,Low
1473446,2025-03-29,2025,2,Mumbai Indians,Gujarat Titans,Tilak Varma,39,36,3,1,108.33333333333331,Gujarat Titans,31.0,129.16666666666669,30.435897435897434,139.085630331749,39,22.2,32.0,22.75,2.0,2.0,2.8,0.6,Moderate,Low
1473447,2025-03-30,2025,1,Sunrisers Hyderabad,Delhi Capitals,A Manohar,4,6,0,0,66.66666666666666,Delhi Capitals,2.0,33.33333333333333,13.705882352941176,97.83216783216784,17,2.6,12.5,11.666666666666666,0.0,0.0,0.2,0.0,Low,Low
1473447,2025-03-30,2025,1,Sunrisers Hyderabad,Delhi Capitals,Abhishek Sharma,1,1,0,0,100.0,Delhi Capitals,6.0,100.0,22.33333333333333,137.89395278916638,63,9.4,22.6,19.0,1.0,0.0,1.4,0.2,Low,Low
1473447,2025-03-30,2025,1,Sunrisers Hyderabad,Delhi Capitals,Aniket Verma,74,41,5,6,180.4878048780488,Delhi Capitals,36.0,276.9230769230769,21.5,255.12820512820517,2,21.5,21.5,0.0,0.0,5.0,0.0,3.0,High,Low
1473447,2025-03-30,2025,1,Sunrisers Hyderabad,Delhi Capitals,H Klaasen,32,17,2,2,188.23529411764704,Delhi Capitals,26.0,152.94117647058823,30.97058823529412,161.44225063779754,34,31.6,27.1,25.5,2.0,1.0,2.2,1.4,Moderate,Low
1473447,2025-03-30,2025,1,Sunrisers Hyderabad,Delhi Capitals,HV Patel,5,9,0,0,55.55555555555556,Delhi Capitals,12.0,109.09090909090908,6.868421052631579,102.56772123645187,38,5.0,5.1,6.0,0.0,0.0,0.2,0.2,Low,Low
1473447,2025-03-30,2025,1,Sunrisers Hyderabad,Delhi Capitals,Ishan Kishan,2,5,0,0,40.0,Delhi Capitals,0.0,0.0,27.22772277227723,118.44622928490872,101,33.8,24.2,43.6,0.0,0.0,3.8,1.6,Low,Low
1473447,2025-03-30,2025,1,Sunrisers Hyderabad,Delhi Capitals,Mohammed Shami,1,1,0,0,100.0,Delhi Capitals,1.0,33.33333333333333,3.125,70.13888888888889,24,2.0,2.2,0.0,0.0,0.0,0.2,0.0,Low,Low
1473447,2025-03-30,2025,1,Sunrisers Hyderabad,Delhi Capitals,Nithish Kumar Reddy,0,2,0,0,0.0,Delhi Capitals,32.0,114.28571428571428,28.07692307692308,133.1985721985722,13,17.8,25.0,37.0,2.0,0.0,1.6,0.4,Low,Low
1473447,2025-03-30,2025,1,Sunrisers Hyderabad,Delhi Capitals,PJ Cummins,2,7,0,0,28.57142857142857,Delhi Capitals,18.0,450.0,13.0,129.14667324629193,41,15.4,15.2,5.25,0.0,3.0,1.0,1.2,Low,Low
1473447,2025-03-30,2025,1,Sunrisers Hyderabad,Delhi Capitals,PWA Mulder,9,11,1,0,81.81818181818183,Delhi Capitals,0.0,0.0,0.0,0.0,0,0.0,0.0,0.0,0.0,0.0,0.0,0.0,Low,Low
1473447,2025-03-30,2025,1,Sunrisers Hyderabad,Delhi Capitals,TM Head,22,12,4,0,183.3333333333333,Delhi Capitals,47.0,174.07407407407408,32.81481481481482,134.27279885184203,27,29.6,35.6,89.0,5.0,3.0,3.4,1.4,Moderate,Low
1473447,2025-03-30,2025,2,Delhi Capitals,Sunrisers Hyderabad,Abishek Porel,34,18,2,2,188.88888888888889,Sunrisers Hyderabad,0.0,0.0,21.176470588235293,127.01148787960932,17,28.6,27.7,42.0,0.0,0.0,2.8,1.6,Moderate,Low
1473447,2025-03-30,2025,2,Delhi Capitals,Sunrisers Hyderabad,F du Plessis,50,27,3,3,185.1851851851852,Sunrisers Hyderabad,29.0,161.11111111111111,33.093525179856115,122.60724412081804,139,23.0,29.7,31.72222222222222,3.0,2.0,2.2,1.2,High,Low
1473447,2025-03-30,2025,2,Delhi Capitals,Sunrisers Hyderabad,J Fraser-McGurk,38,32,4,2,118.75,Sunrisers Hyderabad,1.0,50.0,33.1,196.81166056166057,10,16.8,33.1,65.0,0.0,0.0,2.0,1.2,Moderate,Low
1473447,2025-03-30,2025,2,Delhi Capitals,Sunrisers Hyderabad,KL Rahul,15,5,2,1,300.0,Sunrisers Hyderabad,55.0,134.14634146341464,37.814516129032256,122.5898684999862,124,28.4,39.4,35.15384615384615,3.0,3.0,2.2,1.0,Low,Low
1473447,2025-03-30,2025,2,Delhi Capitals,Sunrisers Hyderabad,T Stubbs,21,14,3,0,150.0,Sunrisers Hyderabad,34.0,154.54545454545453,24.38888888888889,139.43122030429183,18,27.8,30.9,6.0,1.0,3.0,1.4,2.0,Moderate,Low
1473448,2025-03-30,2025,1,Rajasthan Royals,Chennai Super Kings,Dhruv Jurel,3,7,0,0,42.85714285714285,Chennai Super Kings,33.0,117.85714285714286,18.75,126.39659904365789,24,33.4,25.6,22.0,5.0,0.0,3.6,1.6,Low,Low
1473448,2025-03-30,2025,1,Rajasthan Royals,Chennai Super Kings,JC Archer,0,2,0,0,0.0,Chennai Super Kings,16.0,228.57142857142856,8.64,136.51168831168832,25,5.4,7.2,16.75,0.0,2.0,0.0,0.4,Low,Low
1473448,2025-03-30,2025,1,Rajasthan Royals,Chennai Super Kings,K Kartikeya,1,1,0,0,100.0,Chennai Super Kings,6.0,85.71428571428571,4.5,72.85714285714286,2,4.5,4.5,0.0,1.0,0.0,0.5,0.0,Low,Low
1473448,2025-03-30,2025,1,Rajasthan Royals,Chennai Super Kings,M Theekshana,2,4,0,0,50.0,Chennai Super Kings,1.0,100.0,2.6666666666666665,91.66666666666669,3,2.6666666666666665,2.6666666666666665,0.0,0.0,0.0,0.0,0.3333333333333333,Low,Low
1473448,2025-03-30,2025,1,Rajasthan Royals,Chennai Super Kings,N Rana,81,36,10,5,225.0,Chennai Super Kings,8.0,88.88888888888889,25.776699029126213,118.992936409197,103,13.8,24.5,25.818181818181817,0.0,0.0,1.6,0.2,High,Low
1473448,2025-03-30,2025,1,Rajasthan Royals,Chennai Super Kings,PWH de Silva,4,5,0,0,80.0,Chennai Super Kings,4.0,100.0,5.066666666666666,90.3711201079622,15,7.0,5.6,2.5,0.0,0.0,0.6,0.0,Low,Low
1473448,2025-03-30,2025,1,Rajasthan Royals,Chennai Super Kings,R Parag,37,28,2,2,132.14285714285714,Chennai Super Kings,25.0,166.66666666666669,20.03333333333333,119.8194711285003,60,23.8,31.8,16.4,0.0,3.0,1.8,1.0,Moderate,Low
1473448,2025-03-30,2025,1,Rajasthan Royals,Chennai Super Kings,SO Hetmyer,19,16,1,1,118.75,Chennai Super Kings,7.0,87.5,19.28358208955224,137.83354888726728,67,18.4,15.7,18.166666666666668,1.0,0.0,1.2,1.2,Low,Low
1473448,2025-03-30,2025,1,Rajasthan Royals,Chennai Super Kings,SV Samson,20,16,1,1,125.0,Chennai Super Kings,13.0,118.1818181818182,27.42682926829268,118.63296311878987,164,24.8,33.4,15.266666666666667,2.0,0.0,2.6,1.0,Moderate,Low
1473448,2025-03-30,2025,1,Rajasthan Royals,Chennai Super Kings,TU Deshpande,1,2,0,0,50.0,Chennai Super Kings,2.0,200.0,4.6,91.11111111111111,5,4.6,4.6,0.0,0.0,0.0,0.4,0.2,Low,Low
1473448,2025-03-30,2025,1,Rajasthan Royals,Chennai Super Kings,YBK Jaiswal,4,3,1,0,133.33333333333331,Chennai Super Kings,29.0,120.83333333333331,30.314814814814813,127.17490329892644,54,24.2,34.4,37.66666666666666,2.0,2.0,3.0,1.0,Low,Low
1473448,2025-03-30,2025,2,Chennai Super Kings,Rajasthan Royals,J Overton,11,4,0,1,275.0,Rajasthan Royals,0.0,0.0,0.0,0.0,0,0.0,0.0,0.0,0.0,0.0,0.0,0.0,Low,Low
1473448,2025-03-30,2025,2,Chennai Super Kings,Rajasthan Royals,MS Dhoni,16,11,1,1,145.45454545454547,Rajasthan Royals,30.0,187.5,22.92608695652174,132.61992063241476,230,16.2,15.2,23.041666666666668,3.0,2.0,1.4,1.2,Low,Low
1473448,2025-03-30,2025,2,Chennai Super Kings,Rajasthan Royals,R Ravindra,0,4,0,0,0.0,Rajasthan Royals,41.0,132.25806451612902,27.33333333333333,132.63030167264037,12,39.0,24.5,27.0,5.0,0.0,2.6,1.8,Low,Low
1473448,2025-03-30,2025,2,Chennai Super Kings,Rajasthan Royals,RA Jadeja,32,22,2,1,145.45454545454547,Rajasthan Royals,25.0,131.57894736842107,16.48901098901099,132.2278730480975,182,21.4,25.6,15.3125,2.0,1.0,1.6,1.0,Moderate,Low
1473448,2025-03-30,2025,2,Chennai Super Kings,Rajasthan Royals,RA Tripathi,23,19,3,1,121.05263157894736,Rajasthan Royals,5.0,166.66666666666669,23.610526315789475,127.70132382095753,95,21.6,18.8,25.714285714285715,1.0,0.0,2.8,0.6,Moderate,Low
1473448,2025-03-30,2025,2,Chennai Super Kings,Rajasthan Royals,RD Gaikwad,63,44,7,1,143.1818181818182,Rajasthan Royals,0.0,0.0,36.3134328358209,111.32695512559336,67,19.0,41.2,30.0,0.0,0.0,1.4,1.0,High,Low
1473448,2025-03-30,2025,2,Chennai Super Kings,Rajasthan Royals,S Dube,18,10,1,2,180.0,Rajasthan Royals,19.0,126.66666666666666,24.285714285714285,126.08121210580256,63,14.8,18.2,26.0,2.0,1.0,1.2,0.8,Low,Low
1473448,2025-03-30,2025,2,Chennai Super Kings,Rajasthan Royals,V Shankar,9,6,0,1,150.0,Rajasthan Royals,10.0,142.85714285714286,19.224137931034484,121.8160993774726,58,13.0,17.9,17.625,2.0,0.0,1.4,0.2,Low,Low
1473449,2025-03-31,2025,1,Kolkata Knight Riders,Mumbai Indians,A Raghuvanshi,26,16,3,1,162.5,Mumbai Indians,22.0,129.41176470588235,23.88888888888889,144.131739719975,9,20.0,23.88888888888889,13.0,2.0,0.0,1.4,0.8,Moderate,Low
1473449,2025-03-31,2025,1,Kolkata Knight Riders,Mumbai Indians,AD Russell,5,11,1,0,45.45454545454545,Mumbai Indians,4.0,133.33333333333331,23.50943396226415,152.0789747465175,106,14.2,22.6,17.0,1.0,0.0,1.2,1.2,Low,Low
1473449,2025-03-31,2025,1,Kolkata Knight Riders,Mumbai Indians,AM Rahane,11,7,1,1,157.14285714285714,Mumbai Indians,18.0,120.0,27.260115606936417,105.70238167776915,173,23.4,19.7,28.48,1.0,1.0,2.2,1.2,Low,Low
1473449,2025-03-31,2025,1,Kolkata Knight Riders,Mumbai Indians,Harshit Rana,4,7,0,0,57.14285714285714,Mumbai Indians,5.0,83.33333333333334,1.75,70.83333333333334,4,1.75,1.75,0.0,1.0,0.0,0.25,0.0,Low,Low
1473449,2025-03-31,2025,1,Kolkata Knight Riders,Mumbai Indians,MK Pandey,19,14,2,1,135.71428571428572,Mumbai Indians,42.0,140.0,24.11875,106.16562723174351,160,14.2,20.2,31.12,2.0,2.0,0.6,0.8,Low,Low
1473449,2025-03-31,2025,1,Kolkata Knight Riders,Mumbai Indians,Q de Kock,1,3,0,0,33.33333333333333,Mumbai Indians,97.0,159.01639344262296,29.645454545454545,117.38069172919184,110,24.6,21.2,17.625,8.0,6.0,2.6,1.2,Low,Low
1473449,2025-03-31,2025,1,Kolkata Knight Riders,Mumbai Indians,RK Singh,17,14,1,1,121.42857142857142,Mumbai Indians,12.0,120.0,22.07317073170732,137.88504314618683,41,13.6,15.2,13.166666666666666,1.0,0.0,1.2,0.4,Low,Low
1473449,2025-03-31,2025,1,Kolkata Knight Riders,Mumbai Indians,Ramandeep Singh,22,12,1,2,183.3333333333333,Mumbai Indians,6.0,66.66666666666666,12.571428571428571,168.42261904761904,14,11.2,13.1,9.5,0.0,0.0,0.4,1.0,Moderate,Low
1473449,2025-03-31,2025,1,Kolkata Knight Riders,Mumbai Indians,SH Johnson,1,3,0,0,33.33333333333333,Mumbai Indians,1.0,100.0,1.75,75.0,4,1.75,1.75,0.0,0.0,0.0,0.25,0.0,Low,Low
1473449,2025-03-31,2025,1,Kolkata Knight Riders,Mumbai Indians,SP Narine,0,2,0,0,0.0,Mumbai Indians,44.0,169.23076923076923,14.74766355140187,123.6765427807824,107,30.4,36.5,4.25,5.0,3.0,3.0,2.2,Low,Low
1473449,2025-03-31,2025,1,Kolkata Knight Riders,Mumbai Indians,VR Iyer,3,9,0,0,33.33333333333333,Mumbai Indians,6.0,85.71428571428571,26.64,124.4425811629865,50,30.4,31.1,60.333333333333336,1.0,0.0,3.2,1.8,Low,Low
1473449,2025-03-31,2025,2,Mumbai Indians,Kolkata Knight Riders,RD Rickelton,62,40,4,5,155.0,Kolkata Knight Riders,6.0,66.66666666666666,9.5,126.1904761904762,2,9.5,9.5,0.0,1.0,0.0,2.0,0.0,High,Low
1473449,2025-03-31,2025,2,Mumbai Indians,Kolkata Knight Riders,RG Sharma,13,11,0,1,118.1818181818182,Kolkata Knight Riders,8.0,200.0,26.133858267716537,112.36626429221464,254,19.8,16.4,32.42424242424242,2.0,0.0,2.8,0.8,Low,Low
1473449,2025-03-31,2025,2,Mumbai Indians,Kolkata Knight Riders,SA Yadav,27,9,3,2,300.0,Kolkata Knight Riders,48.0,171.42857142857142,26.60144927536232,133.87817580256964,138,38.0,37.0,37.25,1.0,4.0,3.2,2.2,Moderate,Low
1473449,2025-03-31,2025,2,Mumbai Indians,Kolkata Knight Riders,WG Jacks,16,17,0,1,94.11764705882352,Kolkata Knight Riders,11.0,157.14285714285714,26.77777777777778,144.46211913884326,9,33.0,26.77777777777778,55.0,2.0,0.0,2.2,2.6,Low,Low
1473450,2025-04-01,2025,1,Lucknow Super Giants,Punjab Kings,A Badoni,41,33,1,3,124.24242424242424,Punjab Kings,6.0,100.0,17.405405405405407,119.6490472206273,37,18.6,21.6,15.0,1.0,0.0,2.2,0.4,High,Low
1473450,2025-04-01,2025,1,Lucknow Super Giants,Punjab Kings,AK Markram,28,18,4,1,155.55555555555557,Punjab Kings,1.0,25.0,22.977272727272727,114.93411373576568,44,13.8,15.9,24.75,0.0,0.0,1.6,0.2,Moderate,Low
1473450,2025-04-01,2025,1,Lucknow Super Giants,Punjab Kings,Abdul Samad,27,12,2,2,225.0,Punjab Kings,22.0,275.0,14.658536585365852,136.47473396768763,41,10.6,13.5,12.333333333333334,2.0,2.0,0.4,1.0,Moderate,Low
1473450,2025-04-01,2025,1,Lucknow Super Giants,Punjab Kings,Avesh Khan,0,0,0,0,0.0,Punjab Kings,3.0,150.0,4.555555555555555,158.14814814814815,9,4.6,4.555555555555555,2.5,0.0,0.0,0.2,0.4,Low,Low
1473450,2025-04-01,2025,1,Lucknow Super Giants,Punjab Kings,DA Miller,19,18,3,0,105.55555555555556,Punjab Kings,13.0,185.7142857142857,23.52380952380953,125.63533771564856,126,22.4,23.8,9.5,2.0,0.0,1.8,1.0,Low,Low
1473450,2025-04-01,2025,1,Lucknow Super Giants,Punjab Kings,MR Marsh,0,1,0,0,0.0,Punjab Kings,52.0,167.74193548387098,20.76315789473684,110.96240792344454,38,33.0,28.2,28.666666666666668,7.0,2.0,4.0,1.8,Low,Low
1473450,2025-04-01,2025,1,Lucknow Super Giants,Punjab Kings,N Pooran,44,30,5,2,146.66666666666666,Punjab Kings,70.0,269.2307692307692,25.18421052631579,142.58678397688018,76,65.8,42.1,25.4,6.0,6.0,5.8,5.2,High,Low
1473450,2025-04-01,2025,1,Lucknow Super Giants,Punjab Kings,RR Pant,2,5,0,0,40.0,Punjab Kings,15.0,100.0,28.8,133.2761340121772,115,18.0,30.8,13.5,0.0,1.0,1.4,0.6,Low,Low
1473450,2025-04-01,2025,1,Lucknow Super Giants,Punjab Kings,SN Thakur,3,3,0,0,100.0,Punjab Kings,0.0,0.0,8.527777777777779,102.27787373053556,36,4.8,5.8,9.333333333333334,0.0,0.0,0.4,0.2,Low,Low
1473450,2025-04-01,2025,2,Punjab Kings,Lucknow Super Giants,N Wadhera,43,25,3,4,172.0,Lucknow Super Giants,1.0,33.33333333333333,21.875,131.78793102820185,16,12.0,16.7,21.5,0.0,0.0,1.2,0.4,High,Low
1473450,2025-04-01,2025,2,Punjab Kings,Lucknow Super Giants,P Simran Singh,69,34,9,3,202.94117647058823,Lucknow Super Giants,5.0,62.5,21.742857142857144,124.10194026776723,35,23.6,23.0,10.666666666666666,1.0,0.0,2.4,1.2,High,Low
1473450,2025-04-01,2025,2,Punjab Kings,Lucknow Super Giants,Priyansh Arya,8,9,1,0,88.88888888888889,Lucknow Super Giants,47.0,204.34782608695653,47.0,204.34782608695653,1,47.0,47.0,0.0,7.0,2.0,7.0,2.0,Low,Low
1473450,2025-04-01,2025,2,Punjab Kings,Lucknow Super Giants,SS Iyer,52,30,3,4,173.33333333333334,Lucknow Super Giants,97.0,230.9523809523809,27.82758620689655,115.56260732295826,116,38.2,31.9,29.25,5.0,9.0,3.0,2.6,High,Low
1473451,2025-04-02,2025,1,Royal Challengers Bengaluru,Gujarat Titans,B Kumar,1,2,0,0,50.0,Gujarat Titans,0.0,0.0,4.636363636363637,84.72709529527711,66,3.4,5.9,27.0,0.0,0.0,0.6,0.0,Low,Low
1473451,2025-04-02,2025,1,Royal Challengers Bengaluru,Gujarat Titans,D Padikkal,4,3,1,0,133.33333333333331,Gujarat Titans,27.0,192.8571428571429,24.181818181818183,104.28448879222056,66,10.6,12.6,12.5,2.0,2.0,0.6,0.4,Low,Low
1473451,2025-04-02,2025,1,Royal Challengers Bengaluru,Gujarat Titans,JM Sharma,33,21,5,1,157.14285714285714,Gujarat Titans,12.0,200.0,20.054054054054053,146.81351165686203,37,14.2,15.7,19.25,1.0,1.0,0.8,1.0,Moderate,Low
1473451,2025-04-02,2025,1,Royal Challengers Bengaluru,Gujarat Titans,KH Pandya,5,5,1,0,100.0,Gujarat Titans,0.0,0.0,15.25,121.25850366688324,108,11.8,8.7,10.2,0.0,0.0,0.6,0.6,Low,Low
1473451,2025-04-02,2025,1,Royal Challengers Bengaluru,Gujarat Titans,LS Livingstone,54,40,1,5,135.0,Gujarat Titans,10.0,111.11111111111111,23.51219512195122,137.1041342591776,41,6.4,14.5,33.333333333333336,0.0,1.0,0.6,0.4,High,Low
1473451,2025-04-02,2025,1,Royal Challengers Bengaluru,Gujarat Titans,PD Salt,14,13,1,1,107.6923076923077,Gujarat Titans,32.0,200.0,32.21739130434783,148.24742276396432,23,26.2,42.1,0.0,5.0,1.0,4.0,1.0,Low,Low
1473451,2025-04-02,2025,1,Royal Challengers Bengaluru,Gujarat Titans,RM Patidar,12,12,2,0,100.0,Gujarat Titans,51.0,159.375,34.0,143.49046318547954,26,42.4,38.0,27.0,4.0,3.0,3.2,2.6,Low,Low
1473451,2025-04-02,2025,1,Royal Challengers Bengaluru,Gujarat Titans,TH David,32,18,3,2,177.77777777777777,Gujarat Titans,22.0,275.0,18.916666666666668,150.9027206453677,36,23.6,21.0,12.4,1.0,3.0,1.4,1.6,Moderate,Low
1473451,2025-04-02,2025,1,Royal Challengers Bengaluru,Gujarat Titans,V Kohli,7,6,1,0,116.66666666666669,Gujarat Titans,31.0,103.33333333333334,32.67741935483871,119.05453410164374,248,39.4,47.0,68.8,2.0,1.0,2.6,2.4,Low,Low
1473451,2025-04-02,2025,2,Gujarat Titans,Royal Challengers Bengaluru,B Sai Sudharsan,49,36,7,1,136.11111111111111,Royal Challengers Bengaluru,63.0,153.65853658536585,43.37037037037037,137.04430908827126,27,66.0,50.4,45.0,4.0,2.0,4.4,4.0,High,Low
1473451,2025-04-02,2025,2,Gujarat Titans,Royal Challengers Bengaluru,JC Buttler,73,39,5,6,187.1794871794872,Royal Challengers Bengaluru,39.0,162.5,33.72477064220183,128.02327235764818,109,26.6,41.7,100.0,5.0,1.0,2.6,0.8,High,Low
1473451,2025-04-02,2025,2,Gujarat Titans,Royal Challengers Bengaluru,SE Rutherford,30,18,1,3,166.66666666666669,Royal Challengers Bengaluru,18.0,163.63636363636363,15.454545454545457,124.99757817939636,11,21.4,16.8,0.0,0.0,2.0,1.0,1.4,Moderate,Low
1473451,2025-04-02,2025,2,Gujarat Titans,Royal Challengers Bengaluru,Shubman Gill,14,14,1,1,100.0,Royal Challengers Bengaluru,38.0,140.74074074074073,32.54455445544554,122.97484446910208,101,38.6,33.3,9.0,4.0,1.0,3.2,2.0,Low,Low
1473452,2025-04-03,2025,1,Kolkata Knight Riders,Sunrisers Hyderabad,A Raghuvanshi,50,32,5,2,156.25,Sunrisers Hyderabad,26.0,162.5,24.1,145.9685657479775,10,24.6,24.1,0.0,3.0,1.0,2.0,1.0,High,Low
1473452,2025-04-03,2025,1,Kolkata Knight Riders,Sunrisers Hyderabad,AD Russell,1,2,0,0,50.0,Sunrisers Hyderabad,5.0,45.45454545454545,23.33644859813084,151.08248475313457,107,10.4,16.7,20.33333333333333,1.0,0.0,1.0,0.8,Low,Low
1473452,2025-04-03,2025,1,Kolkata Knight Riders,Sunrisers Hyderabad,AM Rahane,38,27,1,4,140.74074074074073,Sunrisers Hyderabad,11.0,157.14285714285714,27.166666666666668,105.9980165942352,174,23.8,20.3,23.9,1.0,1.0,2.2,1.4,Moderate,Low
1473452,2025-04-03,2025,1,Kolkata Knight Riders,Sunrisers Hyderabad,Q de Kock,1,6,0,0,16.666666666666664,Sunrisers Hyderabad,1.0,33.33333333333333,29.38738738738739,116.62350832022015,111,23.2,20.7,31.0,0.0,0.0,2.2,1.2,Low,Low
1473452,2025-04-03,2025,1,Kolkata Knight Riders,Sunrisers Hyderabad,RK Singh,32,17,4,1,188.23529411764704,Sunrisers Hyderabad,17.0,121.42857142857142,21.952380952380956,137.4932223910055,42,14.8,14.3,32.4,1.0,1.0,1.2,0.6,Moderate,Low
1473452,2025-04-03,2025,1,Kolkata Knight Riders,Sunrisers Hyderabad,SP Narine,7,7,0,1,100.0,Sunrisers Hyderabad,0.0,0.0,14.61111111111111,122.53138960688626,108,14.2,25.6,8.4375,0.0,0.0,1.8,0.8,Low,Low
1473452,2025-04-03,2025,1,Kolkata Knight Riders,Sunrisers Hyderabad,VR Iyer,60,29,7,3,206.89655172413796,Sunrisers Hyderabad,3.0,33.33333333333333,26.176470588235293,122.65612532318936,51,30.8,30.6,18.5,0.0,0.0,3.2,1.8,High,Low
1473452,2025-04-03,2025,2,Sunrisers Hyderabad,Kolkata Knight Riders,Abhishek Sharma,2,6,0,0,33.33333333333333,Kolkata Knight Riders,1.0,100.0,22.0,137.30185977683564,64,9.0,21.2,14.666666666666666,0.0,0.0,1.4,0.2,Low,Low
1473452,2025-04-03,2025,2,Sunrisers Hyderabad,Kolkata Knight Riders,Aniket Verma,6,6,1,0,100.0,Kolkata Knight Riders,74.0,180.4878048780488,39.0,230.24807171148635,3,39.0,39.0,0.0,5.0,6.0,1.6666666666666667,4.0,Low,Low
1473452,2025-04-03,2025,2,Sunrisers Hyderabad,Kolkata Knight Riders,H Klaasen,33,21,2,2,157.14285714285714,Kolkata Knight Riders,32.0,188.23529411764704,31.0,162.2077661657933,35,31.6,29.6,30.166666666666668,2.0,2.0,2.0,1.6,Moderate,Low
1473452,2025-04-03,2025,2,Sunrisers Hyderabad,Kolkata Knight Riders,HV Patel,3,5,0,0,60.0,Kolkata Knight Riders,5.0,55.55555555555556,6.82051282051282,101.36228109078787,39,5.8,4.8,8.166666666666666,0.0,0.0,0.2,0.2,Low,Low
1473452,2025-04-03,2025,2,Sunrisers Hyderabad,Kolkata Knight Riders,Ishan Kishan,2,5,0,0,40.0,Kolkata Knight Riders,2.0,40.0,26.980392156862745,117.6771486056449,102,32.4,23.6,28.55555555555556,0.0,0.0,3.4,1.6,Low,Low
1473452,2025-04-03,2025,2,Sunrisers Hyderabad,Kolkata Knight Riders,Mohammed Shami,2,4,0,0,50.0,Kolkata Knight Riders,1.0,100.0,3.04,71.33333333333333,25,1.6,2.3,2.0,0.0,0.0,0.2,0.0,Low,Low
1473452,2025-04-03,2025,2,Sunrisers Hyderabad,Kolkata Knight Riders,Nithish Kumar Reddy,19,15,2,1,126.66666666666666,Kolkata Knight Riders,0.0,0.0,26.071428571428573,123.68438847010276,14,16.0,23.7,11.0,0.0,0.0,1.4,0.4,Low,Low
1473452,2025-04-03,2025,2,Sunrisers Hyderabad,Kolkata Knight Riders,PHKD Mendis,27,20,1,2,135.0,Kolkata Knight Riders,0.0,0.0,0.0,0.0,0,0.0,0.0,0.0,0.0,0.0,0.0,0.0,Moderate,Low
1473452,2025-04-03,2025,2,Sunrisers Hyderabad,Kolkata Knight Riders,PJ Cummins,14,15,2,0,93.33333333333331,Kolkata Knight Riders,2.0,28.57142857142857,12.738095238095235,126.75202456355709,42,9.8,15.1,14.25,0.0,0.0,0.6,0.8,Low,Low
1473452,2025-04-03,2025,2,Sunrisers Hyderabad,Kolkata Knight Riders,Simarjeet Singh,0,1,0,0,0.0,Kolkata Knight Riders,3.0,75.0,2.5,85.41666666666666,4,2.5,2.5,0.0,0.0,0.0,0.0,0.0,Low,Low
1473452,2025-04-03,2025,2,Sunrisers Hyderabad,Kolkata Knight Riders,TM Head,4,2,1,0,200.0,Kolkata Knight Riders,22.0,183.3333333333333,32.42857142857143,136.0249607976096,28,34.0,36.5,25.0,4.0,0.0,4.2,1.4,Low,Low
1473453,2025-04-04,2025,1,Lucknow Super Giants,Mumbai Indians,A Badoni,30,19,4,0,157.89473684210526,Mumbai Indians,41.0,124.24242424242424,18.026315789473685,119.76992556330616,38,15.8,20.2,10.75,1.0,3.0,0.6,1.0,Moderate,Low
1473453,2025-04-04,2025,1,Lucknow Super Giants,Mumbai Indians,AK Markram,53,38,2,4,139.4736842105263,Mumbai Indians,28.0,155.55555555555557,23.08888888888889,115.83681244287212,45,13.0,13.7,24.2,4.0,1.0,1.6,0.4,High,Low
1473453,2025-04-04,2025,1,Lucknow Super Giants,Mumbai Indians,Abdul Samad,4,2,1,0,200.0,Mumbai Indians,27.0,225.0,14.952380952380953,138.5824783970284,42,13.8,12.5,8.2,2.0,2.0,0.8,1.2,Low,Low
1473453,2025-04-04,2025,1,Lucknow Super Giants,Mumbai Indians,Akash Deep,0,1,0,0,0.0,Mumbai Indians,2.0,100.0,6.333333333333333,104.16666666666669,3,6.333333333333333,6.333333333333333,2.0,0.0,0.0,0.6666666666666666,0.3333333333333333,Low,Low
1473453,2025-04-04,2025,1,Lucknow Super Giants,Mumbai Indians,Avesh Khan,2,1,0,0,200.0,Mumbai Indians,0.0,0.0,4.1,142.33333333333331,10,2.2,4.1,0.0,0.0,0.0,0.2,0.0,Low,Low
1473453,2025-04-04,2025,1,Lucknow Super Giants,Mumbai Indians,DA Miller,27,14,3,1,192.8571428571429,Mumbai Indians,19.0,105.55555555555556,23.488188976377952,125.47722919470296,127,21.0,23.6,23.5,3.0,0.0,2.0,0.8,Moderate,Low
1473453,2025-04-04,2025,1,Lucknow Super Giants,Mumbai Indians,MR Marsh,60,31,9,2,193.5483870967742,Mumbai Indians,0.0,0.0,20.23076923076923,108.11721797668956,39,28.4,21.9,19.0,0.0,0.0,3.0,1.8,High,Low
1473453,2025-04-04,2025,1,Lucknow Super Giants,Mumbai Indians,N Pooran,12,6,1,1,200.0,Mumbai Indians,44.0,146.66666666666666,25.428571428571427,142.63976946635796,77,65.0,44.2,22.77777777777778,5.0,2.0,5.6,5.4,Low,Low
1473453,2025-04-04,2025,1,Lucknow Super Giants,Mumbai Indians,RR Pant,2,6,0,0,33.33333333333333,Mumbai Indians,2.0,40.0,28.56896551724138,132.47202940862397,116,13.0,26.9,25.125,0.0,0.0,1.0,0.4,Low,Low
1473453,2025-04-04,2025,1,Lucknow Super Giants,Mumbai Indians,SN Thakur,5,2,1,0,250.0,Mumbai Indians,3.0,100.0,8.378378378378379,102.2163095756562,37,4.8,4.9,9.285714285714286,0.0,0.0,0.4,0.2,Low,Low
1473453,2025-04-04,2025,2,Mumbai Indians,Lucknow Super Giants,HH Pandya,28,16,2,1,175.0,Lucknow Super Giants,11.0,64.70588235294117,19.28030303030303,139.95225064900634,132,6.0,11.9,25.166666666666668,1.0,0.0,0.4,0.2,Moderate,Low
1473453,2025-04-04,2025,2,Mumbai Indians,Lucknow Super Giants,MJ Santner,2,2,0,0,100.0,Lucknow Super Giants,18.0,200.0,7.615384615384615,105.7149036298834,13,8.6,5.6,1.0,1.0,2.0,0.6,0.4,Low,Low
1473453,2025-04-04,2025,2,Mumbai Indians,Lucknow Super Giants,Naman Dhir,46,24,4,3,191.66666666666669,Lucknow Super Giants,18.0,163.63636363636363,19.444444444444443,148.06130083907863,9,22.8,19.444444444444443,62.0,3.0,0.0,1.8,1.4,High,Low
1473453,2025-04-04,2025,2,Mumbai Indians,Lucknow Super Giants,RD Rickelton,10,5,2,0,200.0,Lucknow Super Giants,62.0,155.0,27.0,135.7936507936508,3,27.0,27.0,0.0,4.0,5.0,2.6666666666666665,1.6666666666666667,Low,Low
1473453,2025-04-04,2025,2,Mumbai Indians,Lucknow Super Giants,SA Yadav,67,43,9,1,155.8139534883721,Lucknow Super Giants,27.0,300.0,26.60431654676259,135.07329683996122,139,23.0,31.9,15.666666666666666,3.0,2.0,1.4,1.4,High,Low
1473453,2025-04-04,2025,2,Mumbai Indians,Lucknow Super Giants,Tilak Varma,25,23,2,0,108.69565217391305,Lucknow Super Giants,39.0,108.33333333333331,30.65,138.3168229067886,40,28.6,34.3,24.25,3.0,1.0,3.2,0.8,Moderate,Low
1473453,2025-04-04,2025,2,Mumbai Indians,Lucknow Super Giants,WG Jacks,5,7,0,0,71.42857142857143,Lucknow Super Giants,16.0,94.11764705882352,25.7,139.4276719308413,10,16.2,25.7,0.0,0.0,1.0,1.2,0.8,Low,Low
1473454,2025-04-05,2025,1,Delhi Capitals,Chennai Super Kings,AR Patel,21,14,2,1,150.0,Chennai Super Kings,22.0,200.0,14.823008849557525,126.83894497850532,113,24.6,21.4,11.285714285714286,3.0,1.0,2.6,1.0,Moderate,Low
1473454,2025-04-05,2025,1,Delhi Capitals,Chennai Super Kings,Abishek Porel,33,20,4,1,165.0,Chennai Super Kings,34.0,188.88888888888889,21.88888888888889,130.44912126901374,18,31.8,31.1,9.0,2.0,2.0,2.8,1.8,Moderate,Low
1473454,2025-04-05,2025,1,Delhi Capitals,Chennai Super Kings,Ashutosh Sharma,1,1,0,0,100.0,Chennai Super Kings,66.0,212.9032258064516,25.5,150.52503394770946,10,19.2,25.5,3.0,5.0,5.0,1.2,1.4,Low,Low
1473454,2025-04-05,2025,1,Delhi Capitals,Chennai Super Kings,J Fraser-McGurk,0,5,0,0,0.0,Chennai Super Kings,38.0,118.75,33.54545454545455,189.715145965146,11,22.0,31.4,0.0,4.0,2.0,2.6,1.4,Low,Low
1473454,2025-04-05,2025,1,Delhi Capitals,Chennai Super Kings,KL Rahul,77,51,6,3,150.9803921568627,Chennai Super Kings,15.0,300.0,37.632,124.00914955198633,125,25.8,37.0,39.5,2.0,1.0,2.0,1.0,High,Low
1473454,2025-04-05,2025,1,Delhi Capitals,Chennai Super Kings,Sameer Rizvi,20,15,1,1,133.33333333333331,Chennai Super Kings,4.0,100.0,9.166666666666666,105.35628019323671,6,8.2,9.166666666666666,0.0,1.0,0.0,1.0,0.0,Moderate,Low
1473454,2025-04-05,2025,1,Delhi Capitals,Chennai Super Kings,T Stubbs,24,12,2,1,200.0,Chennai Super Kings,21.0,150.0,24.210526315789476,139.98747186722383,19,31.2,25.9,6.25,3.0,0.0,2.0,2.0,Moderate,Low
1473454,2025-04-05,2025,1,Delhi Capitals,Chennai Super Kings,V Nigam,1,2,0,0,50.0,Chennai Super Kings,39.0,260.0,39.0,260.0,1,39.0,39.0,0.0,5.0,2.0,5.0,2.0,Low,Low
1473454,2025-04-05,2025,2,Chennai Super Kings,Delhi Capitals,DP Conway,13,14,1,0,92.85714285714286,Delhi Capitals,47.0,188.0,42.0,112.06157595882576,22,42.8,49.1,61.333333333333336,4.0,2.0,4.6,1.0,Low,Low
1473454,2025-04-05,2025,2,Chennai Super Kings,Delhi Capitals,MS Dhoni,30,26,1,1,115.38461538461536,Delhi Capitals,16.0,145.45454545454547,22.89610389610389,132.6754817788309,231,19.4,14.8,18.5,1.0,1.0,1.6,1.4,Moderate,Low
1473454,2025-04-05,2025,2,Chennai Super Kings,Delhi Capitals,R Ravindra,3,5,0,0,60.0,Delhi Capitals,0.0,0.0,25.23076923076923,122.42797077474496,13,38.8,24.3,2.0,0.0,0.0,2.6,1.8,Low,Low
1473454,2025-04-05,2025,2,Chennai Super Kings,Delhi Capitals,RA Jadeja,2,3,0,0,66.66666666666666,Delhi Capitals,32.0,145.45454545454547,16.57377049180328,132.3001499464934,183,24.2,25.7,19.875,2.0,1.0,1.6,1.0,Low,Low
1473454,2025-04-05,2025,2,Chennai Super Kings,Delhi Capitals,RD Gaikwad,5,4,1,0,125.0,Delhi Capitals,63.0,143.1818181818182,36.70588235294117,111.79540899406726,68,31.6,45.8,29.75,7.0,1.0,2.8,1.2,Low,Low
1473454,2025-04-05,2025,2,Chennai Super Kings,Delhi Capitals,S Dube,18,15,1,1,120.0,Delhi Capitals,18.0,180.0,24.1875,126.9236931666494,64,14.2,19.7,18.875,1.0,2.0,1.0,1.0,Low,Low
1473454,2025-04-05,2025,2,Chennai Super Kings,Delhi Capitals,V Shankar,69,53,5,1,130.18867924528303,Delhi Capitals,9.0,150.0,19.05084745762712,122.2937926083629,59,12.0,15.9,14.0,0.0,1.0,1.0,0.4,High,Low
1473455,2025-04-05,2025,1,Rajasthan Royals,Punjab Kings,Dhruv Jurel,13,5,1,1,260.0,Punjab Kings,3.0,42.85714285714285,18.12,123.05502079619724,25,34.0,25.3,12.0,0.0,0.0,3.6,1.6,Low,Low
1473455,2025-04-05,2025,1,Rajasthan Royals,Punjab Kings,N Rana,12,7,2,0,171.42857142857142,Punjab Kings,81.0,225.0,26.307692307692307,120.01223509757013,104,28.4,32.2,21.2,10.0,5.0,3.4,1.2,Low,Low
1473455,2025-04-05,2025,1,Rajasthan Royals,Punjab Kings,R Parag,43,25,3,3,172.0,Punjab Kings,37.0,132.14285714285714,20.311475409836067,120.02149385004712,61,21.6,32.1,20.0,2.0,2.0,1.0,1.4,High,Low
1473455,2025-04-05,2025,1,Rajasthan Royals,Punjab Kings,SO Hetmyer,20,12,2,1,166.66666666666669,Punjab Kings,19.0,118.75,19.279411764705884,137.55290846245452,68,19.6,16.2,31.2,1.0,1.0,1.2,1.2,Moderate,Low
1473455,2025-04-05,2025,1,Rajasthan Royals,Punjab Kings,SV Samson,38,26,6,0,146.15384615384613,Punjab Kings,20.0,125.0,27.381818181818183,118.67155122110024,165,25.2,31.6,32.285714285714285,1.0,1.0,2.2,1.2,Moderate,Low
1473455,2025-04-05,2025,1,Rajasthan Royals,Punjab Kings,YBK Jaiswal,67,45,3,5,148.88888888888889,Punjab Kings,4.0,133.33333333333331,29.83636363636364,127.2868747540975,55,24.2,24.4,36.833333333333336,1.0,0.0,3.0,1.0,High,Low
1473455,2025-04-05,2025,2,Punjab Kings,Rajasthan Royals,Arshdeep Singh,1,5,0,0,20.0,Rajasthan Royals,4.0,133.33333333333331,2.636363636363636,63.90374331550802,11,3.4,2.9,0.0,1.0,0.0,0.6,0.0,Low,Low
1473455,2025-04-05,2025,2,Punjab Kings,Rajasthan Royals,GJ Maxwell,30,21,3,1,142.85714285714286,Rajasthan Royals,0.0,0.0,21.32307692307692,124.99096131459196,130,4.0,5.2,23.0,0.0,0.0,0.6,0.2,Moderate,Low
1473455,2025-04-05,2025,2,Punjab Kings,Rajasthan Royals,LH Ferguson,4,1,1,0,400.0,Rajasthan Royals,1.0,100.0,9.714285714285714,121.43315018315018,7,9.6,9.714285714285714,0.0,0.0,0.0,1.0,0.4,Low,Low
1473455,2025-04-05,2025,2,Punjab Kings,Rajasthan Royals,M Jansen,3,6,0,0,50.0,Rajasthan Royals,17.0,141.66666666666669,5.5,86.43939393939394,12,5.0,6.6,3.0,1.0,1.0,0.2,0.2,Low,Low
1473455,2025-04-05,2025,2,Punjab Kings,Rajasthan Royals,MP Stoinis,1,7,0,0,14.285714285714285,Rajasthan Royals,20.0,133.33333333333331,21.191011235955056,118.768978987008,89,18.4,29.6,17.583333333333332,1.0,2.0,2.2,0.8,Low,Low
1473455,2025-04-05,2025,2,Punjab Kings,Rajasthan Royals,N Wadhera,62,41,4,3,151.21951219512195,Rajasthan Royals,43.0,172.0,23.11764705882353,134.1533468500723,17,19.8,19.5,49.0,3.0,4.0,1.6,1.2,High,Low
1473455,2025-04-05,2025,2,Punjab Kings,Rajasthan Royals,P Simran Singh,17,16,2,0,106.25,Rajasthan Royals,69.0,202.94117647058823,23.05555555555556,126.29191905117894,36,31.4,28.9,19.5,9.0,3.0,3.8,1.4,Low,Low
1473455,2025-04-05,2025,2,Punjab Kings,Rajasthan Royals,Priyansh Arya,0,1,0,0,0.0,Rajasthan Royals,8.0,88.88888888888889,27.5,146.6183574879227,2,27.5,27.5,0.0,1.0,0.0,4.0,1.0,Low,Low
1473455,2025-04-05,2025,2,Punjab Kings,Rajasthan Royals,SS Iyer,10,5,2,0,200.0,Rajasthan Royals,52.0,173.33333333333334,28.034188034188038,116.05637421193585,117,44.0,36.0,33.27272727272727,3.0,4.0,3.0,3.4,Low,Low
1473455,2025-04-05,2025,2,Punjab Kings,Rajasthan Royals,Shashank Singh,10,13,0,0,76.92307692307693,Rajasthan Royals,44.0,275.0,23.35,149.043124998615,20,22.0,26.1,4.5,6.0,2.0,2.8,0.8,Low,Low
1473455,2025-04-05,2025,2,Punjab Kings,Rajasthan Royals,Suryansh Shedge,2,4,0,0,50.0,Rajasthan Royals,0.0,0.0,0.0,0.0,0,0.0,0.0,0.0,0.0,0.0,0.0,0.0,Low,Low
1473457,2025-04-06,2025,1,Sunrisers Hyderabad,Gujarat Titans,Abhishek Sharma,18,16,4,0,112.5,Gujarat Titans,2.0,33.33333333333333,21.692307692307693,135.70234398539716,65,7.0,20.2,35.25,0.0,0.0,1.2,0.0,Low,Low
1473457,2025-04-06,2025,1,Sunrisers Hyderabad,Gujarat Titans,Aniket Verma,18,14,2,0,128.57142857142858,Gujarat Titans,6.0,100.0,30.75,197.6860537836148,4,30.75,30.75,0.0,1.0,0.0,1.5,3.0,Low,Low
1473457,2025-04-06,2025,1,Sunrisers Hyderabad,Gujarat Titans,H Klaasen,27,19,2,1,142.10526315789474,Gujarat Titans,33.0,157.14285714285714,31.05555555555556,162.0670742484895,36,28.2,30.9,44.0,2.0,2.0,2.4,1.2,Moderate,Low
1473457,2025-04-06,2025,1,Sunrisers Hyderabad,Gujarat Titans,Ishan Kishan,17,14,2,0,121.42857142857142,Gujarat Titans,2.0,40.0,26.737864077669904,116.92300153180368,103,24.8,23.8,22.25,0.0,0.0,2.4,1.2,Low,Low
1473457,2025-04-06,2025,1,Sunrisers Hyderabad,Gujarat Titans,Mohammed Shami,6,2,1,0,300.0,Gujarat Titans,2.0,50.0,3.0,70.51282051282051,26,1.8,2.4,0.0,0.0,0.0,0.2,0.0,Low,Low
1473457,2025-04-06,2025,1,Sunrisers Hyderabad,Gujarat Titans,Nithish Kumar Reddy,31,34,3,0,91.17647058823528,Gujarat Titans,19.0,126.66666666666666,25.6,123.88320701654035,15,18.8,24.1,0.0,2.0,1.0,1.8,0.6,Moderate,Low
1473457,2025-04-06,2025,1,Sunrisers Hyderabad,Gujarat Titans,PHKD Mendis,1,5,0,0,20.0,Gujarat Titans,27.0,135.0,27.0,135.0,1,27.0,27.0,0.0,1.0,2.0,1.0,2.0,Low,Low
1473457,2025-04-06,2025,1,Sunrisers Hyderabad,Gujarat Titans,PJ Cummins,22,9,3,1,244.44444444444449,Gujarat Titans,14.0,93.33333333333331,12.767441860465116,125.97484569773792,43,11.6,16.4,2.0,2.0,0.0,0.8,0.8,Moderate,Low
1473457,2025-04-06,2025,1,Sunrisers Hyderabad,Gujarat Titans,Simarjeet Singh,0,2,0,0,0.0,Gujarat Titans,0.0,0.0,2.0,68.33333333333333,5,2.0,2.0,0.0,0.0,0.0,0.0,0.0,Low,Low
1473457,2025-04-06,2025,1,Sunrisers Hyderabad,Gujarat Titans,TM Head,8,5,2,0,160.0,Gujarat Titans,4.0,200.0,31.448275862068964,138.2309966321748,29,28.0,31.1,19.0,1.0,0.0,3.8,1.2,Low,Low
1473457,2025-04-06,2025,2,Gujarat Titans,Sunrisers Hyderabad,B Sai Sudharsan,5,9,0,0,55.55555555555556,Sunrisers Hyderabad,49.0,136.11111111111111,43.57142857142857,137.01098058908696,28,59.0,52.2,34.333333333333336,7.0,1.0,4.2,3.4,Low,Low
1473457,2025-04-06,2025,2,Gujarat Titans,Sunrisers Hyderabad,JC Buttler,0,3,0,0,0.0,Sunrisers Hyderabad,73.0,187.1794871794872,34.08181818181818,128.56105612875578,110,41.2,39.0,29.307692307692307,5.0,6.0,3.6,2.0,Low,Low
1473457,2025-04-06,2025,2,Gujarat Titans,Sunrisers Hyderabad,SE Rutherford,35,16,6,1,218.75,Sunrisers Hyderabad,30.0,166.66666666666669,16.666666666666668,128.4700022200022,12,25.4,18.7,9.0,1.0,3.0,1.2,1.8,Moderate,Low
1473457,2025-04-06,2025,2,Gujarat Titans,Sunrisers Hyderabad,Shubman Gill,61,43,9,0,141.86046511627907,Sunrisers Hyderabad,14.0,100.0,32.36274509803921,122.7496008958756,102,38.2,32.8,33.166666666666664,1.0,1.0,3.2,2.2,High,Low
1473457,2025-04-06,2025,2,Gujarat Titans,Sunrisers Hyderabad,Washington Sundar,49,29,5,2,168.9655172413793,Sunrisers Hyderabad,0.0,0.0,9.947368421052632,106.07748937735089,38,11.8,10.0,7.0,0.0,0.0,1.2,0.0,High,Low
1473458,2025-04-07,2025,1,Royal Challengers Bengaluru,Mumbai Indians,D Padikkal,37,22,2,3,168.1818181818182,Mumbai Indians,4.0,133.33333333333331,23.88059701492537,104.71805363611776,67,10.8,7.9,21.714285714285715,1.0,0.0,0.8,0.4,Moderate,Low
1473458,2025-04-07,2025,1,Royal Challengers Bengaluru,Mumbai Indians,JM Sharma,40,19,2,4,210.52631578947367,Mumbai Indians,33.0,157.14285714285714,20.394736842105264,147.08533653807245,38,20.8,17.4,28.25,5.0,1.0,1.8,1.2,High,Low
1473458,2025-04-07,2025,1,Royal Challengers Bengaluru,Mumbai Indians,LS Livingstone,0,2,0,0,0.0,Mumbai Indians,54.0,135.0,24.23809523809524,137.0540358244353,42,17.0,19.0,19.2,1.0,5.0,0.8,1.4,Low,Low
1473458,2025-04-07,2025,1,Royal Challengers Bengaluru,Mumbai Indians,PD Salt,4,2,1,0,200.0,Mumbai Indians,14.0,107.6923076923077,31.45833333333333,146.55762630264528,24,28.0,34.6,5.5,1.0,1.0,4.0,1.2,Low,Low
1473458,2025-04-07,2025,1,Royal Challengers Bengaluru,Mumbai Indians,RM Patidar,64,32,5,4,200.0,Mumbai Indians,12.0,100.0,33.18518518518518,141.87970528972104,27,34.4,38.3,29.0,2.0,0.0,3.0,2.0,High,Low
1473458,2025-04-07,2025,1,Royal Challengers Bengaluru,Mumbai Indians,TH David,1,1,0,0,100.0,Mumbai Indians,32.0,177.77777777777777,19.27027027027027,151.62907354083825,37,22.6,22.5,0.0,3.0,2.0,1.6,1.4,Low,Low
1473458,2025-04-07,2025,1,Royal Challengers Bengaluru,Mumbai Indians,V Kohli,67,42,8,2,159.52380952380955,Mumbai Indians,7.0,116.66666666666669,32.57429718875502,119.0449442725876,249,35.4,45.9,26.060606060606062,1.0,0.0,2.6,1.8,High,Low
1473458,2025-04-07,2025,2,Mumbai Indians,Royal Challengers Bengaluru,DL Chahar,0,1,0,0,0.0,Royal Challengers Bengaluru,28.0,186.66666666666663,8.307692307692308,98.5897435897436,13,6.4,9.3,0.0,2.0,2.0,0.4,0.4,Low,Low
1473458,2025-04-07,2025,2,Mumbai Indians,Royal Challengers Bengaluru,HH Pandya,42,15,3,4,280.0,Royal Challengers Bengaluru,28.0,175.0,19.345864661654137,140.21576756141985,133,11.6,12.6,21.0,2.0,1.0,0.8,0.4,High,Low
1473458,2025-04-07,2025,2,Mumbai Indians,Royal Challengers Bengaluru,JJ Bumrah,0,1,0,0,0.0,Royal Challengers Bengaluru,1.0,100.0,2.6153846153846154,73.8850038850039,26,2.4,1.8,0.0,0.0,0.0,0.2,0.0,Low,Low
1473458,2025-04-07,2025,2,Mumbai Indians,Royal Challengers Bengaluru,MJ Santner,8,4,0,1,200.0,Royal Challengers Bengaluru,2.0,100.0,7.214285714285714,105.30669622774886,14,6.8,4.9,3.0,0.0,0.0,0.4,0.4,Low,Low
1473458,2025-04-07,2025,2,Mumbai Indians,Royal Challengers Bengaluru,Naman Dhir,11,6,1,1,183.3333333333333,Royal Challengers Bengaluru,46.0,191.66666666666669,22.1,152.42183742183744,10,32.0,22.1,0.0,4.0,3.0,2.6,2.0,Low,Low
1473458,2025-04-07,2025,2,Mumbai Indians,Royal Challengers Bengaluru,RD Rickelton,17,10,4,0,170.0,Royal Challengers Bengaluru,10.0,200.0,22.75,151.8452380952381,4,22.75,22.75,0.0,2.0,0.0,2.5,1.25,Low,Low
1473458,2025-04-07,2025,2,Mumbai Indians,Royal Challengers Bengaluru,RG Sharma,17,9,2,1,188.88888888888889,Royal Challengers Bengaluru,13.0,118.1818181818182,26.08235294117647,112.38907038589936,255,21.6,14.1,38.0,0.0,1.0,2.6,1.0,Low,Low
1473458,2025-04-07,2025,2,Mumbai Indians,Royal Challengers Bengaluru,SA Yadav,28,26,5,0,107.6923076923077,Royal Challengers Bengaluru,67.0,155.8139534883721,26.892857142857142,135.22144438744988,140,34.2,37.6,52.0,9.0,1.0,3.0,1.6,Moderate,Low
1473458,2025-04-07,2025,2,Mumbai Indians,Royal Challengers Bengaluru,TA Boult,1,1,0,0,100.0,Royal Challengers Bengaluru,1.0,50.0,3.652173913043478,78.970606687998,23,3.0,4.2,0.0,0.0,0.0,0.4,0.0,Low,Low
1473458,2025-04-07,2025,2,Mumbai Indians,Royal Challengers Bengaluru,Tilak Varma,56,29,4,4,193.1034482758621,Royal Challengers Bengaluru,25.0,108.69565217391305,30.51219512195122,137.59435532793796,41,32.8,33.7,16.0,2.0,0.0,3.6,0.8,High,Low
1473458,2025-04-07,2025,2,Mumbai Indians,Royal Challengers Bengaluru,WG Jacks,22,18,2,1,122.22222222222224,Royal Challengers Bengaluru,5.0,71.42857142857143,23.818181818181817,133.24593552154403,11,17.0,25.4,0.0,0.0,0.0,1.2,0.8,Moderate,Low
1473456,2025-04-08,2025,1,Lucknow Super Giants,Kolkata Knight Riders,AK Markram,47,28,4,2,167.85714285714286,Kolkata Knight Riders,53.0,139.4736842105263,23.73913043478261,116.35065748129936,46,23.4,19.0,35.285714285714285,2.0,4.0,2.0,1.2,High,Low
1473456,2025-04-08,2025,1,Lucknow Super Giants,Kolkata Knight Riders,Abdul Samad,6,4,1,0,150.0,Kolkata Knight Riders,4.0,200.0,14.69767441860465,140.01079285291146,43,11.4,11.6,15.625,1.0,0.0,1.0,0.8,Low,Low
1473456,2025-04-08,2025,1,Lucknow Super Giants,Kolkata Knight Riders,DA Miller,4,4,0,0,100.0,Kolkata Knight Riders,27.0,192.8571428571429,23.515625,126.0036347701908,128,20.4,21.9,18.933333333333334,3.0,1.0,2.0,0.6,Low,Low
1473456,2025-04-08,2025,1,Lucknow Super Giants,Kolkata Knight Riders,MR Marsh,81,48,6,5,168.75,Kolkata Knight Riders,60.0,193.5483870967742,21.225,110.25299720469164,40,36.8,25.3,5.0,9.0,2.0,4.4,2.0,High,Low
1473456,2025-04-08,2025,1,Lucknow Super Giants,Kolkata Knight Riders,N Pooran,87,36,7,8,241.66666666666663,Kolkata Knight Riders,12.0,200.0,25.256410256410252,143.3751570373021,78,55.2,42.0,21.7,1.0,1.0,4.6,4.8,High,Low
1473456,2025-04-08,2025,2,Kolkata Knight Riders,Lucknow Super Giants,A Raghuvanshi,5,4,1,0,125.0,Lucknow Super Giants,50.0,156.25,26.454545454545453,146.90324158907046,11,32.0,23.7,19.5,5.0,2.0,3.0,1.0,Low,Low
1473456,2025-04-08,2025,2,Kolkata Knight Riders,Lucknow Super Giants,AD Russell,7,4,0,1,175.0,Lucknow Super Giants,1.0,50.0,23.12962962962963,150.1465358202352,108,9.2,12.7,17.25,0.0,0.0,1.0,0.6,Low,Low
1473456,2025-04-08,2025,2,Kolkata Knight Riders,Lucknow Super Giants,AM Rahane,61,35,8,2,174.28571428571428,Lucknow Super Giants,38.0,140.74074074074073,27.228571428571428,106.19654644650096,175,31.2,20.5,18.5,1.0,4.0,2.4,2.2,High,Low
1473456,2025-04-08,2025,2,Kolkata Knight Riders,Lucknow Super Giants,Harshit Rana,10,9,2,0,111.11111111111111,Lucknow Super Giants,4.0,57.14285714285714,2.2,68.0952380952381,5,2.2,2.2,2.0,0.0,0.0,0.2,0.0,Low,Low
1473456,2025-04-08,2025,2,Kolkata Knight Riders,Lucknow Super Giants,Q de Kock,15,9,0,2,166.66666666666669,Lucknow Super Giants,1.0,16.666666666666664,29.133928571428573,115.731036519742,112,23.0,18.9,0.0,0.0,0.0,2.2,1.2,Low,Low
1473456,2025-04-08,2025,2,Kolkata Knight Riders,Lucknow Super Giants,RK Singh,38,15,6,2,253.3333333333333,Lucknow Super Giants,32.0,188.23529411764704,22.186046511627907,138.67327057069485,43,19.4,16.6,32.25,4.0,1.0,1.6,0.8,Moderate,Low
1473456,2025-04-08,2025,2,Kolkata Knight Riders,Lucknow Super Giants,Ramandeep Singh,1,2,0,0,50.0,Lucknow Super Giants,22.0,183.3333333333333,13.2,169.41666666666666,15,14.4,11.8,25.0,1.0,2.0,0.6,1.2,Low,Low
1473456,2025-04-08,2025,2,Kolkata Knight Riders,Lucknow Super Giants,SP Narine,30,13,4,2,230.76923076923077,Lucknow Super Giants,7.0,100.0,14.541284403669724,122.3246796104928,109,15.6,25.3,26.2,0.0,1.0,1.8,1.0,Moderate,Low
1473456,2025-04-08,2025,2,Kolkata Knight Riders,Lucknow Super Giants,VR Iyer,45,29,6,1,155.17241379310346,Lucknow Super Giants,60.0,206.89655172413796,26.82692307692308,124.2761335232076,52,34.4,35.0,8.333333333333334,7.0,3.0,3.4,2.0,High,Low
1473459,2025-04-08,2025,1,Punjab Kings,Chennai Super Kings,GJ Maxwell,1,2,0,0,50.0,Chennai Super Kings,30.0,142.85714285714286,21.38931297709924,125.12734437980228,131,10.0,8.2,27.142857142857142,3.0,1.0,1.2,0.4,Low,Low
1473459,2025-04-08,2025,1,Punjab Kings,Chennai Super Kings,M Jansen,34,19,2,2,178.94736842105263,Chennai Super Kings,3.0,50.0,5.307692307692308,83.63636363636364,13,5.4,6.1,17.0,0.0,0.0,0.2,0.2,Moderate,Low
1473459,2025-04-08,2025,1,Punjab Kings,Chennai Super Kings,MP Stoinis,4,7,0,0,57.14285714285714,Chennai Super Kings,1.0,14.285714285714285,20.966666666666665,117.60805382366028,90,11.4,28.7,27.0,0.0,0.0,1.4,0.4,Low,Low
1473459,2025-04-08,2025,1,Punjab Kings,Chennai Super Kings,N Wadhera,9,6,0,1,150.0,Chennai Super Kings,62.0,151.21951219512195,25.27777777777778,135.10146714701952,18,23.0,24.1,64.0,4.0,3.0,1.6,1.4,Low,Low
1473459,2025-04-08,2025,1,Punjab Kings,Chennai Super Kings,P Simran Singh,0,2,0,0,0.0,Chennai Super Kings,17.0,106.25,22.89189189189189,125.75024556330924,37,33.6,30.6,28.33333333333333,2.0,0.0,4.0,1.4,Low,Low
1473459,2025-04-08,2025,1,Punjab Kings,Chennai Super Kings,Priyansh Arya,103,41,7,9,251.21951219512195,Chennai Super Kings,0.0,0.0,18.33333333333333,97.74557165861512,3,18.33333333333333,18.33333333333333,0.0,0.0,0.0,2.6666666666666665,0.6666666666666666,High,Low
1473459,2025-04-08,2025,1,Punjab Kings,Chennai Super Kings,SS Iyer,9,7,0,1,128.57142857142858,Chennai Super Kings,10.0,200.0,27.88135593220339,116.76776087115672,118,44.6,32.0,22.307692307692307,2.0,0.0,3.2,3.4,Low,Low
1473459,2025-04-08,2025,1,Punjab Kings,Chennai Super Kings,Shashank Singh,52,36,2,3,144.44444444444443,Chennai Super Kings,10.0,76.92307692307693,22.714285714285715,145.60883699501795,21,18.6,26.2,22.33333333333333,0.0,0.0,2.0,0.8,High,Low
1473459,2025-04-08,2025,2,Chennai Super Kings,Punjab Kings,DP Conway,69,49,6,2,140.81632653061226,Punjab Kings,13.0,92.85714285714286,40.73913043478261,111.22660060657869,23,43.4,42.7,92.0,1.0,0.0,4.6,1.0,High,Low
1473459,2025-04-08,2025,2,Chennai Super Kings,Punjab Kings,MS Dhoni,27,12,1,3,225.0,Punjab Kings,30.0,115.38461538461536,22.92672413793104,132.60095218230413,232,20.2,15.0,12.333333333333334,1.0,1.0,1.6,1.0,Moderate,Low
1473459,2025-04-08,2025,2,Chennai Super Kings,Punjab Kings,R Ravindra,36,22,6,0,163.63636363636363,Punjab Kings,3.0,60.0,23.642857142857142,117.96883000512032,14,34.0,23.4,0.0,0.0,0.0,2.4,1.4,Moderate,Low
1473459,2025-04-08,2025,2,Chennai Super Kings,Punjab Kings,RA Jadeja,9,5,0,1,180.0,Punjab Kings,2.0,66.66666666666666,16.494565217391305,131.94344623301606,184,23.6,20.2,15.5,0.0,0.0,1.6,1.0,Low,Low
1473459,2025-04-08,2025,2,Chennai Super Kings,Punjab Kings,RD Gaikwad,1,3,0,0,33.33333333333333,Punjab Kings,5.0,125.0,36.2463768115942,111.9867798782112,69,24.2,35.5,25.571428571428573,1.0,0.0,2.8,0.8,Low,Low
1473459,2025-04-08,2025,2,Chennai Super Kings,Punjab Kings,S Dube,42,27,3,2,155.55555555555557,Punjab Kings,18.0,120.0,24.09230769230769,126.8171748102394,65,14.2,14.9,19.33333333333333,1.0,1.0,0.8,1.0,High,Low
1473459,2025-04-08,2025,2,Chennai Super Kings,Punjab Kings,V Shankar,2,2,0,0,100.0,Punjab Kings,69.0,130.18867924528303,19.883333333333333,122.42537405231155,60,24.2,17.5,8.0,5.0,1.0,2.0,0.6,Low,Low
1473460,2025-04-09,2025,1,Gujarat Titans,Rajasthan Royals,B Sai Sudharsan,82,53,8,3,154.7169811320755,Rajasthan Royals,5.0,55.55555555555556,42.241379310344826,134.20217282931003,29,58.8,49.2,27.5,0.0,0.0,4.2,3.4,High,Low
1473460,2025-04-09,2025,1,Gujarat Titans,Rajasthan Royals,JC Buttler,36,25,5,0,144.0,Rajasthan Royals,0.0,0.0,33.77477477477478,127.40284841588412,111,37.4,38.2,0.0,0.0,0.0,3.2,1.8,Moderate,Low
1473460,2025-04-09,2025,1,Gujarat Titans,Rajasthan Royals,M Shahrukh Khan,36,20,4,2,180.0,Rajasthan Royals,9.0,128.57142857142858,14.564102564102564,149.65644117178644,39,22.4,18.3,18.0,0.0,1.0,1.6,1.6,Moderate,Low
1473460,2025-04-09,2025,1,Gujarat Titans,Rajasthan Royals,R Tewatia,24,12,2,2,200.0,Rajasthan Royals,6.0,300.0,15.43939393939394,133.86508870409995,66,18.2,19.4,11.5,0.0,1.0,2.6,0.4,Moderate,Low
1473460,2025-04-09,2025,1,Gujarat Titans,Rajasthan Royals,Rashid Khan,12,4,1,1,300.0,Rajasthan Royals,6.0,150.0,9.33898305084746,121.31184611057492,59,15.8,10.8,9.666666666666666,0.0,1.0,1.4,0.8,Low,Low
1473460,2025-04-09,2025,1,Gujarat Titans,Rajasthan Royals,SE Rutherford,7,3,0,1,233.33333333333331,Rajasthan Royals,35.0,218.75,18.07692307692308,135.4146174338482,13,26.8,19.4,9.0,6.0,1.0,2.2,1.8,Low,Low
1473460,2025-04-09,2025,1,Gujarat Titans,Rajasthan Royals,Shubman Gill,2,3,0,0,66.66666666666666,Rajasthan Royals,61.0,141.86046511627907,32.640776699029125,122.93514326694746,103,50.0,31.7,34.15384615384615,9.0,0.0,5.0,2.2,Low,Low
1473460,2025-04-09,2025,2,Rajasthan Royals,Gujarat Titans,Dhruv Jurel,5,4,1,0,125.0,Gujarat Titans,13.0,260.0,17.923076923076923,128.3221353809589,26,35.0,26.4,13.5,1.0,1.0,3.6,1.8,Low,Low
1473460,2025-04-09,2025,2,Rajasthan Royals,Gujarat Titans,JC Archer,4,4,0,0,100.0,Gujarat Titans,0.0,0.0,8.307692307692308,131.26123876123876,26,4.2,4.8,0.0,0.0,0.0,0.0,0.4,Low,Low
1473460,2025-04-09,2025,2,Rajasthan Royals,Gujarat Titans,M Theekshana,5,13,0,0,38.46153846153847,Gujarat Titans,2.0,50.0,2.5,81.25,4,2.5,2.5,0.0,0.0,0.0,0.0,0.25,Low,Low
1473460,2025-04-09,2025,2,Rajasthan Royals,Gujarat Titans,N Rana,1,3,0,0,33.33333333333333,Gujarat Titans,12.0,171.42857142857142,26.17142857142857,120.50191449119868,105,29.0,29.2,17.0,2.0,0.0,3.6,1.2,Low,Low
1473460,2025-04-09,2025,2,Rajasthan Royals,Gujarat Titans,R Parag,26,14,1,3,185.7142857142857,Gujarat Titans,43.0,172.0,20.677419354838708,120.85985685246573,62,23.0,35.0,20.33333333333333,3.0,3.0,1.2,1.6,Moderate,Low
1473460,2025-04-09,2025,2,Rajasthan Royals,Gujarat Titans,SB Dubey,1,3,0,0,33.33333333333333,Gujarat Titans,9.0,75.0,15.2,151.33333333333331,5,15.2,15.2,0.0,1.0,0.0,1.0,1.2,Low,Low
1473460,2025-04-09,2025,2,Rajasthan Royals,Gujarat Titans,SO Hetmyer,52,32,4,3,162.5,Gujarat Titans,20.0,166.66666666666669,19.28985507246377,137.97484698715326,69,18.4,17.1,20.0,2.0,1.0,1.0,1.2,High,Low
1473460,2025-04-09,2025,2,Rajasthan Royals,Gujarat Titans,SV Samson,41,28,4,2,146.42857142857142,Gujarat Titans,38.0,146.15384615384613,27.44578313253012,118.837107214671,166,29.4,28.3,38.333333333333336,6.0,0.0,3.4,1.0,High,Low
1473460,2025-04-09,2025,2,Rajasthan Royals,Gujarat Titans,Sandeep Sharma,6,5,0,0,120.0,Gujarat Titans,0.0,0.0,2.16,65.31111111111112,25,2.4,2.3,2.0,0.0,0.0,0.2,0.0,Low,Low
1473460,2025-04-09,2025,2,Rajasthan Royals,Gujarat Titans,TU Deshpande,3,3,0,0,100.0,Gujarat Titans,1.0,50.0,4.0,84.25925925925925,6,4.6,4.0,0.0,0.0,0.0,0.4,0.2,Low,Low
1473460,2025-04-09,2025,2,Rajasthan Royals,Gujarat Titans,YBK Jaiswal,6,7,1,0,85.71428571428571,Gujarat Titans,67.0,148.88888888888889,30.5,127.67262500650448,56,28.6,28.7,12.8,3.0,5.0,2.0,2.0,Low,Low
1473461,2025-04-10,2025,1,Royal Challengers Bengaluru,Delhi Capitals,B Kumar,1,4,0,0,25.0,Delhi Capitals,1.0,50.0,4.582089552238806,84.20878044012372,67,1.0,5.8,4.0,0.0,0.0,0.0,0.0,Low,Low
1473461,2025-04-10,2025,1,Royal Challengers Bengaluru,Delhi Capitals,D Padikkal,1,8,0,0,12.5,Delhi Capitals,37.0,168.1818181818182,24.073529411764707,105.65134429120158,68,15.6,11.6,25.142857142857142,2.0,3.0,1.2,1.0,Low,Low
1473461,2025-04-10,2025,1,Royal Challengers Bengaluru,Delhi Capitals,JM Sharma,3,11,0,0,27.27272727272727,Delhi Capitals,40.0,210.52631578947367,20.897435897435894,148.7120283137494,39,27.8,19.5,18.0,2.0,4.0,2.0,2.0,Low,Low
1473461,2025-04-10,2025,1,Royal Challengers Bengaluru,Delhi Capitals,KH Pandya,18,18,1,0,100.0,Delhi Capitals,5.0,100.0,15.155963302752294,121.06347152315035,109,11.8,9.0,14.416666666666666,1.0,0.0,0.8,0.6,Low,Low
1473461,2025-04-10,2025,1,Royal Challengers Bengaluru,Delhi Capitals,LS Livingstone,4,6,0,0,66.66666666666666,Delhi Capitals,0.0,0.0,23.67441860465116,133.8667326657275,43,15.8,15.2,22.285714285714285,0.0,0.0,0.6,1.4,Low,Low
1473461,2025-04-10,2025,1,Royal Challengers Bengaluru,Delhi Capitals,PD Salt,37,16,4,3,231.25,Delhi Capitals,4.0,200.0,30.36,148.69532125053948,25,22.4,34.0,43.0,1.0,0.0,3.2,1.0,Moderate,Low
1473461,2025-04-10,2025,1,Royal Challengers Bengaluru,Delhi Capitals,RM Patidar,25,23,1,1,108.69565217391305,Delhi Capitals,64.0,200.0,34.285714285714285,143.95543010080243,28,39.0,39.5,41.5,5.0,4.0,3.6,2.0,Moderate,Low
1473461,2025-04-10,2025,1,Royal Challengers Bengaluru,Delhi Capitals,TH David,37,20,2,4,185.0,Delhi Capitals,1.0,100.0,18.789473684210527,150.27041371081617,38,15.8,18.1,28.2,0.0,0.0,1.0,1.2,Moderate,Low
1473461,2025-04-10,2025,1,Royal Challengers Bengaluru,Delhi Capitals,V Kohli,22,14,1,2,157.14285714285714,Delhi Capitals,67.0,159.52380952380955,32.712,119.2068597335925,250,39.4,47.5,29.6,8.0,2.0,3.6,1.4,Moderate,Low
1473461,2025-04-10,2025,2,Delhi Capitals,Royal Challengers Bengaluru,AR Patel,15,11,2,0,136.36363636363637,Royal Challengers Bengaluru,21.0,150.0,14.87719298245614,127.04211212781668,114,25.8,23.5,57.0,2.0,1.0,2.6,1.2,Low,Low
1473461,2025-04-10,2025,2,Delhi Capitals,Royal Challengers Bengaluru,Abishek Porel,7,7,1,0,100.0,Royal Challengers Bengaluru,33.0,165.0,22.473684210526315,132.2675885706446,19,25.4,30.3,2.0,4.0,1.0,2.2,1.4,Low,Low
1473461,2025-04-10,2025,2,Delhi Capitals,Royal Challengers Bengaluru,F du Plessis,2,7,0,0,28.57142857142857,Royal Challengers Bengaluru,50.0,185.1851851851852,33.214285714285715,123.05422941413497,140,31.2,28.5,0.0,3.0,3.0,2.4,1.8,Low,Low
1473461,2025-04-10,2025,2,Delhi Capitals,Royal Challengers Bengaluru,J Fraser-McGurk,7,6,1,0,116.66666666666669,Royal Challengers Bengaluru,0.0,0.0,30.75,173.90555046805048,12,12.0,29.4,21.0,0.0,0.0,1.2,0.8,Low,Low
1473461,2025-04-10,2025,2,Delhi Capitals,Royal Challengers Bengaluru,KL Rahul,93,53,7,6,175.47169811320757,Royal Challengers Bengaluru,77.0,150.9803921568627,37.94444444444444,124.22320703297738,126,36.2,40.8,20.0,6.0,3.0,2.6,1.6,High,Low
1473461,2025-04-10,2025,2,Delhi Capitals,Royal Challengers Bengaluru,T Stubbs,38,23,4,1,165.2173913043478,Royal Challengers Bengaluru,24.0,200.0,24.2,142.98809827386265,20,27.8,26.8,3.0,2.0,1.0,1.8,1.6,Moderate,Low
1473462,2025-04-11,2025,1,Chennai Super Kings,Kolkata Knight Riders,A Kamboj,3,3,0,0,100.0,Kolkata Knight Riders,2.0,100.0,2.0,100.0,1,2.0,2.0,2.0,0.0,0.0,0.0,0.0,Low,Low
1473462,2025-04-11,2025,1,Chennai Super Kings,Kolkata Knight Riders,DJ Hooda,0,4,0,0,0.0,Kolkata Knight Riders,4.0,44.44444444444444,14.87878787878788,117.05336410525103,99,4.6,12.6,11.272727272727272,1.0,0.0,0.6,0.0,Low,Low
1473462,2025-04-11,2025,1,Chennai Super Kings,Kolkata Knight Riders,DP Conway,12,11,2,0,109.09090909090908,Kolkata Knight Riders,69.0,140.81632653061226,41.91666666666666,112.45950585341342,24,51.2,44.0,29.666666666666668,6.0,2.0,5.2,1.4,Low,Low
1473462,2025-04-11,2025,1,Chennai Super Kings,Kolkata Knight Riders,MS Dhoni,1,4,0,0,25.0,Kolkata Knight Riders,27.0,225.0,22.94420600858369,132.99751461928994,233,20.6,17.3,19.857142857142858,1.0,3.0,1.2,1.4,Low,Low
1473462,2025-04-11,2025,1,Chennai Super Kings,Kolkata Knight Riders,Noor Ahmad,1,8,0,0,12.5,Kolkata Knight Riders,0.0,0.0,2.1666666666666665,64.6031746031746,6,2.4,2.1666666666666665,0.0,0.0,0.0,0.4,0.0,Low,Low
1473462,2025-04-11,2025,1,Chennai Super Kings,Kolkata Knight Riders,R Ashwin,1,7,0,0,14.285714285714285,Kolkata Knight Riders,11.0,137.5,9.011111111111113,107.21520661021044,90,8.4,9.9,10.4,1.0,0.0,0.8,0.2,Low,Low
1473462,2025-04-11,2025,1,Chennai Super Kings,Kolkata Knight Riders,R Ravindra,4,9,0,0,44.44444444444444,Kolkata Knight Riders,36.0,163.63636363636363,24.466666666666665,121.0133322472032,15,29.0,25.5,15.0,6.0,0.0,2.6,0.8,Low,Low
1473462,2025-04-11,2025,1,Chennai Super Kings,Kolkata Knight Riders,RA Jadeja,0,2,0,0,0.0,Kolkata Knight Riders,9.0,180.0,16.454054054054055,132.20321138851327,185,17.0,19.5,17.576923076923077,0.0,1.0,1.0,0.6,Low,Low
1473462,2025-04-11,2025,1,Chennai Super Kings,Kolkata Knight Riders,RA Tripathi,16,22,1,0,72.72727272727273,Kolkata Knight Riders,23.0,121.05263157894736,23.604166666666668,127.63206661010328,96,15.2,21.0,30.153846153846157,3.0,1.0,2.0,0.6,Low,Low
1473462,2025-04-11,2025,1,Chennai Super Kings,Kolkata Knight Riders,S Dube,31,29,3,0,106.89655172413792,Kolkata Knight Riders,42.0,155.55555555555557,24.363636363636363,127.25260482153206,66,21.2,15.2,28.166666666666668,3.0,2.0,1.4,1.4,Moderate,Low
1473462,2025-04-11,2025,1,Chennai Super Kings,Kolkata Knight Riders,V Shankar,29,21,2,1,138.0952380952381,Kolkata Knight Riders,2.0,100.0,19.59016393442623,122.0577449694868,61,21.2,16.3,28.0,0.0,0.0,2.0,0.4,Moderate,Low
1473462,2025-04-11,2025,2,Kolkata Knight Riders,Chennai Super Kings,AM Rahane,20,17,1,1,117.64705882352942,Chennai Super Kings,61.0,174.28571428571428,27.420454545454547,106.58341671831468,176,36.8,26.5,19.8125,8.0,2.0,3.4,2.4,Moderate,Low
1473462,2025-04-11,2025,2,Kolkata Knight Riders,Chennai Super Kings,Q de Kock,23,15,0,3,153.33333333333334,Chennai Super Kings,15.0,166.66666666666669,29.00884955752212,116.18179430865284,113,23.6,19.4,25.933333333333334,0.0,2.0,1.8,1.6,Moderate,Low
1473462,2025-04-11,2025,2,Kolkata Knight Riders,Chennai Super Kings,RK Singh,15,11,1,1,136.36363636363637,Chennai Super Kings,38.0,253.3333333333333,22.545454545454547,141.27918108802754,44,23.8,18.4,24.166666666666668,6.0,2.0,2.4,1.2,Low,Low
1473462,2025-04-11,2025,2,Kolkata Knight Riders,Chennai Super Kings,SP Narine,44,18,2,5,244.44444444444449,Chennai Super Kings,30.0,230.76923076923077,14.681818181818182,123.31053916648132,110,17.4,21.2,9.461538461538462,4.0,2.0,1.8,1.4,High,Low
1473463,2025-04-12,2025,1,Gujarat Titans,Lucknow Super Giants,B Sai Sudharsan,56,37,7,1,151.35135135135135,Lucknow Super Giants,82.0,154.7169811320755,43.56666666666667,134.88599977273554,30,54.6,56.2,31.0,8.0,3.0,4.8,2.4,High,Low
1473463,2025-04-12,2025,1,Gujarat Titans,Lucknow Super Giants,JC Buttler,16,14,2,0,114.28571428571428,Lucknow Super Giants,36.0,144.0,33.794642857142854,127.55103726931372,112,40.4,31.1,20.0,5.0,0.0,3.8,1.8,Low,Low
1473463,2025-04-12,2025,1,Gujarat Titans,Lucknow Super Giants,M Shahrukh Khan,11,6,0,1,183.3333333333333,Lucknow Super Giants,36.0,180.0,15.1,150.4150301424918,40,18.0,17.8,14.5,4.0,2.0,1.8,1.0,Low,Low
1473463,2025-04-12,2025,1,Gujarat Titans,Lucknow Super Giants,R Tewatia,0,1,0,0,0.0,Lucknow Super Giants,24.0,200.0,15.567164179104475,134.852176932397,67,21.0,19.6,23.5,2.0,2.0,2.8,0.8,Low,Low
1473463,2025-04-12,2025,1,Gujarat Titans,Lucknow Super Giants,Rashid Khan,4,2,0,0,200.0,Lucknow Super Giants,12.0,300.0,9.383333333333333,124.289982008732,60,12.0,12.0,0.0,1.0,1.0,1.2,0.8,Low,Low
1473463,2025-04-12,2025,1,Gujarat Titans,Lucknow Super Giants,SE Rutherford,22,19,3,0,115.78947368421052,Lucknow Super Giants,7.0,233.33333333333331,17.285714285714285,142.40881142666856,14,27.2,19.9,0.0,0.0,1.0,2.2,2.0,Moderate,Low
1473463,2025-04-12,2025,1,Gujarat Titans,Lucknow Super Giants,Shubman Gill,60,38,6,1,157.89473684210526,Lucknow Super Giants,2.0,66.66666666666666,32.34615384615385,122.394100222714,104,29.6,31.1,35.2,0.0,0.0,3.2,1.0,High,Low
1473463,2025-04-12,2025,1,Gujarat Titans,Lucknow Super Giants,Washington Sundar,2,3,0,0,66.66666666666666,Lucknow Super Giants,49.0,168.9655172413793,10.948717948717947,107.69000291232597,39,18.4,14.7,17.0,5.0,2.0,2.2,0.4,Low,Low
1473463,2025-04-12,2025,2,Lucknow Super Giants,Gujarat Titans,A Badoni,28,20,2,1,140.0,Gujarat Titans,30.0,157.89473684210526,18.33333333333333,120.7474848268651,39,20.6,20.3,22.2,4.0,0.0,1.4,1.0,Moderate,Low
1473463,2025-04-12,2025,2,Lucknow Super Giants,Gujarat Titans,AK Markram,58,31,9,1,187.0967741935484,Gujarat Titans,47.0,167.85714285714286,24.23404255319149,117.44654014887053,47,28.8,20.5,23.75,4.0,2.0,2.2,1.6,High,Low
1473463,2025-04-12,2025,2,Lucknow Super Giants,Gujarat Titans,Abdul Samad,2,3,0,0,66.66666666666666,Gujarat Titans,6.0,150.0,14.5,140.23782028807258,44,12.6,11.2,16.5,1.0,0.0,1.2,0.8,Low,Low
1473463,2025-04-12,2025,2,Lucknow Super Giants,Gujarat Titans,DA Miller,7,11,0,0,63.63636363636363,Gujarat Titans,4.0,100.0,23.36434108527132,125.80205620608078,129,18.0,22.1,0.0,0.0,0.0,1.8,0.6,Low,Low
1473463,2025-04-12,2025,2,Lucknow Super Giants,Gujarat Titans,N Pooran,61,34,1,7,179.41176470588235,Gujarat Titans,87.0,241.66666666666663,26.037974683544306,144.61935336172442,79,57.6,49.6,14.6,7.0,8.0,5.0,4.8,High,Low
1473463,2025-04-12,2025,2,Lucknow Super Giants,Gujarat Titans,RR Pant,21,18,4,0,116.66666666666669,Gujarat Titans,2.0,33.33333333333333,28.34188034188034,131.62469012592916,117,10.4,25.5,49.0,0.0,0.0,1.0,0.2,Moderate,Low
1473464,2025-04-12,2025,1,Punjab Kings,Sunrisers Hyderabad,GJ Maxwell,3,7,0,0,42.85714285714285,Sunrisers Hyderabad,1.0,50.0,21.234848484848484,124.55819783147044,132,9.4,8.0,22.6,0.0,0.0,1.0,0.4,Low,Low
1473464,2025-04-12,2025,1,Punjab Kings,Sunrisers Hyderabad,M Jansen,5,5,0,0,100.0,Sunrisers Hyderabad,34.0,178.94736842105263,7.357142857142857,90.44429254955573,14,11.6,9.4,0.0,2.0,2.0,0.6,0.6,Low,Low
1473464,2025-04-12,2025,1,Punjab Kings,Sunrisers Hyderabad,MP Stoinis,34,11,1,4,309.09090909090907,Sunrisers Hyderabad,4.0,57.14285714285714,20.78021978021978,116.94360111288222,91,11.6,28.3,15.571428571428571,0.0,0.0,1.4,0.4,Moderate,Low
1473464,2025-04-12,2025,1,Punjab Kings,Sunrisers Hyderabad,N Wadhera,27,22,2,1,122.72727272727272,Sunrisers Hyderabad,9.0,150.0,24.42105263157895,135.8856004550711,19,23.6,22.7,0.0,0.0,1.0,1.4,1.6,Moderate,Low
1473464,2025-04-12,2025,1,Punjab Kings,Sunrisers Hyderabad,P Simran Singh,42,23,7,1,182.6086956521739,Sunrisers Hyderabad,0.0,0.0,22.289473684210527,122.44102857480112,38,32.4,27.1,19.33333333333333,0.0,0.0,3.8,1.4,High,Low
1473464,2025-04-12,2025,1,Punjab Kings,Sunrisers Hyderabad,Priyansh Arya,36,13,2,4,276.9230769230769,Sunrisers Hyderabad,103.0,251.21951219512195,39.5,136.11405679274185,4,39.5,39.5,0.0,7.0,9.0,3.75,2.75,Moderate,Low
1473464,2025-04-12,2025,1,Punjab Kings,Sunrisers Hyderabad,SS Iyer,82,36,6,6,227.77777777777777,Sunrisers Hyderabad,9.0,128.57142857142858,27.722689075630253,116.86695135603294,119,34.8,30.1,26.944444444444443,0.0,1.0,2.2,2.8,High,Low
1473464,2025-04-12,2025,1,Punjab Kings,Sunrisers Hyderabad,Shashank Singh,2,3,0,0,66.66666666666666,Sunrisers Hyderabad,52.0,144.44444444444443,24.045454545454547,145.55591006090097,22,21.6,27.3,24.0,2.0,3.0,1.6,1.0,Low,Low
1473464,2025-04-12,2025,2,Sunrisers Hyderabad,Punjab Kings,Abhishek Sharma,141,54,14,10,261.11111111111114,Punjab Kings,18.0,112.5,21.63636363636364,135.35079331895173,66,10.2,20.9,39.0,4.0,0.0,2.0,0.0,High,Low
1473464,2025-04-12,2025,2,Sunrisers Hyderabad,Punjab Kings,H Klaasen,21,14,2,1,150.0,Punjab Kings,27.0,142.10526315789474,30.945945945945947,161.5275658406356,37,30.4,29.4,25.5,2.0,1.0,2.6,1.4,Moderate,Low
1473464,2025-04-12,2025,2,Sunrisers Hyderabad,Punjab Kings,Ishan Kishan,9,6,1,0,150.0,Punjab Kings,17.0,121.42857142857142,26.64423076923077,116.96632431927262,104,25.4,23.5,18.6,2.0,0.0,2.6,1.2,Low,Low
1473464,2025-04-12,2025,2,Sunrisers Hyderabad,Punjab Kings,TM Head,66,37,9,3,178.3783783783784,Punjab Kings,8.0,160.0,30.666666666666668,138.95663007776895,30,29.6,27.1,10.5,2.0,0.0,4.2,1.2,High,Low
1473465,2025-04-13,2025,1,Rajasthan Royals,Royal Challengers Bengaluru,Dhruv Jurel,35,23,2,2,152.17391304347828,Royal Challengers Bengaluru,5.0,125.0,17.444444444444443,128.19909332981229,27,24.8,21.7,5.0,1.0,0.0,2.4,1.4,Moderate,Low
1473465,2025-04-13,2025,1,Rajasthan Royals,Royal Challengers Bengaluru,N Rana,4,1,1,0,400.0,Royal Challengers Bengaluru,1.0,33.33333333333333,25.933962264150946,119.6795693859358,106,22.6,24.2,0.0,0.0,0.0,2.8,1.0,Low,Low
1473465,2025-04-13,2025,1,Rajasthan Royals,Royal Challengers Bengaluru,R Parag,30,22,3,1,136.36363636363637,Royal Challengers Bengaluru,26.0,185.7142857142857,20.761904761904763,121.8892922312248,63,27.0,29.9,20.0,1.0,3.0,1.4,2.2,Moderate,Low
1473465,2025-04-13,2025,1,Rajasthan Royals,Royal Challengers Bengaluru,SO Hetmyer,9,8,1,0,112.5,Royal Challengers Bengaluru,52.0,162.5,19.757142857142856,138.32520631590822,70,28.0,21.0,18.5,4.0,3.0,1.8,1.8,Low,Low
1473465,2025-04-13,2025,1,Rajasthan Royals,Royal Challengers Bengaluru,SV Samson,15,19,1,0,78.94736842105263,Royal Challengers Bengaluru,41.0,146.42857142857142,27.526946107784436,119.00232556325722,167,35.6,32.4,43.0,4.0,2.0,4.0,1.4,Low,Low
1473465,2025-04-13,2025,1,Rajasthan Royals,Royal Challengers Bengaluru,YBK Jaiswal,75,47,10,2,159.5744680851064,Royal Challengers Bengaluru,6.0,85.71428571428571,30.07017543859649,126.93651379085152,57,21.4,22.6,22.5,1.0,0.0,1.4,1.4,High,Low
1473465,2025-04-13,2025,2,Royal Challengers Bengaluru,Rajasthan Royals,D Padikkal,40,27,5,1,148.14814814814815,Rajasthan Royals,1.0,12.5,23.73913043478261,104.3013248087204,69,15.8,10.8,44.2,0.0,0.0,1.2,1.0,High,Low
1473465,2025-04-13,2025,2,Royal Challengers Bengaluru,Rajasthan Royals,PD Salt,65,33,5,6,196.96969696969697,Rajasthan Royals,37.0,231.25,30.615384615384617,151.8705012024418,26,28.6,32.9,10.0,4.0,3.0,4.0,1.4,High,Low
1473465,2025-04-13,2025,2,Royal Challengers Bengaluru,Rajasthan Royals,V Kohli,62,45,4,2,137.77777777777777,Rajasthan Royals,22.0,157.14285714285714,32.669322709163346,119.35799916550192,251,37.2,42.7,25.466666666666665,1.0,2.0,3.2,1.6,High,Low
1473466,2025-04-13,2025,1,Mumbai Indians,Delhi Capitals,HH Pandya,2,4,0,0,50.0,Delhi Capitals,42.0,280.0,19.51492537313433,141.2589334751406,134,19.8,16.6,22.416666666666668,3.0,4.0,1.4,1.2,Low,Low
1473466,2025-04-13,2025,1,Mumbai Indians,Delhi Capitals,Naman Dhir,38,17,4,2,223.52941176470588,Delhi Capitals,11.0,183.3333333333333,21.09090909090909,155.2319734137916,11,30.8,21.2,0.0,1.0,1.0,2.6,1.8,Moderate,Low
1473466,2025-04-13,2025,1,Mumbai Indians,Delhi Capitals,RD Rickelton,41,25,5,2,164.0,Delhi Capitals,17.0,170.0,21.6,155.47619047619048,5,21.6,21.6,0.0,4.0,0.0,2.8,1.0,High,Low
1473466,2025-04-13,2025,1,Mumbai Indians,Delhi Capitals,RG Sharma,18,12,2,1,150.0,Delhi Capitals,17.0,188.88888888888889,26.046875,112.68789780192668,256,21.2,15.2,27.75,2.0,1.0,2.8,1.0,Low,Low
1473466,2025-04-13,2025,1,Mumbai Indians,Delhi Capitals,SA Yadav,40,28,5,2,142.85714285714286,Delhi Capitals,28.0,107.6923076923077,26.90070921985816,135.02620228322905,141,39.8,37.8,22.363636363636363,5.0,0.0,4.0,1.6,High,Low
1473466,2025-04-13,2025,1,Mumbai Indians,Delhi Capitals,Tilak Varma,59,33,6,3,178.78787878787878,Delhi Capitals,56.0,193.1034482758621,31.11904761904762,138.91600039812664,42,36.6,35.9,30.6,4.0,4.0,3.2,1.6,High,Low
1473466,2025-04-13,2025,1,Mumbai Indians,Delhi Capitals,WG Jacks,1,1,0,0,100.0,Delhi Capitals,22.0,122.22222222222224,23.666666666666668,132.32729274660053,12,19.0,26.9,41.0,2.0,1.0,1.4,0.8,Low,Low
1473466,2025-04-13,2025,2,Delhi Capitals,Mumbai Indians,AR Patel,9,6,2,0,150.0,Mumbai Indians,15.0,136.36363636363637,14.878260869565215,127.12316886030206,115,25.8,24.2,16.0,2.0,0.0,2.8,1.0,Low,Low
1473466,2025-04-13,2025,2,Delhi Capitals,Mumbai Indians,Abishek Porel,33,25,3,1,132.0,Mumbai Indians,7.0,100.0,21.7,130.65420914211236,20,26.4,29.5,26.0,1.0,0.0,2.4,1.4,Moderate,Low
1473466,2025-04-13,2025,2,Delhi Capitals,Mumbai Indians,Ashutosh Sharma,17,14,2,0,121.42857142857142,Mumbai Indians,1.0,100.0,23.272727272727277,145.93184904337224,11,18.8,22.5,61.0,0.0,0.0,1.2,1.4,Low,Low
1473466,2025-04-13,2025,2,Delhi Capitals,Mumbai Indians,J Fraser-McGurk,0,1,0,0,0.0,Mumbai Indians,7.0,116.66666666666669,28.923076923076923,169.50255940640557,13,9.2,23.6,84.0,1.0,0.0,1.0,0.4,Low,Low
1473466,2025-04-13,2025,2,Delhi Capitals,Mumbai Indians,KK Nair,89,40,12,5,222.5,Mumbai Indians,13.0,100.0,22.0,111.2098327906705,68,6.4,9.8,15.636363636363637,1.0,0.0,0.6,0.0,High,Low
1473466,2025-04-13,2025,2,Delhi Capitals,Mumbai Indians,KL Rahul,15,13,1,0,115.38461538461536,Mumbai Indians,93.0,175.47169811320757,38.37795275590551,124.62673845880596,127,49.0,41.9,50.21052631578947,7.0,6.0,3.8,2.6,Low,Low
1473466,2025-04-13,2025,2,Delhi Capitals,Mumbai Indians,Kuldeep Yadav,1,1,0,0,100.0,Mumbai Indians,5.0,100.0,5.696969696969697,75.92522372708132,33,10.2,6.2,4.6,1.0,0.0,1.4,0.2,Low,Low
1473466,2025-04-13,2025,2,Delhi Capitals,Mumbai Indians,MA Starc,1,1,0,0,100.0,Mumbai Indians,2.0,40.0,6.294117647058823,89.8489114315803,17,1.0,2.4,2.333333333333333,0.0,0.0,0.0,0.0,Low,Low
1473466,2025-04-13,2025,2,Delhi Capitals,Mumbai Indians,MM Sharma,0,1,0,0,0.0,Mumbai Indians,1.0,50.0,4.310344827586207,80.33251231527093,29,0.6,1.9,4.8,0.0,0.0,0.0,0.0,Low,Low
1473466,2025-04-13,2025,2,Delhi Capitals,Mumbai Indians,T Stubbs,1,4,0,0,25.0,Mumbai Indians,38.0,165.2173913043478,24.857142857142858,144.0466360372191,21,34.8,29.6,59.5,4.0,1.0,2.6,1.8,Low,Low
1473466,2025-04-13,2025,2,Delhi Capitals,Mumbai Indians,V Nigam,14,8,1,1,175.0,Mumbai Indians,1.0,50.0,20.0,155.0,2,20.0,20.0,0.0,0.0,0.0,2.5,1.0,Low,Low
1473467,2025-04-14,2025,1,Lucknow Super Giants,Chennai Super Kings,A Badoni,22,16,1,2,137.5,Chennai Super Kings,28.0,140.0,18.575,121.22879770619348,40,21.8,21.3,33.666666666666664,2.0,1.0,1.6,0.8,Moderate,Low
1473467,2025-04-14,2025,1,Lucknow Super Giants,Chennai Super Kings,AK Markram,6,6,1,0,100.0,Chennai Super Kings,58.0,187.0967741935484,24.9375,118.89758669146796,48,37.4,26.2,24.8,9.0,1.0,3.8,1.6,Low,Low
1473467,2025-04-14,2025,1,Lucknow Super Giants,Chennai Super Kings,Abdul Samad,20,11,0,2,181.8181818181818,Chennai Super Kings,2.0,66.66666666666666,14.22222222222222,138.60290576315245,45,12.2,9.5,15.0,0.0,0.0,1.2,0.8,Moderate,Low
1473467,2025-04-14,2025,1,Lucknow Super Giants,Chennai Super Kings,MR Marsh,30,25,2,2,120.0,Chennai Super Kings,81.0,168.75,22.682926829268293,111.67975337043087,41,53.0,32.9,12.2,6.0,5.0,5.6,3.0,Moderate,Low
1473467,2025-04-14,2025,1,Lucknow Super Giants,Chennai Super Kings,N Pooran,8,9,2,0,88.88888888888889,Chennai Super Kings,61.0,179.41176470588235,26.475,145.0542585035264,80,54.8,54.3,24.9,1.0,7.0,4.0,4.8,Low,Low
1473467,2025-04-14,2025,1,Lucknow Super Giants,Chennai Super Kings,RR Pant,63,49,4,4,128.57142857142858,Chennai Super Kings,21.0,116.66666666666669,28.279661016949152,131.49792721525745,118,8.0,23.2,34.09090909090909,4.0,0.0,0.8,0.2,High,Low
1473467,2025-04-14,2025,1,Lucknow Super Giants,Chennai Super Kings,SN Thakur,6,4,1,0,150.0,Chennai Super Kings,5.0,250.0,8.289473684210526,106.10535406050737,38,2.4,4.1,24.0,1.0,0.0,0.2,0.0,Low,Low
1473467,2025-04-14,2025,2,Chennai Super Kings,Lucknow Super Giants,MS Dhoni,26,11,4,1,236.3636363636364,Lucknow Super Giants,1.0,25.0,22.85042735042735,132.5359867790366,234,20.8,16.9,15.0,0.0,0.0,1.2,1.4,Moderate,Low
1473467,2025-04-14,2025,2,Chennai Super Kings,Lucknow Super Giants,R Ravindra,37,22,5,0,168.1818181818182,Lucknow Super Giants,4.0,44.44444444444444,23.1875,116.22777675953078,16,16.8,23.8,0.0,0.0,0.0,2.2,0.0,Moderate,Low
1473467,2025-04-14,2025,2,Chennai Super Kings,Lucknow Super Giants,RA Jadeja,7,11,0,0,63.63636363636363,Lucknow Super Giants,0.0,0.0,16.365591397849464,131.49244143481158,186,13.6,19.3,23.25,0.0,0.0,0.8,0.6,Low,Low
1473467,2025-04-14,2025,2,Chennai Super Kings,Lucknow Super Giants,RA Tripathi,9,10,1,0,90.0,Lucknow Super Giants,16.0,72.72727272727273,23.52577319587629,127.06603780718748,97,11.0,21.1,32.666666666666664,1.0,0.0,1.2,0.2,Low,Low
1473467,2025-04-14,2025,2,Chennai Super Kings,Lucknow Super Giants,S Dube,43,36,3,2,119.44444444444444,Lucknow Super Giants,31.0,106.89655172413792,24.46268656716418,126.94878313351126,67,25.6,18.3,36.25,3.0,0.0,2.0,1.2,High,Low
1473467,2025-04-14,2025,2,Chennai Super Kings,Lucknow Super Giants,SK Rasheed,27,19,6,0,142.10526315789474,Lucknow Super Giants,0.0,0.0,0.0,0.0,0,0.0,0.0,0.0,0.0,0.0,0.0,0.0,Moderate,Low
1473467,2025-04-14,2025,2,Chennai Super Kings,Lucknow Super Giants,V Shankar,9,8,1,0,112.5,Lucknow Super Giants,29.0,138.0952380952381,19.741935483870968,122.31641421345051,62,23.8,18.6,10.333333333333334,2.0,1.0,1.8,0.6,Low,Low
1473468,2025-04-15,2025,1,Punjab Kings,Kolkata Knight Riders,Arshdeep Singh,1,1,0,0,100.0,Kolkata Knight Riders,1.0,20.0,2.5,60.24509803921568,12,1.8,2.9,0.5,0.0,0.0,0.2,0.0,Low,Low
1473468,2025-04-15,2025,1,Punjab Kings,Kolkata Knight Riders,GJ Maxwell,7,10,1,0,70.0,Kolkata Knight Riders,3.0,42.85714285714285,21.09774436090225,123.9439041850469,133,6.8,5.5,24.0,0.0,0.0,0.6,0.2,Low,Low
1473468,2025-04-15,2025,1,Punjab Kings,Kolkata Knight Riders,JP Inglis,2,6,0,0,33.33333333333333,Kolkata Knight Riders,0.0,0.0,0.0,0.0,0,0.0,0.0,0.0,0.0,0.0,0.0,0.0,Low,Low
1473468,2025-04-15,2025,1,Punjab Kings,Kolkata Knight Riders,M Jansen,1,2,0,0,50.0,Kolkata Knight Riders,5.0,100.0,7.2,91.08133971291866,15,12.0,8.6,0.75,0.0,0.0,0.6,0.6,Low,Low
1473468,2025-04-15,2025,1,Punjab Kings,Kolkata Knight Riders,N Wadhera,10,9,2,0,111.11111111111111,Kolkata Knight Riders,27.0,122.72727272727272,24.55,135.2276840686812,20,28.4,25.0,5.0,2.0,1.0,1.8,1.8,Low,Low
1473468,2025-04-15,2025,1,Punjab Kings,Kolkata Knight Riders,P Simran Singh,30,15,2,3,200.0,Kolkata Knight Riders,42.0,182.6086956521739,22.7948717948718,123.98378926909272,39,26.6,25.9,23.25,7.0,1.0,3.8,0.8,Moderate,Low
1473468,2025-04-15,2025,1,Punjab Kings,Kolkata Knight Riders,Priyansh Arya,22,12,3,1,183.3333333333333,Kolkata Knight Riders,36.0,276.9230769230769,38.8,164.27586081880887,5,38.8,38.8,0.0,2.0,4.0,3.4,3.0,Moderate,Low
1473468,2025-04-15,2025,1,Punjab Kings,Kolkata Knight Riders,SS Iyer,0,2,0,0,0.0,Kolkata Knight Riders,82.0,227.77777777777777,28.175,117.79120824288084,120,50.0,35.0,30.666666666666668,6.0,6.0,3.2,4.0,Low,Low
1473468,2025-04-15,2025,1,Punjab Kings,Kolkata Knight Riders,Shashank Singh,18,17,1,1,105.88235294117648,Kolkata Knight Riders,2.0,66.66666666666666,23.08695652173913,142.12594295680384,23,22.0,26.7,39.5,0.0,0.0,1.6,1.0,Low,Low
1473468,2025-04-15,2025,1,Punjab Kings,Kolkata Knight Riders,Suryansh Shedge,4,4,0,0,100.0,Kolkata Knight Riders,2.0,50.0,2.0,50.0,1,2.0,2.0,0.0,0.0,0.0,0.0,0.0,Low,Low
1473468,2025-04-15,2025,1,Punjab Kings,Kolkata Knight Riders,XC Bartlett,11,15,1,0,73.33333333333333,Kolkata Knight Riders,0.0,0.0,0.0,0.0,0,0.0,0.0,0.0,0.0,0.0,0.0,0.0,Low,Low
1473468,2025-04-15,2025,2,Kolkata Knight Riders,Punjab Kings,A Raghuvanshi,37,28,5,1,132.14285714285714,Punjab Kings,5.0,125.0,24.666666666666668,145.07797145664793,12,26.6,21.8,0.0,1.0,0.0,2.6,0.8,Moderate,Low
1473468,2025-04-15,2025,2,Kolkata Knight Riders,Punjab Kings,AD Russell,17,11,1,2,154.54545454545453,Punjab Kings,7.0,175.0,22.98165137614679,150.37454925307708,109,8.2,12.4,36.2,0.0,1.0,0.8,0.6,Low,Low
1473468,2025-04-15,2025,2,Kolkata Knight Riders,Punjab Kings,AM Rahane,17,17,1,1,100.0,Punjab Kings,20.0,117.64705882352942,27.37853107344633,106.6459231708865,177,29.6,27.6,16.666666666666668,1.0,1.0,2.4,1.8,Low,Low
1473468,2025-04-15,2025,2,Kolkata Knight Riders,Punjab Kings,Harshit Rana,3,6,0,0,50.0,Punjab Kings,10.0,111.11111111111111,3.5,75.26455026455027,6,4.2,3.5,0.0,2.0,0.0,0.6,0.0,Low,Low
1473468,2025-04-15,2025,2,Kolkata Knight Riders,Punjab Kings,Q de Kock,2,4,0,0,50.0,Punjab Kings,23.0,153.33333333333334,28.95614035087719,116.5076850018518,114,27.4,16.3,32.5,0.0,3.0,1.6,2.2,Low,Low
1473468,2025-04-15,2025,2,Kolkata Knight Riders,Punjab Kings,RK Singh,2,9,0,0,22.22222222222222,Punjab Kings,15.0,136.36363636363637,22.377777777777776,141.16994676081885,45,22.8,17.5,10.0,1.0,1.0,2.6,1.0,Low,Low
1473468,2025-04-15,2025,2,Kolkata Knight Riders,Punjab Kings,Ramandeep Singh,0,1,0,0,0.0,Punjab Kings,1.0,50.0,12.4375,161.953125,16,14.2,11.7,6.0,0.0,0.0,0.6,1.2,Low,Low
1473468,2025-04-15,2025,2,Kolkata Knight Riders,Punjab Kings,SP Narine,5,4,1,0,125.0,Punjab Kings,44.0,244.44444444444449,14.945945945945946,124.40183561042694,111,25.0,24.1,20.25,2.0,5.0,2.2,2.2,Low,Low
1473468,2025-04-15,2025,2,Kolkata Knight Riders,Punjab Kings,VG Arora,0,7,0,0,0.0,Punjab Kings,1.0,100.0,1.2857142857142858,76.19047619047618,7,1.2,1.2857142857142858,0.0,0.0,0.0,0.0,0.0,Low,Low
1473468,2025-04-15,2025,2,Kolkata Knight Riders,Punjab Kings,VR Iyer,7,4,0,0,175.0,Punjab Kings,45.0,155.17241379310346,27.16981132075472,124.85908220754528,53,33.2,35.6,30.8,6.0,1.0,3.6,1.4,Low,Low
1473469,2025-04-16,2025,1,Delhi Capitals,Rajasthan Royals,AR Patel,34,14,4,2,242.85714285714283,Rajasthan Royals,9.0,150.0,14.827586206896552,127.32038292185118,116,16.2,24.5,9.916666666666666,2.0,0.0,2.2,0.4,Moderate,Low
1473469,2025-04-16,2025,1,Delhi Capitals,Rajasthan Royals,Abishek Porel,49,37,5,1,132.43243243243242,Rajasthan Royals,33.0,132.0,22.23809523809524,130.7182944210594,21,21.4,28.6,27.0,3.0,1.0,2.0,0.8,High,Low
1473469,2025-04-16,2025,1,Delhi Capitals,Rajasthan Royals,Ashutosh Sharma,15,10,2,0,150.0,Rajasthan Royals,17.0,121.42857142857142,22.75,143.88990924213883,12,20.6,20.9,24.0,2.0,0.0,1.6,1.2,Low,Low
1473469,2025-04-16,2025,1,Delhi Capitals,Rajasthan Royals,J Fraser-McGurk,9,6,2,0,150.0,Rajasthan Royals,0.0,0.0,26.857142857142858,157.39523373451945,14,9.2,21.3,50.0,0.0,0.0,1.0,0.4,Low,Low
1473469,2025-04-16,2025,1,Delhi Capitals,Rajasthan Royals,KK Nair,0,3,0,0,0.0,Rajasthan Royals,89.0,222.5,22.971014492753625,112.82273376471876,69,24.0,18.4,17.0,12.0,5.0,3.0,1.0,Low,Low
1473469,2025-04-16,2025,1,Delhi Capitals,Rajasthan Royals,KL Rahul,38,32,2,2,118.75,Rajasthan Royals,15.0,115.38461538461536,38.1953125,124.55453437228886,128,51.0,41.8,44.5625,1.0,0.0,3.8,2.6,Moderate,Low
1473469,2025-04-16,2025,1,Delhi Capitals,Rajasthan Royals,T Stubbs,34,18,2,2,188.88888888888889,Rajasthan Royals,1.0,25.0,23.772727272727277,138.63542530825458,22,23.6,27.1,42.5,0.0,0.0,2.0,1.0,Moderate,Low
1473469,2025-04-16,2025,2,Rajasthan Royals,Delhi Capitals,Dhruv Jurel,26,17,0,2,152.94117647058823,Delhi Capitals,35.0,152.17391304347828,18.071428571428573,129.05533689101463,28,17.8,25.1,14.0,2.0,2.0,1.8,0.6,Moderate,Low
1473469,2025-04-16,2025,2,Rajasthan Royals,Delhi Capitals,N Rana,51,28,6,2,182.14285714285717,Delhi Capitals,4.0,400.0,25.72897196261682,122.29938649447848,107,21.2,22.4,30.6,1.0,0.0,2.6,1.0,High,Low
1473469,2025-04-16,2025,2,Rajasthan Royals,Delhi Capitals,R Parag,8,11,1,0,72.72727272727273,Delhi Capitals,30.0,136.36363636363637,20.90625,122.1154538582937,64,32.2,30.2,20.666666666666668,3.0,1.0,1.8,2.4,Low,Low
1473469,2025-04-16,2025,2,Rajasthan Royals,Delhi Capitals,SO Hetmyer,15,9,1,0,166.66666666666669,Delhi Capitals,9.0,112.5,19.6056338028169,137.96147101568417,71,21.4,19.2,18.0,1.0,0.0,1.8,1.0,Low,Low
1473469,2025-04-16,2025,2,Rajasthan Royals,Delhi Capitals,SV Samson,31,18,2,3,172.22222222222223,Delhi Capitals,15.0,78.94736842105263,27.452380952380956,118.76390319931554,168,25.4,25.3,26.2,1.0,0.0,2.8,0.6,Moderate,Low
1473469,2025-04-16,2025,2,Rajasthan Royals,Delhi Capitals,YBK Jaiswal,51,37,3,4,137.83783783783784,Delhi Capitals,75.0,159.5744680851064,30.844827586206897,127.49923714075248,58,36.2,29.7,21.166666666666668,10.0,2.0,3.4,1.8,High,Low
1473469,2025-04-16,2025,3,Rajasthan Royals,Delhi Capitals,R Parag,4,1,1,0,400.0,Delhi Capitals,8.0,72.72727272727273,20.70769230769231,121.35563568704724,65,28.8,26.3,19.4,1.0,0.0,2.0,1.8,Low,Low
1473469,2025-04-16,2025,3,Rajasthan Royals,Delhi Capitals,SO Hetmyer,6,4,1,0,150.0,Delhi Capitals,15.0,166.66666666666669,19.541666666666668,138.36015428861447,72,23.0,20.7,17.25,1.0,0.0,1.8,1.0,Low,Low
1473469,2025-04-16,2025,4,Delhi Capitals,Rajasthan Royals,KL Rahul,7,3,1,0,233.33333333333331,Rajasthan Royals,38.0,118.75,38.1937984496124,124.509537981806,129,47.6,38.0,44.1764705882353,2.0,2.0,3.6,2.4,Low,Low
1473469,2025-04-16,2025,4,Delhi Capitals,Rajasthan Royals,T Stubbs,6,1,0,1,600.0,Rajasthan Royals,34.0,188.88888888888889,24.217391304347824,140.82035850741258,23,23.6,25.7,39.66666666666666,2.0,2.0,2.2,0.8,Low,Low
1473470,2025-04-17,2025,1,Sunrisers Hyderabad,Mumbai Indians,Abhishek Sharma,40,28,7,0,142.85714285714286,Mumbai Indians,141.0,261.11111111111114,23.417910447761194,137.22781298749143,67,33.6,27.5,16.22222222222222,14.0,10.0,3.8,2.0,High,Low
1473470,2025-04-17,2025,1,Sunrisers Hyderabad,Mumbai Indians,Aniket Verma,18,8,0,2,225.0,Mumbai Indians,18.0,128.57142857142858,28.2,183.86312874117752,5,28.2,28.2,0.0,2.0,0.0,1.6,2.4,Low,Low
1473470,2025-04-17,2025,1,Sunrisers Hyderabad,Mumbai Indians,H Klaasen,37,28,3,2,132.14285714285714,Mumbai Indians,21.0,150.0,30.68421052631579,161.22420884482938,38,27.8,31.3,27.2,2.0,1.0,2.0,1.4,Moderate,Low
1473470,2025-04-17,2025,1,Sunrisers Hyderabad,Mumbai Indians,Ishan Kishan,2,3,0,0,66.66666666666666,Mumbai Indians,9.0,150.0,26.476190476190474,117.28093075432716,105,6.0,21.2,29.5,1.0,0.0,0.6,0.0,Low,Low
1473470,2025-04-17,2025,1,Sunrisers Hyderabad,Mumbai Indians,Nithish Kumar Reddy,19,21,1,0,90.47619047619048,Mumbai Indians,31.0,91.17647058823528,25.9375,121.83903598977128,16,22.4,19.6,20.0,3.0,0.0,2.2,0.4,Low,Low
1473470,2025-04-17,2025,1,Sunrisers Hyderabad,Mumbai Indians,PJ Cummins,8,4,0,1,200.0,Mumbai Indians,22.0,244.44444444444449,12.977272727272728,128.6673365783449,44,11.2,15.5,23.875,3.0,1.0,1.0,0.8,Low,Low
1473470,2025-04-17,2025,1,Sunrisers Hyderabad,Mumbai Indians,TM Head,28,28,3,0,100.0,Mumbai Indians,66.0,178.3783783783784,31.806451612903224,140.22829937778863,31,29.4,24.8,39.75,9.0,3.0,4.2,1.2,Moderate,Low
1473470,2025-04-17,2025,2,Mumbai Indians,Sunrisers Hyderabad,HH Pandya,21,9,3,1,233.33333333333331,Sunrisers Hyderabad,2.0,50.0,19.385185185185183,140.58294137532474,135,19.8,15.8,13.666666666666666,0.0,0.0,1.4,1.2,Moderate,Low
1473470,2025-04-17,2025,2,Mumbai Indians,Sunrisers Hyderabad,MJ Santner,0,1,0,0,0.0,Sunrisers Hyderabad,8.0,200.0,7.266666666666667,111.61958314589894,15,8.4,5.6,0.0,0.0,1.0,0.4,0.6,Low,Low
1473470,2025-04-17,2025,2,Mumbai Indians,Sunrisers Hyderabad,Naman Dhir,0,3,0,0,0.0,Sunrisers Hyderabad,38.0,223.52941176470588,22.5,160.92342660970112,12,26.0,22.0,15.0,4.0,2.0,2.6,1.2,Low,Low
1473470,2025-04-17,2025,2,Mumbai Indians,Sunrisers Hyderabad,RD Rickelton,31,22,5,0,140.9090909090909,Sunrisers Hyderabad,41.0,164.0,24.83333333333333,156.8968253968254,6,27.2,24.83333333333333,0.0,5.0,2.0,3.2,1.4,Moderate,Low
1473470,2025-04-17,2025,2,Mumbai Indians,Sunrisers Hyderabad,RG Sharma,26,16,0,3,162.5,Sunrisers Hyderabad,18.0,150.0,26.01556420233463,112.83308107896195,257,11.2,16.2,19.08695652173913,2.0,1.0,1.2,0.6,Moderate,Low
1473470,2025-04-17,2025,2,Mumbai Indians,Sunrisers Hyderabad,SA Yadav,26,15,2,2,173.33333333333334,Sunrisers Hyderabad,40.0,142.85714285714286,26.992957746478872,135.0813497520594,142,42.0,40.8,25.529411764705884,5.0,2.0,4.6,1.8,Moderate,Low
1473470,2025-04-17,2025,2,Mumbai Indians,Sunrisers Hyderabad,Tilak Varma,21,17,2,0,123.52941176470588,Sunrisers Hyderabad,59.0,178.78787878787878,31.76744186046512,139.8432533839348,43,42.0,35.3,36.5,6.0,3.0,3.4,2.0,Moderate,Low
1473470,2025-04-17,2025,2,Mumbai Indians,Sunrisers Hyderabad,WG Jacks,36,26,3,2,138.46153846153845,Sunrisers Hyderabad,1.0,100.0,21.923076923076923,129.84057791993897,13,11.0,21.5,6.5,0.0,0.0,0.8,0.4,Moderate,Low
1473471,2025-04-18,2025,1,Royal Challengers Bengaluru,Punjab Kings,B Kumar,8,13,1,0,61.53846153846154,Punjab Kings,1.0,25.0,4.529411764705882,83.33806308071014,68,0.4,5.4,3.333333333333333,0.0,0.0,0.0,0.0,Low,Low
1473471,2025-04-18,2025,1,Royal Challengers Bengaluru,Punjab Kings,JM Sharma,2,7,0,0,28.57142857142857,Punjab Kings,3.0,27.27272727272727,20.45,145.67604578772384,40,24.0,16.9,0.0,0.0,0.0,2.0,1.6,Low,Low
1473471,2025-04-18,2025,1,Royal Challengers Bengaluru,Punjab Kings,JR Hazlewood,0,1,0,0,0.0,Punjab Kings,1.0,50.0,3.1666666666666665,67.04545454545455,6,2.4,3.1666666666666665,7.0,0.0,0.0,0.2,0.0,Low,Low
1473471,2025-04-18,2025,1,Royal Challengers Bengaluru,Punjab Kings,KH Pandya,1,2,0,0,50.0,Punjab Kings,18.0,100.0,15.181818181818182,120.87198541839444,110,10.6,10.5,15.2,1.0,0.0,1.0,0.2,Low,Low
1473471,2025-04-18,2025,1,Royal Challengers Bengaluru,Punjab Kings,LS Livingstone,4,6,1,0,66.66666666666666,Punjab Kings,4.0,66.66666666666666,23.227272727272727,132.3394584384761,44,16.6,13.9,25.0,0.0,0.0,0.6,1.4,Low,Low
1473471,2025-04-18,2025,1,Royal Challengers Bengaluru,Punjab Kings,MS Bhandage,1,4,0,0,25.0,Punjab Kings,0.0,0.0,0.0,0.0,0,0.0,0.0,0.0,0.0,0.0,0.0,0.0,Low,Low
1473471,2025-04-18,2025,1,Royal Challengers Bengaluru,Punjab Kings,PD Salt,4,4,1,0,100.0,Punjab Kings,65.0,196.96969696969697,31.88888888888889,153.5408417864142,27,30.4,31.9,40.66666666666666,5.0,6.0,3.2,2.2,Low,Low
1473471,2025-04-18,2025,1,Royal Challengers Bengaluru,Punjab Kings,RM Patidar,23,18,1,1,127.77777777777776,Punjab Kings,25.0,108.69565217391305,33.96551724137931,142.73957568953037,29,37.2,37.0,32.5,1.0,1.0,3.4,1.8,Moderate,Low
1473471,2025-04-18,2025,1,Royal Challengers Bengaluru,Punjab Kings,TH David,50,25,5,3,200.0,Punjab Kings,37.0,185.0,19.256410256410252,151.16091592335937,39,18.4,20.5,19.33333333333333,2.0,4.0,1.2,1.8,High,Low
1473471,2025-04-18,2025,1,Royal Challengers Bengaluru,Punjab Kings,V Kohli,1,3,0,0,33.33333333333333,Punjab Kings,62.0,137.77777777777777,32.785714285714285,119.43109352507444,252,37.8,44.7,49.85714285714285,4.0,2.0,3.2,1.4,Low,Low
1473471,2025-04-18,2025,1,Royal Challengers Bengaluru,Punjab Kings,Yash Dayal,0,1,0,0,0.0,Punjab Kings,0.0,0.0,0.0,0.0,1,0.0,0.0,0.0,0.0,0.0,0.0,0.0,Low,Low
1473471,2025-04-18,2025,2,Punjab Kings,Royal Challengers Bengaluru,JP Inglis,14,17,2,0,82.35294117647058,Royal Challengers Bengaluru,2.0,33.33333333333333,2.0,33.33333333333333,1,2.0,2.0,0.0,0.0,0.0,0.0,0.0,Low,Low
1473471,2025-04-18,2025,2,Punjab Kings,Royal Challengers Bengaluru,MP Stoinis,7,2,0,1,350.0,Royal Challengers Bengaluru,34.0,309.09090909090907,20.92391304347826,119.03215880829556,92,17.4,19.3,24.0,1.0,4.0,1.4,1.2,Low,Low
1473471,2025-04-18,2025,2,Punjab Kings,Royal Challengers Bengaluru,N Wadhera,33,19,3,3,173.6842105263158,Royal Challengers Bengaluru,10.0,111.11111111111111,23.857142857142858,134.07927583260644,21,30.2,21.1,0.0,2.0,0.0,2.2,1.8,Moderate,Low
1473471,2025-04-18,2025,2,Punjab Kings,Royal Challengers Bengaluru,P Simran Singh,13,9,2,0,144.44444444444443,Royal Challengers Bengaluru,30.0,200.0,22.975,125.8841945373654,40,31.6,27.6,15.5,2.0,3.0,4.0,1.4,Low,Low
1473471,2025-04-18,2025,2,Punjab Kings,Royal Challengers Bengaluru,Priyansh Arya,16,11,1,1,145.45454545454547,Royal Challengers Bengaluru,22.0,183.3333333333333,36.0,167.45210623789626,6,33.8,36.0,0.0,3.0,1.0,2.6,2.8,Low,Low
1473471,2025-04-18,2025,2,Punjab Kings,Royal Challengers Bengaluru,SS Iyer,7,10,0,0,70.0,Royal Challengers Bengaluru,0.0,0.0,27.94214876033058,116.8177271830223,121,30.6,34.4,44.5,0.0,0.0,2.2,2.2,Low,Low
1473471,2025-04-18,2025,2,Punjab Kings,Royal Challengers Bengaluru,Shashank Singh,1,5,0,0,20.0,Royal Challengers Bengaluru,18.0,105.88235294117648,22.875,140.61579337281935,24,25.2,21.7,29.0,1.0,1.0,1.8,1.2,Low,Low
1473472,2025-04-19,2025,1,Delhi Capitals,Gujarat Titans,AR Patel,39,32,1,2,121.875,Gujarat Titans,34.0,242.85714285714283,14.991452991452991,128.3078765965118,117,20.2,21.3,34.25,4.0,2.0,2.6,0.8,Moderate,Low
1473472,2025-04-19,2025,1,Delhi Capitals,Gujarat Titans,Abishek Porel,18,9,3,1,200.0,Gujarat Titans,49.0,132.43243243243242,23.454545454545453,130.7962097852127,22,31.2,29.9,17.5,5.0,1.0,3.0,1.0,Low,Low
1473472,2025-04-19,2025,1,Delhi Capitals,Gujarat Titans,Ashutosh Sharma,37,19,2,3,194.73684210526315,Gujarat Titans,15.0,150.0,22.153846153846157,144.35991622351278,13,20.2,19.3,17.0,2.0,0.0,1.8,1.0,Moderate,Low
1473472,2025-04-19,2025,1,Delhi Capitals,Gujarat Titans,D Ferreira,1,3,0,0,33.33333333333333,Gujarat Titans,7.0,87.5,4.0,60.41666666666666,2,4.0,4.0,0.0,0.0,0.0,0.0,0.0,Low,Low
1473472,2025-04-19,2025,1,Delhi Capitals,Gujarat Titans,KK Nair,31,18,2,2,172.22222222222223,Gujarat Titans,0.0,0.0,22.642857142857142,111.2109804252228,70,21.0,18.1,0.0,0.0,0.0,2.6,1.0,Moderate,Low
1473472,2025-04-19,2025,1,Delhi Capitals,Gujarat Titans,KL Rahul,28,14,4,1,200.0,Gujarat Titans,7.0,233.33333333333331,37.95384615384615,125.34664409989468,130,46.0,35.9,27.25,1.0,0.0,3.4,2.2,Moderate,Low
1473472,2025-04-19,2025,1,Delhi Capitals,Gujarat Titans,Kuldeep Yadav,4,1,1,0,400.0,Gujarat Titans,1.0,100.0,5.5588235294117645,76.63330538216715,34,10.4,6.3,5.0,0.0,0.0,1.4,0.2,Low,Low
1473472,2025-04-19,2025,1,Delhi Capitals,Gujarat Titans,MA Starc,2,2,0,0,100.0,Gujarat Titans,1.0,100.0,6.0,90.41286079649252,18,1.0,2.3,0.0,0.0,0.0,0.0,0.0,Low,Low
1473472,2025-04-19,2025,1,Delhi Capitals,Gujarat Titans,T Stubbs,31,21,2,1,147.61904761904762,Gujarat Titans,6.0,600.0,23.45833333333333,159.95284356960374,24,20.6,25.9,26.0,0.0,1.0,1.6,1.0,Moderate,Low
1473472,2025-04-19,2025,1,Delhi Capitals,Gujarat Titans,V Nigam,0,1,0,0,0.0,Gujarat Titans,14.0,175.0,18.0,161.66666666666666,3,18.0,18.0,0.0,1.0,1.0,2.0,1.0,Low,Low
1473472,2025-04-19,2025,2,Gujarat Titans,Delhi Capitals,B Sai Sudharsan,36,21,5,1,171.42857142857142,Delhi Capitals,56.0,151.35135135135135,43.96774193548387,135.41714014623926,31,51.0,58.7,46.333333333333336,7.0,1.0,5.2,1.4,Moderate,Low
1473472,2025-04-19,2025,2,Gujarat Titans,Delhi Capitals,JC Buttler,97,54,11,4,179.62962962962962,Delhi Capitals,16.0,114.28571428571428,33.63716814159292,127.43364503052082,113,32.8,29.2,33.625,2.0,0.0,3.4,1.4,High,Low
1473472,2025-04-19,2025,2,Gujarat Titans,Delhi Capitals,R Tewatia,11,3,1,1,366.6666666666666,Delhi Capitals,0.0,0.0,15.338235294117649,132.86905668339116,68,13.8,19.0,16.0,0.0,0.0,1.4,0.8,Low,Low
1473472,2025-04-19,2025,2,Gujarat Titans,Delhi Capitals,SE Rutherford,43,33,1,3,130.3030303030303,Delhi Capitals,22.0,115.78947368421052,17.6,140.6341889105047,15,22.4,21.0,0.0,3.0,0.0,2.0,1.4,High,Low
1473472,2025-04-19,2025,2,Gujarat Titans,Delhi Capitals,Shubman Gill,7,5,1,0,140.0,Delhi Capitals,60.0,157.89473684210526,32.60952380952381,122.73220152385105,105,35.0,33.6,28.58333333333333,6.0,1.0,4.0,0.6,Low,Low
1473473,2025-04-19,2025,1,Lucknow Super Giants,Rajasthan Royals,A Badoni,50,34,5,1,147.05882352941177,Rajasthan Royals,22.0,137.5,18.65853658536585,121.62565629872536,41,25.4,22.9,5.0,1.0,2.0,1.8,1.2,High,Low
1473473,2025-04-19,2025,1,Lucknow Super Giants,Rajasthan Royals,AK Markram,66,45,5,3,146.66666666666666,Rajasthan Royals,6.0,100.0,24.551020408163264,118.51192165694822,49,38.4,26.1,22.5,1.0,0.0,4.0,1.6,High,Low
1473473,2025-04-19,2025,1,Lucknow Super Giants,Rajasthan Royals,Abdul Samad,30,10,0,4,300.0,Rajasthan Royals,20.0,181.8181818181818,14.347826086956522,139.54236828608785,46,11.8,11.2,12.6,0.0,2.0,0.8,0.8,Moderate,Low
1473473,2025-04-19,2025,1,Lucknow Super Giants,Rajasthan Royals,DA Miller,7,8,0,0,87.5,Rajasthan Royals,7.0,63.63636363636363,23.23846153846154,125.3238585709291,130,14.0,22.4,34.72727272727273,0.0,0.0,1.6,0.2,Low,Low
1473473,2025-04-19,2025,1,Lucknow Super Giants,Rajasthan Royals,MR Marsh,4,6,0,0,66.66666666666666,Rajasthan Royals,30.0,120.0,22.857142857142858,111.87785448065873,42,44.6,35.6,49.0,2.0,2.0,4.8,2.2,Low,Low
1473473,2025-04-19,2025,1,Lucknow Super Giants,Rajasthan Royals,N Pooran,11,8,2,0,137.5,Rajasthan Royals,8.0,88.88888888888889,26.246913580246915,144.36085887865434,81,42.4,54.1,20.0,2.0,0.0,3.2,3.6,Low,Low
1473473,2025-04-19,2025,1,Lucknow Super Giants,Rajasthan Royals,RR Pant,3,9,0,0,33.33333333333333,Rajasthan Royals,63.0,128.57142857142858,28.571428571428573,131.47333478967906,119,20.6,20.7,36.36363636363637,4.0,4.0,1.6,1.0,Low,Low
1473473,2025-04-19,2025,2,Rajasthan Royals,Lucknow Super Giants,Dhruv Jurel,6,5,0,0,120.0,Lucknow Super Giants,26.0,152.94117647058823,18.344827586206897,129.8789865316896,29,16.4,24.9,24.0,0.0,2.0,0.8,1.0,Low,Low
1473473,2025-04-19,2025,2,Rajasthan Royals,Lucknow Super Giants,N Rana,8,7,0,1,114.28571428571428,Lucknow Super Giants,51.0,182.14285714285717,25.96296296296296,122.85349270418568,108,29.8,21.8,17.333333333333332,6.0,2.0,3.8,1.4,Low,Low
1473473,2025-04-19,2025,2,Rajasthan Royals,Lucknow Super Giants,R Parag,39,26,3,2,150.0,Lucknow Super Giants,4.0,400.0,20.454545454545453,125.57751999481924,66,22.2,21.9,19.8,1.0,0.0,1.8,1.4,Moderate,Low
1473473,2025-04-19,2025,2,Rajasthan Royals,Lucknow Super Giants,SB Dubey,3,3,0,0,100.0,Lucknow Super Giants,1.0,33.33333333333333,12.833333333333334,131.66666666666666,6,13.8,12.833333333333334,0.0,0.0,0.0,0.8,1.2,Low,Low
1473473,2025-04-19,2025,2,Rajasthan Royals,Lucknow Super Giants,SO Hetmyer,12,7,2,0,171.42857142857142,Lucknow Super Giants,6.0,150.0,19.356164383561644,138.51960422986633,73,20.4,20.0,22.0,1.0,0.0,1.8,0.8,Low,Low
1473473,2025-04-19,2025,2,Rajasthan Royals,Lucknow Super Giants,V Suryavanshi,34,20,2,3,170.0,Lucknow Super Giants,0.0,0.0,0.0,0.0,0,0.0,0.0,0.0,0.0,0.0,0.0,0.0,Moderate,Low
1473473,2025-04-19,2025,2,Rajasthan Royals,Lucknow Super Giants,YBK Jaiswal,74,52,5,4,142.30769230769232,Lucknow Super Giants,51.0,137.83783783783784,31.1864406779661,127.67446766104204,59,40.6,32.4,33.25,3.0,4.0,3.6,2.2,High,Low
1473474,2025-04-20,2025,1,Punjab Kings,Royal Challengers Bengaluru,JP Inglis,29,17,2,1,170.58823529411765,Royal Challengers Bengaluru,14.0,82.35294117647058,8.0,57.843137254901954,2,8.0,8.0,14.0,2.0,0.0,1.0,0.0,Moderate,Low
1473474,2025-04-20,2025,1,Punjab Kings,Royal Challengers Bengaluru,M Jansen,25,20,0,2,125.0,Royal Challengers Bengaluru,1.0,50.0,6.8125,88.51375598086125,16,12.0,7.0,0.0,0.0,0.0,0.6,0.6,Moderate,Low
1473474,2025-04-20,2025,1,Punjab Kings,Royal Challengers Bengaluru,MP Stoinis,1,2,0,0,50.0,Royal Challengers Bengaluru,7.0,350.0,20.774193548387096,121.5156839823999,93,13.2,20.0,15.5,0.0,1.0,0.4,1.4,Low,Low
1473474,2025-04-20,2025,1,Punjab Kings,Royal Challengers Bengaluru,N Wadhera,5,6,0,0,83.33333333333334,Royal Challengers Bengaluru,33.0,173.6842105263158,24.272727272727277,135.87950013686594,22,28.2,24.0,33.0,3.0,3.0,2.2,1.6,Low,Low
1473474,2025-04-20,2025,1,Punjab Kings,Royal Challengers Bengaluru,P Simran Singh,33,17,5,1,194.11764705882356,Royal Challengers Bengaluru,13.0,144.44444444444443,22.73170731707317,126.33688355948928,41,20.4,25.9,14.666666666666666,2.0,0.0,2.6,0.8,Moderate,Low
1473474,2025-04-20,2025,1,Punjab Kings,Royal Challengers Bengaluru,Priyansh Arya,22,15,3,1,146.66666666666666,Royal Challengers Bengaluru,16.0,145.45454545454547,33.142857142857146,164.30959755456044,7,35.4,33.142857142857146,16.0,1.0,1.0,2.6,3.0,Moderate,Low
1473474,2025-04-20,2025,1,Punjab Kings,Royal Challengers Bengaluru,SS Iyer,6,10,1,0,60.0,Royal Challengers Bengaluru,7.0,70.0,27.770491803278688,116.43397532086638,122,21.6,32.8,32.0,0.0,0.0,1.6,1.4,Low,Low
1473474,2025-04-20,2025,1,Punjab Kings,Royal Challengers Bengaluru,Shashank Singh,31,33,1,0,93.93939393939394,Royal Challengers Bengaluru,1.0,20.0,22.0,135.79116163790658,25,16.6,19.3,19.666666666666668,0.0,0.0,0.6,0.8,Moderate,Low
1473474,2025-04-20,2025,2,Royal Challengers Bengaluru,Punjab Kings,D Padikkal,61,35,6,4,174.28571428571428,Punjab Kings,40.0,148.14814814814815,23.97142857142857,104.92770799928368,70,21.8,14.2,26.5,5.0,1.0,2.0,1.2,High,Low
1473474,2025-04-20,2025,2,Royal Challengers Bengaluru,Punjab Kings,JM Sharma,11,8,0,1,137.5,Punjab Kings,2.0,28.57142857142857,20.0,142.81983561171663,41,18.0,16.2,2.0,0.0,0.0,1.6,1.2,Low,Low
1473474,2025-04-20,2025,2,Royal Challengers Bengaluru,Punjab Kings,PD Salt,1,3,0,0,33.33333333333333,Punjab Kings,4.0,100.0,30.892857142857142,151.62866886547084,28,24.8,25.5,31.5,1.0,0.0,2.4,2.0,Low,Low
1473474,2025-04-20,2025,2,Royal Challengers Bengaluru,Punjab Kings,RM Patidar,12,13,1,0,92.3076923076923,Punjab Kings,23.0,127.77777777777776,33.6,142.24084909247196,30,35.0,39.1,30.6,1.0,1.0,2.6,1.8,Low,Low
1473474,2025-04-20,2025,2,Royal Challengers Bengaluru,Punjab Kings,V Kohli,73,54,7,1,135.1851851851852,Punjab Kings,1.0,33.33333333333333,32.6600790513834,119.09078617253792,253,31.8,35.6,43.75,0.0,0.0,2.8,1.2,High,Low
1473475,2025-04-20,2025,1,Chennai Super Kings,Mumbai Indians,A Mhatre,32,15,4,2,213.33333333333331,Mumbai Indians,0.0,0.0,0.0,0.0,0,0.0,0.0,0.0,0.0,0.0,0.0,0.0,Moderate,Low
1473475,2025-04-20,2025,1,Chennai Super Kings,Mumbai Indians,J Overton,4,3,1,0,133.33333333333331,Mumbai Indians,11.0,275.0,11.0,275.0,1,11.0,11.0,0.0,0.0,1.0,0.0,1.0,Low,Low
1473475,2025-04-20,2025,1,Chennai Super Kings,Mumbai Indians,MS Dhoni,4,6,0,0,66.66666666666666,Mumbai Indians,26.0,236.3636363636364,22.86382978723404,132.97780656450297,235,20.0,18.1,20.75675675675676,4.0,1.0,1.4,1.2,Low,Low
1473475,2025-04-20,2025,1,Chennai Super Kings,Mumbai Indians,R Ravindra,5,9,0,0,55.55555555555556,Mumbai Indians,37.0,168.1818181818182,24.0,119.28389684319475,17,16.0,27.5,43.0,5.0,0.0,2.2,0.0,Low,Low
1473475,2025-04-20,2025,1,Chennai Super Kings,Mumbai Indians,RA Jadeja,53,35,4,2,151.42857142857142,Mumbai Indians,7.0,63.63636363636363,16.315508021390375,131.12957470861667,187,10.0,15.7,13.625,0.0,0.0,0.4,0.4,High,Low
1473475,2025-04-20,2025,1,Chennai Super Kings,Mumbai Indians,S Dube,50,32,2,4,156.25,Mumbai Indians,43.0,119.44444444444444,24.735294117647054,126.83842521161324,68,30.4,22.6,20.727272727272727,3.0,2.0,2.2,1.4,High,Low
1473475,2025-04-20,2025,1,Chennai Super Kings,Mumbai Indians,SK Rasheed,19,20,1,0,95.0,Mumbai Indians,27.0,142.10526315789474,27.0,142.10526315789474,1,27.0,27.0,0.0,6.0,0.0,6.0,0.0,Low,Low
1473475,2025-04-20,2025,2,Mumbai Indians,Chennai Super Kings,RD Rickelton,24,19,3,1,126.3157894736842,Chennai Super Kings,31.0,140.9090909090909,25.714285714285715,154.61286332714903,7,32.2,25.714285714285715,13.0,5.0,0.0,4.0,1.4,Moderate,Low
1473475,2025-04-20,2025,2,Mumbai Indians,Chennai Super Kings,RG Sharma,76,45,4,6,168.88888888888889,Chennai Super Kings,26.0,162.5,26.015503875968992,113.0255885166404,258,16.4,18.4,25.6,0.0,3.0,1.2,1.2,High,Low
1473475,2025-04-20,2025,2,Mumbai Indians,Chennai Super Kings,SA Yadav,68,30,6,5,226.66666666666663,Chennai Super Kings,26.0,173.33333333333334,26.986013986013987,135.34884614073962,143,37.6,37.8,23.0625,2.0,2.0,4.8,1.4,High,Low
1473476,2025-04-21,2025,1,Gujarat Titans,Kolkata Knight Riders,B Sai Sudharsan,52,36,6,1,144.44444444444443,Kolkata Knight Riders,36.0,171.42857142857142,43.71875,136.54249737381215,32,45.6,55.8,53.0,5.0,1.0,5.4,1.2,High,Low
1473476,2025-04-21,2025,1,Gujarat Titans,Kolkata Knight Riders,JC Buttler,41,23,8,0,178.26086956521738,Kolkata Knight Riders,97.0,179.62962962962962,34.19298245614035,127.89150454454808,114,44.4,35.5,36.69230769230769,11.0,4.0,4.6,2.0,High,Low
1473476,2025-04-21,2025,1,Gujarat Titans,Kolkata Knight Riders,M Shahrukh Khan,11,5,0,1,220.00000000000003,Kolkata Knight Riders,11.0,183.3333333333333,15.0,151.21791558617085,41,12.8,17.5,13.4,0.0,1.0,0.8,1.0,Low,Low
1473476,2025-04-21,2025,1,Gujarat Titans,Kolkata Knight Riders,R Tewatia,0,2,0,0,0.0,Kolkata Knight Riders,11.0,366.6666666666666,15.27536231884058,136.25742784256906,69,15.2,17.8,18.142857142857142,1.0,1.0,1.6,1.0,Low,Low
1473476,2025-04-21,2025,1,Gujarat Titans,Kolkata Knight Riders,Shubman Gill,90,54,10,3,166.66666666666669,Kolkata Knight Riders,7.0,140.0,32.367924528301884,122.89510528306,106,28.8,33.7,31.666666666666668,1.0,0.0,3.4,0.4,High,Low
1473476,2025-04-21,2025,2,Kolkata Knight Riders,Gujarat Titans,A Raghuvanshi,27,13,3,1,207.6923076923077,Gujarat Titans,37.0,132.14285714285714,25.615384615384617,144.0829626632794,13,28.0,24.8,0.0,5.0,1.0,3.2,0.8,Moderate,Low
1473476,2025-04-21,2025,2,Kolkata Knight Riders,Gujarat Titans,AD Russell,21,15,3,1,140.0,Gujarat Titans,17.0,154.54545454545453,22.92727272727273,150.41246657391684,110,6.8,12.8,27.666666666666668,1.0,2.0,0.6,0.6,Moderate,Low
1473476,2025-04-21,2025,2,Kolkata Knight Riders,Gujarat Titans,AM Rahane,50,36,5,1,138.88888888888889,Gujarat Titans,17.0,100.0,27.320224719101123,106.60858652385906,178,29.4,26.4,14.25,1.0,1.0,2.4,1.8,High,Low
1473476,2025-04-21,2025,2,Kolkata Knight Riders,Gujarat Titans,Harshit Rana,1,2,0,0,50.0,Gujarat Titans,3.0,50.0,3.4285714285714284,71.65532879818593,7,4.4,3.4285714285714284,0.0,0.0,0.0,0.6,0.0,Low,Low
1473476,2025-04-21,2025,2,Kolkata Knight Riders,Gujarat Titans,MM Ali,0,2,0,0,0.0,Gujarat Titans,5.0,41.66666666666667,20.120689655172413,118.92565243165927,58,20.6,16.0,22.0,0.0,0.0,1.4,1.0,Low,Low
1473476,2025-04-21,2025,2,Kolkata Knight Riders,Gujarat Titans,RK Singh,17,14,1,1,121.42857142857142,Gujarat Titans,2.0,22.22222222222222,21.93478260869565,138.5841266621537,46,20.8,17.2,34.0,0.0,0.0,2.4,1.0,Low,Low
1473476,2025-04-21,2025,2,Kolkata Knight Riders,Gujarat Titans,Rahmanullah Gurbaz,1,4,0,0,25.0,Gujarat Titans,39.0,121.875,22.23076923076923,101.71111498817224,13,18.2,19.5,48.0,5.0,2.0,1.6,1.2,Low,Low
1473476,2025-04-21,2025,2,Kolkata Knight Riders,Gujarat Titans,Ramandeep Singh,1,2,0,0,50.0,Gujarat Titans,0.0,0.0,11.705882352941176,152.4264705882353,17,9.2,10.4,0.0,0.0,0.0,0.4,0.6,Low,Low
1473476,2025-04-21,2025,2,Kolkata Knight Riders,Gujarat Titans,SP Narine,17,13,2,1,130.76923076923077,Gujarat Titans,5.0,125.0,14.857142857142858,124.40717636390526,112,17.2,23.8,2.5,1.0,0.0,1.4,1.6,Low,Low
1473476,2025-04-21,2025,2,Kolkata Knight Riders,Gujarat Titans,VR Iyer,14,19,0,0,73.68421052631578,Gujarat Titans,7.0,175.0,26.796296296296298,125.78761772222036,54,24.2,33.7,37.0,0.0,0.0,2.8,0.8,Low,Low
1473477,2025-04-22,2025,1,Lucknow Super Giants,Delhi Capitals,A Badoni,36,21,6,0,171.42857142857142,Delhi Capitals,50.0,147.05882352941177,19.404761904761905,122.23120789945597,42,34.2,26.4,18.6,5.0,1.0,2.6,1.4,Moderate,Low
1473477,2025-04-22,2025,1,Lucknow Super Giants,Delhi Capitals,AK Markram,52,33,2,3,157.57575757575756,Delhi Capitals,66.0,146.66666666666666,25.38,119.0750165571426,50,46.0,29.5,13.8,5.0,3.0,4.2,2.0,High,Low
1473477,2025-04-22,2025,1,Lucknow Super Giants,Delhi Capitals,Abdul Samad,2,8,0,0,25.0,Delhi Capitals,30.0,300.0,14.680851063829786,142.95636045021365,47,12.4,13.1,22.8,0.0,4.0,0.4,1.2,Low,Low
1473477,2025-04-22,2025,1,Lucknow Super Giants,Delhi Capitals,DA Miller,14,15,1,0,93.33333333333331,Delhi Capitals,7.0,87.5,23.11450381679389,125.03512682611284,131,12.8,17.6,25.4,0.0,0.0,1.2,0.2,Low,Low
1473477,2025-04-22,2025,1,Lucknow Super Giants,Delhi Capitals,MR Marsh,45,36,3,1,125.0,Delhi Capitals,4.0,66.66666666666666,22.41860465116279,110.8264315082403,43,35.0,34.0,72.0,0.0,0.0,3.4,1.8,High,Low
1473477,2025-04-22,2025,1,Lucknow Super Giants,Delhi Capitals,N Pooran,9,5,2,0,180.0,Delhi Capitals,11.0,137.5,26.0609756097561,144.27718986793903,82,35.8,50.4,32.888888888888886,2.0,0.0,2.6,3.2,Low,Low
1473477,2025-04-22,2025,1,Lucknow Super Giants,Delhi Capitals,RR Pant,0,2,0,0,0.0,Delhi Capitals,3.0,33.33333333333333,28.35833333333333,130.6555014442095,120,18.2,18.1,0.0,0.0,0.0,1.6,0.8,Low,Low
1473477,2025-04-22,2025,2,Delhi Capitals,Lucknow Super Giants,AR Patel,34,20,1,4,170.0,Lucknow Super Giants,39.0,121.875,15.194915254237287,128.25336069315154,118,23.6,24.1,23.5,1.0,2.0,2.2,1.0,Moderate,Low
1473477,2025-04-22,2025,2,Delhi Capitals,Lucknow Super Giants,Abishek Porel,51,36,5,1,141.66666666666669,Lucknow Super Giants,18.0,200.0,23.217391304347824,133.8050702293339,23,28.0,29.9,29.0,3.0,1.0,3.2,0.8,High,Low
1473477,2025-04-22,2025,2,Delhi Capitals,Lucknow Super Giants,KK Nair,15,9,2,1,166.66666666666669,Lucknow Super Giants,31.0,172.22222222222223,22.76056338028169,112.07029368996926,71,27.2,21.1,0.0,2.0,2.0,3.0,1.4,Low,Low
1473477,2025-04-22,2025,2,Delhi Capitals,Lucknow Super Giants,KL Rahul,57,42,3,3,135.71428571428572,Lucknow Super Giants,28.0,200.0,37.87786259541985,125.916517045697,131,36.2,36.2,0.0,4.0,1.0,3.0,1.8,High,Low
1473478,2025-04-23,2025,1,Sunrisers Hyderabad,Mumbai Indians,A Manohar,43,37,2,3,116.2162162162162,Mumbai Indians,4.0,66.66666666666666,13.166666666666666,96.1007511007511,18,3.0,11.5,22.0,0.0,0.0,0.2,0.0,High,Low
1473478,2025-04-23,2025,1,Sunrisers Hyderabad,Mumbai Indians,Abhishek Sharma,8,8,0,1,100.0,Mumbai Indians,40.0,142.85714285714286,23.66176470588235,137.3105972502804,68,40.4,24.9,18.6,7.0,0.0,5.0,2.0,Low,Low
1473478,2025-04-23,2025,1,Sunrisers Hyderabad,Mumbai Indians,Aniket Verma,12,14,1,0,85.71428571428571,Mumbai Indians,18.0,225.0,26.5,190.7192739509813,6,30.4,26.5,18.0,0.0,2.0,1.6,2.6,Low,Low
1473478,2025-04-23,2025,1,Sunrisers Hyderabad,Mumbai Indians,H Klaasen,71,44,9,2,161.36363636363637,Mumbai Indians,37.0,132.14285714285714,30.846153846153847,160.4785331601634,39,30.0,30.8,28.83333333333333,3.0,2.0,2.2,1.6,High,Low
1473478,2025-04-23,2025,1,Sunrisers Hyderabad,Mumbai Indians,HV Patel,1,1,0,0,100.0,Mumbai Indians,3.0,60.0,6.725,100.32822406351818,40,6.4,4.0,4.0,0.0,0.0,0.2,0.2,Low,Low
1473478,2025-04-23,2025,1,Sunrisers Hyderabad,Mumbai Indians,Ishan Kishan,1,4,0,0,25.0,Mumbai Indians,2.0,66.66666666666666,26.245283018867923,116.8034376968964,106,6.4,20.1,20.33333333333333,0.0,0.0,0.6,0.0,Low,Low
1473478,2025-04-23,2025,1,Sunrisers Hyderabad,Mumbai Indians,Nithish Kumar Reddy,2,6,0,0,33.33333333333333,Mumbai Indians,19.0,90.47619047619048,25.529411764705884,119.99416272426652,17,20.2,19.5,19.5,1.0,0.0,1.6,0.2,Low,Low
1473478,2025-04-23,2025,1,Sunrisers Hyderabad,Mumbai Indians,PJ Cummins,1,2,0,0,50.0,Mumbai Indians,8.0,200.0,12.866666666666667,130.2525068766039,45,12.8,15.8,22.11111111111111,0.0,1.0,1.0,1.0,Low,Low
1473478,2025-04-23,2025,1,Sunrisers Hyderabad,Mumbai Indians,TM Head,0,4,0,0,0.0,Mumbai Indians,28.0,100.0,31.6875,138.97116502223273,32,25.6,27.6,37.4,3.0,0.0,3.8,0.6,Low,Low
1473478,2025-04-23,2025,2,Mumbai Indians,Sunrisers Hyderabad,RD Rickelton,11,8,2,0,137.5,Sunrisers Hyderabad,24.0,126.3157894736842,25.5,151.07572909546593,8,24.6,25.5,31.0,3.0,1.0,3.8,0.6,Low,Low
1473478,2025-04-23,2025,2,Mumbai Indians,Sunrisers Hyderabad,RG Sharma,70,46,8,3,152.17391304347828,Sunrisers Hyderabad,76.0,168.88888888888889,26.20849420849421,113.24127693506608,259,30.0,24.9,19.375,4.0,6.0,1.6,2.4,High,Low
1473478,2025-04-23,2025,2,Mumbai Indians,Sunrisers Hyderabad,SA Yadav,40,19,5,2,210.52631578947367,Sunrisers Hyderabad,68.0,226.66666666666663,27.27083333333333,135.9829976721697,144,45.8,34.4,25.55555555555556,6.0,5.0,5.4,2.0,High,Low
1473478,2025-04-23,2025,2,Mumbai Indians,Sunrisers Hyderabad,Tilak Varma,2,2,0,0,100.0,Sunrisers Hyderabad,21.0,123.52941176470588,31.522727272727277,139.47248425622507,44,40.0,31.1,33.4,2.0,0.0,3.4,1.6,Low,Low
1473478,2025-04-23,2025,2,Mumbai Indians,Sunrisers Hyderabad,WG Jacks,22,19,2,1,115.78947368421052,Sunrisers Hyderabad,36.0,138.46153846153845,22.928571428571427,130.4563608157675,14,16.0,24.5,16.333333333333332,3.0,2.0,1.0,0.8,Moderate,Low
1473479,2025-04-24,2025,1,Royal Challengers Bengaluru,Rajasthan Royals,D Padikkal,50,27,4,3,185.1851851851852,Rajasthan Royals,61.0,174.28571428571428,24.492957746478872,105.90458132726155,71,28.6,19.6,43.5,6.0,4.0,2.8,1.6,High,Low
1473479,2025-04-24,2025,1,Royal Challengers Bengaluru,Rajasthan Royals,JM Sharma,20,10,4,0,200.0,Rajasthan Royals,11.0,137.5,19.785714285714285,142.69317285905672,42,17.8,16.0,32.0,0.0,1.0,1.4,1.2,Moderate,Low
1473479,2025-04-24,2025,1,Royal Challengers Bengaluru,Rajasthan Royals,PD Salt,26,23,4,0,113.04347826086956,Rajasthan Royals,1.0,33.33333333333333,29.86206896551724,147.54951936436265,29,22.2,25.1,37.5,0.0,0.0,2.2,1.8,Moderate,Low
1473479,2025-04-24,2025,1,Royal Challengers Bengaluru,Rajasthan Royals,RM Patidar,1,3,0,0,33.33333333333333,Rajasthan Royals,12.0,92.3076923076923,32.903225806451616,140.63010209941456,31,27.2,34.8,36.0,1.0,0.0,2.0,1.2,Low,Low
1473479,2025-04-24,2025,1,Royal Challengers Bengaluru,Rajasthan Royals,TH David,23,15,2,1,153.33333333333334,Rajasthan Royals,50.0,200.0,20.025,152.38189302527536,40,28.4,24.1,17.2,5.0,3.0,2.2,2.4,Moderate,Low
1473479,2025-04-24,2025,1,Royal Challengers Bengaluru,Rajasthan Royals,V Kohli,70,42,8,2,166.66666666666669,Rajasthan Royals,73.0,135.1851851851852,32.818897637795274,119.15414994817826,254,45.0,40.2,26.64516129032258,7.0,1.0,4.0,1.4,High,Low
1473479,2025-04-24,2025,2,Rajasthan Royals,Royal Challengers Bengaluru,Dhruv Jurel,47,34,3,3,138.23529411764704,Royal Challengers Bengaluru,6.0,120.0,17.933333333333334,129.54968698063328,30,17.0,25.5,15.0,0.0,0.0,0.8,1.0,High,Low
1473479,2025-04-24,2025,2,Rajasthan Royals,Royal Challengers Bengaluru,Fazalhaq Farooqi,2,2,0,0,100.0,Royal Challengers Bengaluru,1.0,20.0,1.5,22.5,2,1.5,1.5,0.0,0.0,0.0,0.0,0.0,Low,Low
1473479,2025-04-24,2025,2,Rajasthan Royals,Royal Challengers Bengaluru,JC Archer,0,1,0,0,0.0,Royal Challengers Bengaluru,4.0,100.0,8.148148148148149,130.1034151034151,27,4.8,5.0,0.0,0.0,0.0,0.0,0.4,Low,Low
1473479,2025-04-24,2025,2,Rajasthan Royals,Royal Challengers Bengaluru,N Rana,28,22,3,1,127.27272727272728,Royal Challengers Bengaluru,8.0,114.28571428571428,25.79816513761468,122.77488923245656,109,15.2,21.8,4.0,0.0,1.0,1.8,0.6,Moderate,Low
1473479,2025-04-24,2025,2,Rajasthan Royals,Royal Challengers Bengaluru,PWH de Silva,1,3,0,0,33.33333333333333,Royal Challengers Bengaluru,4.0,80.0,5.0,89.72292510121457,16,6.6,4.2,0.0,0.0,0.0,0.6,0.0,Low,Low
1473479,2025-04-24,2025,2,Rajasthan Royals,Royal Challengers Bengaluru,R Parag,22,10,2,2,220.00000000000003,Royal Challengers Bengaluru,39.0,150.0,20.73134328358209,125.94203462176225,67,21.4,22.2,23.33333333333333,3.0,2.0,1.8,1.2,Moderate,Low
1473479,2025-04-24,2025,2,Rajasthan Royals,Royal Challengers Bengaluru,SB Dubey,12,7,1,1,171.42857142857142,Royal Challengers Bengaluru,3.0,100.0,11.428571428571429,127.14285714285714,7,9.4,11.428571428571429,0.0,0.0,0.0,0.4,0.8,Low,Low
1473479,2025-04-24,2025,2,Rajasthan Royals,Royal Challengers Bengaluru,SO Hetmyer,11,8,1,0,137.5,Royal Challengers Bengaluru,12.0,171.42857142857142,19.25675675675676,138.9643200028218,74,18.8,18.6,15.333333333333334,2.0,0.0,1.8,0.6,Low,Low
1473479,2025-04-24,2025,2,Rajasthan Royals,Royal Challengers Bengaluru,TU Deshpande,1,2,0,0,50.0,Royal Challengers Bengaluru,3.0,100.0,3.857142857142857,86.5079365079365,7,1.2,3.857142857142857,0.0,0.0,0.0,0.0,0.0,Low,Low
1473479,2025-04-24,2025,2,Rajasthan Royals,Royal Challengers Bengaluru,V Suryavanshi,16,12,0,2,133.33333333333331,Royal Challengers Bengaluru,34.0,170.0,34.0,170.0,1,34.0,34.0,0.0,2.0,3.0,2.0,3.0,Low,Low
1473479,2025-04-24,2025,2,Rajasthan Royals,Royal Challengers Bengaluru,YBK Jaiswal,49,19,7,3,257.89473684210526,Royal Challengers Bengaluru,74.0,142.30769230769232,31.9,127.91835473848622,60,54.6,39.4,40.0,5.0,4.0,4.4,3.0,High,Low
1473480,2025-04-25,2025,1,Chennai Super Kings,Sunrisers Hyderabad,A Kamboj,2,4,0,0,50.0,Sunrisers Hyderabad,3.0,100.0,2.5,100.0,2,2.5,2.5,0.0,0.0,0.0,0.0,0.0,Low,Low
1473480,2025-04-25,2025,1,Chennai Super Kings,Sunrisers Hyderabad,A Mhatre,30,19,6,0,157.89473684210526,Sunrisers Hyderabad,32.0,213.33333333333331,32.0,213.33333333333331,1,32.0,32.0,0.0,4.0,2.0,4.0,2.0,Moderate,Low
1473480,2025-04-25,2025,1,Chennai Super Kings,Sunrisers Hyderabad,D Brevis,42,25,1,4,168.0,Sunrisers Hyderabad,23.0,115.0,23.0,112.51370909791964,10,21.8,23.0,0.0,1.0,2.0,0.8,1.6,High,Low
1473480,2025-04-25,2025,1,Chennai Super Kings,Sunrisers Hyderabad,DJ Hooda,22,20,1,1,110.0,Sunrisers Hyderabad,0.0,0.0,14.73,115.88283046419856,100,3.6,11.6,15.166666666666666,0.0,0.0,0.4,0.0,Moderate,Low
1473480,2025-04-25,2025,1,Chennai Super Kings,Sunrisers Hyderabad,KK Ahmed,1,2,0,0,50.0,Sunrisers Hyderabad,0.0,0.0,0.2,10.0,5,0.2,0.2,0.0,0.0,0.0,0.0,0.0,Low,Low
1473480,2025-04-25,2025,1,Chennai Super Kings,Sunrisers Hyderabad,MS Dhoni,6,10,1,0,60.0,Sunrisers Hyderabad,4.0,66.66666666666666,22.783898305084747,132.6968271581562,236,17.6,18.5,24.7,0.0,0.0,1.2,1.0,Low,Low
1473480,2025-04-25,2025,1,Chennai Super Kings,Sunrisers Hyderabad,Noor Ahmad,2,3,0,0,66.66666666666666,Sunrisers Hyderabad,1.0,12.5,2.0,57.15986394557823,7,2.6,2.0,0.0,0.0,0.0,0.4,0.0,Low,Low
1473480,2025-04-25,2025,1,Chennai Super Kings,Sunrisers Hyderabad,RA Jadeja,21,17,1,1,123.52941176470588,Sunrisers Hyderabad,53.0,151.42857142857142,16.51063829787234,131.23754809542496,188,14.2,19.2,15.058823529411764,4.0,2.0,0.8,0.6,Moderate,Low
1473480,2025-04-25,2025,1,Chennai Super Kings,Sunrisers Hyderabad,S Dube,12,9,2,0,133.33333333333331,Sunrisers Hyderabad,50.0,156.25,25.10144927536232,127.2646799186913,69,36.8,25.5,17.833333333333332,2.0,4.0,2.4,1.8,Low,Low
1473480,2025-04-25,2025,1,Chennai Super Kings,Sunrisers Hyderabad,SK Rasheed,0,1,0,0,0.0,Sunrisers Hyderabad,19.0,95.0,23.0,118.55263157894736,2,23.0,23.0,0.0,1.0,0.0,3.5,0.0,Low,Low
1473480,2025-04-25,2025,1,Chennai Super Kings,Sunrisers Hyderabad,SM Curran,9,9,1,0,100.0,Sunrisers Hyderabad,8.0,61.53846153846154,17.9,123.73881634658146,50,20.8,19.1,20.4,0.0,0.0,1.4,0.6,Low,Low
1473480,2025-04-25,2025,2,Sunrisers Hyderabad,Chennai Super Kings,Abhishek Sharma,0,2,0,0,0.0,Chennai Super Kings,8.0,100.0,23.43478260869565,136.76986395679808,69,41.8,25.4,31.375,0.0,1.0,5.0,2.2,Low,Low
1473480,2025-04-25,2025,2,Sunrisers Hyderabad,Chennai Super Kings,Aniket Verma,19,19,0,2,100.0,Chennai Super Kings,12.0,85.71428571428571,24.428571428571427,175.71856134573906,7,25.6,24.428571428571427,0.0,1.0,0.0,1.8,1.6,Low,Low
1473480,2025-04-25,2025,2,Sunrisers Hyderabad,Chennai Super Kings,H Klaasen,7,8,1,0,87.5,Chennai Super Kings,71.0,161.36363636363637,31.85,160.50066074025025,40,37.8,34.7,13.5,9.0,2.0,3.6,1.6,Low,Low
1473480,2025-04-25,2025,2,Sunrisers Hyderabad,Chennai Super Kings,Ishan Kishan,44,34,5,1,129.41176470588235,Chennai Super Kings,1.0,25.0,26.009345794392523,115.94546164365438,107,6.2,19.3,23.8,0.0,0.0,0.6,0.0,High,Low
1473480,2025-04-25,2025,2,Sunrisers Hyderabad,Chennai Super Kings,Nithish Kumar Reddy,19,12,2,0,158.33333333333331,Chennai Super Kings,2.0,33.33333333333333,24.22222222222222,115.17967220254802,18,14.2,16.0,14.5,0.0,0.0,1.2,0.2,Low,Low
1473480,2025-04-25,2025,2,Sunrisers Hyderabad,Chennai Super Kings,PHKD Mendis,32,21,3,0,152.38095238095238,Chennai Super Kings,1.0,20.0,14.0,77.5,2,14.0,14.0,0.0,0.0,0.0,0.5,1.0,Moderate,Low
1473480,2025-04-25,2025,2,Sunrisers Hyderabad,Chennai Super Kings,TM Head,19,16,4,0,118.75,Chennai Super Kings,0.0,0.0,30.727272727272727,134.7599175973166,33,21.2,27.6,22.0,0.0,0.0,3.0,0.6,Low,Low
1473481,2025-04-26,2025,1,Punjab Kings,Kolkata Knight Riders,GJ Maxwell,7,8,1,0,87.5,Kolkata Knight Riders,7.0,70.0,20.99253731343284,123.54133773590476,134,8.2,6.2,23.19047619047619,1.0,0.0,0.8,0.2,Low,Low
1473481,2025-04-26,2025,1,Punjab Kings,Kolkata Knight Riders,JP Inglis,11,6,2,0,183.3333333333333,Kolkata Knight Riders,29.0,170.58823529411765,15.0,95.42483660130718,3,15.0,15.0,2.0,2.0,1.0,1.3333333333333333,0.3333333333333333,Low,Low
1473481,2025-04-26,2025,1,Punjab Kings,Kolkata Knight Riders,M Jansen,3,7,0,0,42.85714285714285,Kolkata Knight Riders,25.0,125.0,7.882352941176471,90.66000562904588,17,13.6,9.3,0.8,0.0,2.0,0.4,0.8,Low,Low
1473481,2025-04-26,2025,1,Punjab Kings,Kolkata Knight Riders,P Simran Singh,83,48,6,6,172.91666666666669,Kolkata Knight Riders,33.0,194.11764705882356,22.976190476190474,127.95071126185437,42,23.6,28.6,24.6,5.0,1.0,3.2,1.0,High,Low
1473481,2025-04-26,2025,1,Punjab Kings,Kolkata Knight Riders,Priyansh Arya,69,35,8,4,197.1428571428572,Kolkata Knight Riders,22.0,146.66666666666666,31.75,162.10423119357372,8,39.8,31.75,22.0,3.0,1.0,3.2,3.2,High,Low
1473481,2025-04-26,2025,1,Punjab Kings,Kolkata Knight Riders,SS Iyer,25,16,1,1,156.25,Kolkata Knight Riders,6.0,60.0,27.59349593495935,115.97516251337969,123,20.8,32.7,28.75,1.0,0.0,1.4,1.4,Moderate,Low
1473481,2025-04-26,2025,2,Kolkata Knight Riders,Punjab Kings,Rahmanullah Gurbaz,1,3,0,0,33.33333333333333,Punjab Kings,1.0,25.0,20.714285714285715,96.2317496318742,14,14.8,19.6,18.5,0.0,0.0,1.4,0.8,Low,Low
1473481,2025-04-26,2025,2,Kolkata Knight Riders,Punjab Kings,SP Narine,4,3,1,0,133.33333333333331,Punjab Kings,17.0,130.76923076923077,14.876106194690266,124.46347773032409,113,20.6,17.4,17.2,2.0,1.0,1.8,1.8,Low,Low
1473482,2025-04-27,2025,1,Mumbai Indians,Lucknow Super Giants,C Bosch,20,10,2,1,200.0,Lucknow Super Giants,0.0,0.0,0.0,0.0,0,0.0,0.0,0.0,0.0,0.0,0.0,0.0,Moderate,Low
1473482,2025-04-27,2025,1,Mumbai Indians,Lucknow Super Giants,DL Chahar,1,1,0,0,100.0,Lucknow Super Giants,0.0,0.0,7.714285714285714,91.54761904761904,14,6.0,5.4,0.0,0.0,0.0,0.4,0.4,Low,Low
1473482,2025-04-27,2025,1,Mumbai Indians,Lucknow Super Giants,HH Pandya,5,7,0,0,71.42857142857143,Lucknow Super Giants,21.0,233.33333333333331,19.397058823529413,141.26492955148657,136,20.8,16.9,25.571428571428573,3.0,1.0,1.8,1.2,Low,Low
1473482,2025-04-27,2025,1,Mumbai Indians,Lucknow Super Giants,Naman Dhir,25,11,2,2,227.27272727272728,Lucknow Super Giants,0.0,0.0,20.76923076923077,148.54470148587797,13,22.6,22.0,54.0,0.0,0.0,2.4,1.2,Moderate,Low
1473482,2025-04-27,2025,1,Mumbai Indians,Lucknow Super Giants,RD Rickelton,58,32,6,4,181.25,Lucknow Super Giants,11.0,137.5,23.88888888888889,149.56731475152526,9,24.8,23.88888888888889,10.0,2.0,0.0,3.8,0.6,High,Low
1473482,2025-04-27,2025,1,Mumbai Indians,Lucknow Super Giants,RG Sharma,12,5,0,2,240.0,Lucknow Super Giants,70.0,152.17391304347828,26.37692307692308,113.39101784317536,260,41.4,31.5,27.5,8.0,3.0,3.2,2.8,Low,Low
1473482,2025-04-27,2025,1,Mumbai Indians,Lucknow Super Giants,SA Yadav,54,28,4,4,192.8571428571429,Lucknow Super Giants,40.0,210.52631578947367,27.35862068965517,136.49708952125454,145,40.4,37.3,23.0,5.0,2.0,4.6,2.2,High,Low
1473482,2025-04-27,2025,1,Mumbai Indians,Lucknow Super Giants,Tilak Varma,6,5,1,0,120.0,Lucknow Super Giants,2.0,100.0,30.866666666666667,138.59531793942008,45,32.6,30.6,24.4,0.0,0.0,2.8,1.4,Low,Low
1473482,2025-04-27,2025,1,Mumbai Indians,Lucknow Super Giants,WG Jacks,29,21,3,1,138.0952380952381,Lucknow Super Giants,22.0,115.78947368421052,22.866666666666667,129.47856834033036,15,17.2,16.7,5.0,2.0,1.0,1.4,0.8,Moderate,Low
1473482,2025-04-27,2025,2,Lucknow Super Giants,Mumbai Indians,A Badoni,35,22,2,2,159.0909090909091,Mumbai Indians,36.0,171.42857142857142,19.79069767441861,123.3753326326912,43,33.2,24.5,14.6,6.0,0.0,3.6,0.8,Moderate,Low
1473482,2025-04-27,2025,2,Lucknow Super Giants,Mumbai Indians,AK Markram,9,11,2,0,81.81818181818183,Mumbai Indians,52.0,157.57575757575756,25.90196078431373,119.82993304770366,51,45.8,34.6,29.0,2.0,3.0,4.2,1.8,Low,Low
1473482,2025-04-27,2025,2,Lucknow Super Giants,Mumbai Indians,Abdul Samad,2,4,0,0,50.0,Mumbai Indians,2.0,25.0,14.416666666666666,140.49893627416753,48,12.0,11.7,7.5,0.0,0.0,0.2,1.2,Low,Low
1473482,2025-04-27,2025,2,Lucknow Super Giants,Mumbai Indians,Avesh Khan,0,1,0,0,0.0,Mumbai Indians,2.0,200.0,3.909090909090909,147.57575757575756,11,2.4,3.9,2.0,0.0,0.0,0.2,0.0,Low,Low
1473482,2025-04-27,2025,2,Lucknow Super Giants,Mumbai Indians,DA Miller,24,16,3,0,150.0,Mumbai Indians,14.0,93.33333333333331,23.045454545454547,124.79496172389484,132,11.8,16.4,23.705882352941178,1.0,0.0,0.8,0.2,Moderate,Low
1473482,2025-04-27,2025,2,Lucknow Super Giants,Mumbai Indians,DS Rathi,1,3,0,0,33.33333333333333,Mumbai Indians,0.0,0.0,0.0,0.0,0,0.0,0.0,0.0,0.0,0.0,0.0,0.0,Low,Low
1473482,2025-04-27,2025,2,Lucknow Super Giants,Mumbai Indians,MR Marsh,34,23,3,2,147.82608695652172,Mumbai Indians,45.0,125.0,22.931818181818183,111.1485580648712,44,44.0,36.2,32.666666666666664,3.0,1.0,4.0,2.0,Moderate,Low
1473482,2025-04-27,2025,2,Lucknow Super Giants,Mumbai Indians,N Pooran,27,15,1,3,180.0,Mumbai Indians,9.0,180.0,25.85542168674699,144.70758517073494,83,35.2,45.2,21.7,2.0,0.0,2.8,3.0,Moderate,Low
1473482,2025-04-27,2025,2,Lucknow Super Giants,Mumbai Indians,Prince Yadav,4,9,0,0,44.44444444444444,Mumbai Indians,0.0,0.0,0.0,0.0,0,0.0,0.0,0.0,0.0,0.0,0.0,0.0,Low,Low
1473482,2025-04-27,2025,2,Lucknow Super Giants,Mumbai Indians,RR Pant,4,2,1,0,200.0,Mumbai Indians,0.0,0.0,28.12396694214876,129.57570391161275,121,17.8,15.4,23.764705882352946,0.0,0.0,1.6,0.8,Low,Low
1473482,2025-04-27,2025,2,Lucknow Super Giants,Mumbai Indians,Ravi Bishnoi,13,14,0,2,92.85714285714286,Mumbai Indians,0.0,0.0,2.1333333333333333,68.49206349206348,15,1.4,2.1,2.0,0.0,0.0,0.0,0.0,Low,Low
1473483,2025-04-27,2025,1,Delhi Capitals,Royal Challengers Bengaluru,AR Patel,15,13,1,1,115.38461538461536,Royal Challengers Bengaluru,34.0,170.0,15.352941176470589,128.60417278816706,119,26.2,26.0,36.0,1.0,4.0,2.0,1.6,Low,Low
1473483,2025-04-27,2025,1,Delhi Capitals,Royal Challengers Bengaluru,Abishek Porel,28,11,2,2,254.54545454545453,Royal Challengers Bengaluru,51.0,141.66666666666669,24.375,134.13263674755612,24,31.6,28.5,4.5,5.0,1.0,3.4,0.8,Moderate,Low
1473483,2025-04-27,2025,1,Delhi Capitals,Royal Challengers Bengaluru,Ashutosh Sharma,2,3,0,0,66.66666666666666,Royal Challengers Bengaluru,37.0,194.73684210526315,23.214285714285715,147.95826807220922,14,27.2,16.9,8.0,2.0,3.0,2.2,1.6,Low,Low
1473483,2025-04-27,2025,1,Delhi Capitals,Royal Challengers Bengaluru,F du Plessis,22,25,2,0,88.0,Royal Challengers Bengaluru,2.0,28.57142857142857,32.99290780141844,122.38413862801646,141,30.4,28.0,2.0,0.0,0.0,2.2,1.8,Moderate,Low
1473483,2025-04-27,2025,1,Delhi Capitals,Royal Challengers Bengaluru,KK Nair,4,4,1,0,100.0,Royal Challengers Bengaluru,15.0,166.66666666666669,22.65277777777778,112.82857664797896,72,29.6,17.2,0.0,2.0,1.0,3.4,1.6,Low,Low
1473483,2025-04-27,2025,1,Delhi Capitals,Royal Challengers Bengaluru,KL Rahul,41,39,3,0,105.12820512820514,Royal Challengers Bengaluru,57.0,135.71428571428572,38.02272727272727,125.99074256591358,132,29.0,39.0,56.5,3.0,3.0,2.2,1.2,High,Low
1473483,2025-04-27,2025,1,Delhi Capitals,Royal Challengers Bengaluru,PVD Chameera,0,1,0,0,0.0,Royal Challengers Bengaluru,11.0,275.0,6.142857142857143,109.14965986394556,7,5.8,6.142857142857143,0.0,1.0,1.0,0.2,0.6,Low,Low
1473483,2025-04-27,2025,1,Delhi Capitals,Royal Challengers Bengaluru,T Stubbs,34,18,5,1,188.88888888888889,Royal Challengers Bengaluru,31.0,147.61904761904762,23.76,159.4594917315815,25,22.0,24.9,20.5,2.0,1.0,1.6,1.0,Moderate,Low
1473483,2025-04-27,2025,1,Delhi Capitals,Royal Challengers Bengaluru,V Nigam,12,6,1,1,200.0,Royal Challengers Bengaluru,0.0,0.0,13.5,121.25,4,13.5,13.5,0.0,0.0,0.0,1.5,0.75,Low,Low
1473483,2025-04-27,2025,2,Royal Challengers Bengaluru,Delhi Capitals,D Padikkal,0,2,0,0,0.0,Delhi Capitals,50.0,185.1851851851852,24.84722222222222,107.00570082528829,72,37.8,24.3,22.125,4.0,3.0,3.4,2.2,Low,Low
1473483,2025-04-27,2025,2,Royal Challengers Bengaluru,Delhi Capitals,JG Bethell,12,6,1,1,200.0,Delhi Capitals,0.0,0.0,0.0,0.0,0,0.0,0.0,0.0,0.0,0.0,0.0,0.0,Low,Low
1473483,2025-04-27,2025,2,Royal Challengers Bengaluru,Delhi Capitals,KH Pandya,73,46,5,4,158.69565217391303,Delhi Capitals,1.0,50.0,15.054054054054054,120.23349906327378,111,7.2,9.9,14.692307692307692,0.0,0.0,0.6,0.2,High,Low
1473483,2025-04-27,2025,2,Royal Challengers Bengaluru,Delhi Capitals,RM Patidar,6,6,1,0,100.0,Delhi Capitals,1.0,33.33333333333333,31.90625,137.27707807547452,32,25.0,29.7,36.0,0.0,0.0,1.6,1.2,Low,Low
1473483,2025-04-27,2025,2,Royal Challengers Bengaluru,Delhi Capitals,TH David,19,4,3,1,475.0,Delhi Capitals,23.0,153.33333333333334,20.09756097560976,152.40509888644752,41,28.6,26.1,29.666666666666668,2.0,1.0,2.4,2.0,Low,Low
1473483,2025-04-27,2025,2,Royal Challengers Bengaluru,Delhi Capitals,V Kohli,51,47,4,0,108.51063829787232,Delhi Capitals,70.0,166.66666666666669,32.96470588235294,119.34047354315273,255,45.6,42.5,28.90909090909091,8.0,2.0,4.0,1.4,High,Low
1473484,2025-04-28,2025,1,Gujarat Titans,Rajasthan Royals,B Sai Sudharsan,39,30,4,1,130.0,Rajasthan Royals,52.0,144.44444444444443,43.96969696969697,136.78195031534645,33,46.2,52.6,45.66666666666666,6.0,1.0,5.2,1.2,Moderate,Low
1473484,2025-04-28,2025,1,Gujarat Titans,Rajasthan Royals,JC Buttler,50,26,3,4,192.30769230769232,Rajasthan Royals,41.0,178.26086956521738,34.25217391304348,128.32949902298867,115,38.0,39.6,36.0,8.0,0.0,5.2,0.8,High,Low
1473484,2025-04-28,2025,1,Gujarat Titans,Rajasthan Royals,M Shahrukh Khan,5,2,1,0,250.0,Rajasthan Royals,11.0,220.00000000000003,14.904761904761903,152.85558426269057,42,14.6,18.6,21.6,0.0,1.0,0.8,1.2,Low,Low
1473484,2025-04-28,2025,1,Gujarat Titans,Rajasthan Royals,R Tewatia,9,4,0,1,225.0,Rajasthan Royals,0.0,0.0,15.057142857142855,134.31089315910378,70,8.2,14.8,15.666666666666666,0.0,0.0,0.6,0.8,Low,Low
1473484,2025-04-28,2025,1,Gujarat Titans,Rajasthan Royals,Shubman Gill,84,50,5,4,168.0,Rajasthan Royals,90.0,166.66666666666669,32.90654205607477,123.3041852959909,107,44.0,41.1,31.857142857142858,10.0,3.0,5.2,0.8,High,Low
1473484,2025-04-28,2025,1,Gujarat Titans,Rajasthan Royals,Washington Sundar,13,8,0,1,162.5,Rajasthan Royals,2.0,66.66666666666666,10.725,106.66441950618449,40,16.8,14.5,25.33333333333333,0.0,0.0,1.8,0.4,Low,Low
1473484,2025-04-28,2025,2,Rajasthan Royals,Gujarat Titans,N Rana,4,2,1,0,200.0,Gujarat Titans,28.0,127.27272727272728,25.818181818181817,122.81577866918632,110,18.4,23.7,13.0,3.0,1.0,2.0,0.8,Low,Low
1473484,2025-04-28,2025,2,Rajasthan Royals,Gujarat Titans,R Parag,32,15,2,2,213.33333333333331,Gujarat Titans,22.0,220.00000000000003,20.75,127.3252399949716,68,20.6,23.8,21.142857142857142,2.0,2.0,2.0,1.0,Moderate,Low
1473484,2025-04-28,2025,2,Rajasthan Royals,Gujarat Titans,V Suryavanshi,101,38,7,11,265.7894736842105,Gujarat Titans,16.0,133.33333333333331,25.0,151.66666666666666,2,25.0,25.0,0.0,0.0,2.0,1.0,2.5,High,Low
1473484,2025-04-28,2025,2,Rajasthan Royals,Gujarat Titans,YBK Jaiswal,70,40,9,2,175.0,Gujarat Titans,49.0,257.89473684210526,32.18032786885246,130.04911510084065,61,51.0,39.8,11.666666666666666,7.0,3.0,5.2,2.6,High,Low
1473485,2025-04-29,2025,1,Kolkata Knight Riders,Delhi Capitals,A Raghuvanshi,44,31,3,2,141.93548387096774,Delhi Capitals,27.0,207.6923076923077,25.714285714285715,148.62648730821,14,29.0,24.5,54.0,3.0,1.0,3.4,1.0,High,Low
1473485,2025-04-29,2025,1,Kolkata Knight Riders,Delhi Capitals,AD Russell,17,9,2,1,188.88888888888889,Delhi Capitals,21.0,140.0,22.90990990990991,150.31866056874642,111,10.2,12.2,30.22222222222222,3.0,1.0,1.0,0.8,Low,Low
1473485,2025-04-29,2025,1,Kolkata Knight Riders,Delhi Capitals,AM Rahane,26,14,4,1,185.7142857142857,Delhi Capitals,50.0,138.88888888888889,27.44692737430168,106.78892340857988,179,37.2,30.5,36.2,5.0,1.0,3.2,1.8,Moderate,Low
1473485,2025-04-29,2025,1,Kolkata Knight Riders,Delhi Capitals,AS Roy,0,1,0,0,0.0,Delhi Capitals,3.0,100.0,4.333333333333333,77.61904761904762,6,5.2,4.333333333333333,0.0,0.0,0.0,0.6,0.0,Low,Low
1473485,2025-04-29,2025,1,Kolkata Knight Riders,Delhi Capitals,CV Varun,1,1,0,0,100.0,Delhi Capitals,0.0,0.0,2.5,56.583333333333336,10,2.6,2.5,1.0,0.0,0.0,0.4,0.0,Low,Low
1473485,2025-04-29,2025,1,Kolkata Knight Riders,Delhi Capitals,Harshit Rana,0,1,0,0,0.0,Delhi Capitals,1.0,50.0,3.125,68.9484126984127,8,4.6,3.125,0.0,0.0,0.0,0.6,0.0,Low,Low
1473485,2025-04-29,2025,1,Kolkata Knight Riders,Delhi Capitals,R Powell,5,5,1,0,100.0,Delhi Capitals,6.0,50.0,16.363636363636363,119.12799210593327,22,13.2,11.0,13.0,0.0,0.0,1.4,0.6,Low,Low
1473485,2025-04-29,2025,1,Kolkata Knight Riders,Delhi Capitals,RK Singh,36,25,3,1,144.0,Delhi Capitals,17.0,121.42857142857142,21.829787234042552,138.21911484867323,47,20.8,17.8,16.5,1.0,1.0,2.4,1.0,Moderate,Low
1473485,2025-04-29,2025,1,Kolkata Knight Riders,Delhi Capitals,Rahmanullah Gurbaz,26,12,5,1,216.66666666666663,Delhi Capitals,1.0,33.33333333333333,19.4,92.03852187863816,15,14.8,18.9,0.0,0.0,0.0,1.4,0.8,Moderate,Low
1473485,2025-04-29,2025,1,Kolkata Knight Riders,Delhi Capitals,SP Narine,27,16,2,2,168.75,Delhi Capitals,4.0,133.33333333333331,14.780701754385966,124.54128348122768,114,20.0,17.8,19.6,1.0,0.0,2.0,1.6,Moderate,Low
1473485,2025-04-29,2025,1,Kolkata Knight Riders,Delhi Capitals,VR Iyer,7,5,1,0,140.0,Delhi Capitals,14.0,73.68421052631578,26.563636363636363,124.84028304593116,55,25.8,28.1,17.714285714285715,0.0,0.0,2.6,0.8,Low,Low
1473485,2025-04-29,2025,2,Delhi Capitals,Kolkata Knight Riders,AR Patel,43,23,4,3,186.95652173913044,Kolkata Knight Riders,15.0,115.38461538461536,15.35,128.49400980980414,120,26.2,26.0,9.529411764705882,1.0,1.0,1.8,1.8,High,Low
1473485,2025-04-29,2025,2,Delhi Capitals,Kolkata Knight Riders,Abishek Porel,4,2,1,0,200.0,Kolkata Knight Riders,28.0,254.54545454545453,24.52,138.94914945947204,25,35.8,31.1,9.0,2.0,2.0,3.6,1.2,Low,Low
1473485,2025-04-29,2025,2,Delhi Capitals,Kolkata Knight Riders,Ashutosh Sharma,7,6,0,1,116.66666666666669,Kolkata Knight Riders,2.0,66.66666666666666,21.8,142.5388279785064,15,14.4,16.8,0.0,0.0,0.0,1.2,0.6,Low,Low
1473485,2025-04-29,2025,2,Delhi Capitals,Kolkata Knight Riders,F du Plessis,62,44,7,2,140.9090909090909,Kolkata Knight Riders,22.0,88.0,32.91549295774648,122.1419968066924,142,24.0,27.7,27.05555555555556,2.0,0.0,2.0,1.2,High,Low
1473485,2025-04-29,2025,2,Delhi Capitals,Kolkata Knight Riders,KK Nair,15,13,2,0,115.38461538461536,Kolkata Knight Riders,4.0,100.0,22.3972602739726,112.65284272129428,73,27.8,17.1,18.7,1.0,0.0,3.4,1.6,Low,Low
1473485,2025-04-29,2025,2,Delhi Capitals,Kolkata Knight Riders,KL Rahul,7,5,1,0,140.0,Kolkata Knight Riders,41.0,105.12820512820514,38.04511278195488,125.83388138217144,133,34.2,42.6,36.785714285714285,3.0,0.0,2.6,1.2,Low,Low
1473485,2025-04-29,2025,2,Delhi Capitals,Kolkata Knight Riders,Kuldeep Yadav,1,1,0,0,100.0,Kolkata Knight Riders,4.0,400.0,5.514285714285714,85.87235379981952,35,4.2,6.7,35.0,1.0,0.0,0.6,0.0,Low,Low
1473485,2025-04-29,2025,2,Delhi Capitals,Kolkata Knight Riders,MA Starc,0,1,0,0,0.0,Kolkata Knight Riders,2.0,100.0,5.789473684210527,90.91744707036132,19,1.4,1.6,12.0,0.0,0.0,0.0,0.0,Low,Low
1473485,2025-04-29,2025,2,Delhi Capitals,Kolkata Knight Riders,PVD Chameera,2,3,0,0,66.66666666666666,Kolkata Knight Riders,0.0,0.0,5.375,95.50595238095238,8,5.6,5.375,0.0,0.0,0.0,0.2,0.6,Low,Low
1473485,2025-04-29,2025,2,Delhi Capitals,Kolkata Knight Riders,T Stubbs,1,3,0,0,33.33333333333333,Kolkata Knight Riders,34.0,188.88888888888889,24.153846153846157,160.59139162224716,26,21.2,28.0,29.0,5.0,1.0,1.8,1.0,Low,Low
1473485,2025-04-29,2025,2,Delhi Capitals,Kolkata Knight Riders,V Nigam,38,19,5,2,200.0,Kolkata Knight Riders,12.0,200.0,13.2,137.0,5,13.2,13.2,0.0,1.0,1.0,1.4,0.8,Moderate,Low
1473486,2025-04-30,2025,1,Chennai Super Kings,Punjab Kings,A Kamboj,0,1,0,0,0.0,Punjab Kings,2.0,50.0,2.333333333333333,83.33333333333333,3,2.333333333333333,2.333333333333333,0.0,0.0,0.0,0.0,0.0,Low,Low
1473486,2025-04-30,2025,1,Chennai Super Kings,Punjab Kings,A Mhatre,7,6,1,0,116.66666666666669,Punjab Kings,30.0,157.89473684210526,31.0,185.6140350877193,2,31.0,31.0,0.0,6.0,0.0,5.0,1.0,Low,Low
1473486,2025-04-30,2025,1,Chennai Super Kings,Punjab Kings,D Brevis,32,26,2,1,123.07692307692308,Punjab Kings,42.0,168.0,24.727272727272727,117.55791736174513,11,29.6,24.3,49.0,1.0,4.0,1.0,2.4,Moderate,Low
1473486,2025-04-30,2025,1,Chennai Super Kings,Punjab Kings,DJ Hooda,2,2,0,0,100.0,Punjab Kings,22.0,110.0,14.801980198019802,115.82458461801836,101,8.0,13.0,15.666666666666666,1.0,1.0,0.6,0.2,Low,Low
1473486,2025-04-30,2025,1,Chennai Super Kings,Punjab Kings,MS Dhoni,11,4,1,1,275.0,Punjab Kings,6.0,60.0,22.71308016877637,132.3900894908222,237,12.8,16.5,14.428571428571429,1.0,0.0,1.2,0.8,Low,Low
1473486,2025-04-30,2025,1,Chennai Super Kings,Punjab Kings,Noor Ahmad,0,1,0,0,0.0,Punjab Kings,2.0,66.66666666666666,2.0,58.34821428571428,8,1.6,2.0,0.0,0.0,0.0,0.2,0.0,Low,Low
1473486,2025-04-30,2025,1,Chennai Super Kings,Punjab Kings,RA Jadeja,17,12,4,0,141.66666666666669,Punjab Kings,21.0,123.52941176470588,16.534391534391535,131.19676430531533,189,18.0,20.8,14.571428571428571,1.0,1.0,1.0,0.8,Low,Low
1473486,2025-04-30,2025,1,Chennai Super Kings,Punjab Kings,S Dube,6,6,1,0,100.0,Punjab Kings,12.0,133.33333333333331,24.914285714285715,127.3513749674719,70,35.6,24.9,22.571428571428573,2.0,0.0,2.6,1.6,Low,Low
1473486,2025-04-30,2025,1,Chennai Super Kings,Punjab Kings,SK Rasheed,11,12,1,1,91.66666666666666,Punjab Kings,0.0,0.0,15.333333333333334,79.03508771929825,3,15.333333333333334,15.333333333333334,0.0,0.0,0.0,2.333333333333333,0.0,Low,Low
1473486,2025-04-30,2025,1,Chennai Super Kings,Punjab Kings,SM Curran,88,46,9,4,191.30434782608697,Punjab Kings,9.0,100.0,17.725490196078432,123.2733493593936,51,21.2,17.1,5.0,1.0,0.0,1.6,0.6,High,Low
1473486,2025-04-30,2025,2,Punjab Kings,Chennai Super Kings,JP Inglis,6,6,1,0,100.0,Chennai Super Kings,11.0,183.3333333333333,14.0,117.40196078431372,4,14.0,14.0,0.0,2.0,0.0,1.5,0.25,Low,Low
1473486,2025-04-30,2025,2,Punjab Kings,Chennai Super Kings,M Jansen,4,2,1,0,200.0,Chennai Super Kings,3.0,42.85714285714285,7.611111111111111,88.00429103060681,18,13.6,9.5,25.5,0.0,0.0,0.4,0.8,Low,Low
1473486,2025-04-30,2025,2,Punjab Kings,Chennai Super Kings,N Wadhera,5,3,1,0,166.66666666666669,Chennai Super Kings,5.0,83.33333333333334,23.43478260869565,133.59488418888623,23,16.8,19.9,36.5,0.0,0.0,1.4,1.0,Low,Low
1473486,2025-04-30,2025,2,Punjab Kings,Chennai Super Kings,P Simran Singh,54,36,5,3,150.0,Chennai Super Kings,83.0,172.91666666666669,24.37209302325581,128.99643115498955,43,40.2,36.3,21.25,6.0,6.0,4.4,2.2,High,Low
1473486,2025-04-30,2025,2,Punjab Kings,Chennai Super Kings,Priyansh Arya,23,15,5,0,153.33333333333334,Chennai Super Kings,69.0,197.1428571428572,35.888888888888886,165.99741185460522,9,33.0,35.888888888888886,103.0,8.0,4.0,3.4,2.2,Moderate,Low
1473486,2025-04-30,2025,2,Punjab Kings,Chennai Super Kings,SS Iyer,72,41,5,4,175.609756097561,Chennai Super Kings,25.0,156.25,27.57258064516129,116.29995958988466,124,24.0,29.4,21.357142857142858,1.0,1.0,1.6,1.4,High,Low
1473486,2025-04-30,2025,2,Punjab Kings,Chennai Super Kings,Shashank Singh,23,12,1,2,191.66666666666669,Chennai Super Kings,31.0,93.93939393939394,22.346153846153847,134.18147826488686,26,20.8,19.7,29.75,1.0,0.0,0.8,0.8,Moderate,Low
1473486,2025-04-30,2025,2,Punjab Kings,Chennai Super Kings,Suryansh Shedge,1,3,0,0,33.33333333333333,Chennai Super Kings,4.0,100.0,3.0,75.0,2,3.0,3.0,0.0,0.0,0.0,0.0,0.0,Low,Low
1473487,2025-05-01,2025,1,Mumbai Indians,Rajasthan Royals,HH Pandya,48,23,6,1,208.69565217391303,Rajasthan Royals,5.0,71.42857142857143,19.291970802919707,140.7551751126332,137,19.6,12.8,32.714285714285715,0.0,0.0,1.6,1.2,High,Low
1473487,2025-05-01,2025,1,Mumbai Indians,Rajasthan Royals,RD Rickelton,61,38,7,3,160.5263157894737,Rajasthan Royals,58.0,181.25,27.3,152.73558327637275,10,33.0,27.3,0.0,6.0,4.0,4.2,1.4,High,Low
1473487,2025-05-01,2025,1,Mumbai Indians,Rajasthan Royals,RG Sharma,53,36,9,0,147.22222222222223,Rajasthan Royals,12.0,240.0,26.32183908045977,113.8761097288337,261,40.4,30.8,19.535714285714285,0.0,2.0,2.8,3.0,High,Low
1473487,2025-05-01,2025,1,Mumbai Indians,Rajasthan Royals,SA Yadav,48,23,4,3,208.69565217391303,Rajasthan Royals,54.0,192.8571428571429,27.54109589041096,136.88311728382914,146,45.6,42.7,30.933333333333334,4.0,4.0,4.4,3.0,High,Low
1473487,2025-05-01,2025,2,Rajasthan Royals,Mumbai Indians,Akash Madhwal,4,9,0,0,44.44444444444444,Mumbai Indians,4.0,80.0,4.0,80.0,1,4.0,4.0,0.0,0.0,0.0,0.0,0.0,Low,Low
1473487,2025-05-01,2025,2,Rajasthan Royals,Mumbai Indians,Dhruv Jurel,11,11,0,1,100.0,Mumbai Indians,47.0,138.23529411764704,18.870967741935484,129.8298678560208,31,23.8,29.4,2.0,3.0,3.0,1.2,1.4,Low,Low
1473487,2025-05-01,2025,2,Rajasthan Royals,Mumbai Indians,JC Archer,30,27,2,2,111.11111111111111,Mumbai Indians,0.0,0.0,7.857142857142857,125.45686456400742,28,4.2,4.9,16.0,0.0,0.0,0.0,0.4,Moderate,Low
1473487,2025-05-01,2025,2,Rajasthan Royals,Mumbai Indians,K Kartikeya,2,4,0,0,50.0,Mumbai Indians,1.0,100.0,3.333333333333333,81.90476190476191,3,3.333333333333333,3.333333333333333,0.0,0.0,0.0,0.3333333333333333,0.0,Low,Low
1473487,2025-05-01,2025,2,Rajasthan Royals,Mumbai Indians,M Theekshana,2,9,0,0,22.22222222222222,Mumbai Indians,5.0,38.46153846153847,3.0,72.6923076923077,5,3.0,3.0,0.0,0.0,0.0,0.0,0.2,Low,Low
1473487,2025-05-01,2025,2,Rajasthan Royals,Mumbai Indians,N Rana,9,11,2,0,81.81818181818183,Mumbai Indians,4.0,200.0,25.62162162162162,123.51113201450896,111,19.0,20.8,23.454545454545453,1.0,0.0,2.2,0.8,Low,Low
1473487,2025-05-01,2025,2,Rajasthan Royals,Mumbai Indians,R Parag,16,8,3,0,200.0,Mumbai Indians,32.0,213.33333333333331,20.91304347826087,128.5717341013247,69,21.0,26.6,22.6,2.0,2.0,1.8,1.2,Low,Low
1473487,2025-05-01,2025,2,Rajasthan Royals,Mumbai Indians,SB Dubey,15,9,2,1,166.66666666666669,Mumbai Indians,12.0,171.42857142857142,11.5,132.67857142857142,8,11.8,11.5,8.0,1.0,1.0,0.6,1.0,Low,Low
1473487,2025-05-01,2025,2,Rajasthan Royals,Mumbai Indians,SO Hetmyer,0,1,0,0,0.0,Mumbai Indians,11.0,137.5,19.14666666666667,138.94479573611753,75,10.6,19.3,12.375,1.0,0.0,1.2,0.0,Low,Low
1473487,2025-05-01,2025,2,Rajasthan Royals,Mumbai Indians,V Suryavanshi,0,2,0,0,0.0,Mumbai Indians,101.0,265.7894736842105,50.333333333333336,189.7076023391813,3,50.333333333333336,50.333333333333336,0.0,7.0,11.0,3.0,5.333333333333333,Low,Low
1473487,2025-05-01,2025,2,Rajasthan Royals,Mumbai Indians,YBK Jaiswal,13,6,0,2,216.66666666666663,Mumbai Indians,70.0,175.0,32.79032258064516,130.77412937340773,62,63.8,42.6,40.42857142857143,9.0,2.0,6.8,3.0,Low,Low
1473488,2025-05-02,2025,1,Gujarat Titans,Sunrisers Hyderabad,B Sai Sudharsan,48,23,9,0,208.69565217391303,Sunrisers Hyderabad,39.0,130.0,43.8235294117647,136.5824811884245,34,53.0,55.9,27.0,4.0,1.0,6.0,1.4,High,Low
1473488,2025-05-02,2025,1,Gujarat Titans,Sunrisers Hyderabad,JC Buttler,64,37,3,4,172.97297297297297,Sunrisers Hyderabad,50.0,192.30769230769232,34.38793103448276,128.88103517199477,116,48.0,42.7,27.214285714285715,3.0,4.0,5.8,1.6,High,Low
1473488,2025-05-02,2025,1,Gujarat Titans,Sunrisers Hyderabad,M Shahrukh Khan,6,2,0,1,300.0,Sunrisers Hyderabad,5.0,250.0,14.674418604651162,155.11475672169777,43,14.4,18.3,17.75,1.0,0.0,1.0,1.0,Low,Low
1473488,2025-05-02,2025,1,Gujarat Titans,Sunrisers Hyderabad,R Tewatia,6,3,0,1,200.0,Sunrisers Hyderabad,9.0,225.0,14.971830985915492,135.58820452306009,71,8.8,13.5,14.428571428571429,0.0,1.0,0.6,0.8,Low,Low
1473488,2025-05-02,2025,1,Gujarat Titans,Sunrisers Hyderabad,Rashid Khan,0,1,0,0,0.0,Sunrisers Hyderabad,4.0,200.0,9.295081967213116,125.53112984465444,61,12.2,12.0,10.333333333333334,0.0,0.0,1.2,0.8,Low,Low
1473488,2025-05-02,2025,1,Gujarat Titans,Sunrisers Hyderabad,Shubman Gill,76,38,10,2,200.0,Sunrisers Hyderabad,84.0,168.0,33.379629629629626,123.71803543213912,108,48.6,49.3,35.30769230769231,5.0,4.0,4.4,1.6,High,Low
1473488,2025-05-02,2025,1,Gujarat Titans,Sunrisers Hyderabad,Washington Sundar,21,16,0,1,131.25,Sunrisers Hyderabad,13.0,162.5,10.78048780487805,108.0262629328629,41,17.6,14.9,14.0,0.0,1.0,1.6,0.6,Moderate,Low
1473488,2025-05-02,2025,2,Sunrisers Hyderabad,Gujarat Titans,Abhishek Sharma,74,41,4,6,180.4878048780488,Gujarat Titans,0.0,0.0,23.1,134.81600875741526,70,41.4,24.2,31.8,0.0,0.0,5.0,2.2,High,Low
1473488,2025-05-02,2025,2,Sunrisers Hyderabad,Gujarat Titans,Aniket Verma,3,7,0,0,42.85714285714285,Gujarat Titans,19.0,100.0,23.75,166.25374117752168,8,14.6,23.75,18.0,0.0,2.0,0.8,0.8,Low,Low
1473488,2025-05-02,2025,2,Sunrisers Hyderabad,Gujarat Titans,H Klaasen,23,18,1,1,127.77777777777776,Gujarat Titans,7.0,87.5,31.24390243902439,158.72015681975634,41,32.6,30.4,38.333333333333336,1.0,0.0,3.4,1.2,Moderate,Low
1473488,2025-05-02,2025,2,Sunrisers Hyderabad,Gujarat Titans,Ishan Kishan,13,17,0,0,76.47058823529412,Gujarat Titans,44.0,129.41176470588235,26.175925925925927,116.0701496349713,108,14.6,19.7,21.2,5.0,1.0,1.6,0.2,Low,Low
1473488,2025-05-02,2025,2,Sunrisers Hyderabad,Gujarat Titans,Nithish Kumar Reddy,21,10,1,2,210.0,Gujarat Titans,19.0,158.33333333333331,23.94736842105263,117.45091752522092,19,18.0,17.0,31.0,2.0,0.0,1.6,0.2,Moderate,Low
1473488,2025-05-02,2025,2,Sunrisers Hyderabad,Gujarat Titans,PHKD Mendis,0,1,0,0,0.0,Gujarat Titans,32.0,152.38095238095238,20.0,102.46031746031748,3,20.0,20.0,1.0,3.0,0.0,1.3333333333333333,0.6666666666666666,Low,Low
1473488,2025-05-02,2025,2,Sunrisers Hyderabad,Gujarat Titans,PJ Cummins,19,10,1,1,190.0,Gujarat Titans,1.0,50.0,12.608695652173912,128.5078871618951,46,9.4,12.4,12.0,0.0,0.0,1.0,0.4,Low,Low
1473488,2025-05-02,2025,2,Sunrisers Hyderabad,Gujarat Titans,TM Head,20,16,4,0,125.0,Gujarat Titans,19.0,118.75,30.38235294117647,134.2890376679837,34,24.2,26.1,13.5,4.0,0.0,3.6,0.6,Moderate,Low
1473489,2025-05-03,2025,1,Royal Challengers Bengaluru,Chennai Super Kings,D Padikkal,17,15,1,1,113.33333333333331,Chennai Super Kings,0.0,0.0,24.506849315068493,105.53986930713364,73,30.4,23.0,29.666666666666668,0.0,0.0,3.0,1.6,Low,Low
1473489,2025-05-03,2025,1,Royal Challengers Bengaluru,Chennai Super Kings,JG Bethell,55,33,8,2,166.66666666666669,Chennai Super Kings,12.0,200.0,12.0,200.0,1,12.0,12.0,0.0,1.0,1.0,1.0,1.0,High,Low
1473489,2025-05-03,2025,1,Royal Challengers Bengaluru,Chennai Super Kings,JM Sharma,7,8,1,0,87.5,Chennai Super Kings,20.0,200.0,19.79069767441861,144.02588976931122,43,15.2,18.0,14.75,4.0,0.0,1.2,1.0,Low,Low
1473489,2025-05-03,2025,1,Royal Challengers Bengaluru,Chennai Super Kings,R Shepherd,53,13,4,6,407.6923076923077,Chennai Super Kings,1.0,100.0,12.77777777777778,139.8941798941799,9,11.4,12.77777777777778,1.0,0.0,0.0,1.0,1.0,High,Low
1473489,2025-05-03,2025,1,Royal Challengers Bengaluru,Chennai Super Kings,RM Patidar,11,15,1,0,73.33333333333333,Chennai Super Kings,6.0,100.0,31.12121212121212,136.147469648945,33,13.4,26.2,28.25,1.0,0.0,0.8,0.4,Low,Low
1473489,2025-05-03,2025,1,Royal Challengers Bengaluru,Chennai Super Kings,TH David,2,3,0,0,66.66666666666666,Chennai Super Kings,19.0,475.0,20.071428571428573,160.08592986534163,42,26.0,24.3,14.166666666666666,3.0,1.0,2.4,1.8,Low,Low
1473489,2025-05-03,2025,1,Royal Challengers Bengaluru,Chennai Super Kings,V Kohli,62,33,5,5,187.87878787878788,Chennai Super Kings,51.0,108.51063829787232,33.03515625,119.29816949922584,256,51.4,44.3,32.84848484848485,4.0,0.0,4.6,1.0,High,Low
1473489,2025-05-03,2025,2,Chennai Super Kings,Royal Challengers Bengaluru,A Mhatre,94,48,9,5,195.8333333333333,Royal Challengers Bengaluru,7.0,116.66666666666669,23.0,162.6315789473684,3,23.0,23.0,0.0,1.0,0.0,3.6666666666666665,0.6666666666666666,High,Low
1473489,2025-05-03,2025,2,Chennai Super Kings,Royal Challengers Bengaluru,D Brevis,0,1,0,0,0.0,Royal Challengers Bengaluru,32.0,123.07692307692308,25.33333333333333,118.0178345046766,12,28.6,26.7,0.0,2.0,1.0,1.2,2.0,Low,Low
1473489,2025-05-03,2025,2,Chennai Super Kings,Royal Challengers Bengaluru,MS Dhoni,12,8,0,1,150.0,Royal Challengers Bengaluru,11.0,275.0,22.66386554621849,132.98929079548262,238,9.6,15.1,27.5,1.0,1.0,1.2,0.4,Low,Low
1473489,2025-05-03,2025,2,Chennai Super Kings,Royal Challengers Bengaluru,RA Jadeja,77,45,8,2,171.11111111111111,Royal Challengers Bengaluru,17.0,141.66666666666669,16.53684210526316,131.2518690545856,190,19.6,18.3,30.666666666666668,4.0,0.0,1.8,0.6,High,Low
1473489,2025-05-03,2025,2,Chennai Super Kings,Royal Challengers Bengaluru,S Dube,8,2,0,1,400.0,Royal Challengers Bengaluru,6.0,100.0,24.64788732394366,126.96614433412722,71,28.4,24.8,20.0,1.0,0.0,2.2,1.2,Low,Low
1473489,2025-05-03,2025,2,Chennai Super Kings,Royal Challengers Bengaluru,SK Rasheed,14,11,1,1,127.27272727272728,Royal Challengers Bengaluru,11.0,91.66666666666666,14.25,82.19298245614036,4,14.25,14.25,0.0,1.0,1.0,2.0,0.25,Low,Low
1473489,2025-05-03,2025,2,Chennai Super Kings,Royal Challengers Bengaluru,SM Curran,5,5,1,0,100.0,Royal Challengers Bengaluru,88.0,191.30434782608697,19.07692307692308,124.5816377914454,52,34.4,25.3,17.666666666666668,9.0,4.0,3.0,1.4,Low,Low
1473490,2025-05-04,2025,1,Kolkata Knight Riders,Rajasthan Royals,A Raghuvanshi,44,31,5,0,141.93548387096774,Rajasthan Royals,44.0,141.93548387096774,26.933333333333334,148.18042041239383,15,32.6,28.6,26.0,3.0,2.0,3.4,1.2,High,Low
1473490,2025-05-04,2025,1,Kolkata Knight Riders,Rajasthan Royals,AD Russell,57,25,4,6,228.0,Rajasthan Royals,17.0,188.88888888888889,22.857142857142858,150.66303760731915,112,12.6,11.5,16.666666666666668,2.0,1.0,1.2,1.0,High,Low
1473490,2025-05-04,2025,1,Kolkata Knight Riders,Rajasthan Royals,AM Rahane,30,24,1,2,125.0,Rajasthan Royals,26.0,185.7142857142857,27.43888888888889,107.22739764361158,180,34.8,33.0,12.833333333333334,4.0,1.0,3.8,1.2,Moderate,Low
1473490,2025-05-04,2025,1,Kolkata Knight Riders,Rajasthan Royals,RK Singh,19,6,1,2,316.66666666666663,Rajasthan Royals,36.0,144.0,22.125,138.33954995599254,48,21.6,20.5,20.25,3.0,1.0,2.2,1.0,Low,Low
1473490,2025-05-04,2025,1,Kolkata Knight Riders,Rajasthan Royals,Rahmanullah Gurbaz,35,25,4,1,140.0,Rajasthan Royals,26.0,216.66666666666663,19.8125,99.82778092788992,16,18.0,13.4,18.0,5.0,1.0,2.4,1.0,Moderate,Low
1473490,2025-05-04,2025,1,Kolkata Knight Riders,Rajasthan Royals,SP Narine,11,9,1,1,122.22222222222224,Rajasthan Royals,27.0,168.75,14.88695652173913,124.92570710313004,115,19.4,18.4,19.76923076923077,2.0,2.0,1.6,1.6,Low,Low
1473490,2025-05-04,2025,2,Rajasthan Royals,Kolkata Knight Riders,Dhruv Jurel,0,1,0,0,0.0,Kolkata Knight Riders,11.0,100.0,18.625,128.89768448552016,32,25.0,24.9,17.5,0.0,1.0,1.0,1.6,Low,Low
1473490,2025-05-04,2025,2,Rajasthan Royals,Kolkata Knight Riders,JC Archer,12,8,1,0,150.0,Kolkata Knight Riders,30.0,111.11111111111111,8.620689655172415,124.96218341045928,29,10.0,7.7,12.2,2.0,2.0,0.4,0.8,Low,Low
1473490,2025-05-04,2025,2,Rajasthan Royals,Kolkata Knight Riders,KS Rathore,0,5,0,0,0.0,Kolkata Knight Riders,0.0,0.0,0.0,0.0,0,0.0,0.0,0.0,0.0,0.0,0.0,0.0,Low,Low
1473490,2025-05-04,2025,2,Rajasthan Royals,Kolkata Knight Riders,PWH de Silva,0,2,0,0,0.0,Kolkata Knight Riders,1.0,33.33333333333333,4.764705882352941,86.4058902913392,17,5.8,4.3,3.25,0.0,0.0,0.6,0.0,Low,Low
1473490,2025-05-04,2025,2,Rajasthan Royals,Kolkata Knight Riders,R Parag,95,44,6,8,215.9090909090909,Kolkata Knight Riders,16.0,200.0,20.84285714285714,129.5921378998772,70,22.6,25.7,18.714285714285715,3.0,0.0,2.2,1.2,High,Low
1473490,2025-05-04,2025,2,Rajasthan Royals,Kolkata Knight Riders,SB Dubey,25,14,1,2,178.57142857142858,Kolkata Knight Riders,15.0,166.66666666666669,11.88888888888889,136.45502645502646,9,8.0,11.88888888888889,9.0,2.0,1.0,0.8,0.4,Moderate,Low
1473490,2025-05-04,2025,2,Rajasthan Royals,Kolkata Knight Riders,SO Hetmyer,29,23,1,1,126.08695652173914,Kolkata Knight Riders,0.0,0.0,18.894736842105264,137.11657473958965,76,8.8,15.1,10.88888888888889,0.0,0.0,1.0,0.0,Moderate,Low
1473490,2025-05-04,2025,2,Rajasthan Royals,Kolkata Knight Riders,V Suryavanshi,4,2,1,0,200.0,Kolkata Knight Riders,0.0,0.0,37.75,142.28070175438597,4,37.75,37.75,0.0,0.0,0.0,2.25,4.0,Low,Low
1473490,2025-05-04,2025,2,Rajasthan Royals,Kolkata Knight Riders,YBK Jaiswal,34,21,5,1,161.9047619047619,Kolkata Knight Riders,13.0,216.66666666666663,32.476190476190474,132.13750298123722,63,51.4,43.8,33.6,0.0,2.0,4.8,3.0,Moderate,Low
1473491,2025-05-04,2025,1,Punjab Kings,Lucknow Super Giants,JP Inglis,30,14,1,4,214.28571428571428,Lucknow Super Giants,6.0,100.0,12.4,113.92156862745098,5,12.4,12.4,0.0,1.0,0.0,1.4,0.2,Moderate,Low
1473491,2025-05-04,2025,1,Punjab Kings,Lucknow Super Giants,MP Stoinis,15,5,1,1,300.0,Lucknow Super Giants,1.0,50.0,20.56382978723404,120.75487883365098,94,9.4,13.9,0.0,0.0,0.0,0.2,1.0,Low,Low
1473491,2025-05-04,2025,1,Punjab Kings,Lucknow Super Giants,N Wadhera,16,9,2,1,177.77777777777777,Lucknow Super Giants,5.0,166.66666666666669,22.666666666666668,134.97287512546046,24,16.0,19.8,25.8,1.0,0.0,1.6,0.8,Low,Low
1473491,2025-05-04,2025,1,Punjab Kings,Lucknow Super Giants,P Simran Singh,91,48,6,7,189.5833333333333,Lucknow Super Giants,54.0,150.0,25.045454545454547,129.47378499237615,44,42.6,34.6,25.25,5.0,3.0,4.0,2.6,High,Low
1473491,2025-05-04,2025,1,Punjab Kings,Lucknow Super Giants,Priyansh Arya,1,4,0,0,25.0,Lucknow Super Giants,23.0,153.33333333333334,34.6,164.73100400247802,10,30.4,34.6,8.0,5.0,0.0,4.0,1.4,Low,Low
1473491,2025-05-04,2025,1,Punjab Kings,Lucknow Super Giants,SS Iyer,45,25,4,2,180.0,Lucknow Super Giants,72.0,175.609756097561,27.928,116.77443796194606,125,22.0,36.0,33.8,5.0,4.0,1.4,1.0,High,Low
1473491,2025-05-04,2025,1,Punjab Kings,Lucknow Super Giants,Shashank Singh,33,15,4,1,220.00000000000003,Lucknow Super Giants,23.0,191.66666666666669,22.37037037037037,136.31055931680464,27,15.0,18.3,9.0,1.0,2.0,0.6,0.6,Moderate,Low
1473491,2025-05-04,2025,2,Lucknow Super Giants,Punjab Kings,A Badoni,74,40,5,5,185.0,Punjab Kings,35.0,159.0909090909091,20.13636363636364,124.18705027946888,44,34.2,27.4,20.2,2.0,2.0,3.2,1.2,High,Low
1473491,2025-05-04,2025,2,Lucknow Super Giants,Punjab Kings,AK Markram,13,10,1,1,130.0,Punjab Kings,9.0,81.81818181818183,25.57692307692308,119.09893783175131,52,38.2,33.5,25.4,2.0,0.0,3.8,1.4,Low,Low
1473491,2025-05-04,2025,2,Lucknow Super Giants,Punjab Kings,Abdul Samad,45,24,2,4,187.5,Punjab Kings,2.0,50.0,14.16326530612245,138.6520192073478,49,11.2,11.9,16.0,0.0,0.0,0.0,1.2,High,Low
1473491,2025-05-04,2025,2,Lucknow Super Giants,Punjab Kings,Avesh Khan,19,10,3,1,190.0,Punjab Kings,0.0,0.0,3.583333333333333,135.27777777777777,12,2.4,3.4,1.6666666666666667,0.0,0.0,0.2,0.0,Low,Low
1473491,2025-05-04,2025,2,Lucknow Super Giants,Punjab Kings,DA Miller,11,8,0,1,137.5,Punjab Kings,24.0,150.0,23.05263157894737,124.98447328988058,133,11.2,15.8,11.4,3.0,0.0,0.8,0.0,Low,Low
1473491,2025-05-04,2025,2,Lucknow Super Giants,Punjab Kings,MR Marsh,0,5,0,0,0.0,Punjab Kings,34.0,147.82608695652172,23.177777777777777,111.96361426246344,45,38.8,37.8,21.5,3.0,2.0,2.8,2.0,Low,Low
1473491,2025-05-04,2025,2,Lucknow Super Giants,Punjab Kings,N Pooran,6,5,1,0,120.0,Punjab Kings,27.0,180.0,25.86904761904762,145.12773296632145,84,23.2,40.4,28.5,1.0,3.0,1.6,2.0,Low,Low
1473491,2025-05-04,2025,2,Lucknow Super Giants,Punjab Kings,Prince Yadav,1,1,0,0,100.0,Punjab Kings,4.0,44.44444444444444,4.0,44.44444444444444,1,4.0,4.0,0.0,0.0,0.0,0.0,0.0,Low,Low
1473491,2025-05-04,2025,2,Lucknow Super Giants,Punjab Kings,RR Pant,18,17,2,1,105.88235294117648,Punjab Kings,4.0,200.0,27.92622950819672,130.15295224020608,122,18.2,14.3,11.2,1.0,0.0,1.8,0.8,Low,Low
1473492,2025-05-05,2025,1,Delhi Capitals,Sunrisers Hyderabad,AR Patel,6,7,1,0,85.71428571428571,Sunrisers Hyderabad,43.0,186.95652173913044,15.578512396694215,128.9771710654184,121,33.0,24.6,15.615384615384617,4.0,3.0,2.2,2.4,Low,Low
1473492,2025-05-05,2025,1,Delhi Capitals,Sunrisers Hyderabad,Abishek Porel,8,10,1,0,80.0,Sunrisers Hyderabad,4.0,200.0,23.73076923076923,141.2972590956462,26,30.0,25.7,38.0,1.0,0.0,3.2,1.0,Low,Low
1473492,2025-05-05,2025,1,Delhi Capitals,Sunrisers Hyderabad,Ashutosh Sharma,41,26,2,3,157.69230769230768,Sunrisers Hyderabad,7.0,116.66666666666669,20.875,140.92181789651642,16,15.6,17.2,17.5,0.0,1.0,1.2,0.8,High,Low
1473492,2025-05-05,2025,1,Delhi Capitals,Sunrisers Hyderabad,F du Plessis,3,8,0,0,37.5,Sunrisers Hyderabad,62.0,140.9090909090909,33.11888111888112,122.2732352269889,143,33.0,31.5,32.68421052631579,7.0,2.0,3.0,1.4,Low,Low
1473492,2025-05-05,2025,1,Delhi Capitals,Sunrisers Hyderabad,KK Nair,0,1,0,0,0.0,Sunrisers Hyderabad,15.0,115.38461538461536,22.2972972972973,112.68975856809593,74,13.0,18.5,24.5,2.0,0.0,1.4,0.6,Low,Low
1473492,2025-05-05,2025,1,Delhi Capitals,Sunrisers Hyderabad,KL Rahul,10,14,1,0,71.42857142857143,Sunrisers Hyderabad,7.0,140.0,37.8134328358209,125.93959868528954,134,28.0,37.8,33.714285714285715,1.0,0.0,2.4,0.8,Low,Low
1473492,2025-05-05,2025,1,Delhi Capitals,Sunrisers Hyderabad,MA Starc,1,1,0,0,100.0,Sunrisers Hyderabad,0.0,0.0,5.5,86.37157471684326,20,1.4,1.5,5.666666666666667,0.0,0.0,0.0,0.0,Low,Low
1473492,2025-05-05,2025,1,Delhi Capitals,Sunrisers Hyderabad,T Stubbs,41,36,4,0,113.88888888888889,Sunrisers Hyderabad,1.0,33.33333333333333,23.296296296296298,155.87813020413924,27,21.2,22.4,11.0,0.0,0.0,1.8,1.0,High,Low
1473492,2025-05-05,2025,1,Delhi Capitals,Sunrisers Hyderabad,V Nigam,18,17,1,1,105.88235294117648,Sunrisers Hyderabad,38.0,200.0,17.333333333333332,147.5,6,13.0,17.333333333333332,0.0,5.0,2.0,1.4,0.8,Low,Low
1473493,2025-05-06,2025,1,Mumbai Indians,Gujarat Titans,C Bosch,27,22,1,2,122.72727272727272,Gujarat Titans,20.0,200.0,20.0,200.0,1,20.0,20.0,0.0,2.0,1.0,2.0,1.0,Moderate,Low
1473493,2025-05-06,2025,1,Mumbai Indians,Gujarat Titans,DL Chahar,8,8,1,0,100.0,Gujarat Titans,1.0,100.0,7.266666666666667,92.11111111111111,15,6.2,4.5,0.0,0.0,0.0,0.4,0.4,Low,Low
1473493,2025-05-06,2025,1,Mumbai Indians,Gujarat Titans,HH Pandya,1,3,0,0,33.33333333333333,Gujarat Titans,48.0,208.69565217391303,19.5,141.24749741017868,138,23.6,17.6,11.0,6.0,1.0,2.4,1.2,Low,Low
1473493,2025-05-06,2025,1,Mumbai Indians,Gujarat Titans,KV Sharma,1,1,0,0,100.0,Gujarat Titans,5.0,125.0,9.0,116.24795306922005,39,6.8,7.2,0.0,1.0,0.0,0.4,0.6,Low,Low
1473493,2025-05-06,2025,1,Mumbai Indians,Gujarat Titans,Naman Dhir,7,10,1,0,70.0,Gujarat Titans,25.0,227.27272727272728,21.071428571428573,154.1681318992243,14,24.0,23.4,19.0,2.0,2.0,2.2,1.6,Low,Low
1473493,2025-05-06,2025,1,Mumbai Indians,Gujarat Titans,RD Rickelton,2,2,0,0,100.0,Gujarat Titans,61.0,160.5263157894737,30.363636363636363,153.44383168665465,11,37.0,32.1,6.0,7.0,3.0,4.6,1.6,Low,Low
1473493,2025-05-06,2025,1,Mumbai Indians,Gujarat Titans,RG Sharma,7,8,1,0,87.5,Gujarat Titans,53.0,147.22222222222223,26.423664122137403,114.00338496735807,262,47.4,29.3,22.166666666666668,9.0,0.0,4.2,2.8,Low,Low
1473493,2025-05-06,2025,1,Mumbai Indians,Gujarat Titans,SA Yadav,35,24,5,0,145.83333333333331,Gujarat Titans,48.0,208.69565217391303,27.68027210884354,137.3716379293399,147,47.2,44.6,49.6,4.0,3.0,4.2,3.2,Moderate,Low
1473493,2025-05-06,2025,1,Mumbai Indians,Gujarat Titans,Tilak Varma,7,7,0,0,100.0,Gujarat Titans,6.0,120.0,30.32608695652174,138.19107189725878,46,28.8,30.8,26.0,1.0,0.0,2.6,1.4,Low,Low
1473493,2025-05-06,2025,1,Mumbai Indians,Gujarat Titans,WG Jacks,53,35,5,3,151.42857142857142,Gujarat Titans,29.0,138.0952380952381,23.25,130.0171102000121,16,22.0,19.5,50.5,3.0,1.0,2.0,1.0,High,Low
1473493,2025-05-06,2025,2,Gujarat Titans,Mumbai Indians,Arshad Khan,1,1,0,0,100.0,Mumbai Indians,1.0,100.0,13.857142857142858,95.34632034632035,7,16.0,13.857142857142858,0.0,0.0,0.0,1.0,1.0,Low,Low
1473493,2025-05-06,2025,2,Gujarat Titans,Mumbai Indians,B Sai Sudharsan,5,5,1,0,100.0,Mumbai Indians,48.0,208.69565217391303,43.94285714285714,138.6428575022956,35,46.2,50.4,41.25,9.0,0.0,6.2,0.8,Low,Low
1473493,2025-05-06,2025,2,Gujarat Titans,Mumbai Indians,G Coetzee,12,5,1,1,240.0,Mumbai Indians,8.0,114.28571428571428,2.8,48.41269841269841,5,2.8,2.8,0.0,0.0,1.0,0.0,0.2,Low,Low
1473493,2025-05-06,2025,2,Gujarat Titans,Mumbai Indians,JC Buttler,30,27,3,1,111.11111111111111,Mumbai Indians,64.0,172.97297297297297,34.64102564102564,129.2578893412339,117,53.6,47.0,52.0,3.0,4.0,5.4,2.4,Moderate,Low
1473493,2025-05-06,2025,2,Gujarat Titans,Mumbai Indians,M Shahrukh Khan,6,6,1,0,100.0,Mumbai Indians,6.0,300.0,14.477272727272728,158.40760315984102,44,13.8,18.1,12.0,0.0,1.0,1.0,1.0,Low,Low
1473493,2025-05-06,2025,2,Gujarat Titans,Mumbai Indians,R Tewatia,11,8,1,0,137.5,Mumbai Indians,6.0,200.0,14.84722222222222,136.48281279357312,72,5.2,13.1,12.142857142857142,0.0,1.0,0.2,0.6,Low,Low
1473493,2025-05-06,2025,2,Gujarat Titans,Mumbai Indians,Rashid Khan,2,3,0,0,66.66666666666666,Mumbai Indians,0.0,0.0,9.14516129032258,123.50643420199872,62,8.0,11.9,9.0,0.0,0.0,0.6,0.6,Low,Low
1473493,2025-05-06,2025,2,Gujarat Titans,Mumbai Indians,SE Rutherford,28,15,2,2,186.66666666666663,Mumbai Indians,43.0,130.3030303030303,19.1875,139.98849149753755,16,27.4,24.4,18.0,1.0,3.0,2.2,1.6,Moderate,Low
1473493,2025-05-06,2025,2,Gujarat Titans,Mumbai Indians,Shubman Gill,43,44,3,1,97.72727272727272,Mumbai Indians,76.0,200.0,33.77064220183486,124.41786996945896,109,63.4,46.5,36.76923076923077,10.0,2.0,6.4,2.0,High,Low
1473494,2025-05-07,2025,1,Kolkata Knight Riders,Chennai Super Kings,A Raghuvanshi,1,2,0,0,50.0,Chennai Super Kings,44.0,141.93548387096774,28.0,147.7901118785547,16,31.4,31.7,24.0,5.0,0.0,3.4,0.8,Low,Low
1473494,2025-05-07,2025,1,Kolkata Knight Riders,Chennai Super Kings,AD Russell,38,21,4,3,180.95238095238096,Chennai Super Kings,57.0,228.0,23.15929203539823,151.3474355045995,113,23.8,16.5,24.692307692307693,4.0,6.0,2.0,2.2,Moderate,Low
1473494,2025-05-07,2025,1,Kolkata Knight Riders,Chennai Super Kings,AM Rahane,48,33,4,2,145.45454545454547,Chennai Super Kings,30.0,125.0,27.45303867403315,107.3255888168513,181,28.6,32.7,19.823529411764707,1.0,2.0,2.4,1.2,High,Low
1473494,2025-05-07,2025,1,Kolkata Knight Riders,Chennai Super Kings,MK Pandey,36,28,1,1,128.57142857142858,Chennai Super Kings,19.0,135.71428571428572,24.08695652173913,106.34915927200775,161,17.8,22.1,18.8,2.0,1.0,1.0,1.0,Moderate,Low
1473494,2025-05-07,2025,1,Kolkata Knight Riders,Chennai Super Kings,RK Singh,9,6,2,0,150.0,Chennai Super Kings,19.0,316.66666666666663,22.06122448979592,141.97887886845527,49,17.8,20.8,22.857142857142858,1.0,2.0,1.2,1.0,Low,Low
1473494,2025-05-07,2025,1,Kolkata Knight Riders,Chennai Super Kings,Rahmanullah Gurbaz,11,9,1,1,122.22222222222224,Chennai Super Kings,35.0,140.0,20.705882352941178,102.19085263801404,17,20.4,16.9,1.0,4.0,1.0,2.8,0.8,Low,Low
1473494,2025-05-07,2025,1,Kolkata Knight Riders,Chennai Super Kings,Ramandeep Singh,4,4,0,0,100.0,Chennai Super Kings,1.0,50.0,11.11111111111111,146.73611111111111,18,6.0,10.4,13.0,0.0,0.0,0.2,0.4,Low,Low
1473494,2025-05-07,2025,1,Kolkata Knight Riders,Chennai Super Kings,SP Narine,26,17,4,1,152.94117647058823,Chennai Super Kings,11.0,122.22222222222224,14.85344827586207,124.90240119898428,116,12.8,18.9,11.928571428571429,1.0,1.0,1.4,0.8,Moderate,Low
1473494,2025-05-07,2025,2,Chennai Super Kings,Kolkata Knight Riders,A Kamboj,4,1,1,0,400.0,Kolkata Knight Riders,0.0,0.0,1.75,62.5,4,1.75,1.75,2.5,0.0,0.0,0.0,0.0,Low,Low
1473494,2025-05-07,2025,2,Chennai Super Kings,Kolkata Knight Riders,A Mhatre,0,2,0,0,0.0,Kolkata Knight Riders,94.0,195.8333333333333,40.75,170.93201754385964,4,40.75,40.75,0.0,9.0,5.0,5.0,1.75,Low,Low
1473494,2025-05-07,2025,2,Chennai Super Kings,Kolkata Knight Riders,D Brevis,52,25,4,4,208.0,Kolkata Knight Riders,0.0,0.0,23.384615384615383,108.93953954277842,13,19.4,21.8,29.0,0.0,0.0,0.8,1.4,High,Low
1473494,2025-05-07,2025,2,Chennai Super Kings,Kolkata Knight Riders,DP Conway,0,2,0,0,0.0,Kolkata Knight Riders,12.0,109.09090909090908,40.72,112.32476198291324,25,36.2,44.4,25.25,2.0,0.0,3.4,0.8,Low,Low
1473494,2025-05-07,2025,2,Chennai Super Kings,Kolkata Knight Riders,MS Dhoni,17,18,0,1,94.44444444444444,Kolkata Knight Riders,12.0,150.0,22.619246861924687,133.06046531098266,239,11.8,16.3,19.20689655172414,0.0,1.0,1.2,0.6,Low,Low
1473494,2025-05-07,2025,2,Chennai Super Kings,Kolkata Knight Riders,Noor Ahmad,2,2,0,0,100.0,Kolkata Knight Riders,0.0,0.0,1.7777777777777777,51.86507936507936,9,0.8,1.7777777777777777,1.0,0.0,0.0,0.0,0.0,Low,Low
1473494,2025-05-07,2025,2,Chennai Super Kings,Kolkata Knight Riders,R Ashwin,8,7,1,0,114.28571428571428,Kolkata Knight Riders,1.0,14.285714285714285,8.923076923076923,106.19400339785332,91,8.2,9.8,9.545454545454543,0.0,0.0,0.8,0.2,Low,Low
1473494,2025-05-07,2025,2,Chennai Super Kings,Kolkata Knight Riders,RA Jadeja,19,10,2,1,190.0,Kolkata Knight Riders,77.0,171.11111111111111,16.853403141361255,131.4605561857716,191,35.0,24.3,16.925925925925927,8.0,2.0,3.4,1.0,Low,Low
1473494,2025-05-07,2025,2,Chennai Super Kings,Kolkata Knight Riders,S Dube,45,40,2,3,112.5,Kolkata Knight Riders,8.0,400.0,24.416666666666668,130.75828121837546,72,23.8,24.7,28.571428571428573,0.0,1.0,1.6,1.4,High,Low
1473494,2025-05-07,2025,2,Chennai Super Kings,Kolkata Knight Riders,Urvil Patel,31,11,1,4,281.8181818181818,Kolkata Knight Riders,0.0,0.0,0.0,0.0,0,0.0,0.0,0.0,0.0,0.0,0.0,0.0,Moderate,Low
1473495,2025-05-08,2025,1,Punjab Kings,Delhi Capitals,P Simran Singh,50,27,7,0,185.1851851851852,Delhi Capitals,91.0,189.5833333333333,26.511111111111116,130.8095527332863,45,54.8,43.2,40.75,6.0,7.0,4.8,3.4,High,Low
1473495,2025-05-08,2025,1,Punjab Kings,Delhi Capitals,Priyansh Arya,70,34,5,6,205.8823529411765,Delhi Capitals,1.0,25.0,31.545454545454547,152.02818545679818,11,26.2,30.0,0.0,0.0,0.0,3.4,1.2,High,Low
1473497,2025-05-18,2025,1,Punjab Kings,Rajasthan Royals,Azmatullah Omarzai,21,9,3,1,233.33333333333331,Rajasthan Royals,16.0,106.66666666666669,11.6,110.24242424242424,5,11.6,11.6,0.0,2.0,1.0,0.8,0.6,Moderate,Low
1473497,2025-05-18,2025,1,Punjab Kings,Rajasthan Royals,MJ Owen,0,2,0,0,0.0,Rajasthan Royals,0.0,0.0,0.0,0.0,0,0.0,0.0,0.0,0.0,0.0,0.0,0.0,Low,Low
1473497,2025-05-18,2025,1,Punjab Kings,Rajasthan Royals,N Wadhera,70,37,5,5,189.1891891891892,Rajasthan Royals,16.0,177.77777777777777,22.4,136.68507123155314,25,13.8,21.1,55.5,2.0,1.0,1.6,0.8,High,Low
1473497,2025-05-18,2025,1,Punjab Kings,Rajasthan Royals,P Simran Singh,21,10,3,1,210.0,Rajasthan Royals,50.0,185.1851851851852,27.02173913043478,131.99163169963194,46,62.2,41.3,19.0,7.0,0.0,5.8,3.4,Moderate,Low
1473497,2025-05-18,2025,1,Punjab Kings,Rajasthan Royals,Priyansh Arya,9,7,1,0,128.57142857142858,Rajasthan Royals,70.0,205.8823529411765,34.75,156.51603274716305,12,37.0,36.2,0.0,5.0,6.0,4.2,2.2,Low,Low
1473497,2025-05-18,2025,1,Punjab Kings,Rajasthan Royals,SS Iyer,30,25,5,0,120.0,Rajasthan Royals,45.0,180.0,28.063492063492063,117.27622813685126,126,31.0,30.8,31.33333333333333,4.0,2.0,2.2,1.4,Moderate,Low
1473497,2025-05-18,2025,1,Punjab Kings,Rajasthan Royals,Shashank Singh,59,30,5,3,196.66666666666663,Rajasthan Royals,33.0,220.00000000000003,22.75,139.29946791263305,28,21.2,21.6,6.333333333333333,4.0,1.0,1.4,0.8,High,Low
1473497,2025-05-18,2025,2,Rajasthan Royals,Punjab Kings,Dhruv Jurel,53,31,3,4,170.96774193548387,Punjab Kings,0.0,0.0,18.060606060606062,124.991694046565,33,18.0,17.9,12.2,0.0,0.0,0.6,1.2,High,Low
1473497,2025-05-18,2025,2,Rajasthan Royals,Punjab Kings,KT Maphaka,8,2,2,0,400.0,Punjab Kings,0.0,0.0,0.0,0.0,0,0.0,0.0,0.0,0.0,0.0,0.0,0.0,Low,Low
1473497,2025-05-18,2025,2,Rajasthan Royals,Punjab Kings,PWH de Silva,0,1,0,0,0.0,Punjab Kings,0.0,0.0,4.5,81.60556305293147,18,4.2,4.2,1.0,0.0,0.0,0.4,0.0,Low,Low
1473497,2025-05-18,2025,2,Rajasthan Royals,Punjab Kings,R Parag,13,11,0,1,118.1818181818182,Punjab Kings,95.0,215.9090909090909,21.88732394366197,130.80786963240135,71,40.8,31.5,22.875,6.0,8.0,3.2,2.8,Low,Low
1473497,2025-05-18,2025,2,Rajasthan Royals,Punjab Kings,SB Dubey,7,7,0,0,100.0,Punjab Kings,25.0,178.57142857142858,13.2,140.66666666666669,10,11.2,13.2,0.0,1.0,2.0,0.8,0.8,Low,Low
1473497,2025-05-18,2025,2,Rajasthan Royals,Punjab Kings,SO Hetmyer,11,12,1,0,91.66666666666666,Punjab Kings,29.0,126.08695652173914,19.025974025974023,136.97333294455262,77,11.6,17.3,29.33333333333333,1.0,1.0,1.0,0.2,Low,Low
1473497,2025-05-18,2025,2,Rajasthan Royals,Punjab Kings,SV Samson,20,16,1,1,125.0,Punjab Kings,31.0,172.22222222222223,27.473372781065088,119.08022461365226,169,29.0,26.9,33.0,2.0,3.0,2.8,1.2,Moderate,Low
1473497,2025-05-18,2025,2,Rajasthan Royals,Punjab Kings,V Suryavanshi,40,15,4,4,266.66666666666663,Punjab Kings,4.0,200.0,31.0,153.82456140350877,5,31.0,31.0,0.0,1.0,0.0,2.0,3.2,High,Low
1473497,2025-05-18,2025,2,Rajasthan Royals,Punjab Kings,YBK Jaiswal,50,25,9,1,200.0,Punjab Kings,34.0,161.9047619047619,32.5,132.6026164019173,64,48.0,44.3,41.142857142857146,5.0,1.0,5.2,2.4,High,Low
1473498,2025-05-18,2025,1,Delhi Capitals,Gujarat Titans,AR Patel,25,16,2,1,156.25,Gujarat Titans,6.0,85.71428571428571,15.5,128.62255725106485,122,27.4,23.8,35.2,1.0,0.0,1.6,2.0,Moderate,Low
1473498,2025-05-18,2025,1,Delhi Capitals,Gujarat Titans,Abishek Porel,30,19,1,3,157.89473684210526,Gujarat Titans,8.0,80.0,23.14814814814815,139.0269902402519,27,21.8,26.5,17.666666666666668,1.0,0.0,2.4,0.8,Moderate,Low
1473498,2025-05-18,2025,1,Delhi Capitals,Gujarat Titans,F du Plessis,5,10,0,0,50.0,Gujarat Titans,3.0,37.5,32.90972222222222,121.68453220457926,144,27.8,25.4,32.0,0.0,0.0,2.4,1.0,Low,Low
1473498,2025-05-18,2025,1,Delhi Capitals,Gujarat Titans,KL Rahul,112,65,14,4,172.30769230769232,Gujarat Titans,10.0,71.42857142857143,37.60740740740741,125.53581329820275,135,28.6,37.3,27.4,1.0,0.0,2.4,0.8,High,Low
1473498,2025-05-18,2025,1,Delhi Capitals,Gujarat Titans,T Stubbs,21,10,0,2,210.0,Gujarat Titans,41.0,113.88888888888889,23.928571428571427,154.3785144428803,28,22.6,23.1,28.5,4.0,0.0,2.2,0.6,Moderate,Low
1473498,2025-05-18,2025,2,Gujarat Titans,Delhi Capitals,B Sai Sudharsan,108,61,12,4,177.04918032786884,Delhi Capitals,5.0,100.0,42.86111111111112,137.5694447938985,36,36.0,43.5,43.75,1.0,0.0,5.0,0.6,High,Low
1473498,2025-05-18,2025,2,Gujarat Titans,Delhi Capitals,Shubman Gill,93,53,3,7,175.47169811320757,Delhi Capitals,43.0,97.72727272727272,33.85454545454545,124.17522817634816,110,60.0,47.5,26.923076923076923,3.0,1.0,5.8,2.0,High,Low
1473499,2025-05-19,2025,1,Lucknow Super Giants,Sunrisers Hyderabad,A Badoni,3,5,0,0,60.0,Sunrisers Hyderabad,74.0,185.0,21.33333333333333,125.53844916214736,45,43.4,32.6,26.666666666666668,5.0,5.0,3.8,2.0,Low,Low
1473499,2025-05-19,2025,1,Lucknow Super Giants,Sunrisers Hyderabad,AK Markram,61,37,4,4,164.86486486486487,Sunrisers Hyderabad,13.0,130.0,25.339622641509436,119.30461825002016,53,29.2,33.3,14.0,1.0,1.0,2.2,1.4,High,Low
1473499,2025-05-19,2025,1,Lucknow Super Giants,Sunrisers Hyderabad,Abdul Samad,3,6,0,0,50.0,Sunrisers Hyderabad,45.0,187.5,14.78,139.62897882320084,50,19.8,16.0,22.0,2.0,4.0,0.4,2.0,Low,Low
1473499,2025-05-19,2025,1,Lucknow Super Giants,Sunrisers Hyderabad,Akash Deep,6,1,0,1,600.0,Sunrisers Hyderabad,0.0,0.0,4.75,78.125,4,4.75,4.75,0.0,0.0,0.0,0.5,0.25,Low,Low
1473499,2025-05-19,2025,1,Lucknow Super Giants,Sunrisers Hyderabad,MR Marsh,65,39,6,4,166.66666666666669,Sunrisers Hyderabad,0.0,0.0,22.67391304347826,109.52962264806207,46,22.6,37.8,28.5,0.0,0.0,1.6,1.0,High,Low
1473499,2025-05-19,2025,1,Lucknow Super Giants,Sunrisers Hyderabad,N Pooran,45,25,6,1,180.0,Sunrisers Hyderabad,6.0,120.0,25.63529411764706,144.83211257848237,85,12.2,33.5,38.875,1.0,0.0,1.6,0.6,High,Low
1473499,2025-05-19,2025,1,Lucknow Super Giants,Sunrisers Hyderabad,RR Pant,7,6,1,0,116.66666666666669,Sunrisers Hyderabad,18.0,105.88235294117648,27.84552845528455,129.9556302946855,123,17.6,12.8,30.88888888888889,2.0,1.0,1.4,1.0,Low,Low
1473499,2025-05-19,2025,1,Lucknow Super Giants,Sunrisers Hyderabad,SN Thakur,4,1,1,0,400.0,Sunrisers Hyderabad,6.0,150.0,8.23076923076923,107.23085780254564,39,3.0,4.7,8.75,1.0,0.0,0.4,0.0,Low,Low
1473499,2025-05-19,2025,2,Sunrisers Hyderabad,Lucknow Super Giants,Abhishek Sharma,59,20,4,6,295.0,Lucknow Super Giants,74.0,180.4878048780488,23.816901408450704,135.4592734915087,71,52.6,31.4,25.25,4.0,6.0,5.0,3.4,High,Low
1473499,2025-05-19,2025,2,Sunrisers Hyderabad,Lucknow Super Giants,Aniket Verma,5,2,1,0,250.0,Lucknow Super Giants,3.0,42.85714285714285,21.444444444444443,152.54300803081293,9,14.0,21.444444444444443,36.0,0.0,0.0,0.6,0.8,Low,Low
1473499,2025-05-19,2025,2,Sunrisers Hyderabad,Lucknow Super Giants,Atharva Taide,13,9,3,0,144.44444444444443,Lucknow Super Giants,46.0,170.37037037037038,27.444444444444443,135.00536016875887,9,29.6,27.444444444444443,33.0,5.0,2.0,3.0,1.0,Low,Low
1473499,2025-05-19,2025,2,Sunrisers Hyderabad,Lucknow Super Giants,H Klaasen,47,28,4,1,167.85714285714286,Lucknow Super Giants,23.0,127.77777777777776,31.047619047619047,157.98343350923304,42,31.8,31.1,36.5,1.0,1.0,3.2,1.2,High,Low
1473499,2025-05-19,2025,2,Sunrisers Hyderabad,Lucknow Super Giants,Ishan Kishan,35,28,3,2,125.0,Lucknow Super Giants,13.0,76.47058823529412,26.05504587155963,115.7068509065339,109,13.8,19.6,20.142857142857142,0.0,0.0,1.2,0.2,Moderate,Low
1473499,2025-05-19,2025,2,Sunrisers Hyderabad,Lucknow Super Giants,Nithish Kumar Reddy,5,2,1,0,250.0,Lucknow Super Giants,21.0,210.0,23.8,122.07837164895987,20,18.4,18.6,32.0,1.0,2.0,1.4,0.4,Low,Low
1473499,2025-05-19,2025,2,Sunrisers Hyderabad,Lucknow Super Giants,PHKD Mendis,32,21,3,0,152.38095238095238,Lucknow Super Giants,0.0,0.0,15.0,76.8452380952381,4,15.0,15.0,0.0,0.0,0.0,1.0,0.5,Moderate,Low
1473500,2025-05-20,2025,1,Chennai Super Kings,Rajasthan Royals,A Kamboj,5,3,1,0,166.66666666666669,Rajasthan Royals,4.0,400.0,2.2,130.0,5,2.2,2.2,0.0,1.0,0.0,0.2,0.0,Low,Low
1473500,2025-05-20,2025,1,Chennai Super Kings,Rajasthan Royals,A Mhatre,43,20,8,1,215.0,Rajasthan Royals,0.0,0.0,32.6,136.74561403508773,5,32.6,32.6,0.0,0.0,0.0,4.0,1.4,High,Low
1473500,2025-05-20,2025,1,Chennai Super Kings,Rajasthan Royals,D Brevis,42,25,2,3,168.0,Rajasthan Royals,52.0,208.0,25.428571428571427,116.01528671829423,14,29.8,23.9,0.0,4.0,4.0,1.6,2.2,High,Low
1473500,2025-05-20,2025,1,Chennai Super Kings,Rajasthan Royals,DP Conway,10,8,2,0,125.0,Rajasthan Royals,0.0,0.0,39.15384615384615,108.00457882972428,26,28.2,35.2,24.666666666666668,0.0,0.0,2.6,0.8,Low,Low
1473500,2025-05-20,2025,1,Chennai Super Kings,Rajasthan Royals,MS Dhoni,16,17,0,1,94.11764705882352,Rajasthan Royals,17.0,94.44444444444444,22.59583333333333,132.89956522403878,240,10.0,15.0,22.76,0.0,1.0,0.4,0.6,Low,Low
1473500,2025-05-20,2025,1,Chennai Super Kings,Rajasthan Royals,Noor Ahmad,2,1,0,0,200.0,Rajasthan Royals,2.0,100.0,1.8,56.67857142857142,10,1.0,1.8,0.0,0.0,0.0,0.0,0.0,Low,Low
1473500,2025-05-20,2025,1,Chennai Super Kings,Rajasthan Royals,R Ashwin,13,7,1,1,185.7142857142857,Rajasthan Royals,8.0,114.28571428571428,8.91304347826087,106.2819567770692,92,9.6,7.7,7.571428571428571,1.0,0.0,1.0,0.2,Low,Low
1473500,2025-05-20,2025,1,Chennai Super Kings,Rajasthan Royals,RA Jadeja,1,5,0,0,20.0,Rajasthan Royals,19.0,190.0,16.864583333333332,131.76544912230403,192,37.4,23.7,16.294117647058822,2.0,1.0,3.8,1.2,Low,Low
1473500,2025-05-20,2025,1,Chennai Super Kings,Rajasthan Royals,S Dube,39,32,2,2,121.875,Rajasthan Royals,45.0,112.5,24.698630136986303,130.50816777702786,73,24.2,27.3,24.0,2.0,3.0,1.4,1.6,Moderate,Low
1473500,2025-05-20,2025,1,Chennai Super Kings,Rajasthan Royals,Urvil Patel,0,2,0,0,0.0,Rajasthan Royals,31.0,281.8181818181818,31.0,281.8181818181818,1,31.0,31.0,0.0,1.0,4.0,1.0,4.0,Low,Low
1473500,2025-05-20,2025,2,Rajasthan Royals,Chennai Super Kings,Dhruv Jurel,31,12,2,3,258.33333333333337,Chennai Super Kings,53.0,170.96774193548387,19.08823529411765,126.34393074918026,34,23.4,19.9,17.25,3.0,4.0,1.2,1.6,Moderate,Low
1473500,2025-05-20,2025,2,Rajasthan Royals,Chennai Super Kings,R Parag,3,4,0,0,75.0,Chennai Super Kings,13.0,118.1818181818182,21.76388888888889,130.63250780669878,72,35.6,28.5,19.83333333333333,0.0,1.0,2.6,2.6,Low,Low
1473500,2025-05-20,2025,2,Rajasthan Royals,Chennai Super Kings,SO Hetmyer,12,5,1,1,240.0,Chennai Super Kings,11.0,91.66666666666666,18.923076923076923,136.3924782486823,78,12.6,16.5,18.285714285714285,1.0,0.0,1.0,0.2,Low,Low
1473500,2025-05-20,2025,2,Rajasthan Royals,Chennai Super Kings,SV Samson,41,31,3,2,132.25806451612902,Chennai Super Kings,20.0,125.0,27.429411764705883,119.11504682180724,170,29.0,27.1,15.5625,1.0,1.0,2.8,1.2,High,Low
1473500,2025-05-20,2025,2,Rajasthan Royals,Chennai Super Kings,V Suryavanshi,57,32,4,4,178.125,Chennai Super Kings,40.0,266.66666666666663,32.5,172.6315789473684,6,32.2,32.5,0.0,4.0,4.0,2.4,3.4,High,Low
1473500,2025-05-20,2025,2,Rajasthan Royals,Chennai Super Kings,YBK Jaiswal,36,19,5,2,189.4736842105263,Chennai Super Kings,50.0,200.0,32.76923076923077,133.63949922650318,65,43.2,48.9,32.857142857142854,9.0,1.0,6.0,1.8,Moderate,Low
1473501,2025-05-21,2025,1,Mumbai Indians,Delhi Capitals,HH Pandya,3,6,0,0,50.0,Delhi Capitals,1.0,33.33333333333333,19.366906474820144,140.4711365175395,139,15.4,17.6,20.846153846153847,0.0,0.0,1.8,0.4,Low,Low
1473501,2025-05-21,2025,1,Mumbai Indians,Delhi Capitals,Naman Dhir,24,8,2,2,300.0,Delhi Capitals,7.0,70.0,20.133333333333333,148.5569231059427,15,16.2,24.1,38.0,1.0,0.0,1.6,1.0,Moderate,Low
1473501,2025-05-21,2025,1,Mumbai Indians,Delhi Capitals,RD Rickelton,25,18,0,2,138.88888888888889,Delhi Capitals,2.0,100.0,28.0,148.9901790461001,12,31.2,31.7,41.0,0.0,0.0,3.6,1.6,Moderate,Low
1473501,2025-05-21,2025,1,Mumbai Indians,Delhi Capitals,RG Sharma,5,5,1,0,100.0,Delhi Capitals,7.0,87.5,26.34980988593156,113.902611640486,263,43.6,30.0,27.0,1.0,0.0,4.4,2.2,Low,Low
1473501,2025-05-21,2025,1,Mumbai Indians,Delhi Capitals,SA Yadav,73,43,7,4,169.7674418604651,Delhi Capitals,35.0,145.83333333333331,27.72972972972973,137.42881154693444,148,49.0,43.3,23.83333333333333,5.0,0.0,4.8,2.8,High,Low
1473501,2025-05-21,2025,1,Mumbai Indians,Delhi Capitals,Tilak Varma,27,27,1,1,100.0,Delhi Capitals,7.0,100.0,29.829787234042552,137.37849589944474,47,19.0,27.8,35.333333333333336,0.0,0.0,1.8,0.6,Moderate,Low
1473501,2025-05-21,2025,1,Mumbai Indians,Delhi Capitals,WG Jacks,21,13,3,1,161.53846153846155,Delhi Capitals,53.0,151.42857142857142,25.0,131.2766079193391,17,28.2,23.6,21.0,5.0,3.0,2.6,1.4,Moderate,Low
1473501,2025-05-21,2025,2,Delhi Capitals,Mumbai Indians,Abishek Porel,6,9,0,0,66.66666666666666,Mumbai Indians,30.0,157.89473684210526,23.392857142857142,139.70083833317523,28,24.2,26.1,27.75,1.0,3.0,2.0,1.2,Low,Low
1473501,2025-05-21,2025,2,Delhi Capitals,Mumbai Indians,Ashutosh Sharma,18,16,1,1,112.5,Mumbai Indians,41.0,157.69230769230768,22.058823529411764,141.90831729626885,17,20.4,20.5,39.0,2.0,3.0,1.2,1.4,Low,Low
1473501,2025-05-21,2025,2,Delhi Capitals,Mumbai Indians,F du Plessis,6,7,1,0,85.71428571428571,Mumbai Indians,5.0,50.0,32.717241379310344,121.19015612040974,145,18.8,25.0,28.1,0.0,0.0,1.8,0.4,Low,Low
1473501,2025-05-21,2025,2,Delhi Capitals,Mumbai Indians,KL Rahul,11,6,2,0,183.3333333333333,Mumbai Indians,112.0,172.30769230769232,38.15441176470589,125.87972417327252,136,45.4,40.8,48.45,14.0,4.0,4.4,1.4,Low,Low
1473501,2025-05-21,2025,2,Delhi Capitals,Mumbai Indians,Kuldeep Yadav,7,8,0,0,87.5,Mumbai Indians,1.0,100.0,5.388888888888889,86.2647884164912,36,3.4,5.8,4.0,0.0,0.0,0.4,0.0,Low,Low
1473501,2025-05-21,2025,2,Delhi Capitals,Mumbai Indians,M Tiwari,3,4,0,0,75.0,Mumbai Indians,0.0,0.0,0.0,0.0,0,0.0,0.0,0.0,0.0,0.0,0.0,0.0,Low,Low
1473501,2025-05-21,2025,2,Delhi Capitals,Mumbai Indians,Mustafizur Rahman,0,1,0,0,0.0,Mumbai Indians,1.0,100.0,2.1666666666666665,51.26984126984127,6,2.4,2.1666666666666665,4.5,0.0,0.0,0.0,0.2,Low,Low
1473501,2025-05-21,2025,2,Delhi Capitals,Mumbai Indians,PVD Chameera,8,10,0,0,80.0,Mumbai Indians,2.0,66.66666666666666,5.0,92.30158730158728,9,2.6,5.0,0.0,0.0,0.0,0.2,0.2,Low,Low
1473501,2025-05-21,2025,2,Delhi Capitals,Mumbai Indians,Sameer Rizvi,39,35,6,1,111.42857142857144,Mumbai Indians,20.0,133.33333333333331,10.714285714285714,109.35300207039336,7,12.2,10.714285714285714,0.0,1.0,1.0,1.2,0.2,Moderate,Low
1473501,2025-05-21,2025,2,Delhi Capitals,Mumbai Indians,T Stubbs,2,4,0,0,50.0,Mumbai Indians,21.0,210.0,23.82758620689655,156.29649670347064,29,25.6,23.1,40.0,0.0,2.0,2.2,0.8,Low,Low
1473501,2025-05-21,2025,2,Delhi Capitals,Mumbai Indians,V Nigam,20,10,3,1,200.0,Mumbai Indians,18.0,105.88235294117648,17.428571428571427,141.5546218487395,7,16.4,17.428571428571427,14.0,1.0,1.0,1.6,1.0,Moderate,Low
1473502,2025-05-22,2025,1,Lucknow Super Giants,Gujarat Titans,AK Markram,36,24,3,2,150.0,Gujarat Titans,61.0,164.86486486486487,26.0,120.14832652066544,54,40.2,39.3,30.6,4.0,4.0,2.8,2.2,Moderate,Low
1473502,2025-05-22,2025,1,Lucknow Super Giants,Gujarat Titans,MR Marsh,117,64,10,8,182.8125,Gujarat Titans,65.0,166.66666666666669,23.574468085106385,110.74530443569192,47,29.6,37.1,4.0,6.0,4.0,2.4,1.4,High,Low
1473502,2025-05-22,2025,1,Lucknow Super Giants,Gujarat Titans,N Pooran,56,26,4,5,215.3846153846154,Gujarat Titans,45.0,180.0,25.86046511627907,145.24104150198838,86,19.6,31.0,22.33333333333333,6.0,1.0,2.4,0.8,High,Low
1473502,2025-05-22,2025,1,Lucknow Super Giants,Gujarat Titans,RR Pant,16,6,0,2,266.66666666666663,Gujarat Titans,7.0,116.66666666666669,27.677419354838708,129.84846123316925,124,6.4,13.5,42.0,1.0,0.0,0.8,0.2,Low,Low
1473502,2025-05-22,2025,2,Gujarat Titans,Lucknow Super Giants,Arshad Khan,1,3,0,0,33.33333333333333,Lucknow Super Giants,1.0,100.0,12.25,95.92803030303033,8,16.0,12.25,0.0,0.0,0.0,1.0,1.0,Low,Low
1473502,2025-05-22,2025,2,Gujarat Titans,Lucknow Super Giants,B Sai Sudharsan,21,16,4,0,131.25,Lucknow Super Giants,108.0,177.04918032786884,44.62162162162162,138.636464673195,37,50.4,48.0,43.5,12.0,4.0,6.4,1.2,Moderate,Low
1473502,2025-05-22,2025,2,Gujarat Titans,Lucknow Super Giants,JC Buttler,33,18,3,2,183.3333333333333,Lucknow Super Giants,30.0,111.11111111111111,34.601694915254235,129.1041030850464,118,56.4,44.6,19.33333333333333,3.0,1.0,5.6,2.6,Moderate,Low
1473502,2025-05-22,2025,2,Gujarat Titans,Lucknow Super Giants,K Rabada,2,3,0,0,66.66666666666666,Lucknow Super Giants,7.0,140.0,7.344827586206897,107.66294050776808,29,5.4,3.7,0.6666666666666666,0.0,1.0,0.0,0.6,Low,Low
1473502,2025-05-22,2025,2,Gujarat Titans,Lucknow Super Giants,M Shahrukh Khan,57,29,5,3,196.55172413793105,Lucknow Super Giants,6.0,100.0,14.28888888888889,157.10965642295565,45,7.8,12.9,13.333333333333334,1.0,0.0,0.4,0.6,High,Low
1473502,2025-05-22,2025,2,Gujarat Titans,Lucknow Super Giants,R Sai Kishore,1,2,0,0,50.0,Lucknow Super Giants,1.0,100.0,7.0,158.33333333333331,2,7.0,7.0,0.0,0.0,0.0,0.0,1.0,Low,Low
1473502,2025-05-22,2025,2,Gujarat Titans,Lucknow Super Giants,R Tewatia,2,3,0,0,66.66666666666666,Lucknow Super Giants,11.0,137.5,14.794520547945206,136.49674686489405,73,7.4,10.6,18.8,1.0,0.0,0.4,0.6,Low,Low
1473502,2025-05-22,2025,2,Gujarat Titans,Lucknow Super Giants,Rashid Khan,4,4,0,0,100.0,Lucknow Super Giants,2.0,66.66666666666666,9.031746031746032,122.60421566969188,63,4.8,12.1,2.0,0.0,0.0,0.2,0.4,Low,Low
1473502,2025-05-22,2025,2,Gujarat Titans,Lucknow Super Giants,SE Rutherford,38,22,1,3,172.72727272727272,Lucknow Super Giants,28.0,186.66666666666663,19.705882352941178,142.73426650748632,17,27.0,26.2,22.0,2.0,2.0,2.4,1.4,Moderate,Low
1473502,2025-05-22,2025,2,Gujarat Titans,Lucknow Super Giants,Shubman Gill,35,20,7,0,175.0,Lucknow Super Giants,93.0,175.47169811320757,34.387387387387385,124.6373585361397,111,77.2,53.0,39.333333333333336,3.0,7.0,6.2,3.4,Moderate,Low
1473503,2025-05-23,2025,1,Sunrisers Hyderabad,Royal Challengers Bengaluru,A Manohar,12,11,0,1,109.09090909090908,Royal Challengers Bengaluru,43.0,116.2162162162162,14.736842105263158,97.15945979103874,19,11.4,13.1,0.0,2.0,3.0,0.6,0.6,Low,Low
1473503,2025-05-23,2025,1,Sunrisers Hyderabad,Royal Challengers Bengaluru,Abhishek Sharma,34,16,3,3,212.5,Royal Challengers Bengaluru,59.0,295.0,24.30555555555556,137.67511691523774,72,36.2,34.9,32.5,4.0,6.0,3.0,2.6,Moderate,Low
1473503,2025-05-23,2025,1,Sunrisers Hyderabad,Royal Challengers Bengaluru,Aniket Verma,26,9,1,3,288.88888888888886,Royal Challengers Bengaluru,5.0,250.0,19.8,162.28870722773163,10,11.4,19.8,0.0,1.0,0.0,0.4,0.8,Moderate,Low
1473503,2025-05-23,2025,1,Sunrisers Hyderabad,Royal Challengers Bengaluru,H Klaasen,24,13,2,2,184.6153846153846,Royal Challengers Bengaluru,47.0,167.85714285714286,31.41860465116279,158.21305465685884,43,37.0,32.4,37.0,4.0,1.0,3.6,1.2,Moderate,Low
1473503,2025-05-23,2025,1,Sunrisers Hyderabad,Royal Challengers Bengaluru,Ishan Kishan,94,48,7,5,195.8333333333333,Royal Challengers Bengaluru,35.0,125.0,26.13636363636364,115.79133408011089,110,19.0,12.5,69.0,3.0,2.0,1.6,0.6,High,Low
1473503,2025-05-23,2025,1,Sunrisers Hyderabad,Royal Challengers Bengaluru,Nithish Kumar Reddy,4,7,0,0,57.14285714285714,Royal Challengers Bengaluru,5.0,250.0,22.904761904761905,128.16987776091418,21,13.2,17.8,13.0,1.0,0.0,1.0,0.4,Low,Low
1473503,2025-05-23,2025,1,Sunrisers Hyderabad,Royal Challengers Bengaluru,PJ Cummins,13,6,0,1,216.66666666666663,Royal Challengers Bengaluru,19.0,190.0,12.74468085106383,129.81622998823778,47,12.8,11.3,31.0,1.0,1.0,1.2,0.6,Low,Low
1473503,2025-05-23,2025,1,Sunrisers Hyderabad,Royal Challengers Bengaluru,TM Head,17,10,3,0,170.0,Royal Challengers Bengaluru,20.0,125.0,30.085714285714285,134.02363659175563,35,26.6,28.1,51.5,4.0,0.0,4.0,0.6,Low,Low
1473503,2025-05-23,2025,2,Royal Challengers Bengaluru,Sunrisers Hyderabad,B Kumar,3,2,0,0,150.0,Sunrisers Hyderabad,8.0,61.53846153846154,4.579710144927536,83.02212682647466,69,2.0,6.0,1.5,1.0,0.0,0.2,0.0,Low,Low
1473503,2025-05-23,2025,2,Royal Challengers Bengaluru,Sunrisers Hyderabad,JM Sharma,24,15,1,2,160.0,Sunrisers Hyderabad,7.0,87.5,19.5,142.74121045637233,44,8.6,18.2,17.0,1.0,0.0,1.0,0.2,Moderate,Low
1473503,2025-05-23,2025,2,Royal Challengers Bengaluru,Sunrisers Hyderabad,KH Pandya,8,6,2,0,133.33333333333331,Sunrisers Hyderabad,73.0,158.69565217391303,15.571428571428571,120.57691114461878,112,19.4,15.7,18.071428571428573,5.0,4.0,1.4,0.8,Low,Low
1473503,2025-05-23,2025,2,Royal Challengers Bengaluru,Sunrisers Hyderabad,L Ngidi,0,2,0,0,0.0,Sunrisers Hyderabad,0.0,0.0,0.0,0.0,0,0.0,0.0,0.0,0.0,0.0,0.0,0.0,Low,Low
1473503,2025-05-23,2025,2,Royal Challengers Bengaluru,Sunrisers Hyderabad,MA Agarwal,11,10,1,0,110.0,Sunrisers Hyderabad,5.0,83.33333333333334,21.87704918032787,117.02263767189744,122,29.4,26.9,17.0,1.0,0.0,3.2,1.0,Low,Low
1473503,2025-05-23,2025,2,Royal Challengers Bengaluru,Sunrisers Hyderabad,PD Salt,62,31,4,5,200.0,Sunrisers Hyderabad,26.0,113.04347826086956,29.73333333333333,146.39931799424622,30,26.6,24.5,37.66666666666666,4.0,0.0,2.8,1.8,High,Low
1473503,2025-05-23,2025,2,Royal Challengers Bengaluru,Sunrisers Hyderabad,R Shepherd,0,1,0,0,0.0,Sunrisers Hyderabad,53.0,407.6923076923077,16.8,166.67399267399267,10,19.0,16.8,7.5,4.0,6.0,1.4,2.0,Low,Low
1473503,2025-05-23,2025,2,Royal Challengers Bengaluru,Sunrisers Hyderabad,RM Patidar,18,16,1,0,112.5,Sunrisers Hyderabad,11.0,73.33333333333333,30.529411764705884,134.299995051427,34,10.6,23.9,35.666666666666664,1.0,0.0,0.8,0.2,Low,Low
1473503,2025-05-23,2025,2,Royal Challengers Bengaluru,Sunrisers Hyderabad,TH David,1,5,0,0,20.0,Sunrisers Hyderabad,2.0,66.66666666666666,19.65116279069768,157.91338886072128,43,26.2,21.0,34.666666666666664,0.0,0.0,2.4,1.8,Low,Low
1473503,2025-05-23,2025,2,Royal Challengers Bengaluru,Sunrisers Hyderabad,V Kohli,43,25,7,1,172.0,Sunrisers Hyderabad,62.0,187.87878787878788,33.14785992217899,119.56502015439924,257,51.4,44.6,31.95833333333333,5.0,5.0,4.8,1.6,High,Low
1473503,2025-05-23,2025,2,Royal Challengers Bengaluru,Sunrisers Hyderabad,Yash Dayal,3,6,0,0,50.0,Sunrisers Hyderabad,0.0,0.0,0.0,0.0,2,0.0,0.0,0.0,0.0,0.0,0.0,0.0,Low,Low
1485779,2025-05-24,2025,1,Punjab Kings,Delhi Capitals,Azmatullah Omarzai,1,3,0,0,33.33333333333333,Delhi Capitals,21.0,233.33333333333331,13.166666666666666,130.75757575757575,6,12.4,13.166666666666666,1.0,3.0,1.0,1.2,0.6,Low,Low
1485779,2025-05-24,2025,1,Punjab Kings,Delhi Capitals,Harpreet Brar,7,2,0,1,350.0,Delhi Capitals,17.0,130.76923076923077,9.708333333333334,119.6463443677066,24,14.2,9.4,4.833333333333333,2.0,0.0,1.6,0.4,Low,Low
1485779,2025-05-24,2025,1,Punjab Kings,Delhi Capitals,JP Inglis,32,12,3,2,266.66666666666663,Delhi Capitals,30.0,214.28571428571428,15.333333333333334,130.64892623716153,6,18.0,15.333333333333334,0.0,1.0,4.0,1.6,1.0,Moderate,Low
1485779,2025-05-24,2025,1,Punjab Kings,Delhi Capitals,M Jansen,0,2,0,0,0.0,Delhi Capitals,4.0,200.0,7.421052631578948,93.89880202899592,19,7.6,9.6,2.0,1.0,0.0,0.2,0.4,Low,Low
1485779,2025-05-24,2025,1,Punjab Kings,Delhi Capitals,MP Stoinis,44,15,3,4,293.3333333333333,Delhi Capitals,15.0,300.0,20.50526315789474,122.64166958277043,95,12.2,11.8,14.833333333333334,1.0,1.0,0.4,1.2,High,Low
1485779,2025-05-24,2025,1,Punjab Kings,Delhi Capitals,N Wadhera,16,16,1,0,100.0,Delhi Capitals,70.0,189.1891891891892,24.23076923076923,138.7044603837699,26,25.8,28.0,4.0,5.0,5.0,2.2,1.8,Low,Low
1485779,2025-05-24,2025,1,Punjab Kings,Delhi Capitals,P Simran Singh,28,18,4,1,155.55555555555557,Delhi Capitals,21.0,210.0,26.8936170212766,133.65138421666103,47,59.8,41.7,42.6,3.0,1.0,5.4,3.4,Moderate,Low
1485779,2025-05-24,2025,1,Punjab Kings,Delhi Capitals,Priyansh Arya,6,9,1,0,66.66666666666666,Delhi Capitals,9.0,128.57142857142858,32.76923076923077,154.3664478105681,13,34.4,37.1,70.0,1.0,0.0,3.8,2.0,Low,Low
1485779,2025-05-24,2025,1,Punjab Kings,Delhi Capitals,SS Iyer,53,33,5,2,160.6060606060606,Delhi Capitals,30.0,120.0,28.078740157480315,117.29767515939574,127,35.6,28.6,36.75,5.0,0.0,3.2,1.4,High,Low
1485779,2025-05-24,2025,1,Punjab Kings,Delhi Capitals,Shashank Singh,11,10,0,0,110.0,Delhi Capitals,59.0,196.66666666666663,24.0,141.2776471800135,29,29.4,27.3,5.0,5.0,3.0,2.2,1.2,Low,Low
1485779,2025-05-24,2025,2,Delhi Capitals,Punjab Kings,F du Plessis,23,15,2,1,153.33333333333334,Punjab Kings,6.0,85.71428571428571,32.534246575342465,120.94717070666916,146,19.6,25.0,43.71428571428572,1.0,0.0,2.0,0.4,Moderate,Low
1485779,2025-05-24,2025,2,Delhi Capitals,Punjab Kings,KK Nair,44,26,5,2,169.23076923076923,Punjab Kings,0.0,0.0,22.0,111.18722845385464,75,13.0,17.0,0.0,0.0,0.0,1.4,0.6,High,Low
1485779,2025-05-24,2025,2,Delhi Capitals,Punjab Kings,KL Rahul,35,21,6,1,166.66666666666669,Punjab Kings,11.0,183.3333333333333,37.956204379562045,126.29909358319996,137,36.2,32.6,26.75,2.0,0.0,4.2,0.8,Moderate,Low
1485779,2025-05-24,2025,2,Delhi Capitals,Punjab Kings,Sameer Rizvi,58,25,3,5,232.0,Punjab Kings,39.0,111.42857142857144,14.25,109.61244824016563,8,19.8,14.25,21.0,6.0,1.0,2.4,0.4,High,Low
1485779,2025-05-24,2025,2,Delhi Capitals,Punjab Kings,Sediqullah Atal,22,16,0,2,137.5,Punjab Kings,0.0,0.0,0.0,0.0,0,0.0,0.0,0.0,0.0,0.0,0.0,0.0,Moderate,Low
1485779,2025-05-24,2025,2,Delhi Capitals,Punjab Kings,T Stubbs,18,14,2,0,128.57142857142858,Punjab Kings,2.0,50.0,23.1,152.75328014668827,30,19.8,20.9,5.0,0.0,0.0,1.8,0.6,Low,Low
1473504,2025-05-25,2025,1,Chennai Super Kings,Gujarat Titans,A Mhatre,34,17,3,3,200.0,Gujarat Titans,43.0,215.0,34.333333333333336,149.78801169590642,6,34.8,34.333333333333336,0.0,8.0,1.0,4.8,1.2,Moderate,Low
1473504,2025-05-25,2025,1,Chennai Super Kings,Gujarat Titans,D Brevis,57,23,4,5,247.8260869565217,Gujarat Titans,42.0,168.0,26.53333333333333,119.48093427040796,15,33.6,27.7,46.0,2.0,3.0,1.8,2.4,High,Low
1473504,2025-05-25,2025,1,Chennai Super Kings,Gujarat Titans,DP Conway,52,35,6,2,148.57142857142858,Gujarat Titans,10.0,125.0,38.07407407407408,108.63403887306782,27,20.8,31.8,23.25,2.0,0.0,2.2,0.4,High,Low
1473504,2025-05-25,2025,1,Chennai Super Kings,Gujarat Titans,RA Jadeja,21,18,1,1,116.66666666666669,Gujarat Titans,1.0,20.0,16.78238341968912,131.18635353099677,193,27.0,20.6,14.166666666666666,0.0,0.0,3.0,0.8,Moderate,Low
1473504,2025-05-25,2025,1,Chennai Super Kings,Gujarat Titans,S Dube,17,8,0,2,212.5,Gujarat Titans,39.0,121.875,24.89189189189189,130.39150334760856,74,22.0,29.4,20.428571428571427,2.0,2.0,1.4,1.2,Low,Low
1473504,2025-05-25,2025,1,Chennai Super Kings,Gujarat Titans,Urvil Patel,37,19,4,2,194.73684210526315,Gujarat Titans,0.0,0.0,15.5,140.9090909090909,2,15.5,15.5,0.0,0.0,0.0,0.5,2.0,Moderate,Low
1473504,2025-05-25,2025,2,Gujarat Titans,Chennai Super Kings,Arshad Khan,20,14,0,3,142.85714285714286,Chennai Super Kings,1.0,33.33333333333333,11.0,88.97306397306397,9,12.2,11.0,1.5,0.0,0.0,0.6,1.0,Moderate,Low
1473504,2025-05-25,2025,2,Gujarat Titans,Chennai Super Kings,B Sai Sudharsan,41,28,6,0,146.42857142857142,Chennai Super Kings,21.0,131.25,44.0,138.4420840239004,38,44.2,45.2,64.5,4.0,0.0,6.0,1.0,High,Low
1473504,2025-05-25,2025,2,Gujarat Titans,Chennai Super Kings,G Coetzee,5,5,1,0,100.0,Chennai Super Kings,12.0,240.0,4.333333333333333,80.34391534391534,6,5.0,4.333333333333333,0.0,1.0,1.0,0.2,0.4,Low,Low
1473504,2025-05-25,2025,2,Gujarat Titans,Chennai Super Kings,JC Buttler,5,7,0,0,71.42857142857143,Chennai Super Kings,33.0,183.3333333333333,34.588235294117645,129.5598109022589,119,43.6,44.0,36.7,3.0,2.0,4.0,2.2,Low,Low
1473504,2025-05-25,2025,2,Gujarat Titans,Chennai Super Kings,M Shahrukh Khan,19,15,0,2,126.66666666666666,Chennai Super Kings,57.0,196.55172413793105,15.217391304347826,157.96709267762904,46,17.0,14.9,13.0,5.0,3.0,1.4,1.0,Low,Low
1473504,2025-05-25,2025,2,Gujarat Titans,Chennai Super Kings,Mohammed Siraj,3,4,0,0,75.0,Chennai Super Kings,12.0,150.0,5.45,79.53946053946053,20,5.4,6.3,7.25,0.0,2.0,0.4,0.4,Low,Low
1473504,2025-05-25,2025,2,Gujarat Titans,Chennai Super Kings,R Sai Kishore,3,7,0,0,42.85714285714285,Chennai Super Kings,1.0,50.0,5.0,122.2222222222222,3,5.0,5.0,0.0,0.0,0.0,0.0,0.6666666666666666,Low,Low
1473504,2025-05-25,2025,2,Gujarat Titans,Chennai Super Kings,R Tewatia,14,10,1,0,140.0,Chennai Super Kings,2.0,66.66666666666666,14.62162162162162,135.55309713248556,74,5.6,10.4,9.25,0.0,0.0,0.2,0.4,Low,Low
1473504,2025-05-25,2025,2,Gujarat Titans,Chennai Super Kings,Rashid Khan,12,8,1,1,150.0,Chennai Super Kings,4.0,100.0,8.953125,122.25102479985291,64,4.4,10.1,16.125,0.0,0.0,0.2,0.2,Low,Low
1473504,2025-05-25,2025,2,Gujarat Titans,Chennai Super Kings,SE Rutherford,0,4,0,0,0.0,Chennai Super Kings,38.0,172.72727272727272,20.72222222222222,144.4005446308078,18,27.6,27.2,6.0,1.0,3.0,1.4,1.8,Low,Low
1473504,2025-05-25,2025,2,Gujarat Titans,Chennai Super Kings,Shubman Gill,13,9,1,1,144.44444444444443,Chennai Super Kings,35.0,175.0,34.392857142857146,125.08702497778133,112,66.2,55.1,30.133333333333333,7.0,0.0,5.6,2.8,Low,Low
1473505,2025-05-25,2025,1,Sunrisers Hyderabad,Kolkata Knight Riders,Abhishek Sharma,32,16,4,2,200.0,Kolkata Knight Riders,34.0,212.5,24.438356164383563,138.70011531365915,73,35.0,37.7,13.4,3.0,3.0,2.2,3.2,Moderate,Low
1473505,2025-05-25,2025,1,Sunrisers Hyderabad,Kolkata Knight Riders,Aniket Verma,12,6,1,1,200.0,Kolkata Knight Riders,26.0,288.88888888888886,20.363636363636363,173.79781465147315,11,13.0,21.7,6.0,1.0,3.0,0.6,1.0,Low,Low
1473505,2025-05-25,2025,1,Sunrisers Hyderabad,Kolkata Knight Riders,H Klaasen,105,38,7,9,276.3157894736842,Kolkata Knight Riders,24.0,184.6153846153846,31.25,158.81310761046169,44,34.4,32.2,30.571428571428573,2.0,2.0,3.4,1.2,High,Low
1473505,2025-05-25,2025,1,Sunrisers Hyderabad,Kolkata Knight Riders,Ishan Kishan,29,20,4,1,145.0,Kolkata Knight Riders,94.0,195.8333333333333,26.74774774774775,116.51243317248225,111,37.4,21.9,25.9,7.0,5.0,3.0,1.6,Moderate,Low
1473505,2025-05-25,2025,1,Sunrisers Hyderabad,Kolkata Knight Riders,TM Head,76,40,6,6,190.0,Kolkata Knight Riders,17.0,170.0,29.72222222222222,135.02298001976243,36,16.8,23.1,19.75,3.0,0.0,2.8,0.0,High,Low
1473505,2025-05-25,2025,2,Kolkata Knight Riders,Sunrisers Hyderabad,A Raghuvanshi,14,18,1,0,77.77777777777779,Sunrisers Hyderabad,1.0,50.0,26.41176470588235,142.03775235628677,17,30.6,28.6,50.0,0.0,0.0,3.2,0.8,Low,Low
1473505,2025-05-25,2025,2,Kolkata Knight Riders,Sunrisers Hyderabad,AD Russell,0,1,0,0,0.0,Sunrisers Hyderabad,38.0,180.95238095238096,23.289473684210527,151.6071280085274,114,30.0,19.1,19.125,4.0,3.0,2.8,2.6,Low,Low
1473505,2025-05-25,2025,2,Kolkata Knight Riders,Sunrisers Hyderabad,AM Rahane,15,8,3,0,187.5,Sunrisers Hyderabad,48.0,145.45454545454547,27.565934065934066,107.53508857859688,182,34.2,31.9,24.571428571428573,4.0,2.0,3.0,1.4,Low,Low
1473505,2025-05-25,2025,2,Kolkata Knight Riders,Sunrisers Hyderabad,Harshit Rana,34,21,2,3,161.9047619047619,Sunrisers Hyderabad,0.0,0.0,2.7777777777777777,61.28747795414462,9,3.6,2.7777777777777777,0.0,0.0,0.0,0.4,0.0,Moderate,Low
1473505,2025-05-25,2025,2,Kolkata Knight Riders,Sunrisers Hyderabad,MK Pandey,37,23,2,3,160.8695652173913,Sunrisers Hyderabad,36.0,128.57142857142858,24.160493827160494,106.48633377385605,162,24.8,23.1,25.071428571428573,1.0,1.0,1.2,1.2,Moderate,Low
1473505,2025-05-25,2025,2,Kolkata Knight Riders,Sunrisers Hyderabad,Q de Kock,9,13,0,0,69.23076923076923,Sunrisers Hyderabad,2.0,50.0,28.721739130434784,115.92935730618352,115,8.4,16.5,28.857142857142858,0.0,0.0,0.0,1.0,Low,Low
1473505,2025-05-25,2025,2,Kolkata Knight Riders,Sunrisers Hyderabad,RK Singh,9,6,0,1,150.0,Sunrisers Hyderabad,9.0,150.0,21.8,142.13930129108616,50,16.6,19.7,32.333333333333336,2.0,0.0,1.4,0.8,Low,Low
1473505,2025-05-25,2025,2,Kolkata Knight Riders,Sunrisers Hyderabad,Ramandeep Singh,13,5,0,2,260.0,Sunrisers Hyderabad,4.0,100.0,10.736842105263158,144.27631578947367,19,5.6,8.4,24.5,0.0,0.0,0.2,0.4,Low,Low
1473505,2025-05-25,2025,2,Kolkata Knight Riders,Sunrisers Hyderabad,SP Narine,31,16,3,3,193.75,Sunrisers Hyderabad,26.0,152.94117647058823,14.948717948717947,125.14204885087833,117,17.0,17.1,8.352941176470589,4.0,1.0,2.0,1.0,Moderate,Low
1473505,2025-05-25,2025,2,Kolkata Knight Riders,Sunrisers Hyderabad,VG Arora,0,1,0,0,0.0,Sunrisers Hyderabad,0.0,0.0,1.125,66.66666666666666,8,1.2,1.125,1.0,0.0,0.0,0.0,0.0,Low,Low
1473506,2025-05-26,2025,1,Mumbai Indians,Punjab Kings,HH Pandya,26,15,2,2,173.33333333333334,Punjab Kings,3.0,50.0,19.25,139.8249141138428,140,15.6,17.7,14.5,0.0,0.0,1.8,0.4,Moderate,Low
1473506,2025-05-26,2025,1,Mumbai Indians,Punjab Kings,MJ Santner,1,1,0,0,100.0,Punjab Kings,0.0,0.0,6.8125,104.64335919928024,16,7.8,5.5,10.0,0.0,0.0,0.4,0.6,Low,Low
1473506,2025-05-26,2025,1,Mumbai Indians,Punjab Kings,Naman Dhir,20,12,0,2,166.66666666666669,Punjab Kings,24.0,300.0,20.375,158.0221154118213,16,18.8,24.8,0.0,2.0,2.0,1.8,1.2,Moderate,Low
1473506,2025-05-26,2025,1,Mumbai Indians,Punjab Kings,RD Rickelton,27,20,5,0,135.0,Punjab Kings,25.0,138.88888888888889,27.76923076923077,148.21315672631462,13,31.4,28.0,0.0,0.0,2.0,3.0,1.8,Moderate,Low
1473506,2025-05-26,2025,1,Mumbai Indians,Punjab Kings,RG Sharma,24,21,2,1,114.28571428571428,Punjab Kings,5.0,100.0,26.268939393939394,113.84995023275688,264,29.4,29.7,29.83333333333333,1.0,0.0,3.8,1.0,Moderate,Low
1473506,2025-05-26,2025,1,Mumbai Indians,Punjab Kings,SA Yadav,57,39,6,2,146.15384615384613,Punjab Kings,73.0,169.7674418604651,28.033557046979865,137.64584933427358,149,50.0,47.9,46.16666666666666,7.0,4.0,5.0,2.6,High,Low
1473506,2025-05-26,2025,1,Mumbai Indians,Punjab Kings,Tilak Varma,1,4,0,0,25.0,Punjab Kings,27.0,100.0,29.77083333333333,136.599777234873,48,12.6,27.3,24.75,1.0,1.0,0.8,0.2,Low,Low
1473506,2025-05-26,2025,1,Mumbai Indians,Punjab Kings,WG Jacks,17,8,2,1,212.5,Punjab Kings,21.0,161.53846153846155,24.77777777777778,132.95782200929037,18,32.2,21.6,12.0,3.0,1.0,3.2,1.6,Low,Low
1473506,2025-05-26,2025,2,Punjab Kings,Mumbai Indians,JP Inglis,73,42,9,3,173.80952380952382,Mumbai Indians,32.0,266.66666666666663,17.714285714285715,150.0800320128051,7,21.6,17.714285714285715,0.0,3.0,2.0,1.8,1.4,High,Low
1473506,2025-05-26,2025,2,Punjab Kings,Mumbai Indians,N Wadhera,2,2,0,0,100.0,Mumbai Indians,16.0,100.0,23.925925925925927,137.2709618510377,27,22.4,25.3,0.0,1.0,0.0,1.8,1.2,Low,Low
1473506,2025-05-26,2025,2,Punjab Kings,Mumbai Indians,P Simran Singh,13,16,1,1,81.25,Mumbai Indians,28.0,155.55555555555557,26.916666666666668,134.10772111955467,48,48.8,44.5,11.666666666666666,4.0,1.0,5.0,2.4,Low,Low
1473506,2025-05-26,2025,2,Punjab Kings,Mumbai Indians,Priyansh Arya,62,35,9,2,177.14285714285714,Mumbai Indians,6.0,66.66666666666666,30.857142857142858,148.10217772886085,14,21.8,27.4,0.0,1.0,0.0,2.4,1.2,High,Low
1473506,2025-05-26,2025,2,Punjab Kings,Mumbai Indians,SS Iyer,26,16,1,2,162.5,Mumbai Indians,53.0,160.6060606060606,28.2734375,117.6360219206978,128,45.0,32.9,21.55555555555556,5.0,2.0,4.0,1.8,Moderate,Low
1473507,2025-05-27,2025,1,Lucknow Super Giants,Royal Challengers Bengaluru,Abdul Samad,1,1,0,0,100.0,Royal Challengers Bengaluru,3.0,50.0,14.549019607843135,137.87154786588317,51,16.4,14.1,23.5,0.0,0.0,0.4,1.6,Low,Low
1473507,2025-05-27,2025,1,Lucknow Super Giants,Royal Challengers Bengaluru,MP Breetzke,14,12,1,1,116.66666666666669,Royal Challengers Bengaluru,0.0,0.0,0.0,0.0,0,0.0,0.0,0.0,0.0,0.0,0.0,0.0,Low,Low
1473507,2025-05-27,2025,1,Lucknow Super Giants,Royal Challengers Bengaluru,MR Marsh,67,36,4,5,186.11111111111111,Royal Challengers Bengaluru,117.0,182.8125,25.52083333333333,112.24670434328168,48,52.2,43.6,0.0,10.0,8.0,4.4,3.0,High,Low
1473507,2025-05-27,2025,1,Lucknow Super Giants,Royal Challengers Bengaluru,N Pooran,13,10,1,0,130.0,Royal Challengers Bengaluru,56.0,215.3846153846154,26.20689655172414,146.04728947765076,87,28.6,32.2,40.0,4.0,5.0,2.8,1.8,Low,Low
1473507,2025-05-27,2025,1,Lucknow Super Giants,Royal Challengers Bengaluru,RR Pant,118,61,11,8,193.44262295081967,Royal Challengers Bengaluru,16.0,266.66666666666663,27.584,130.9430068766372,125,9.0,13.6,0.0,0.0,2.0,0.8,0.6,High,Low
1473507,2025-05-27,2025,2,Royal Challengers Bengaluru,Lucknow Super Giants,JM Sharma,85,32,8,6,265.625,Lucknow Super Giants,24.0,160.0,19.6,143.12473911289737,45,12.8,18.4,8.5,1.0,2.0,1.2,0.6,High,Low
1473507,2025-05-27,2025,2,Royal Challengers Bengaluru,Lucknow Super Giants,LS Livingstone,0,1,0,0,0.0,Lucknow Super Giants,4.0,66.66666666666666,22.8,130.88006306576924,45,14.4,11.5,23.0,1.0,0.0,0.4,1.2,Low,Low
1473507,2025-05-27,2025,2,Royal Challengers Bengaluru,Lucknow Super Giants,MA Agarwal,41,23,5,0,178.26086956521738,Lucknow Super Giants,11.0,110.0,21.788617886178866,116.96554305667875,123,15.0,23.2,16.5,1.0,0.0,1.8,0.2,High,Low
1473507,2025-05-27,2025,2,Royal Challengers Bengaluru,Lucknow Super Giants,PD Salt,30,19,6,0,157.89473684210526,Lucknow Super Giants,62.0,200.0,30.774193548387096,148.12837225249635,31,31.6,30.1,60.5,4.0,5.0,2.8,2.2,Moderate,Low
1473507,2025-05-27,2025,2,Royal Challengers Bengaluru,Lucknow Super Giants,RM Patidar,14,7,1,1,200.0,Lucknow Super Giants,18.0,112.5,30.17142857142857,133.67713804995765,35,9.6,22.3,70.5,1.0,0.0,0.8,0.0,Low,Low
1473507,2025-05-27,2025,2,Royal Challengers Bengaluru,Lucknow Super Giants,V Kohli,54,30,10,0,180.0,Lucknow Super Giants,43.0,172.0,33.18604651162791,119.76825651038996,258,59.8,45.8,27.8,7.0,1.0,6.2,1.8,High,Low
1473508,2025-05-29,2025,1,Punjab Kings,Royal Challengers Bengaluru,Azmatullah Omarzai,18,12,1,1,150.0,Royal Challengers Bengaluru,1.0,33.33333333333333,11.428571428571429,116.83982683982684,7,10.4,11.428571428571429,0.0,0.0,0.0,1.0,0.6,Low,Low
1473508,2025-05-29,2025,1,Punjab Kings,Royal Challengers Bengaluru,Harpreet Brar,4,11,0,0,36.36363636363637,Royal Challengers Bengaluru,7.0,350.0,9.6,128.86049059299833,25,15.4,8.4,2.0,0.0,1.0,1.6,0.6,Low,Low
1473508,2025-05-29,2025,1,Punjab Kings,Royal Challengers Bengaluru,JP Inglis,4,7,0,0,57.14285714285714,Royal Challengers Bengaluru,73.0,173.80952380952382,24.625,153.04621848739495,8,30.4,24.625,21.5,9.0,3.0,3.2,1.8,Low,Low
1473508,2025-05-29,2025,1,Punjab Kings,Royal Challengers Bengaluru,KA Jamieson,0,3,0,0,0.0,Royal Challengers Bengaluru,2.0,100.0,9.285714285714286,130.02830502830503,7,9.8,9.285714285714286,0.0,0.0,0.0,0.6,0.6,Low,Low
1473508,2025-05-29,2025,1,Punjab Kings,Royal Challengers Bengaluru,MP Stoinis,26,17,2,2,152.94117647058823,Royal Challengers Bengaluru,44.0,293.3333333333333,20.75,124.4197077468388,96,20.2,15.9,10.666666666666666,3.0,4.0,1.0,2.0,Moderate,Low
1473508,2025-05-29,2025,1,Punjab Kings,Royal Challengers Bengaluru,Musheer Khan,0,3,0,0,0.0,Royal Challengers Bengaluru,0.0,0.0,0.0,0.0,0,0.0,0.0,0.0,0.0,0.0,0.0,0.0,Low,Low
1473508,2025-05-29,2025,1,Punjab Kings,Royal Challengers Bengaluru,N Wadhera,8,9,1,0,88.88888888888889,Royal Challengers Bengaluru,2.0,100.0,23.142857142857142,135.93985607064351,28,21.8,19.3,19.0,0.0,0.0,1.8,1.2,Low,Low
1473508,2025-05-29,2025,1,Punjab Kings,Royal Challengers Bengaluru,P Simran Singh,18,10,2,1,180.0,Royal Challengers Bengaluru,13.0,81.25,26.632653061224488,133.0289921171148,49,40.6,41.6,19.25,1.0,1.0,4.2,2.0,Low,Low
1473508,2025-05-29,2025,1,Punjab Kings,Royal Challengers Bengaluru,Priyansh Arya,7,5,1,0,140.0,Royal Challengers Bengaluru,62.0,177.14285714285714,32.93333333333333,150.03822302312727,15,29.6,30.0,19.0,9.0,2.0,3.2,1.6,Low,Low
1473508,2025-05-29,2025,1,Punjab Kings,Royal Challengers Bengaluru,SS Iyer,2,3,0,0,66.66666666666666,Royal Challengers Bengaluru,26.0,162.5,28.25581395348837,117.98380469650635,129,45.2,34.6,25.5,1.0,2.0,4.0,2.0,Low,Low
1473508,2025-05-29,2025,1,Punjab Kings,Royal Challengers Bengaluru,Shashank Singh,3,5,0,0,60.0,Royal Challengers Bengaluru,11.0,110.0,23.566666666666663,140.23505894067972,30,31.4,24.0,22.5,0.0,0.0,2.2,1.2,Low,Low
1473508,2025-05-29,2025,2,Royal Challengers Bengaluru,Punjab Kings,MA Agarwal,19,13,2,1,146.15384615384613,Punjab Kings,41.0,178.26086956521738,21.943548387096776,117.45986020594115,124,16.8,27.1,21.0,5.0,0.0,2.0,0.0,Low,Low
1473508,2025-05-29,2025,2,Royal Challengers Bengaluru,Punjab Kings,PD Salt,56,27,6,3,207.4074074074074,Punjab Kings,30.0,157.89473684210526,30.75,148.43357114592163,32,24.6,27.5,25.4,6.0,0.0,3.0,1.0,High,Low
1473508,2025-05-29,2025,2,Royal Challengers Bengaluru,Punjab Kings,RM Patidar,15,8,1,1,187.5,Punjab Kings,14.0,200.0,29.72222222222222,135.51943977079216,36,10.0,18.6,27.5,1.0,1.0,0.8,0.2,Low,Low
1473508,2025-05-29,2025,2,Royal Challengers Bengaluru,Punjab Kings,V Kohli,12,12,2,0,100.0,Punjab Kings,54.0,180.0,33.26640926640927,120.00081150455831,259,56.0,50.5,47.0,10.0,0.0,6.8,1.6,Low,Low
1473509,2025-05-30,2025,1,Mumbai Indians,Gujarat Titans,HH Pandya,22,9,0,3,244.44444444444449,Gujarat Titans,26.0,173.33333333333334,19.29787234042553,140.06256247710158,141,16.6,18.7,7.666666666666667,2.0,2.0,1.6,0.6,Moderate,Low
1473509,2025-05-30,2025,1,Mumbai Indians,Gujarat Titans,JM Bairstow,47,22,4,3,213.63636363636363,Gujarat Titans,14.0,63.63636363636363,31.78,130.8275863664369,50,40.4,28.9,10.333333333333334,1.0,0.0,4.2,2.2,High,Low
1473509,2025-05-30,2025,1,Mumbai Indians,Gujarat Titans,MJ Santner,0,2,0,0,0.0,Gujarat Titans,1.0,100.0,6.470588235294118,104.370220422852,17,5.8,5.5,5.0,0.0,0.0,0.2,0.6,Low,Low
1473509,2025-05-30,2025,1,Mumbai Indians,Gujarat Titans,Naman Dhir,9,6,0,1,150.0,Gujarat Titans,20.0,166.66666666666669,20.352941176470587,158.53061842681225,17,15.2,20.6,15.0,0.0,2.0,1.0,1.2,Low,Low
1473509,2025-05-30,2025,1,Mumbai Indians,Gujarat Titans,RG Sharma,81,50,9,4,162.0,Gujarat Titans,24.0,114.28571428571428,26.260377358490565,113.85159462540956,265,20.2,30.8,20.0,2.0,1.0,2.6,0.6,High,Low
1473509,2025-05-30,2025,1,Mumbai Indians,Gujarat Titans,SA Yadav,33,20,1,3,165.0,Gujarat Titans,57.0,146.15384615384613,28.226666666666667,137.70256931307074,150,53.4,46.9,47.16666666666666,6.0,2.0,5.2,2.6,Moderate,Low
1473509,2025-05-30,2025,1,Mumbai Indians,Gujarat Titans,Tilak Varma,25,11,0,3,227.27272727272728,Gujarat Titans,1.0,25.0,29.18367346938776,134.3222307606919,49,8.6,24.3,22.83333333333333,0.0,0.0,0.4,0.2,Moderate,Low
1473509,2025-05-30,2025,2,Gujarat Titans,Mumbai Indians,B Sai Sudharsan,80,49,10,1,163.26530612244898,Mumbai Indians,41.0,146.42857142857142,43.92307692307692,138.6468657522253,39,44.6,48.8,34.0,6.0,0.0,6.4,0.8,High,Low
1473509,2025-05-30,2025,2,Gujarat Titans,Mumbai Indians,BKG Mendis,20,10,1,2,200.0,Mumbai Indians,0.0,0.0,0.0,0.0,0,0.0,0.0,0.0,0.0,0.0,0.0,0.0,Moderate,Low
1473509,2025-05-30,2025,2,Gujarat Titans,Mumbai Indians,M Shahrukh Khan,13,7,0,1,185.7142857142857,Mumbai Indians,19.0,126.66666666666666,15.297872340425531,157.3011261667575,47,18.6,16.6,10.0,0.0,2.0,1.4,1.2,Low,Low
1473509,2025-05-30,2025,2,Gujarat Titans,Mumbai Indians,R Tewatia,16,11,1,1,145.45454545454547,Mumbai Indians,14.0,140.0,14.613333333333332,135.61238917071907,75,8.4,8.3,12.0,1.0,0.0,0.4,0.4,Low,Low
1473509,2025-05-30,2025,2,Gujarat Titans,Mumbai Indians,Rashid Khan,0,2,0,0,0.0,Mumbai Indians,12.0,150.0,9.0,122.67793211062444,65,4.4,8.2,8.5,1.0,1.0,0.2,0.2,Low,Low
1473509,2025-05-30,2025,2,Gujarat Titans,Mumbai Indians,SE Rutherford,24,15,4,0,160.0,Mumbai Indians,0.0,0.0,19.63157894736842,136.80051596602843,19,26.2,26.7,23.0,0.0,0.0,1.4,1.6,Moderate,Low
1473509,2025-05-30,2025,2,Gujarat Titans,Mumbai Indians,Shubman Gill,1,2,0,0,50.0,Mumbai Indians,13.0,144.44444444444443,34.203539823008846,125.25832957483144,113,52.0,50.3,37.21428571428572,1.0,1.0,4.8,2.2,Low,Low
1473509,2025-05-30,2025,2,Gujarat Titans,Mumbai Indians,Washington Sundar,48,24,5,3,200.0,Mumbai Indians,21.0,131.25,11.023809523809524,108.57920905350905,42,17.0,14.5,6.125,0.0,1.0,1.0,0.8,High,Low
1473510,2025-06-01,2025,1,Mumbai Indians,Punjab Kings,HH Pandya,15,13,1,1,115.38461538461536,Punjab Kings,22.0,244.44444444444449,19.316901408450704,140.79764615292794,142,20.0,19.8,16.142857142857142,0.0,3.0,1.6,1.2,Low,Low
1473510,2025-06-01,2025,1,Mumbai Indians,Punjab Kings,JM Bairstow,38,24,3,2,158.33333333333331,Punjab Kings,47.0,213.63636363636363,32.07843137254902,132.4512878815335,51,28.2,32.8,63.0,4.0,3.0,3.4,1.0,Moderate,Low
1473510,2025-06-01,2025,1,Mumbai Indians,Punjab Kings,MJ Santner,0,1,0,0,0.0,Punjab Kings,0.0,0.0,6.111111111111111,98.57187484380466,18,2.2,5.4,7.0,0.0,0.0,0.0,0.2,Low,Low
1473510,2025-06-01,2025,1,Mumbai Indians,Punjab Kings,Naman Dhir,37,18,7,0,205.55555555555557,Punjab Kings,9.0,150.0,19.72222222222222,158.0566951808782,18,17.0,19.8,20.0,0.0,1.0,1.0,1.4,Moderate,Low
1473510,2025-06-01,2025,1,Mumbai Indians,Punjab Kings,RA Bawa,8,4,0,0,200.0,Punjab Kings,11.0,84.61538461538461,5.5,42.30769230769231,2,5.5,5.5,0.0,1.0,0.0,0.5,0.0,Low,Low
1473510,2025-06-01,2025,1,Mumbai Indians,Punjab Kings,RG Sharma,8,7,1,0,114.28571428571428,Punjab Kings,81.0,162.0,26.466165413533837,114.03260366817116,266,34.0,37.2,29.0,9.0,4.0,4.4,1.0,Low,Low
1473510,2025-06-01,2025,1,Mumbai Indians,Punjab Kings,SA Yadav,44,26,4,3,169.23076923076923,Punjab Kings,33.0,165.0,28.258278145695364,137.88334699973913,151,49.2,47.4,47.71428571428572,1.0,3.0,4.6,2.4,High,Low
1473510,2025-06-01,2025,1,Mumbai Indians,Punjab Kings,Tilak Varma,44,27,2,2,162.96296296296296,Punjab Kings,25.0,227.27272727272728,29.1,136.1812406909326,50,13.2,22.9,20.0,0.0,3.0,0.4,0.8,High,Low
1473510,2025-06-01,2025,2,Punjab Kings,Mumbai Indians,JP Inglis,38,21,5,2,180.95238095238096,Mumbai Indians,4.0,57.14285714285714,22.33333333333333,142.39028944911297,9,29.0,22.33333333333333,73.0,0.0,0.0,2.8,1.8,Moderate,Low
1473510,2025-06-01,2025,2,Punjab Kings,Mumbai Indians,MP Stoinis,2,2,0,0,100.0,Mumbai Indians,26.0,152.94117647058823,20.804123711340207,124.71374350687744,97,18.6,18.0,24.285714285714285,2.0,2.0,1.2,1.6,Low,Low
1473510,2025-06-01,2025,2,Punjab Kings,Mumbai Indians,N Wadhera,48,29,4,2,165.51724137931035,Mumbai Indians,8.0,88.88888888888889,22.620689655172413,134.31740892644507,29,22.4,19.2,2.0,1.0,0.0,1.8,1.2,High,Low
1473510,2025-06-01,2025,2,Punjab Kings,Mumbai Indians,P Simran Singh,6,9,1,0,66.66666666666666,Mumbai Indians,18.0,180.0,26.46,133.9684122747725,50,26.0,40.4,12.0,2.0,1.0,3.4,0.8,Low,Low
1473510,2025-06-01,2025,2,Punjab Kings,Mumbai Indians,Priyansh Arya,20,10,2,1,200.0,Mumbai Indians,7.0,140.0,31.3125,149.41083408418183,16,30.8,28.5,62.0,1.0,0.0,3.4,1.6,Moderate,Low
1473510,2025-06-01,2025,2,Punjab Kings,Mumbai Indians,SS Iyer,87,40,5,8,217.5,Mumbai Indians,2.0,66.66666666666666,28.053846153846155,117.5890574808922,130,31.2,26.6,21.789473684210527,0.0,0.0,3.0,1.2,High,Low
1473510,2025-06-01,2025,2,Punjab Kings,Mumbai Indians,Shashank Singh,2,3,0,0,66.66666666666666,Mumbai Indians,3.0,60.0,22.90322580645161,137.64683123291587,31,25.8,23.3,41.0,0.0,0.0,2.0,1.2,Low,Low
1473511,2025-06-03,2025,1,Royal Challengers Bengaluru,Punjab Kings,B Kumar,1,2,0,0,50.0,Punjab Kings,3.0,150.0,4.557142857142857,83.97895358609645,70,2.6,3.6,4.5,0.0,0.0,0.2,0.0,Low,Low
1473511,2025-06-03,2025,1,Royal Challengers Bengaluru,Punjab Kings,JM Sharma,24,10,2,2,240.0,Punjab Kings,85.0,265.625,21.02173913043478,145.787788262617,46,29.4,23.7,6.5,8.0,6.0,2.8,1.8,Moderate,Low
1473511,2025-06-03,2025,1,Royal Challengers Bengaluru,Punjab Kings,KH Pandya,4,5,0,0,80.0,Punjab Kings,8.0,133.33333333333331,15.50442477876106,120.6897998365543,113,21.0,16.4,12.833333333333334,2.0,0.0,1.8,0.8,Low,Low
1473511,2025-06-03,2025,1,Royal Challengers Bengaluru,Punjab Kings,LS Livingstone,25,15,0,2,166.66666666666669,Punjab Kings,0.0,0.0,22.30434782608696,128.0348443034699,46,12.4,9.4,14.5,0.0,0.0,0.4,1.0,Moderate,Low
1473511,2025-06-03,2025,1,Royal Challengers Bengaluru,Punjab Kings,MA Agarwal,24,18,2,1,133.33333333333331,Punjab Kings,19.0,146.15384615384613,21.92,117.6894120935244,125,18.4,24.1,20.0,2.0,1.0,2.2,0.2,Moderate,Low
1473511,2025-06-03,2025,1,Royal Challengers Bengaluru,Punjab Kings,PD Salt,16,9,2,1,177.77777777777777,Punjab Kings,56.0,207.4074074074074,31.51515151515152,150.22065709323937,33,35.0,29.9,30.5,6.0,3.0,4.0,1.6,Low,Low
1473511,2025-06-03,2025,1,Royal Challengers Bengaluru,Punjab Kings,R Shepherd,17,9,1,1,188.88888888888889,Punjab Kings,0.0,0.0,15.272727272727272,151.52181152181151,11,11.2,14.4,13.5,0.0,0.0,0.8,1.2,Low,Low
1473511,2025-06-03,2025,1,Royal Challengers Bengaluru,Punjab Kings,RM Patidar,26,16,1,2,162.5,Punjab Kings,15.0,187.5,29.324324324324323,136.92431977698698,37,12.8,18.9,25.714285714285715,1.0,1.0,1.0,0.4,Moderate,Low
1473511,2025-06-03,2025,1,Royal Challengers Bengaluru,Punjab Kings,V Kohli,43,35,3,0,122.85714285714286,Punjab Kings,12.0,100.0,33.184615384615384,119.92388530646387,260,44.4,45.0,43.5,2.0,0.0,5.6,1.2,High,Low
1473511,2025-06-03,2025,1,Royal Challengers Bengaluru,Punjab Kings,Yash Dayal,1,1,0,0,100.0,Punjab Kings,3.0,50.0,1.0,16.666666666666668,3,1.0,1.0,0.0,0.0,0.0,0.0,0.0,Low,Low
1473511,2025-06-03,2025,2,Punjab Kings,Royal Challengers Bengaluru,Azmatullah Omarzai,1,2,0,0,50.0,Royal Challengers Bengaluru,18.0,150.0,12.25,120.98484848484848,8,11.4,12.25,18.0,1.0,1.0,1.2,0.6,Low,Low
1473511,2025-06-03,2025,2,Punjab Kings,Royal Challengers Bengaluru,JP Inglis,39,23,1,4,169.56521739130434,Royal Challengers Bengaluru,38.0,180.95238095238096,23.9,146.24649859943978,10,35.4,23.9,15.666666666666666,5.0,2.0,3.6,2.2,Moderate,Low
1473511,2025-06-03,2025,2,Punjab Kings,Royal Challengers Bengaluru,KA Jamieson,0,2,0,0,0.0,Royal Challengers Bengaluru,0.0,0.0,8.125,113.7747668997669,8,7.6,8.125,0.0,0.0,0.0,0.4,0.4,Low,Low
1473511,2025-06-03,2025,2,Punjab Kings,Royal Challengers Bengaluru,MP Stoinis,6,2,0,1,300.0,Royal Challengers Bengaluru,2.0,100.0,20.612244897959183,124.46156245068482,98,17.6,15.4,14.5,0.0,0.0,1.2,1.4,Low,Low
1473511,2025-06-03,2025,2,Punjab Kings,Royal Challengers Bengaluru,N Wadhera,15,18,0,1,83.33333333333334,Royal Challengers Bengaluru,48.0,165.51724137931035,23.466666666666665,135.35740334154056,30,28.8,21.3,15.333333333333334,4.0,2.0,2.2,1.4,Low,Low
1473511,2025-06-03,2025,2,Punjab Kings,Royal Challengers Bengaluru,P Simran Singh,26,22,0,2,118.1818181818182,Royal Challengers Bengaluru,6.0,66.66666666666666,26.058823529411764,132.6487702040253,51,17.2,39.7,19.0,1.0,0.0,2.2,0.8,Moderate,Low
1473511,2025-06-03,2025,2,Punjab Kings,Royal Challengers Bengaluru,Priyansh Arya,24,19,4,0,126.3157894736842,Royal Challengers Bengaluru,20.0,200.0,30.647058823529413,152.3866673733476,17,20.8,28.9,15.0,2.0,1.0,2.8,0.6,Moderate,Low
1473511,2025-06-03,2025,2,Punjab Kings,Royal Challengers Bengaluru,SS Iyer,1,2,0,0,50.0,Royal Challengers Bengaluru,87.0,217.5,28.50381679389313,118.35173643141974,131,39.6,35.3,20.8,5.0,8.0,3.2,2.4,Low,Low
1473511,2025-06-03,2025,2,Punjab Kings,Royal Challengers Bengaluru,Shashank Singh,61,30,3,6,203.3333333333333,Royal Challengers Bengaluru,2.0,66.66666666666666,22.25,135.4287010902206,32,21.6,18.3,18.6,0.0,0.0,1.8,0.8,High,Low
1527674,2026-03-28,2026,1,Sunrisers Hyderabad,Royal Challengers Bengaluru,Abhishek Sharma,7,8,0,1,87.5,Royal Challengers Bengaluru,32.0,200.0,24.54054054054054,139.52849213374483,74,39.8,40.8,33.0,4.0,2.0,3.0,3.4,Low,Low
1527674,2026-03-28,2026,1,Sunrisers Hyderabad,Royal Challengers Bengaluru,Aniket Verma,43,18,3,4,238.88888888888889,Royal Challengers Bengaluru,12.0,200.0,19.666666666666668,175.98133009718376,12,13.0,19.3,26.0,1.0,1.0,0.6,1.2,High,Low
1527674,2026-03-28,2026,1,Sunrisers Hyderabad,Royal Challengers Bengaluru,DA Payne,6,5,0,0,120.0,Royal Challengers Bengaluru,0.0,0.0,0.0,0.0,0,0.0,0.0,0.0,0.0,0.0,0.0,0.0,Low,Low
1527674,2026-03-28,2026,1,Sunrisers Hyderabad,Royal Challengers Bengaluru,H Klaasen,31,22,2,1,140.9090909090909,Royal Challengers Bengaluru,105.0,276.3157894736842,32.888888888888886,161.4242783185333,45,41.2,39.5,32.666666666666664,7.0,9.0,3.0,2.6,Moderate,Low
1527674,2026-03-28,2026,1,Sunrisers Hyderabad,Royal Challengers Bengaluru,HV Patel,0,2,0,0,0.0,Royal Challengers Bengaluru,1.0,100.0,6.585365853658536,100.32021859855432,41,4.2,4.0,0.0,0.0,0.0,0.0,0.0,Low,Low
1527674,2026-03-28,2026,1,Sunrisers Hyderabad,Royal Challengers Bengaluru,Harsh Dubey,3,3,0,0,100.0,Royal Challengers Bengaluru,0.0,0.0,0.0,0.0,0,0.0,0.0,0.0,0.0,0.0,0.0,0.0,Low,Low
1527674,2026-03-28,2026,1,Sunrisers Hyderabad,Royal Challengers Bengaluru,Ishan Kishan,80,38,8,5,210.52631578947367,Royal Challengers Bengaluru,29.0,145.0,26.767857142857142,116.76678644772792,112,43.0,24.6,81.5,4.0,1.0,3.8,1.8,High,Low
1527674,2026-03-28,2026,1,Sunrisers Hyderabad,Royal Challengers Bengaluru,JD Unadkat,4,3,0,0,133.33333333333331,Royal Challengers Bengaluru,4.0,36.36363636363637,7.296296296296297,118.19903891799316,27,4.8,7.9,8.0,0.0,0.0,0.4,0.2,Low,Low
1527674,2026-03-28,2026,1,Sunrisers Hyderabad,Royal Challengers Bengaluru,Nithish Kumar Reddy,1,6,0,0,16.666666666666664,Royal Challengers Bengaluru,4.0,57.14285714285714,22.045454545454547,124.94137682372975,22,10.2,15.2,8.5,0.0,0.0,0.8,0.4,Low,Low
1527674,2026-03-28,2026,1,Sunrisers Hyderabad,Royal Challengers Bengaluru,S Arora,9,6,0,1,150.0,Royal Challengers Bengaluru,0.0,0.0,0.0,0.0,0,0.0,0.0,0.0,0.0,0.0,0.0,0.0,Low,Low
1527674,2026-03-28,2026,1,Sunrisers Hyderabad,Royal Challengers Bengaluru,TM Head,11,9,2,0,122.22222222222224,Royal Challengers Bengaluru,76.0,190.0,30.97297297297297,136.5088454246337,37,26.4,26.0,40.0,6.0,6.0,3.4,1.2,Low,Low
1527674,2026-03-28,2026,2,Royal Challengers Bengaluru,Sunrisers Hyderabad,D Padikkal,61,26,7,4,234.6153846153846,Sunrisers Hyderabad,17.0,113.33333333333331,24.405405405405407,105.64518638856876,74,33.6,24.7,22.428571428571427,1.0,1.0,3.2,1.8,High,Low
1527674,2026-03-28,2026,2,Royal Challengers Bengaluru,Sunrisers Hyderabad,JM Sharma,0,1,0,0,0.0,Sunrisers Hyderabad,24.0,240.0,21.08510638297872,147.79230340596558,47,32.0,24.9,18.166666666666668,2.0,2.0,3.2,2.0,Low,Low
1527674,2026-03-28,2026,2,Royal Challengers Bengaluru,Sunrisers Hyderabad,PD Salt,8,7,2,0,114.28571428571428,Sunrisers Hyderabad,16.0,177.77777777777777,31.058823529411764,151.0311606427846,34,38.0,30.1,43.75,2.0,1.0,4.4,1.8,Low,Low
1527674,2026-03-28,2026,2,Royal Challengers Bengaluru,Sunrisers Hyderabad,RM Patidar,31,12,2,3,258.33333333333337,Sunrisers Hyderabad,26.0,162.5,29.23684210526316,137.59736399338203,38,16.8,15.1,31.25,1.0,2.0,1.0,0.8,Moderate,Low
1527674,2026-03-28,2026,2,Royal Challengers Bengaluru,Sunrisers Hyderabad,TH David,16,10,1,1,160.0,Sunrisers Hyderabad,1.0,20.0,19.227272727272727,154.77899365934124,44,19.0,18.7,26.25,0.0,0.0,2.0,1.0,Low,Low
1527674,2026-03-28,2026,2,Royal Challengers Bengaluru,Sunrisers Hyderabad,V Kohli,69,38,5,5,181.57894736842107,Sunrisers Hyderabad,43.0,122.85714285714286,33.22222222222222,119.9351238411408,261,42.8,47.1,32.4,3.0,0.0,5.4,1.2,High,Low
1527675,2026-03-29,2026,1,Kolkata Knight Riders,Mumbai Indians,A Raghuvanshi,51,29,6,2,175.86206896551724,Mumbai Indians,14.0,77.77777777777779,25.72222222222222,138.46775376859185,18,26.0,27.0,19.5,1.0,0.0,2.4,0.6,High,Low
1527675,2026-03-29,2026,1,Kolkata Knight Riders,Mumbai Indians,AM Rahane,67,40,3,5,167.5,Mumbai Indians,15.0,187.5,27.49726775956284,107.97205530767556,183,33.8,31.6,27.807692307692307,3.0,0.0,3.4,1.2,High,Low
1527675,2026-03-29,2026,1,Kolkata Knight Riders,Mumbai Indians,C Green,18,10,1,1,180.0,Mumbai Indians,27.0,128.57142857142858,25.25,135.15999636219024,28,28.8,23.4,0.0,2.0,1.0,2.2,1.4,Low,Low
1527675,2026-03-29,2026,1,Kolkata Knight Riders,Mumbai Indians,FH Allen,37,17,6,2,217.6470588235294,Mumbai Indians,0.0,0.0,0.0,0.0,0,0.0,0.0,0.0,0.0,0.0,0.0,0.0,Moderate,Low
1527675,2026-03-29,2026,1,Kolkata Knight Riders,Mumbai Indians,RK Singh,33,20,4,0,165.0,Mumbai Indians,9.0,150.0,21.54901960784314,142.29343263831976,51,18.0,19.4,13.714285714285714,0.0,1.0,1.4,1.0,Moderate,Low
1527675,2026-03-29,2026,1,Kolkata Knight Riders,Mumbai Indians,Ramandeep Singh,4,4,0,0,100.0,Mumbai Indians,13.0,260.0,10.85,150.0625,20,3.8,9.1,13.666666666666666,0.0,2.0,0.0,0.4,Low,Low
1527675,2026-03-29,2026,2,Mumbai Indians,Kolkata Knight Riders,HH Pandya,18,11,3,0,163.63636363636363,Kolkata Knight Riders,15.0,115.38461538461536,19.286713286713287,140.61993265105164,143,13.4,18.5,28.214285714285715,1.0,1.0,0.6,1.2,Low,Low
1527675,2026-03-29,2026,2,Mumbai Indians,Kolkata Knight Riders,Naman Dhir,5,2,1,0,250.0,Kolkata Knight Riders,37.0,205.55555555555557,20.63157894736842,160.55663520059804,19,19.4,21.7,14.0,7.0,0.0,2.0,1.0,Low,Low
1527675,2026-03-29,2026,2,Mumbai Indians,Kolkata Knight Riders,RD Rickelton,81,43,4,8,188.3720930232558,Kolkata Knight Riders,27.0,135.0,27.714285714285715,147.26935981729213,14,34.6,29.7,62.0,5.0,0.0,3.6,1.8,High,Low
1527675,2026-03-29,2026,2,Mumbai Indians,Kolkata Knight Riders,RG Sharma,78,37,6,6,210.8108108108108,Kolkata Knight Riders,8.0,114.28571428571428,26.39700374531835,114.03355164801216,267,25.0,36.2,31.852941176470587,1.0,0.0,2.8,1.0,High,Low
1527675,2026-03-29,2026,2,Mumbai Indians,Kolkata Knight Riders,SA Yadav,16,8,3,0,200.0,Kolkata Knight Riders,44.0,169.23076923076923,28.36184210526316,138.08958004073276,152,48.4,47.8,36.46153846153846,4.0,3.0,4.6,2.4,Low,Low
1527675,2026-03-29,2026,2,Mumbai Indians,Kolkata Knight Riders,Tilak Varma,20,14,4,0,142.85714285714286,Kolkata Knight Riders,44.0,162.96296296296296,29.392156862745097,136.7063725001881,51,20.8,24.8,22.0,2.0,2.0,0.6,1.2,Moderate,Low
1527676,2026-03-30,2026,1,Chennai Super Kings,Rajasthan Royals,A Kamboj,7,9,1,0,77.77777777777779,Rajasthan Royals,5.0,166.66666666666669,2.6666666666666665,136.11111111111111,6,2.8,2.6666666666666665,5.0,1.0,0.0,0.4,0.0,Low,Low
1527676,2026-03-30,2026,1,Chennai Super Kings,Rajasthan Royals,A Mhatre,0,1,0,0,0.0,Rajasthan Royals,34.0,200.0,34.285714285714285,156.96115288220548,7,35.6,34.285714285714285,43.0,3.0,3.0,4.2,1.8,Low,Low
1527676,2026-03-30,2026,1,Chennai Super Kings,Rajasthan Royals,J Overton,43,36,2,2,119.44444444444444,Rajasthan Royals,4.0,133.33333333333331,7.5,204.16666666666663,2,7.5,7.5,11.0,1.0,0.0,0.5,0.5,High,Low
1527676,2026-03-30,2026,1,Chennai Super Kings,Rajasthan Royals,Kartik Sharma,18,15,0,1,120.0,Rajasthan Royals,0.0,0.0,0.0,0.0,0,0.0,0.0,0.0,0.0,0.0,0.0,0.0,Low,Low
1527676,2026-03-30,2026,1,Chennai Super Kings,Rajasthan Royals,MJ Henry,5,7,1,0,71.42857142857143,Rajasthan Royals,0.0,0.0,0.0,0.0,0,0.0,0.0,0.0,0.0,0.0,0.0,0.0,Low,Low
1527676,2026-03-30,2026,1,Chennai Super Kings,Rajasthan Royals,MW Short,2,7,0,0,28.57142857142857,Rajasthan Royals,27.0,103.84615384615384,19.5,111.001776001776,6,23.2,19.5,0.0,2.0,1.0,3.0,0.8,Low,Low
1527676,2026-03-30,2026,1,Chennai Super Kings,Rajasthan Royals,Noor Ahmad,1,9,0,0,11.11111111111111,Rajasthan Royals,2.0,200.0,1.818181818181818,69.7077922077922,11,1.4,1.9,2.0,0.0,0.0,0.0,0.0,Low,Low
1527676,2026-03-30,2026,1,Chennai Super Kings,Rajasthan Royals,RD Gaikwad,6,11,1,0,54.54545454545454,Rajasthan Royals,1.0,33.33333333333333,35.74285714285714,110.86315921328438,70,24.4,25.8,34.125,0.0,0.0,2.8,0.8,Low,Low
1527676,2026-03-30,2026,1,Chennai Super Kings,Rajasthan Royals,S Dube,6,4,0,1,150.0,Rajasthan Royals,17.0,212.5,24.786666666666665,131.4862833029738,75,23.0,29.3,27.0,0.0,2.0,1.0,1.6,Low,Low
1527676,2026-03-30,2026,1,Chennai Super Kings,Rajasthan Royals,SN Khan,17,12,2,1,141.66666666666669,Rajasthan Royals,9.0,90.0,16.25,118.27677218399523,36,12.6,14.4,20.0,1.0,0.0,0.8,0.4,Low,Low
1527676,2026-03-30,2026,1,Chennai Super Kings,Rajasthan Royals,SV Samson,6,7,1,0,85.71428571428571,Rajasthan Royals,41.0,132.25806451612902,27.50877192982456,119.19190657440562,171,29.6,29.5,0.0,3.0,2.0,2.2,1.6,Low,Low
1527676,2026-03-30,2026,2,Rajasthan Royals,Chennai Super Kings,Dhruv Jurel,18,9,4,0,200.0,Chennai Super Kings,31.0,258.33333333333337,19.428571428571427,130.11505653729895,35,28.4,22.7,20.0,2.0,3.0,1.6,2.2,Low,Low
1527676,2026-03-30,2026,2,Rajasthan Royals,Chennai Super Kings,R Parag,14,11,1,1,127.27272727272728,Chennai Super Kings,3.0,75.0,21.506849315068493,129.87041865866183,73,31.8,26.2,17.428571428571427,0.0,0.0,2.2,2.2,Low,Low
1527676,2026-03-30,2026,2,Rajasthan Royals,Chennai Super Kings,V Suryavanshi,52,17,4,5,305.88235294117646,Chennai Super Kings,57.0,178.125,36.0,173.41635338345864,7,40.4,36.0,57.0,4.0,4.0,3.2,3.8,High,Low
1527676,2026-03-30,2026,2,Rajasthan Royals,Chennai Super Kings,YBK Jaiswal,38,36,3,1,105.55555555555556,Chennai Super Kings,36.0,189.4736842105263,32.81818181818182,134.4854717262611,66,40.6,45.8,33.25,5.0,2.0,5.6,1.6,Moderate,Low
1527677,2026-03-31,2026,1,Gujarat Titans,Punjab Kings,B Sai Sudharsan,13,11,2,0,118.1818181818182,Punjab Kings,80.0,163.26530612244898,44.825,139.2623267614809,40,51.0,48.6,42.833333333333336,10.0,1.0,6.6,1.0,Low,Low
1527677,2026-03-31,2026,1,Gujarat Titans,Punjab Kings,GD Phillips,25,17,1,1,147.05882352941177,Punjab Kings,1.0,25.0,8.125,117.239010989011,8,7.8,8.125,0.0,0.0,0.0,0.4,0.8,Moderate,Low
1527677,2026-03-31,2026,1,Gujarat Titans,Punjab Kings,JC Buttler,38,33,3,2,115.15151515151516,Punjab Kings,5.0,71.42857142857143,34.34166666666667,129.07538390664482,120,36.4,37.2,25.6,0.0,0.0,2.4,2.2,Moderate,Low
1527677,2026-03-31,2026,1,Gujarat Titans,Punjab Kings,M Shahrukh Khan,4,6,0,0,66.66666666666666,Punjab Kings,13.0,185.7142857142857,15.25,157.89306699066432,48,20.2,17.3,7.0,0.0,1.0,1.2,1.4,Low,Low
1527677,2026-03-31,2026,1,Gujarat Titans,Punjab Kings,R Tewatia,11,9,1,0,122.22222222222224,Punjab Kings,16.0,145.45454545454547,14.63157894736842,135.74189122708523,76,9.8,9.3,12.25,1.0,1.0,0.6,0.4,Low,Low
1527677,2026-03-31,2026,1,Gujarat Titans,Punjab Kings,Rashid Khan,0,1,0,0,0.0,Punjab Kings,0.0,0.0,8.863636363636363,120.81917556349374,66,3.6,7.9,2.0,0.0,0.0,0.2,0.2,Low,Low
1527677,2026-03-31,2026,1,Gujarat Titans,Punjab Kings,Shubman Gill,39,27,6,0,144.44444444444443,Punjab Kings,1.0,50.0,33.91228070175438,124.5981687890873,114,37.0,50.2,43.125,0.0,0.0,2.8,1.8,Moderate,Low
1527677,2026-03-31,2026,1,Gujarat Titans,Punjab Kings,Washington Sundar,18,16,2,0,112.5,Punjab Kings,48.0,200.0,11.883720930232558,110.70527395924138,43,26.6,19.2,25.0,5.0,3.0,2.0,1.4,Low,Low
1527677,2026-03-31,2026,2,Punjab Kings,Gujarat Titans,C Connolly,72,44,5,5,163.63636363636363,Gujarat Titans,0.0,0.0,0.0,0.0,0,0.0,0.0,0.0,0.0,0.0,0.0,0.0,High,Low
1527677,2026-03-31,2026,2,Punjab Kings,Gujarat Titans,M Jansen,9,10,0,1,90.0,Gujarat Titans,0.0,0.0,7.05,89.20386192754613,20,6.6,9.3,5.5,0.0,0.0,0.2,0.4,Low,Low
1527677,2026-03-31,2026,2,Punjab Kings,Gujarat Titans,MP Stoinis,0,2,0,0,0.0,Gujarat Titans,6.0,300.0,20.464646464646464,126.234677981486,99,18.6,14.0,16.8,0.0,1.0,1.2,1.6,Low,Low
1527677,2026-03-31,2026,2,Punjab Kings,Gujarat Titans,N Wadhera,3,6,0,0,50.0,Gujarat Titans,15.0,83.33333333333334,23.193548387096776,133.6792075348242,31,17.8,21.8,19.666666666666668,0.0,1.0,1.2,0.6,Low,Low
1527677,2026-03-31,2026,2,Punjab Kings,Gujarat Titans,P Simran Singh,37,24,1,4,154.16666666666669,Gujarat Titans,26.0,118.1818181818182,26.057692307692307,132.37055958821364,52,18.2,39.0,18.75,0.0,2.0,1.6,1.0,Moderate,Low
1527677,2026-03-31,2026,2,Punjab Kings,Gujarat Titans,Priyansh Arya,7,8,0,1,87.5,Gujarat Titans,24.0,126.3157894736842,30.27777777777778,150.93828526781076,18,23.8,29.1,47.0,4.0,0.0,3.4,0.6,Low,Low
1527677,2026-03-31,2026,2,Punjab Kings,Gujarat Titans,SS Iyer,18,11,0,2,163.63636363636363,Gujarat Titans,1.0,50.0,28.295454545454547,117.83392024633324,132,33.8,34.7,54.5,0.0,0.0,2.2,2.4,Low,Low
1527677,2026-03-31,2026,2,Punjab Kings,Gujarat Titans,Shashank Singh,4,5,0,0,80.0,Gujarat Titans,61.0,203.3333333333333,23.424242424242426,137.48641721879974,33,27.2,24.2,34.5,3.0,6.0,1.6,1.8,Low,Low
1527677,2026-03-31,2026,2,Punjab Kings,Gujarat Titans,XC Bartlett,11,5,0,1,220.00000000000003,Gujarat Titans,11.0,73.33333333333333,11.0,73.33333333333333,1,11.0,11.0,0.0,1.0,0.0,1.0,0.0,Low,Low
1527678,2026-04-01,2026,1,Lucknow Super Giants,Delhi Capitals,A Badoni,0,3,0,0,0.0,Delhi Capitals,3.0,60.0,20.93478260869565,124.11370026731808,46,39.6,32.5,21.5,0.0,0.0,3.6,1.6,Low,Low
1527678,2026-04-01,2026,1,Lucknow Super Giants,Delhi Capitals,A Nortje,0,1,0,0,0.0,Delhi Capitals,0.0,0.0,3.769230769230769,95.97069597069596,13,1.8,4.2,0.0,0.0,0.0,0.0,0.0,Low,Low
1527678,2026-04-01,2026,1,Lucknow Super Giants,Delhi Capitals,AK Markram,11,8,1,1,137.5,Delhi Capitals,36.0,150.0,26.181818181818183,120.6910842202897,55,34.2,40.1,20.166666666666668,3.0,2.0,2.4,2.0,Low,Low
1527678,2026-04-01,2026,1,Lucknow Super Giants,Delhi Capitals,Abdul Samad,36,25,3,1,144.0,Delhi Capitals,1.0,100.0,14.288461538461538,137.14324886846234,52,10.6,11.5,19.33333333333333,0.0,0.0,0.4,0.8,Moderate,Low
1527678,2026-04-01,2026,1,Lucknow Super Giants,Delhi Capitals,MD Choudhary,14,11,2,0,127.27272727272728,Delhi Capitals,0.0,0.0,0.0,0.0,0,0.0,0.0,0.0,0.0,0.0,0.0,0.0,Low,Low
1527678,2026-04-01,2026,1,Lucknow Super Giants,Delhi Capitals,MR Marsh,35,28,2,3,125.0,Delhi Capitals,67.0,186.11111111111111,26.367346938775512,113.75414121609454,49,56.6,50.3,58.5,4.0,5.0,4.6,3.8,Moderate,Low
1527678,2026-04-01,2026,1,Lucknow Super Giants,Delhi Capitals,Mohammed Shami,1,2,0,0,50.0,Delhi Capitals,6.0,300.0,3.111111111111111,79.01234567901236,27,3.0,2.8,0.5,1.0,0.0,0.4,0.0,Low,Low
1527678,2026-04-01,2026,1,Lucknow Super Giants,Delhi Capitals,Mohsin Khan,0,1,0,0,0.0,Delhi Capitals,2.0,200.0,5.0,115.71428571428572,5,5.0,5.0,0.0,0.0,0.0,0.4,0.2,Low,Low
1527678,2026-04-01,2026,1,Lucknow Super Giants,Delhi Capitals,N Pooran,8,8,1,0,100.0,Delhi Capitals,13.0,130.0,26.056818181818183,145.86493391540472,88,29.4,32.3,30.5,1.0,0.0,2.6,1.8,Low,Low
1527678,2026-04-01,2026,1,Lucknow Super Giants,Delhi Capitals,RR Pant,7,9,1,0,77.77777777777779,Delhi Capitals,118.0,193.44262295081967,28.3015873015873,131.43903557563866,126,32.6,25.2,0.0,11.0,8.0,3.0,2.2,Low,Low
1527678,2026-04-01,2026,1,Lucknow Super Giants,Delhi Capitals,Shahbaz Ahmed,15,16,1,0,93.75,Delhi Capitals,9.0,112.5,14.342105263157896,112.43949371146334,38,7.6,16.8,24.2,1.0,0.0,0.2,0.4,Low,Low
1527678,2026-04-01,2026,2,Delhi Capitals,Lucknow Super Giants,AR Patel,0,1,0,0,0.0,Lucknow Super Giants,25.0,156.25,15.577235772357724,128.84717060674726,123,24.6,24.1,25.6,2.0,1.0,1.8,1.8,Low,Low
1527678,2026-04-01,2026,2,Delhi Capitals,Lucknow Super Giants,KL Rahul,0,1,0,0,0.0,Lucknow Super Giants,35.0,166.66666666666669,37.93478260869565,126.59161222873234,138,35.0,34.6,57.0,6.0,1.0,4.8,1.0,Low,Low
1527678,2026-04-01,2026,2,Delhi Capitals,Lucknow Super Giants,N Rana,15,17,2,1,88.23529411764706,Lucknow Super Giants,9.0,81.81818181818183,25.473214285714285,123.13887353061318,112,20.0,20.6,15.0,2.0,0.0,2.4,0.8,Low,Low
1527678,2026-04-01,2026,2,Delhi Capitals,Lucknow Super Giants,P Nissanka,1,5,0,0,20.0,Lucknow Super Giants,0.0,0.0,0.0,0.0,0,0.0,0.0,0.0,0.0,0.0,0.0,0.0,Low,Low
1527678,2026-04-01,2026,2,Delhi Capitals,Lucknow Super Giants,Sameer Rizvi,70,47,5,4,148.93617021276594,Lucknow Super Giants,58.0,232.0,19.11111111111111,123.21106510236945,9,27.2,19.11111111111111,2.5,3.0,5.0,2.8,1.4,High,Low
1527678,2026-04-01,2026,2,Delhi Capitals,Lucknow Super Giants,T Stubbs,39,32,3,1,121.875,Lucknow Super Giants,18.0,128.57142857142858,22.93548387096774,151.97322041845408,31,16.6,18.9,35.333333333333336,2.0,0.0,1.2,0.4,Moderate,Low
1527679,2026-04-02,2026,1,Sunrisers Hyderabad,Kolkata Knight Riders,Abhishek Sharma,48,21,4,4,228.57142857142856,Kolkata Knight Riders,7.0,87.5,24.30666666666667,138.8347789052949,75,41.2,41.3,15.090909090909092,0.0,1.0,3.0,3.6,High,Low
1527679,2026-04-02,2026,1,Sunrisers Hyderabad,Kolkata Knight Riders,Aniket Verma,1,4,0,0,25.0,Kolkata Knight Riders,43.0,238.88888888888889,21.46153846153846,180.82037308116108,13,17.8,16.2,9.0,3.0,4.0,1.2,1.6,Low,Low
1527679,2026-04-02,2026,1,Sunrisers Hyderabad,Kolkata Knight Riders,H Klaasen,52,35,4,1,148.57142857142858,Kolkata Knight Riders,31.0,140.9090909090909,32.84782608695652,160.97829598354542,46,46.0,39.3,39.875,2.0,1.0,3.2,2.8,High,Low
1527679,2026-04-02,2026,1,Sunrisers Hyderabad,Kolkata Knight Riders,Harsh Dubey,9,3,2,0,300.0,Kolkata Knight Riders,3.0,100.0,3.0,100.0,1,3.0,3.0,0.0,0.0,0.0,0.0,0.0,Low,Low
1527679,2026-04-02,2026,1,Sunrisers Hyderabad,Kolkata Knight Riders,Ishan Kishan,14,9,3,0,155.55555555555557,Kolkata Knight Riders,80.0,210.52631578947367,27.238938053097343,117.59651679588498,113,50.2,32.4,26.181818181818183,8.0,5.0,4.4,2.6,Low,Low
1527679,2026-04-02,2026,1,Sunrisers Hyderabad,Kolkata Knight Riders,Nithish Kumar Reddy,39,24,4,1,162.5,Kolkata Knight Riders,1.0,16.666666666666664,21.130434782608692,120.2337807299444,23,10.0,12.1,13.666666666666666,0.0,0.0,0.8,0.4,Moderate,Low
1527679,2026-04-02,2026,1,Sunrisers Hyderabad,Kolkata Knight Riders,S Arora,0,1,0,0,0.0,Kolkata Knight Riders,9.0,150.0,9.0,150.0,1,9.0,9.0,0.0,0.0,1.0,0.0,1.0,Low,Low
1527679,2026-04-02,2026,1,Sunrisers Hyderabad,Kolkata Knight Riders,Shivang Kumar,4,2,1,0,200.0,Kolkata Knight Riders,0.0,0.0,0.0,0.0,0,0.0,0.0,0.0,0.0,0.0,0.0,0.0,Low,Low
1527679,2026-04-02,2026,1,Sunrisers Hyderabad,Kolkata Knight Riders,TM Head,46,21,6,3,219.0476190476191,Kolkata Knight Riders,11.0,122.22222222222224,30.44736842105263,136.1328816561492,38,28.6,24.9,31.0,2.0,0.0,3.8,1.2,High,Low
1527679,2026-04-02,2026,2,Kolkata Knight Riders,Sunrisers Hyderabad,A Raghuvanshi,52,29,6,2,179.31034482758622,Sunrisers Hyderabad,51.0,175.86206896551724,27.05263157894737,140.4358756210616,19,30.8,29.9,32.0,6.0,2.0,3.0,0.8,High,Low
1527679,2026-04-02,2026,2,Kolkata Knight Riders,Sunrisers Hyderabad,AM Rahane,8,10,0,0,80.0,Sunrisers Hyderabad,67.0,167.5,27.71195652173913,108.29557674622082,184,37.2,37.2,24.13636363636364,3.0,5.0,3.0,2.0,Low,Low
1527679,2026-04-02,2026,2,Kolkata Knight Riders,Sunrisers Hyderabad,AS Roy,0,2,0,0,0.0,Sunrisers Hyderabad,0.0,0.0,3.7142857142857135,66.53061224489797,7,4.4,3.7142857142857135,13.0,0.0,0.0,0.4,0.0,Low,Low
1527679,2026-04-02,2026,2,Kolkata Knight Riders,Sunrisers Hyderabad,C Green,2,2,0,0,100.0,Sunrisers Hyderabad,18.0,180.0,25.0,136.70620338418368,29,32.2,21.9,67.0,1.0,1.0,2.4,1.6,Low,Low
1527679,2026-04-02,2026,2,Kolkata Knight Riders,Sunrisers Hyderabad,CV Varun,0,1,0,0,0.0,Sunrisers Hyderabad,1.0,100.0,2.363636363636364,60.530303030303024,11,0.8,2.5,0.0,0.0,0.0,0.0,0.0,Low,Low
1527679,2026-04-02,2026,2,Kolkata Knight Riders,Sunrisers Hyderabad,FH Allen,28,7,4,2,400.0,Sunrisers Hyderabad,37.0,217.6470588235294,37.0,217.6470588235294,1,37.0,37.0,0.0,6.0,2.0,6.0,2.0,Moderate,Low
1527679,2026-04-02,2026,2,Kolkata Knight Riders,Sunrisers Hyderabad,Kartik Tyagi,5,5,1,0,100.0,Sunrisers Hyderabad,0.0,0.0,2.1666666666666665,67.77777777777777,6,2.2,2.1666666666666665,0.0,0.0,0.0,0.2,0.0,Low,Low
1527679,2026-04-02,2026,2,Kolkata Knight Riders,Sunrisers Hyderabad,RK Singh,35,25,4,1,140.0,Sunrisers Hyderabad,33.0,165.0,21.76923076923077,142.73009739527515,52,21.2,21.0,29.0,4.0,0.0,2.0,0.8,Moderate,Low
1527679,2026-04-02,2026,2,Kolkata Knight Riders,Sunrisers Hyderabad,Ramandeep Singh,10,9,1,0,111.11111111111111,Sunrisers Hyderabad,4.0,100.0,10.523809523809524,147.67857142857142,21,4.4,9.3,20.666666666666668,0.0,0.0,0.0,0.4,Low,Low
1527679,2026-04-02,2026,2,Kolkata Knight Riders,Sunrisers Hyderabad,SP Narine,12,4,0,2,300.0,Sunrisers Hyderabad,31.0,193.75,15.084745762711863,125.7234721657014,118,19.8,20.2,9.61111111111111,3.0,3.0,2.2,1.4,Low,Low
1527679,2026-04-02,2026,2,Kolkata Knight Riders,Sunrisers Hyderabad,VG Arora,1,2,0,0,50.0,Sunrisers Hyderabad,0.0,0.0,1.0,59.25925925925925,9,0.8,1.0,0.6666666666666666,0.0,0.0,0.0,0.0,Low,Low
1527680,2026-04-03,2026,1,Chennai Super Kings,Punjab Kings,A Mhatre,73,42,6,5,173.80952380952382,Punjab Kings,0.0,0.0,30.0,137.3410087719298,8,34.2,30.0,7.0,0.0,0.0,4.0,1.8,High,Low
1527680,2026-04-03,2026,1,Chennai Super Kings,Punjab Kings,Kartik Sharma,1,3,0,0,33.33333333333333,Punjab Kings,18.0,120.0,18.0,120.0,1,18.0,18.0,0.0,0.0,1.0,0.0,1.0,Low,Low
1527680,2026-04-03,2026,1,Chennai Super Kings,Punjab Kings,PR Veer,6,7,1,0,85.71428571428571,Punjab Kings,0.0,0.0,0.0,0.0,0,0.0,0.0,0.0,0.0,0.0,0.0,0.0,Low,Low
1527680,2026-04-03,2026,1,Chennai Super Kings,Punjab Kings,RD Gaikwad,28,22,2,0,127.27272727272728,Punjab Kings,6.0,54.54545454545454,35.32394366197183,110.06995210528676,71,15.0,20.2,22.5,1.0,0.0,1.8,0.2,Moderate,Low
1527680,2026-04-03,2026,1,Chennai Super Kings,Punjab Kings,S Dube,45,27,5,1,166.66666666666669,Punjab Kings,6.0,150.0,24.539473684210527,131.72988483846098,76,23.0,25.7,20.5,0.0,1.0,0.8,1.8,High,Low
1527680,2026-04-03,2026,1,Chennai Super Kings,Punjab Kings,SN Khan,32,12,6,1,266.66666666666663,Punjab Kings,17.0,141.66666666666669,16.27027027027027,118.90893149433772,37,14.0,16.1,22.0,2.0,1.0,1.2,0.4,Moderate,Low
1527680,2026-04-03,2026,1,Chennai Super Kings,Punjab Kings,SV Samson,7,7,1,0,100.0,Punjab Kings,6.0,85.71428571428571,27.38372093023256,118.99726924382352,172,22.6,29.1,31.55555555555556,1.0,0.0,1.6,1.2,Low,Low
1527680,2026-04-03,2026,2,Punjab Kings,Chennai Super Kings,C Connolly,36,21,6,0,171.42857142857142,Chennai Super Kings,72.0,163.63636363636363,72.0,163.63636363636363,1,72.0,72.0,0.0,5.0,5.0,5.0,5.0,Moderate,Low
1527680,2026-04-03,2026,2,Punjab Kings,Chennai Super Kings,MP Stoinis,9,3,2,0,300.0,Chennai Super Kings,0.0,0.0,20.26,124.97233120167112,100,15.6,13.9,24.444444444444443,0.0,0.0,1.0,1.4,Low,Low
1527680,2026-04-03,2026,2,Punjab Kings,Chennai Super Kings,N Wadhera,10,9,0,1,111.11111111111111,Chennai Super Kings,3.0,50.0,22.5625,131.06423229936095,32,15.2,18.8,26.0,0.0,0.0,1.0,0.6,Low,Low
1527680,2026-04-03,2026,2,Punjab Kings,Chennai Super Kings,P Simran Singh,43,34,6,1,126.47058823529412,Chennai Super Kings,37.0,154.16666666666669,26.264150943396228,132.78180689158066,53,20.0,34.4,27.8,1.0,4.0,1.0,1.6,High,Low
1527680,2026-04-03,2026,2,Punjab Kings,Chennai Super Kings,Priyansh Arya,39,11,3,4,354.54545454545456,Chennai Super Kings,7.0,87.5,29.05263157894737,147.5994281484523,19,24.0,22.9,63.0,0.0,1.0,3.2,0.8,Moderate,Low
1527680,2026-04-03,2026,2,Punjab Kings,Chennai Super Kings,SS Iyer,50,28,4,3,178.57142857142858,Chennai Super Kings,18.0,163.63636363636363,28.218045112781954,118.17829951994248,133,26.8,35.9,24.73333333333333,0.0,2.0,1.2,2.4,High,Low
1527680,2026-04-03,2026,2,Punjab Kings,Chennai Super Kings,Shashank Singh,14,6,2,0,233.33333333333331,Chennai Super Kings,4.0,80.0,22.852941176470587,135.79564024177623,34,16.2,22.8,28.4,0.0,0.0,0.6,1.2,Low,Low
1527681,2026-04-04,2026,1,Mumbai Indians,Delhi Capitals,C Bosch,11,4,2,0,275.0,Delhi Capitals,27.0,122.72727272727272,23.5,161.36363636363637,2,23.5,23.5,0.0,1.0,2.0,1.5,1.5,Low,Low
1527681,2026-04-04,2026,1,Mumbai Indians,Delhi Capitals,MJ Santner,18,13,2,0,138.46153846153845,Delhi Capitals,0.0,0.0,5.789473684210527,93.38388143097283,19,1.8,4.3,0.0,0.0,0.0,0.0,0.2,Low,Low
1527681,2026-04-04,2026,1,Mumbai Indians,Delhi Capitals,Naman Dhir,28,21,2,1,133.33333333333331,Delhi Capitals,5.0,250.0,19.85,165.02880344056814,20,19.0,17.6,31.0,1.0,0.0,2.0,1.0,Moderate,Low
1527681,2026-04-04,2026,1,Mumbai Indians,Delhi Capitals,RD Rickelton,9,11,2,0,81.81818181818183,Delhi Capitals,81.0,188.3720930232558,31.266666666666666,150.00954203102307,15,39.2,36.1,33.0,4.0,8.0,3.2,2.6,Low,Low
1527681,2026-04-04,2026,1,Mumbai Indians,Delhi Capitals,RG Sharma,35,26,5,1,134.6153846153846,Delhi Capitals,78.0,210.8108108108108,26.58955223880597,114.39466082399274,268,39.2,41.4,25.428571428571427,6.0,6.0,3.8,2.2,Moderate,Low
1527681,2026-04-04,2026,1,Mumbai Indians,Delhi Capitals,SA Yadav,51,36,3,2,141.66666666666669,Delhi Capitals,16.0,200.0,28.281045751633982,138.49422330844038,153,44.6,46.8,27.615384615384617,3.0,0.0,4.2,2.4,High,Low
1527681,2026-04-04,2026,1,Mumbai Indians,Delhi Capitals,SE Rutherford,5,7,1,0,71.42857142857143,Delhi Capitals,24.0,160.0,19.85,137.96049016772702,20,26.6,24.5,43.0,4.0,0.0,1.6,1.6,Low,Low
1527681,2026-04-04,2026,1,Mumbai Indians,Delhi Capitals,Tilak Varma,0,2,0,0,0.0,Delhi Capitals,20.0,142.85714285714286,29.21153846153846,136.82465654551416,52,23.4,21.2,34.142857142857146,4.0,0.0,1.4,1.2,Low,Low
1527681,2026-04-04,2026,2,Delhi Capitals,Mumbai Indians,DA Miller,21,18,4,0,116.66666666666669,Mumbai Indians,11.0,137.5,22.96268656716418,125.07787274294115,134,12.6,15.3,23.72222222222222,0.0,1.0,0.8,0.2,Moderate,Low
1527681,2026-04-04,2026,2,Delhi Capitals,Mumbai Indians,KL Rahul,1,3,0,0,33.33333333333333,Mumbai Indians,0.0,0.0,37.66187050359712,125.68088120550404,139,33.6,30.8,46.66666666666666,0.0,0.0,4.6,1.0,Low,Low
1527681,2026-04-04,2026,2,Delhi Capitals,Mumbai Indians,N Rana,0,3,0,0,0.0,Mumbai Indians,15.0,88.23529411764706,25.38053097345133,122.82999229687012,113,12.8,21.3,22.25,2.0,1.0,1.6,0.6,Low,Low
1527681,2026-04-04,2026,2,Delhi Capitals,Mumbai Indians,P Nissanka,44,30,6,1,146.66666666666666,Mumbai Indians,1.0,20.0,1.0,20.0,1,1.0,1.0,0.0,0.0,0.0,0.0,0.0,High,Low
1527681,2026-04-04,2026,2,Delhi Capitals,Mumbai Indians,Sameer Rizvi,90,51,7,7,176.47058823529412,Mumbai Indians,70.0,148.93617021276594,24.2,125.78357561340908,10,38.2,24.2,39.0,5.0,4.0,3.2,2.2,High,Low
1527681,2026-04-04,2026,2,Delhi Capitals,Mumbai Indians,T Stubbs,3,4,0,0,75.0,Mumbai Indians,39.0,121.875,23.4375,151.0326510303774,32,24.2,22.7,30.5,3.0,1.0,1.8,0.6,Low,Low
1527682,2026-04-04,2026,1,Rajasthan Royals,Gujarat Titans,D Ferreira,1,3,0,0,33.33333333333333,Gujarat Titans,1.0,33.33333333333333,3.0,51.388888888888886,3,3.0,3.0,1.0,0.0,0.0,0.0,0.0,Low,Low
1527682,2026-04-04,2026,1,Rajasthan Royals,Gujarat Titans,Dhruv Jurel,75,42,5,5,178.57142857142858,Gujarat Titans,18.0,200.0,19.38888888888889,132.0563049668184,36,22.6,23.2,10.666666666666666,4.0,0.0,1.8,1.6,High,Low
1527682,2026-04-04,2026,1,Rajasthan Royals,Gujarat Titans,JC Archer,1,2,0,0,50.0,Gujarat Titans,12.0,150.0,8.733333333333333,125.7967772967773,30,9.2,7.3,4.0,1.0,0.0,0.6,0.4,Low,Low
1527682,2026-04-04,2026,1,Rajasthan Royals,Gujarat Titans,R Parag,8,4,0,1,200.0,Gujarat Titans,14.0,127.27272727272728,21.405405405405407,129.83531472101404,74,28.2,24.6,22.5,1.0,1.0,2.0,2.0,Low,Low
1527682,2026-04-04,2026,1,Rajasthan Royals,Gujarat Titans,RA Jadeja,7,7,1,0,100.0,Gujarat Titans,21.0,116.66666666666669,16.804123711340207,131.1115097842734,194,27.0,22.5,15.142857142857142,1.0,1.0,3.0,0.8,Low,Low
1527682,2026-04-04,2026,1,Rajasthan Royals,Gujarat Titans,SO Hetmyer,18,8,1,2,225.0,Gujarat Titans,12.0,240.0,18.835443037974684,137.70396586578758,79,12.6,15.7,24.571428571428573,1.0,1.0,0.8,0.4,Low,Low
1527682,2026-04-04,2026,1,Rajasthan Royals,Gujarat Titans,V Suryavanshi,31,18,5,1,172.22222222222223,Gujarat Titans,52.0,305.88235294117646,38.0,189.97460332817337,8,30.6,38.0,101.0,4.0,5.0,2.6,2.6,Moderate,Low
1527682,2026-04-04,2026,1,Rajasthan Royals,Gujarat Titans,YBK Jaiswal,55,36,6,3,152.77777777777777,Gujarat Titans,38.0,105.55555555555556,32.8955223880597,134.0536819326685,67,34.2,49.0,20.0,3.0,1.0,4.4,1.4,High,Low
1527682,2026-04-04,2026,2,Gujarat Titans,Rajasthan Royals,Ashok Sharma,0,1,0,0,0.0,Rajasthan Royals,0.0,0.0,0.0,0.0,0,0.0,0.0,0.0,0.0,0.0,0.0,0.0,Low,Low
1527682,2026-04-04,2026,2,Gujarat Titans,Rajasthan Royals,B Sai Sudharsan,73,43,9,3,169.7674418604651,Rajasthan Royals,13.0,118.1818181818182,44.04878048780488,138.74816801563546,41,52.6,44.3,44.0,2.0,0.0,6.8,1.0,High,Low
1527682,2026-04-04,2026,2,Gujarat Titans,Rajasthan Royals,GD Phillips,3,4,0,0,75.0,Rajasthan Royals,25.0,147.05882352941177,10.0,120.55232349349996,9,11.2,10.0,16.5,1.0,1.0,0.6,0.8,Low,Low
1527682,2026-04-04,2026,2,Gujarat Titans,Rajasthan Royals,JC Buttler,26,14,5,0,185.7142857142857,Rajasthan Royals,38.0,115.15151515151516,34.37190082644628,128.9603106111479,121,34.0,41.0,43.0,3.0,2.0,2.4,1.8,Moderate,Low
1527682,2026-04-04,2026,2,Gujarat Titans,Rajasthan Royals,K Rabada,23,16,1,2,143.75,Rajasthan Royals,2.0,66.66666666666666,7.166666666666667,106.29639804639804,30,5.8,3.7,5.5,0.0,0.0,0.0,0.6,Moderate,Low
1527682,2026-04-04,2026,2,Gujarat Titans,Rajasthan Royals,Kumar Kushagra,18,14,3,0,128.57142857142858,Rajasthan Royals,2.0,66.66666666666666,1.0,33.33333333333333,3,1.0,1.0,0.0,0.0,0.0,0.0,0.0,Low,Low
1527682,2026-04-04,2026,2,Gujarat Titans,Rajasthan Royals,M Shahrukh Khan,11,4,1,1,275.0,Rajasthan Royals,4.0,66.66666666666666,15.020408163265309,156.03130371874602,49,19.8,16.8,18.83333333333333,0.0,0.0,1.2,1.2,Low,Low
1527682,2026-04-04,2026,2,Gujarat Titans,Rajasthan Royals,R Tewatia,12,6,1,1,200.0,Rajasthan Royals,11.0,122.22222222222224,14.584415584415584,135.56631111013897,77,10.8,8.0,14.0,1.0,0.0,0.8,0.2,Low,Low
1527682,2026-04-04,2026,2,Gujarat Titans,Rajasthan Royals,Rashid Khan,24,16,3,0,150.0,Rajasthan Royals,0.0,0.0,8.73134328358209,119.01590428642668,67,3.6,5.8,10.0,0.0,0.0,0.2,0.2,Moderate,Low
1527682,2026-04-04,2026,2,Gujarat Titans,Rajasthan Royals,Washington Sundar,4,2,1,0,200.0,Rajasthan Royals,18.0,112.5,12.022727272727272,110.74606318744044,44,20.4,19.4,22.25,2.0,0.0,1.4,1.0,Low,Low
1527683,2026-04-05,2026,1,Sunrisers Hyderabad,Lucknow Super Giants,Abhishek Sharma,0,2,0,0,0.0,Lucknow Super Giants,48.0,228.57142857142856,24.61842105263158,140.01552429563876,76,36.0,44.3,32.0,4.0,4.0,3.0,3.2,Low,Low
1527683,2026-04-05,2026,1,Sunrisers Hyderabad,Lucknow Super Giants,Aniket Verma,2,5,0,0,40.0,Lucknow Super Giants,1.0,25.0,20.0,169.69034643250671,14,17.4,15.7,20.5,0.0,0.0,1.2,1.6,Low,Low
1527683,2026-04-05,2026,1,Sunrisers Hyderabad,Lucknow Super Giants,H Klaasen,62,41,5,2,151.21951219512195,Lucknow Super Giants,52.0,148.57142857142858,33.255319148936174,160.71432008115997,47,51.8,41.8,40.0,4.0,1.0,3.8,2.8,High,Low
1527683,2026-04-05,2026,1,Sunrisers Hyderabad,Lucknow Super Giants,HV Patel,4,2,1,0,200.0,Lucknow Super Giants,0.0,0.0,6.428571428571429,97.9316419652554,42,4.2,4.0,6.0,0.0,0.0,0.0,0.0,Low,Low
1527683,2026-04-05,2026,1,Sunrisers Hyderabad,Lucknow Super Giants,Harsh Dubey,0,1,0,0,0.0,Lucknow Super Giants,9.0,300.0,6.0,200.0,2,6.0,6.0,0.0,2.0,0.0,1.0,0.0,Low,Low
1527683,2026-04-05,2026,1,Sunrisers Hyderabad,Lucknow Super Giants,Ishan Kishan,1,4,0,0,25.0,Lucknow Super Giants,14.0,155.55555555555557,27.12280701754386,117.9294908200926,114,50.4,32.1,22.0,3.0,0.0,5.0,2.6,Low,Low
1527683,2026-04-05,2026,1,Sunrisers Hyderabad,Lucknow Super Giants,LS Livingstone,14,20,0,1,70.0,Lucknow Super Giants,25.0,166.66666666666669,22.361702127659573,128.85679797077196,47,6.6,11.8,17.25,0.0,2.0,0.2,0.4,Low,Low
1527683,2026-04-05,2026,1,Sunrisers Hyderabad,Lucknow Super Giants,Nithish Kumar Reddy,56,33,3,5,169.6969696969697,Lucknow Super Giants,39.0,162.5,21.875,121.99487319953006,24,14.0,16.0,18.5,4.0,1.0,1.2,0.6,High,Low
1527683,2026-04-05,2026,1,Sunrisers Hyderabad,Lucknow Super Giants,Shivang Kumar,5,4,1,0,125.0,Lucknow Super Giants,4.0,200.0,4.0,200.0,1,4.0,4.0,0.0,1.0,0.0,1.0,0.0,Low,Low
1527683,2026-04-05,2026,1,Sunrisers Hyderabad,Lucknow Super Giants,TM Head,7,8,1,0,87.5,Lucknow Super Giants,46.0,219.0476190476191,30.846153846153847,138.25890056362277,39,34.0,29.1,68.0,6.0,3.0,4.2,1.8,Low,Low
1527683,2026-04-05,2026,2,Lucknow Super Giants,Sunrisers Hyderabad,A Badoni,12,9,1,0,133.33333333333331,Sunrisers Hyderabad,0.0,0.0,20.48936170212766,121.47298324035386,47,29.6,31.9,20.75,0.0,0.0,2.6,1.4,Low,Low
1527683,2026-04-05,2026,2,Lucknow Super Giants,Sunrisers Hyderabad,AK Markram,45,27,6,2,166.66666666666669,Sunrisers Hyderabad,11.0,137.5,25.910714285714285,120.99124343064167,56,26.0,35.9,29.666666666666668,1.0,1.0,2.2,1.6,High,Low
1527683,2026-04-05,2026,2,Lucknow Super Giants,Sunrisers Hyderabad,Abdul Samad,16,12,2,0,133.33333333333331,Sunrisers Hyderabad,36.0,144.0,14.69811320754717,137.27262153132153,53,17.4,14.7,12.5,3.0,1.0,1.0,1.0,Low,Low
1527683,2026-04-05,2026,2,Lucknow Super Giants,Sunrisers Hyderabad,MD Choudhary,2,5,0,0,40.0,Sunrisers Hyderabad,14.0,127.27272727272728,14.0,127.27272727272728,1,14.0,14.0,0.0,2.0,0.0,2.0,0.0,Low,Low
1527683,2026-04-05,2026,2,Lucknow Super Giants,Sunrisers Hyderabad,MR Marsh,14,12,2,0,116.66666666666669,Sunrisers Hyderabad,35.0,125.0,26.54,113.97905839177264,50,56.8,47.8,33.714285714285715,2.0,3.0,4.4,4.0,Low,Low
1527683,2026-04-05,2026,2,Lucknow Super Giants,Sunrisers Hyderabad,N Pooran,1,4,0,0,25.0,Sunrisers Hyderabad,8.0,100.0,25.853932584269664,145.34959757927658,89,25.6,24.4,39.55555555555556,1.0,0.0,2.6,1.2,Low,Low
1527683,2026-04-05,2026,2,Lucknow Super Giants,Sunrisers Hyderabad,RR Pant,68,50,9,0,136.0,Sunrisers Hyderabad,7.0,77.77777777777779,28.133858267716537,131.0165059866791,127,33.2,25.7,29.63157894736842,1.0,0.0,3.0,2.2,High,Low
1527684,2026-04-05,2026,1,Royal Challengers Bengaluru,Chennai Super Kings,D Padikkal,50,29,5,2,172.41379310344826,Chennai Super Kings,61.0,234.6153846153846,24.89333333333333,107.36478903159298,75,37.8,29.8,28.4,7.0,4.0,3.6,2.4,High,Low
1527684,2026-04-05,2026,1,Royal Challengers Bengaluru,Chennai Super Kings,PD Salt,46,30,3,2,153.33333333333334,Chennai Super Kings,8.0,114.28571428571428,30.4,149.98129074686832,35,34.4,30.5,13.0,2.0,0.0,4.0,1.8,High,Low
1527684,2026-04-05,2026,1,Royal Challengers Bengaluru,Chennai Super Kings,RM Patidar,48,19,1,6,252.6315789473684,Chennai Super Kings,31.0,258.33333333333337,29.28205128205128,140.69315807902183,39,20.8,15.7,24.8,2.0,3.0,1.2,1.4,High,Low
1527684,2026-04-05,2026,1,Royal Challengers Bengaluru,Chennai Super Kings,TH David,70,24,3,8,291.66666666666663,Chennai Super Kings,16.0,160.0,19.155555555555555,154.895016022467,45,12.2,20.3,12.428571428571429,1.0,1.0,1.2,0.6,High,Low
1527684,2026-04-05,2026,1,Royal Challengers Bengaluru,Chennai Super Kings,V Kohli,28,18,2,1,155.55555555555557,Chennai Super Kings,69.0,181.57894736842107,33.3587786259542,120.17040561032888,262,44.2,47.8,33.705882352941174,5.0,5.0,5.4,1.2,Moderate,Low
1527684,2026-04-05,2026,2,Chennai Super Kings,Royal Challengers Bengaluru,A Kamboj,19,12,1,1,158.33333333333331,Royal Challengers Bengaluru,7.0,77.77777777777779,3.2857142857142856,127.7777777777778,7,3.6,3.2857142857142856,0.0,1.0,0.0,0.6,0.0,Low,Low
1527684,2026-04-05,2026,2,Chennai Super Kings,Royal Challengers Bengaluru,A Mhatre,1,3,0,0,33.33333333333333,Royal Challengers Bengaluru,73.0,173.80952380952382,34.77777777777778,141.39306599832915,9,30.0,34.77777777777778,94.0,6.0,5.0,3.4,1.8,Low,Low
1527684,2026-04-05,2026,2,Chennai Super Kings,Royal Challengers Bengaluru,J Overton,37,15,4,2,246.66666666666669,Royal Challengers Bengaluru,43.0,119.44444444444444,19.33333333333333,175.9259259259259,3,19.33333333333333,19.33333333333333,0.0,2.0,2.0,1.0,1.0,Moderate,Low
1527684,2026-04-05,2026,2,Chennai Super Kings,Royal Challengers Bengaluru,Kartik Sharma,6,3,0,1,200.0,Royal Challengers Bengaluru,1.0,33.33333333333333,9.5,76.66666666666666,2,9.5,9.5,0.0,0.0,0.0,0.0,0.5,Low,Low
1527684,2026-04-05,2026,2,Chennai Super Kings,Royal Challengers Bengaluru,MJ Henry,2,3,0,0,66.66666666666666,Royal Challengers Bengaluru,5.0,71.42857142857143,5.0,71.42857142857143,1,5.0,5.0,0.0,1.0,0.0,1.0,0.0,Low,Low
1527684,2026-04-05,2026,2,Chennai Super Kings,Royal Challengers Bengaluru,Noor Ahmad,8,8,0,1,100.0,Royal Challengers Bengaluru,1.0,11.11111111111111,1.75,64.82473544973544,12,1.4,2.0,0.0,0.0,0.0,0.0,0.0,Low,Low
1527684,2026-04-05,2026,2,Chennai Super Kings,Royal Challengers Bengaluru,PR Veer,43,29,6,1,148.27586206896552,Royal Challengers Bengaluru,6.0,85.71428571428571,6.0,85.71428571428571,1,6.0,6.0,0.0,1.0,0.0,1.0,0.0,High,Low
1527684,2026-04-05,2026,2,Chennai Super Kings,Royal Challengers Bengaluru,RD Gaikwad,7,3,0,1,233.33333333333331,Royal Challengers Bengaluru,28.0,127.27272727272728,35.22222222222222,110.3088795381679,72,20.6,19.8,5.0,2.0,0.0,2.2,0.2,Low,Low
1527684,2026-04-05,2026,2,Chennai Super Kings,Royal Challengers Bengaluru,S Dube,18,13,2,1,138.46153846153845,Royal Challengers Bengaluru,45.0,166.66666666666669,24.805194805194805,132.1836092777883,77,30.4,27.1,17.0,5.0,1.0,1.8,1.8,Low,Low
1527684,2026-04-05,2026,2,Chennai Super Kings,Royal Challengers Bengaluru,SN Khan,50,24,8,2,208.33333333333331,Royal Challengers Bengaluru,32.0,266.66666666666663,16.68421052631579,122.7972929462411,38,19.6,15.7,0.0,6.0,1.0,2.2,0.6,High,Low
1527684,2026-04-05,2026,2,Chennai Super Kings,Royal Challengers Bengaluru,SV Samson,9,5,0,1,180.0,Royal Challengers Bengaluru,7.0,100.0,27.265895953757227,118.88745843894594,173,21.0,23.2,33.666666666666664,1.0,0.0,1.6,1.2,Low,Low
1527685,2026-04-06,2026,1,Kolkata Knight Riders,Punjab Kings,A Raghuvanshi,7,7,0,0,100.0,Punjab Kings,52.0,179.31034482758622,28.3,142.37959908138782,20,32.4,32.5,37.0,6.0,2.0,3.6,0.8,Low,Low
1527685,2026-04-06,2026,1,Kolkata Knight Riders,Punjab Kings,AM Rahane,8,6,1,0,133.33333333333331,Punjab Kings,8.0,80.0,27.605405405405406,108.14262768272772,185,33.6,34.2,16.75,0.0,0.0,2.2,1.8,Low,Low
1527685,2026-04-06,2026,1,Kolkata Knight Riders,Punjab Kings,C Green,4,2,1,0,200.0,Punjab Kings,2.0,100.0,24.23333333333333,135.48266327137756,30,23.4,21.2,34.75,0.0,0.0,1.4,1.4,Low,Low
1527685,2026-04-06,2026,1,Kolkata Knight Riders,Punjab Kings,FH Allen,6,7,1,0,85.71428571428571,Punjab Kings,28.0,400.0,32.5,308.8235294117647,2,32.5,32.5,0.0,4.0,2.0,5.0,2.0,Low,Low
1527686,2026-04-07,2026,1,Rajasthan Royals,Mumbai Indians,Dhruv Jurel,2,3,0,0,66.66666666666666,Mumbai Indians,75.0,178.57142857142858,20.89189189189189,133.31347046964572,37,35.4,30.2,6.5,5.0,5.0,2.8,2.4,Low,Low
1527686,2026-04-07,2026,1,Rajasthan Royals,Mumbai Indians,R Parag,20,10,1,2,200.0,Mumbai Indians,8.0,200.0,21.226666666666667,130.7708438580672,75,26.6,24.6,21.5,0.0,1.0,1.4,2.2,Moderate,Low
1527686,2026-04-07,2026,1,Rajasthan Royals,Mumbai Indians,SO Hetmyer,6,7,0,0,85.71428571428571,Mumbai Indians,18.0,225.0,18.825,138.79516629246524,80,14.0,12.3,11.0,1.0,2.0,0.8,0.8,Low,Low
1527686,2026-04-07,2026,1,Rajasthan Royals,Mumbai Indians,V Suryavanshi,39,14,1,5,278.57142857142856,Mumbai Indians,31.0,172.22222222222223,37.22222222222222,188.00211653862323,9,36.8,37.22222222222222,0.0,5.0,1.0,3.6,2.8,Moderate,Low
1527686,2026-04-07,2026,1,Rajasthan Royals,Mumbai Indians,YBK Jaiswal,77,32,10,4,240.625,Mumbai Indians,55.0,152.77777777777777,33.22058823529412,134.32903628333187,68,42.6,47.0,37.0,6.0,3.0,5.6,1.6,High,Low
1527686,2026-04-07,2026,2,Mumbai Indians,Rajasthan Royals,DL Chahar,6,5,1,0,120.0,Rajasthan Royals,8.0,100.0,7.3125,92.60416666666669,16,7.6,4.6,0.0,1.0,0.0,0.6,0.4,Low,Low
1527686,2026-04-07,2026,2,Mumbai Indians,Rajasthan Royals,HH Pandya,9,6,2,0,150.0,Rajasthan Royals,18.0,163.63636363636363,19.27777777777778,140.7797689773385,144,16.8,16.1,33.733333333333334,3.0,0.0,1.2,1.2,Low,Low
1527686,2026-04-07,2026,2,Mumbai Indians,Rajasthan Royals,JJ Bumrah,5,2,1,0,250.0,Rajasthan Royals,0.0,0.0,2.5185185185185186,71.14852225963338,27,2.4,1.7,3.333333333333333,0.0,0.0,0.2,0.0,Low,Low
1527686,2026-04-07,2026,2,Mumbai Indians,Rajasthan Royals,Naman Dhir,25,13,3,1,192.30769230769232,Rajasthan Royals,28.0,133.33333333333331,20.23809523809524,163.51949534022364,21,19.8,19.3,0.0,2.0,1.0,2.0,0.8,Moderate,Low
1527686,2026-04-07,2026,2,Mumbai Indians,Rajasthan Royals,RD Rickelton,8,4,0,1,200.0,Rajasthan Royals,9.0,81.81818181818183,29.875,145.74758201772048,16,28.8,32.9,61.0,2.0,0.0,2.2,2.0,Low,Low
1527686,2026-04-07,2026,2,Mumbai Indians,Rajasthan Royals,RG Sharma,5,6,0,0,83.33333333333334,Rajasthan Royals,35.0,134.6153846153846,26.62081784386617,114.46983080091242,269,45.2,37.3,20.689655172413797,5.0,1.0,4.6,2.4,Low,Low
1527686,2026-04-07,2026,2,Mumbai Indians,Rajasthan Royals,SA Yadav,6,3,0,1,200.0,Rajasthan Royals,51.0,141.66666666666669,28.428571428571427,138.5148235899873,154,40.2,45.1,32.0,3.0,2.0,3.4,2.0,Low,Low
1527686,2026-04-07,2026,2,Mumbai Indians,Rajasthan Royals,SE Rutherford,25,8,2,2,312.5,Rajasthan Royals,5.0,71.42857142857143,19.142857142857142,134.79230356110057,21,19.0,23.2,8.5,1.0,0.0,1.6,1.0,Moderate,Low
1527686,2026-04-07,2026,2,Mumbai Indians,Rajasthan Royals,SN Thakur,8,7,1,0,114.28571428571428,Rajasthan Royals,4.0,400.0,8.125,114.550086357482,40,3.6,4.3,4.0,1.0,0.0,0.6,0.0,Low,Low
1527686,2026-04-07,2026,2,Mumbai Indians,Rajasthan Royals,TA Boult,1,2,0,0,50.0,Rajasthan Royals,1.0,100.0,3.5416666666666665,79.84683140933141,24,3.2,3.2,0.0,0.0,0.0,0.4,0.0,Low,Low
1527686,2026-04-07,2026,2,Mumbai Indians,Rajasthan Royals,Tilak Varma,14,10,2,0,140.0,Rajasthan Royals,0.0,0.0,28.660377358490567,134.24305925220256,53,18.0,15.3,44.4,0.0,0.0,1.2,1.0,Low,Low
1527687,2026-04-08,2026,1,Gujarat Titans,Delhi Capitals,B Sai Sudharsan,12,7,2,0,171.42857142857142,Delhi Capitals,73.0,169.7674418604651,44.73809523809524,139.48672215479806,42,45.6,48.0,56.6,9.0,3.0,6.2,0.8,Low,Low
1527687,2026-04-08,2026,1,Gujarat Titans,Delhi Capitals,GD Phillips,14,9,1,1,155.55555555555557,Delhi Capitals,3.0,75.0,9.3,115.99709114414998,10,6.8,9.3,0.0,0.0,0.0,0.4,0.2,Low,Low
1527687,2026-04-08,2026,1,Gujarat Titans,Delhi Capitals,JC Buttler,52,27,3,5,192.59259259259255,Delhi Capitals,26.0,185.7142857142857,34.30327868852459,129.42550712838673,122,26.4,40.0,40.66666666666666,5.0,0.0,2.8,1.0,High,Low
1527687,2026-04-08,2026,1,Gujarat Titans,Delhi Capitals,R Tewatia,1,1,0,0,100.0,Delhi Capitals,12.0,200.0,14.551282051282053,136.39238404462435,78,11.0,9.2,15.444444444444445,1.0,1.0,0.8,0.4,Low,Low
1527687,2026-04-08,2026,1,Gujarat Titans,Delhi Capitals,Shubman Gill,70,45,4,5,155.55555555555557,Delhi Capitals,39.0,144.44444444444443,33.95652173913044,124.77074509913388,115,36.2,48.1,31.642857142857142,6.0,0.0,3.4,1.6,High,Low
1527687,2026-04-08,2026,1,Gujarat Titans,Delhi Capitals,Washington Sundar,55,31,6,2,177.4193548387097,Delhi Capitals,4.0,200.0,11.844444444444443,112.72948400549733,45,20.8,18.8,9.6,1.0,0.0,1.6,1.0,High,Low
1527687,2026-04-08,2026,2,Delhi Capitals,Gujarat Titans,AR Patel,2,3,0,0,66.66666666666666,Gujarat Titans,0.0,0.0,15.451612903225806,127.80808052120896,124,17.8,22.0,33.5,0.0,0.0,1.6,1.0,Low,Low
1527687,2026-04-08,2026,2,Delhi Capitals,Gujarat Titans,DA Miller,41,20,3,3,205.0,Gujarat Titans,21.0,116.66666666666669,22.94814814814815,125.01556751274656,135,15.4,14.7,7.0,4.0,0.0,1.6,0.2,High,Low
1527687,2026-04-08,2026,2,Delhi Capitals,Gujarat Titans,KL Rahul,92,52,11,4,176.9230769230769,Gujarat Titans,1.0,33.33333333333333,37.4,125.02125586355996,140,31.8,30.2,41.5,0.0,0.0,4.4,1.0,High,Low
1527687,2026-04-08,2026,2,Delhi Capitals,Gujarat Titans,Kuldeep Yadav,1,1,0,0,100.0,Gujarat Titans,7.0,87.5,5.4324324324324325,86.29817251334279,37,3.6,6.5,4.75,0.0,0.0,0.4,0.0,Low,Low
1527687,2026-04-08,2026,2,Delhi Capitals,Gujarat Titans,N Rana,5,6,1,0,83.33333333333334,Gujarat Titans,0.0,0.0,25.157894736842103,121.75253622409056,114,11.2,13.2,11.2,0.0,0.0,1.6,0.4,Low,Low
1527687,2026-04-08,2026,2,Delhi Capitals,Gujarat Titans,P Nissanka,41,24,6,1,170.83333333333331,Gujarat Titans,44.0,146.66666666666666,22.5,83.33333333333333,2,22.5,22.5,0.0,6.0,1.0,3.0,0.5,High,Low
1527687,2026-04-08,2026,2,Delhi Capitals,Gujarat Titans,Sameer Rizvi,0,1,0,0,0.0,Gujarat Titans,90.0,176.47058823529412,30.181818181818183,130.39148585176227,11,55.4,31.8,14.0,7.0,7.0,4.4,3.6,Low,Low
1527687,2026-04-08,2026,2,Delhi Capitals,Gujarat Titans,T Stubbs,7,6,0,0,116.66666666666669,Gujarat Titans,3.0,75.0,22.818181818181817,148.72863130218414,33,16.6,19.6,26.0,0.0,0.0,1.0,0.6,Low,Low
1527687,2026-04-08,2026,2,Delhi Capitals,Gujarat Titans,V Nigam,12,7,2,0,171.42857142857142,Gujarat Titans,20.0,200.0,17.75,148.86029411764707,8,17.6,17.75,0.0,3.0,1.0,2.0,1.0,Low,Low
1527688,2026-04-09,2026,1,Kolkata Knight Riders,Lucknow Super Giants,A Raghuvanshi,45,33,5,2,136.36363636363637,Lucknow Super Giants,7.0,100.0,27.285714285714285,140.36152293465506,21,25.0,28.2,14.666666666666666,0.0,0.0,2.6,0.8,High,Low
1527688,2026-04-09,2026,1,Kolkata Knight Riders,Lucknow Super Giants,AM Rahane,41,24,4,2,170.83333333333331,Lucknow Super Giants,8.0,133.33333333333331,27.5,108.27806158407508,186,29.2,28.9,32.666666666666664,1.0,0.0,2.2,1.4,High,Low
1527688,2026-04-09,2026,1,Kolkata Knight Riders,Lucknow Super Giants,C Green,32,24,3,1,133.33333333333331,Lucknow Super Giants,4.0,200.0,23.580645161290324,137.56386768197828,31,17.8,21.1,18.0,1.0,0.0,1.4,1.0,Moderate,Low
1527688,2026-04-09,2026,1,Kolkata Knight Riders,Lucknow Super Giants,FH Allen,9,8,2,0,112.5,Lucknow Super Giants,6.0,85.71428571428571,23.666666666666668,234.45378151260505,3,23.666666666666668,23.666666666666668,0.0,1.0,0.0,3.6666666666666665,1.3333333333333333,Low,Low
1527688,2026-04-09,2026,1,Kolkata Knight Riders,Lucknow Super Giants,R Powell,39,24,4,2,162.5,Lucknow Super Giants,5.0,100.0,15.869565217391305,118.29634027524052,23,8.8,11.4,13.0,1.0,0.0,1.0,0.4,Moderate,Low
1527688,2026-04-09,2026,1,Kolkata Knight Riders,Lucknow Super Giants,RK Singh,4,7,0,0,57.14285714285714,Lucknow Super Giants,35.0,140.0,22.0188679245283,142.67858612366618,53,21.0,21.3,33.4,4.0,1.0,2.2,0.8,Low,Low
1527688,2026-04-09,2026,2,Lucknow Super Giants,Kolkata Knight Riders,A Badoni,54,34,7,2,158.8235294117647,Kolkata Knight Riders,12.0,133.33333333333331,20.3125,121.72007386729092,48,24.8,29.0,21.0,1.0,0.0,1.6,1.4,High,Low
1527688,2026-04-09,2026,2,Lucknow Super Giants,Kolkata Knight Riders,AK Markram,22,15,2,1,146.66666666666666,Kolkata Knight Riders,45.0,166.66666666666669,26.24561403508772,121.79256664530878,57,33.2,35.7,36.75,6.0,2.0,3.0,2.0,Moderate,Low
1527688,2026-04-09,2026,2,Lucknow Super Giants,Kolkata Knight Riders,Abdul Samad,2,4,0,0,50.0,Kolkata Knight Riders,16.0,133.33333333333331,14.72222222222222,137.1996717498773,54,20.2,15.7,14.555555555555555,2.0,0.0,1.4,1.0,Low,Low
1527688,2026-04-09,2026,2,Lucknow Super Giants,Kolkata Knight Riders,Avesh Khan,1,3,0,0,33.33333333333333,Kolkata Knight Riders,19.0,190.0,4.769230769230769,139.48717948717947,13,4.8,4.6,5.0,3.0,1.0,0.6,0.2,Low,Low
1527688,2026-04-09,2026,2,Lucknow Super Giants,Kolkata Knight Riders,MD Choudhary,54,27,2,7,200.0,Kolkata Knight Riders,2.0,40.0,8.0,83.63636363636363,2,8.0,8.0,0.0,0.0,0.0,1.0,0.0,High,Low
1527688,2026-04-09,2026,2,Lucknow Super Giants,Kolkata Knight Riders,MR Marsh,15,11,1,1,136.36363636363637,Kolkata Knight Riders,14.0,116.66666666666669,26.294117647058822,114.03175659324116,51,59.6,41.1,20.2,2.0,0.0,4.8,4.0,Low,Low
1527688,2026-04-09,2026,2,Lucknow Super Giants,Kolkata Knight Riders,Mohammed Shami,1,3,0,0,33.33333333333333,Kolkata Knight Riders,1.0,50.0,3.0357142857142856,77.97619047619048,28,2.2,2.9,2.0,0.0,0.0,0.2,0.0,Low,Low
1527688,2026-04-09,2026,2,Lucknow Super Giants,Kolkata Knight Riders,N Pooran,13,14,0,1,92.85714285714286,Kolkata Knight Riders,1.0,25.0,25.57777777777778,144.01237982839572,90,24.6,18.4,27.63636363636364,0.0,0.0,2.4,1.2,Low,Low
1527688,2026-04-09,2026,2,Lucknow Super Giants,Kolkata Knight Riders,RR Pant,10,9,1,0,111.11111111111111,Kolkata Knight Riders,68.0,136.0,28.4453125,131.0554395336582,128,43.2,30.4,23.0,9.0,0.0,4.4,2.0,Low,Low
1527689,2026-04-10,2026,1,Royal Challengers Bengaluru,Rajasthan Royals,B Kumar,9,7,1,0,128.57142857142858,Rajasthan Royals,1.0,50.0,4.507042253521127,83.50037677502466,71,2.8,3.1,4.5,0.0,0.0,0.2,0.0,Low,Low
1527689,2026-04-10,2026,1,Royal Challengers Bengaluru,Rajasthan Royals,D Padikkal,14,7,3,0,200.0,Rajasthan Royals,50.0,172.41379310344826,25.223684210526315,108.22069697990688,76,35.6,32.1,44.42857142857143,5.0,2.0,3.4,2.0,Low,Low
1527689,2026-04-10,2026,1,Royal Challengers Bengaluru,Rajasthan Royals,JM Sharma,5,8,0,0,62.5,Rajasthan Royals,0.0,0.0,20.64583333333333,144.71329708500795,48,28.0,21.6,30.0,0.0,0.0,2.4,2.0,Low,Low
1527689,2026-04-10,2026,1,Royal Challengers Bengaluru,Rajasthan Royals,KH Pandya,1,6,0,0,16.666666666666664,Rajasthan Royals,4.0,80.0,15.403508771929824,120.3328717678126,114,20.8,16.3,12.272727272727272,0.0,0.0,1.6,0.8,Low,Low
1527689,2026-04-10,2026,1,Royal Challengers Bengaluru,Rajasthan Royals,PD Salt,0,1,0,0,0.0,Rajasthan Royals,46.0,153.33333333333334,30.83333333333333,150.07440304093677,36,31.2,31.4,33.666666666666664,3.0,2.0,3.8,1.2,Low,Low
1527689,2026-04-10,2026,1,Royal Challengers Bengaluru,Rajasthan Royals,R Shepherd,22,11,2,1,200.0,Rajasthan Royals,17.0,188.88888888888889,15.416666666666666,154.63573463573462,12,14.4,15.3,24.0,1.0,1.0,1.0,1.4,Moderate,Low
1527689,2026-04-10,2026,1,Royal Challengers Bengaluru,Rajasthan Royals,RM Patidar,63,40,4,4,157.5,Rajasthan Royals,48.0,252.6315789473684,29.75,143.4916186007305,40,26.8,18.2,27.25,1.0,6.0,1.2,2.6,High,Low
1527689,2026-04-10,2026,1,Royal Challengers Bengaluru,Rajasthan Royals,TH David,13,9,2,0,144.44444444444443,Rajasthan Royals,70.0,291.66666666666663,20.26086956521739,157.86831277560177,46,21.6,25.1,18.166666666666668,3.0,8.0,1.4,2.0,Low,Low
1527689,2026-04-10,2026,1,Royal Challengers Bengaluru,Rajasthan Royals,V Kohli,32,16,7,0,200.0,Rajasthan Royals,28.0,155.55555555555557,33.338403041825096,120.30494990669855,263,41.2,50.5,28.0,2.0,1.0,4.4,1.2,Moderate,Low
1527689,2026-04-10,2026,1,Royal Challengers Bengaluru,Rajasthan Royals,VR Iyer,29,15,1,2,193.33333333333331,Rajasthan Royals,7.0,140.0,26.214285714285715,125.11099227725384,56,26.6,28.7,27.25,1.0,0.0,2.8,0.8,Moderate,Low
1527689,2026-04-10,2026,2,Rajasthan Royals,Royal Challengers Bengaluru,Dhruv Jurel,81,43,8,3,188.3720930232558,Royal Challengers Bengaluru,2.0,66.66666666666666,20.394736842105264,131.55960721167256,38,35.8,26.9,23.0,0.0,0.0,2.8,2.4,High,Low
1527689,2026-04-10,2026,2,Rajasthan Royals,Royal Challengers Bengaluru,R Parag,3,5,0,0,60.0,Royal Challengers Bengaluru,20.0,200.0,21.210526315789476,131.68175380730315,76,11.6,26.2,23.0,1.0,2.0,0.4,1.0,Low,Low
1527689,2026-04-10,2026,2,Rajasthan Royals,Royal Challengers Bengaluru,RA Jadeja,24,25,1,0,96.0,Royal Challengers Bengaluru,7.0,100.0,16.753846153846155,130.9519635802515,195,25.0,22.3,42.25,1.0,0.0,2.4,0.8,Moderate,Low
1527689,2026-04-10,2026,2,Rajasthan Royals,Royal Challengers Bengaluru,SO Hetmyer,0,1,0,0,0.0,Royal Challengers Bengaluru,6.0,85.71428571428571,18.666666666666668,138.13984677915437,81,15.2,12.0,14.25,0.0,0.0,0.8,0.8,Low,Low
1527689,2026-04-10,2026,2,Rajasthan Royals,Royal Challengers Bengaluru,V Suryavanshi,78,26,8,7,300.0,Royal Challengers Bengaluru,39.0,278.57142857142856,37.4,197.05904774190373,10,43.8,37.4,16.0,1.0,5.0,3.6,3.8,High,Low
1527689,2026-04-10,2026,2,Rajasthan Royals,Royal Challengers Bengaluru,YBK Jaiswal,13,8,0,2,162.5,Royal Challengers Bengaluru,77.0,240.625,33.85507246376812,135.86955749661692,69,51.2,49.6,42.25,10.0,4.0,6.6,2.2,Low,Low
1527690,2026-04-11,2026,1,Sunrisers Hyderabad,Punjab Kings,Abhishek Sharma,74,28,5,8,264.2857142857143,Punjab Kings,0.0,0.0,24.2987012987013,138.19714086322787,77,24.2,30.2,59.4,0.0,0.0,2.2,2.0,High,Low
1527690,2026-04-11,2026,1,Sunrisers Hyderabad,Punjab Kings,Aniket Verma,18,9,1,1,200.0,Punjab Kings,2.0,40.0,18.8,161.04432333700626,15,16.8,14.1,0.0,0.0,0.0,1.0,1.6,Low,Low
1527690,2026-04-11,2026,1,Sunrisers Hyderabad,Punjab Kings,H Klaasen,39,33,1,1,118.1818181818182,Punjab Kings,62.0,151.21951219512195,33.854166666666664,160.5165115835342,48,54.8,45.9,24.0,5.0,2.0,4.0,3.0,Moderate,Low
1527690,2026-04-11,2026,1,Sunrisers Hyderabad,Punjab Kings,Harsh Dubey,1,2,0,0,50.0,Punjab Kings,0.0,0.0,4.0,133.33333333333334,3,4.0,4.0,0.0,0.0,0.0,0.6666666666666666,0.0,Low,Low
1527690,2026-04-11,2026,1,Sunrisers Hyderabad,Punjab Kings,Ishan Kishan,27,17,3,1,158.8235294117647,Punjab Kings,1.0,25.0,26.89565217391304,117.12140829122224,115,43.6,31.3,17.0,0.0,0.0,4.4,2.2,Moderate,Low
1527690,2026-04-11,2026,1,Sunrisers Hyderabad,Punjab Kings,Nithish Kumar Reddy,0,1,0,0,0.0,Punjab Kings,56.0,169.6969696969697,23.24,123.90295705942764,25,21.0,19.7,50.5,3.0,5.0,1.6,1.2,Low,Low
1527690,2026-04-11,2026,1,Sunrisers Hyderabad,Punjab Kings,S Arora,9,8,0,1,112.5,Punjab Kings,0.0,0.0,4.5,75.0,2,4.5,4.5,0.0,0.0,0.0,0.0,0.5,Low,Low
1527690,2026-04-11,2026,1,Sunrisers Hyderabad,Punjab Kings,TM Head,38,22,5,1,172.72727272727272,Punjab Kings,7.0,87.5,30.25,136.9899280495322,40,31.4,29.0,29.0,1.0,0.0,3.6,1.8,Moderate,Low
1527690,2026-04-11,2026,2,Punjab Kings,Sunrisers Hyderabad,C Connolly,11,12,1,0,91.66666666666666,Sunrisers Hyderabad,36.0,171.42857142857142,54.0,167.53246753246754,2,54.0,54.0,0.0,6.0,0.0,5.5,2.5,Low,Low
1527690,2026-04-11,2026,2,Punjab Kings,Sunrisers Hyderabad,N Wadhera,14,14,0,1,100.0,Sunrisers Hyderabad,10.0,111.11111111111111,22.181818181818183,130.4595922633534,33,16.8,19.3,27.0,0.0,1.0,1.0,0.8,Low,Low
1527690,2026-04-11,2026,2,Punjab Kings,Sunrisers Hyderabad,P Simran Singh,51,25,4,4,204.0,Sunrisers Hyderabad,43.0,126.47058823529412,26.574074074074076,132.6649324720198,54,26.0,33.3,22.571428571428573,6.0,1.0,2.0,1.6,High,Low
1527690,2026-04-11,2026,2,Punjab Kings,Sunrisers Hyderabad,Priyansh Arya,57,20,5,5,285.0,Sunrisers Hyderabad,39.0,354.54545454545456,29.55,157.9467294683024,20,19.4,24.5,36.0,3.0,4.0,2.0,1.2,High,Low
1527690,2026-04-11,2026,2,Punjab Kings,Sunrisers Hyderabad,SS Iyer,69,33,5,5,209.0909090909091,Sunrisers Hyderabad,50.0,178.57142857142858,28.38059701492537,118.628994512864,134,31.6,38.4,29.84210526315789,4.0,3.0,1.8,2.6,High,Low
1527690,2026-04-11,2026,2,Punjab Kings,Sunrisers Hyderabad,Shashank Singh,16,9,1,1,177.77777777777777,Sunrisers Hyderabad,14.0,233.33333333333331,22.6,138.58243147296358,35,16.8,24.1,16.666666666666668,2.0,0.0,1.0,1.2,Low,Low
1527691,2026-04-11,2026,1,Chennai Super Kings,Delhi Capitals,A Mhatre,59,36,3,4,163.88888888888889,Delhi Capitals,1.0,33.33333333333333,31.4,130.5870927318296,10,30.2,31.4,0.0,0.0,0.0,3.4,1.8,High,Low
1527691,2026-04-11,2026,1,Chennai Super Kings,Delhi Capitals,RD Gaikwad,15,18,1,0,83.33333333333334,Delhi Capitals,7.0,233.33333333333331,34.83561643835616,111.99414602851262,73,9.4,20.5,27.0,0.0,1.0,0.8,0.2,Low,Low
1527691,2026-04-11,2026,1,Chennai Super Kings,Delhi Capitals,S Dube,20,10,2,1,200.0,Delhi Capitals,18.0,138.46153846153845,24.71794871794872,132.26409554937484,78,25.0,24.6,18.77777777777778,2.0,1.0,1.8,1.4,Moderate,Low
1527691,2026-04-11,2026,1,Chennai Super Kings,Delhi Capitals,SV Samson,115,56,15,4,205.35714285714283,Delhi Capitals,9.0,180.0,27.160919540229884,119.23867994217038,174,16.6,22.8,26.63636363636364,0.0,1.0,1.2,0.8,High,Low
1527691,2026-04-11,2026,2,Delhi Capitals,Chennai Super Kings,AR Patel,1,2,0,0,50.0,Chennai Super Kings,2.0,66.66666666666666,15.344,127.31894921037262,125,15.2,20.7,11.933333333333334,0.0,0.0,1.4,0.8,Low,Low
1527691,2026-04-11,2026,2,Delhi Capitals,Chennai Super Kings,Ashutosh Sharma,19,10,1,2,190.0,Chennai Super Kings,18.0,112.5,21.83333333333333,140.27452189092057,18,21.0,20.6,2.0,1.0,1.0,1.0,1.6,Low,Low
1527691,2026-04-11,2026,2,Delhi Capitals,Chennai Super Kings,Auqib Nabi,4,2,1,0,200.0,Chennai Super Kings,0.0,0.0,0.0,0.0,0,0.0,0.0,0.0,0.0,0.0,0.0,0.0,Low,Low
1527691,2026-04-11,2026,2,Delhi Capitals,Chennai Super Kings,DA Miller,17,14,1,1,121.42857142857142,Chennai Super Kings,41.0,205.0,23.080882352941178,125.6036883398587,136,22.2,17.5,27.0,3.0,3.0,2.2,0.8,Low,Low
1527691,2026-04-11,2026,2,Delhi Capitals,Chennai Super Kings,KL Rahul,18,10,2,1,180.0,Chennai Super Kings,92.0,176.9230769230769,37.7872340425532,125.38935388525869,141,27.8,36.6,42.0,11.0,4.0,3.8,1.0,Low,Low
1527691,2026-04-11,2026,2,Delhi Capitals,Chennai Super Kings,Kuldeep Yadav,4,7,0,0,57.14285714285714,Chennai Super Kings,1.0,100.0,5.315789473684211,86.6587469208864,38,2.8,6.5,1.25,0.0,0.0,0.2,0.0,Low,Low
1527691,2026-04-11,2026,2,Delhi Capitals,Chennai Super Kings,L Ngidi,3,4,0,0,75.0,Chennai Super Kings,0.0,0.0,0.0,0.0,1,0.0,0.0,0.0,0.0,0.0,0.0,0.0,Low,Low
1527691,2026-04-11,2026,2,Delhi Capitals,Chennai Super Kings,P Nissanka,41,22,5,2,186.36363636363637,Chennai Super Kings,41.0,170.83333333333331,28.666666666666668,112.5,3,28.666666666666668,28.666666666666668,0.0,6.0,1.0,4.0,0.6666666666666666,High,Low
1527691,2026-04-11,2026,2,Delhi Capitals,Chennai Super Kings,Sameer Rizvi,6,9,1,0,66.66666666666666,Chennai Super Kings,0.0,0.0,27.666666666666668,119.52552869744876,12,51.4,31.8,20.0,0.0,0.0,4.2,3.4,Low,Low
1527691,2026-04-11,2026,2,Delhi Capitals,Chennai Super Kings,T Natarajan,1,2,0,0,50.0,Chennai Super Kings,0.0,0.0,1.5,37.5,2,1.5,1.5,0.0,0.0,0.0,0.0,0.0,Low,Low
1527691,2026-04-11,2026,2,Delhi Capitals,Chennai Super Kings,T Stubbs,60,38,4,3,157.89473684210526,Chennai Super Kings,7.0,116.66666666666669,22.352941176470587,147.78563234231598,34,13.8,19.7,9.8,0.0,0.0,1.0,0.2,High,Low
1527692,2026-04-12,2026,1,Lucknow Super Giants,Gujarat Titans,A Badoni,9,11,1,0,81.81818181818183,Gujarat Titans,54.0,158.8235294117647,21.0,122.47728724574958,49,28.6,31.4,23.166666666666668,7.0,2.0,2.6,1.4,Low,Low
1527692,2026-04-12,2026,1,Lucknow Super Giants,Gujarat Titans,AK Markram,30,21,5,1,142.85714285714286,Gujarat Titans,22.0,146.66666666666666,26.17241379310345,122.22143043878046,58,35.0,32.1,31.5,2.0,1.0,3.2,2.0,Moderate,Low
1527692,2026-04-12,2026,1,Lucknow Super Giants,Gujarat Titans,Abdul Samad,18,22,2,0,81.81818181818183,Gujarat Titans,2.0,50.0,14.49090909090909,135.6142231726068,55,11.6,15.7,11.666666666666666,0.0,0.0,1.0,0.2,Low,Low
1527692,2026-04-12,2026,1,Lucknow Super Giants,Gujarat Titans,Avesh Khan,4,1,1,0,400.0,Gujarat Titans,1.0,33.33333333333333,4.5,131.9047619047619,14,4.4,4.5,12.0,0.0,0.0,0.6,0.2,Low,Low
1527692,2026-04-12,2026,1,Lucknow Super Giants,Gujarat Titans,GF Linde,16,10,3,0,160.0,Gujarat Titans,0.0,0.0,0.0,0.0,0,0.0,0.0,0.0,0.0,0.0,0.0,0.0,Low,Low
1527692,2026-04-12,2026,1,Lucknow Super Giants,Gujarat Titans,MD Choudhary,18,14,1,1,128.57142857142858,Gujarat Titans,54.0,200.0,23.33333333333333,122.42424242424242,3,23.33333333333333,23.33333333333333,0.0,2.0,7.0,1.3333333333333333,2.333333333333333,Low,Low
1527692,2026-04-12,2026,1,Lucknow Super Giants,Gujarat Titans,MR Marsh,11,4,1,1,275.0,Gujarat Titans,15.0,136.36363636363637,26.07692307692308,114.46121581959493,52,49.6,39.6,60.5,1.0,1.0,3.8,3.4,Low,Low
1527692,2026-04-12,2026,1,Lucknow Super Giants,Gujarat Titans,Mohammed Shami,12,5,1,1,240.0,Gujarat Titans,1.0,33.33333333333333,2.9655172413793105,76.43678160919539,29,2.2,2.1,6.0,0.0,0.0,0.2,0.0,Low,Low
1527692,2026-04-12,2026,1,Lucknow Super Giants,Gujarat Titans,N Pooran,19,21,0,2,90.47619047619048,Gujarat Titans,13.0,92.85714285714286,25.43956043956044,143.45023436717318,91,18.2,18.9,27.142857142857142,0.0,1.0,1.2,1.2,Low,Low
1527692,2026-04-12,2026,1,Lucknow Super Giants,Gujarat Titans,RR Pant,18,11,2,1,163.63636363636363,Gujarat Titans,10.0,111.11111111111111,28.302325581395348,130.9008323365842,129,43.8,25.1,36.8,1.0,0.0,4.4,2.0,Low,Low
1527692,2026-04-12,2026,2,Gujarat Titans,Lucknow Super Giants,B Sai Sudharsan,15,14,3,0,107.14285714285714,Lucknow Super Giants,12.0,171.42857142857142,43.97674418604651,140.22955585883932,43,43.8,44.0,36.0,2.0,0.0,5.8,0.8,Low,Low
1527692,2026-04-12,2026,2,Gujarat Titans,Lucknow Super Giants,JC Buttler,60,37,11,0,162.16216216216216,Lucknow Super Giants,52.0,192.59259259259255,34.447154471544714,129.93906066874612,123,30.8,43.6,21.285714285714285,3.0,5.0,2.8,1.8,High,Low
1527692,2026-04-12,2026,2,Gujarat Titans,Lucknow Super Giants,R Tewatia,10,8,1,0,125.0,Lucknow Super Giants,1.0,100.0,14.379746835443038,135.9317209554519,79,10.8,8.2,16.0,0.0,0.0,0.8,0.4,Low,Low
1527692,2026-04-12,2026,2,Gujarat Titans,Lucknow Super Giants,Shubman Gill,56,40,6,1,140.0,Lucknow Super Giants,70.0,155.55555555555557,34.26724137931034,125.036131396172,116,31.6,54.4,38.71428571428572,4.0,5.0,3.6,1.2,High,Low
1527692,2026-04-12,2026,2,Gujarat Titans,Lucknow Super Giants,Washington Sundar,21,13,2,1,161.53846153846155,Lucknow Super Giants,55.0,177.4193548387097,12.782608695652174,114.13578554534976,46,29.2,23.4,12.0,6.0,2.0,2.8,1.2,Moderate,Low
1527693,2026-04-12,2026,1,Royal Challengers Bengaluru,Mumbai Indians,JM Sharma,10,9,1,0,111.11111111111111,Mumbai Indians,5.0,62.5,20.3265306122449,143.035474695518,49,27.6,18.1,30.6,0.0,0.0,2.2,2.0,Low,Low
1527693,2026-04-12,2026,1,Royal Challengers Bengaluru,Mumbai Indians,PD Salt,78,36,6,6,216.66666666666663,Mumbai Indians,0.0,0.0,30.0,146.01833809388444,37,25.2,24.9,5.0,0.0,0.0,2.6,1.2,High,Low
1527693,2026-04-12,2026,1,Royal Challengers Bengaluru,Mumbai Indians,R Shepherd,2,2,0,0,100.0,Mumbai Indians,22.0,200.0,15.923076923076923,158.1252935099089,13,18.6,14.9,0.0,2.0,1.0,1.4,1.6,Low,Low
1527693,2026-04-12,2026,1,Royal Challengers Bengaluru,Mumbai Indians,RM Patidar,53,20,4,5,265.0,Mumbai Indians,63.0,157.5,30.5609756097561,143.8332864397371,41,36.6,23.3,40.66666666666666,4.0,4.0,1.8,3.2,High,Low
1527693,2026-04-12,2026,1,Royal Challengers Bengaluru,Mumbai Indians,TH David,34,15,2,3,226.66666666666663,Mumbai Indians,13.0,144.44444444444443,20.106382978723403,157.58269855578993,47,20.4,23.2,1.0,2.0,0.0,1.2,1.8,Moderate,Low
1527693,2026-04-12,2026,1,Royal Challengers Bengaluru,Mumbai Indians,V Kohli,50,38,5,1,131.57894736842107,Mumbai Indians,32.0,200.0,33.333333333333336,120.60682509644592,264,36.8,46.4,27.264705882352946,7.0,0.0,3.8,1.2,High,Low
1527693,2026-04-12,2026,2,Mumbai Indians,Royal Challengers Bengaluru,HH Pandya,40,22,6,1,181.8181818181818,Royal Challengers Bengaluru,9.0,150.0,19.20689655172414,140.84335677749482,145,18.0,16.8,31.5,2.0,0.0,1.6,1.2,High,Low
1527693,2026-04-12,2026,2,Mumbai Indians,Royal Challengers Bengaluru,MJ Santner,8,6,1,0,133.33333333333331,Royal Challengers Bengaluru,18.0,138.46153846153845,6.4,95.63776428250112,20,3.8,6.1,5.5,2.0,0.0,0.4,0.0,Low,Low
1527693,2026-04-12,2026,2,Mumbai Indians,Royal Challengers Bengaluru,Naman Dhir,1,2,0,0,50.0,Royal Challengers Bengaluru,25.0,192.30769230769232,20.454545454545453,164.82804974783585,22,20.8,18.0,11.0,3.0,1.0,2.6,0.6,Low,Low
1527693,2026-04-12,2026,2,Mumbai Indians,Royal Challengers Bengaluru,RD Rickelton,37,22,3,3,168.1818181818182,Royal Challengers Bengaluru,8.0,200.0,28.58823529411765,148.93890072256045,17,30.0,30.6,17.0,0.0,1.0,2.2,2.2,Moderate,Low
1527693,2026-04-12,2026,2,Mumbai Indians,Royal Challengers Bengaluru,RG Sharma,19,13,2,1,146.15384615384613,Royal Challengers Bengaluru,5.0,83.33333333333334,26.54074074074074,114.35451043992138,270,41.4,30.8,27.5,0.0,0.0,4.2,2.2,Low,Low
1527693,2026-04-12,2026,2,Mumbai Indians,Royal Challengers Bengaluru,SA Yadav,33,22,5,0,150.0,Royal Challengers Bengaluru,6.0,200.0,28.283870967741937,138.91150214747125,155,30.0,41.7,40.0,0.0,1.0,2.2,1.8,Moderate,Low
1527693,2026-04-12,2026,2,Mumbai Indians,Royal Challengers Bengaluru,SE Rutherford,71,30,1,9,236.66666666666663,Royal Challengers Bengaluru,25.0,312.5,19.40909090909091,142.86992612650508,22,18.4,22.7,30.0,2.0,2.0,1.6,1.0,High,Low
1527693,2026-04-12,2026,2,Mumbai Indians,Royal Challengers Bengaluru,Tilak Varma,1,3,0,0,33.33333333333333,Royal Challengers Bengaluru,14.0,140.0,28.38888888888889,134.34966926605068,54,20.6,14.6,36.0,2.0,0.0,1.6,1.0,Low,Low
1529264,2026-04-13,2026,1,Sunrisers Hyderabad,Rajasthan Royals,Abhishek Sharma,0,1,0,0,0.0,Rajasthan Royals,74.0,264.2857142857143,24.935897435897434,139.81366103531104,78,32.2,33.6,19.0,5.0,8.0,2.6,3.0,Low,Low
1529264,2026-04-13,2026,1,Sunrisers Hyderabad,Rajasthan Royals,Aniket Verma,6,5,1,0,120.0,Rajasthan Royals,18.0,200.0,18.75,163.47905312844338,16,15.2,14.1,7.0,1.0,1.0,1.0,1.2,Low,Low
1529264,2026-04-13,2026,1,Sunrisers Hyderabad,Rajasthan Royals,H Klaasen,40,26,1,3,153.84615384615387,Rajasthan Royals,39.0,118.1818181818182,33.95918367346939,159.65253824880529,49,57.8,46.1,31.6,1.0,1.0,3.8,2.8,High,Low
1529264,2026-04-13,2026,1,Sunrisers Hyderabad,Rajasthan Royals,Ishan Kishan,91,44,8,6,206.81818181818184,Rajasthan Royals,27.0,158.8235294117647,26.89655172413793,117.48090933536484,116,30.2,33.8,32.666666666666664,3.0,1.0,3.6,1.4,High,Low
1529264,2026-04-13,2026,1,Sunrisers Hyderabad,Rajasthan Royals,Nithish Kumar Reddy,28,13,0,4,215.3846153846154,Rajasthan Royals,0.0,0.0,22.346153846153847,119.13745871098811,26,20.0,16.6,37.0,0.0,0.0,1.4,1.2,Moderate,Low
1529264,2026-04-13,2026,1,Sunrisers Hyderabad,Rajasthan Royals,S Arora,24,13,2,2,184.6153846153846,Rajasthan Royals,9.0,112.5,6.0,87.5,3,6.0,6.0,0.0,0.0,1.0,0.0,0.6666666666666666,Moderate,Low
1529264,2026-04-13,2026,1,Sunrisers Hyderabad,Rajasthan Royals,TM Head,18,18,3,0,100.0,Rajasthan Royals,38.0,172.72727272727272,30.4390243902439,137.86157060264784,41,35.6,26.2,53.0,5.0,1.0,4.0,2.0,Low,Low
1529264,2026-04-13,2026,2,Rajasthan Royals,Sunrisers Hyderabad,D Ferreira,69,44,8,3,156.8181818181818,Sunrisers Hyderabad,1.0,33.33333333333333,2.5,46.875,4,2.5,2.5,0.0,0.0,0.0,0.0,0.0,High,Low
1529264,2026-04-13,2026,2,Rajasthan Royals,Sunrisers Hyderabad,Dhruv Jurel,0,2,0,0,0.0,Sunrisers Hyderabad,81.0,188.3720930232558,21.94871794871795,133.01633761709778,39,41.4,32.4,42.333333333333336,8.0,3.0,3.8,2.2,Low,Low
1529264,2026-04-13,2026,2,Rajasthan Royals,Sunrisers Hyderabad,JC Archer,2,5,0,0,40.0,Sunrisers Hyderabad,1.0,50.0,8.483870967741936,123.3517199646232,31,9.4,6.8,6.0,0.0,0.0,0.6,0.4,Low,Low
1529264,2026-04-13,2026,2,Rajasthan Royals,Sunrisers Hyderabad,LG Pretorius,0,2,0,0,0.0,Sunrisers Hyderabad,0.0,0.0,0.0,0.0,0,0.0,0.0,0.0,0.0,0.0,0.0,0.0,Low,Low
1529264,2026-04-13,2026,2,Rajasthan Royals,Sunrisers Hyderabad,N Burger,3,5,0,0,60.0,Sunrisers Hyderabad,0.0,0.0,0.0,0.0,0,0.0,0.0,0.0,0.0,0.0,0.0,0.0,Low,Low
1529264,2026-04-13,2026,2,Rajasthan Royals,Sunrisers Hyderabad,R Parag,4,6,1,0,66.66666666666666,Sunrisers Hyderabad,3.0,60.0,20.97402597402597,130.75082193967583,77,9.6,22.6,20.33333333333333,0.0,0.0,0.4,0.8,Low,Low
1529264,2026-04-13,2026,2,Rajasthan Royals,Sunrisers Hyderabad,RA Jadeja,45,32,5,0,140.625,Sunrisers Hyderabad,24.0,96.0,16.790816326530614,130.7736372354543,196,14.4,24.7,15.38888888888889,1.0,0.0,1.0,0.4,High,Low
1529264,2026-04-13,2026,2,Rajasthan Royals,Sunrisers Hyderabad,Ravi Bishnoi,0,1,0,0,0.0,Sunrisers Hyderabad,13.0,92.85714285714286,2.8125,70.01488095238095,16,3.4,3.1,6.0,0.0,2.0,0.0,0.4,Low,Low
1529264,2026-04-13,2026,2,Rajasthan Royals,Sunrisers Hyderabad,TU Deshpande,25,11,0,3,227.27272727272728,Sunrisers Hyderabad,1.0,50.0,3.5,81.94444444444444,8,1.4,3.5,20.0,0.0,0.0,0.0,0.0,Moderate,Low
1529264,2026-04-13,2026,2,Rajasthan Royals,Sunrisers Hyderabad,V Suryavanshi,0,1,0,0,0.0,Sunrisers Hyderabad,78.0,300.0,41.09090909090909,206.4173161290034,11,51.4,41.8,0.0,8.0,7.0,4.4,4.4,Low,Low
1529264,2026-04-13,2026,2,Rajasthan Royals,Sunrisers Hyderabad,YBK Jaiswal,1,5,0,0,20.0,Sunrisers Hyderabad,13.0,162.5,33.55714285714286,136.2499923895224,70,43.8,43.5,33.375,0.0,2.0,4.8,2.4,Low,Low
1529265,2026-04-14,2026,1,Chennai Super Kings,Kolkata Knight Riders,A Mhatre,38,17,6,2,223.52941176470588,Kolkata Knight Riders,59.0,163.88888888888889,33.90909090909091,133.61452874610768,11,33.4,34.1,0.0,3.0,4.0,2.4,2.4,Moderate,Low
1529265,2026-04-14,2026,1,Chennai Super Kings,Kolkata Knight Riders,D Brevis,41,29,4,2,141.3793103448276,Kolkata Knight Riders,57.0,247.8260869565217,28.4375,127.50250631329008,16,36.6,33.1,40.5,4.0,5.0,2.4,2.6,High,Low
1529265,2026-04-14,2026,1,Chennai Super Kings,Kolkata Knight Riders,J Overton,7,6,1,0,116.66666666666669,Kolkata Knight Riders,37.0,246.66666666666669,23.75,193.61111111111111,4,23.75,23.75,0.0,4.0,2.0,1.75,1.25,Low,Low
1529265,2026-04-14,2026,1,Chennai Super Kings,Kolkata Knight Riders,RD Gaikwad,7,6,1,0,116.66666666666669,Kolkata Knight Riders,15.0,83.33333333333334,34.567567567567565,111.60683774884804,74,11.4,17.8,40.875,1.0,0.0,0.8,0.2,Low,Low
1529265,2026-04-14,2026,1,Chennai Super Kings,Kolkata Knight Riders,S Dube,13,12,1,0,108.33333333333331,Kolkata Knight Riders,20.0,200.0,24.658227848101262,133.12151206140808,79,21.2,21.6,30.625,2.0,1.0,1.8,1.2,Low,Low
1529265,2026-04-14,2026,1,Chennai Super Kings,Kolkata Knight Riders,SN Khan,23,18,1,2,127.77777777777776,Kolkata Knight Riders,50.0,208.33333333333331,17.53846153846154,124.99052475103836,39,23.6,19.5,9.5,8.0,2.0,3.4,1.0,Moderate,Low
1529265,2026-04-14,2026,1,Chennai Super Kings,Kolkata Knight Riders,SV Samson,48,32,4,3,150.0,Kolkata Knight Riders,115.0,205.35714285714283,27.662857142857145,119.73078544454164,175,35.6,32.3,25.80952380952381,15.0,4.0,4.0,1.4,High,Low
1529265,2026-04-14,2026,2,Kolkata Knight Riders,Chennai Super Kings,A Raghuvanshi,27,19,3,1,142.10526315789474,Chennai Super Kings,45.0,136.36363636363637,28.09090909090909,140.17980081779058,22,33.8,32.2,12.5,5.0,2.0,3.6,1.2,Moderate,Low
1529265,2026-04-14,2026,2,Kolkata Knight Riders,Chennai Super Kings,AM Rahane,28,22,0,2,127.27272727272728,Chennai Super Kings,41.0,170.83333333333331,27.572192513368982,108.6125817538572,187,27.8,31.0,21.38888888888889,4.0,2.0,2.2,1.4,Moderate,Low
1529265,2026-04-14,2026,2,Kolkata Knight Riders,Chennai Super Kings,AS Roy,1,1,0,0,100.0,Chennai Super Kings,0.0,0.0,3.25,58.21428571428572,8,4.4,3.25,3.0,0.0,0.0,0.4,0.0,Low,Low
1529265,2026-04-14,2026,2,Kolkata Knight Riders,Chennai Super Kings,C Green,0,1,0,0,0.0,Chennai Super Kings,32.0,133.33333333333331,23.84375,137.43166348358315,32,16.6,23.7,18.5,3.0,1.0,1.4,0.6,Low,Low
1529265,2026-04-14,2026,2,Kolkata Knight Riders,Chennai Super Kings,FH Allen,1,3,0,0,33.33333333333333,Chennai Super Kings,9.0,112.5,20.0,203.96533613445376,4,20.0,20.0,0.0,2.0,0.0,3.25,1.0,Low,Low
1529265,2026-04-14,2026,2,Kolkata Knight Riders,Chennai Super Kings,R Powell,31,22,1,2,140.9090909090909,Chennai Super Kings,39.0,162.5,16.833333333333332,120.13815943043883,24,14.0,15.1,3.0,4.0,2.0,1.6,0.6,Moderate,Low
1529265,2026-04-14,2026,2,Kolkata Knight Riders,Chennai Super Kings,RK Singh,6,12,0,0,50.0,Chennai Super Kings,4.0,57.14285714285714,21.685185185185187,141.0945911425401,54,18.0,17.9,21.125,0.0,0.0,2.0,0.4,Low,Low
1529265,2026-04-14,2026,2,Kolkata Knight Riders,Chennai Super Kings,Ramandeep Singh,35,23,4,1,152.17391304347828,Chennai Super Kings,10.0,111.11111111111111,10.5,146.01641414141417,22,6.4,7.8,8.5,1.0,0.0,0.2,0.4,Moderate,Low
1529265,2026-04-14,2026,2,Kolkata Knight Riders,Chennai Super Kings,SP Narine,24,17,2,2,141.1764705882353,Chennai Super Kings,12.0,300.0,15.058823529411764,127.1879808029644,119,21.4,20.7,12.866666666666667,0.0,2.0,2.0,1.8,Moderate,Low
1529266,2026-04-15,2026,1,Lucknow Super Giants,Royal Challengers Bengaluru,A Badoni,38,24,4,1,158.33333333333331,Royal Challengers Bengaluru,9.0,81.81818181818183,20.76,121.66410513719822,50,15.6,29.5,0.0,1.0,0.0,1.8,0.4,Moderate,Low
1529266,2026-04-15,2026,1,Lucknow Super Giants,Royal Challengers Bengaluru,AK Markram,12,8,0,1,150.0,Royal Challengers Bengaluru,30.0,142.85714285714286,26.23728813559322,122.57118827637984,59,28.8,34.5,19.5,5.0,1.0,3.4,1.4,Low,Low
1529266,2026-04-15,2026,1,Lucknow Super Giants,Royal Challengers Bengaluru,Abdul Samad,0,2,0,0,0.0,Royal Challengers Bengaluru,18.0,81.81818181818183,14.553571428571429,134.6535795769921,56,14.6,15.5,16.0,2.0,0.0,1.4,0.2,Low,Low
1529266,2026-04-15,2026,1,Lucknow Super Giants,Royal Challengers Bengaluru,Avesh Khan,1,2,0,0,50.0,Royal Challengers Bengaluru,4.0,400.0,4.466666666666667,149.77777777777777,15,5.2,3.7,0.0,1.0,0.0,0.8,0.2,Low,Low
1529266,2026-04-15,2026,1,Lucknow Super Giants,Royal Challengers Bengaluru,DS Rathi,0,3,0,0,0.0,Royal Challengers Bengaluru,1.0,33.33333333333333,1.0,33.33333333333333,1,1.0,1.0,0.0,0.0,0.0,0.0,0.0,Low,Low
1529266,2026-04-15,2026,1,Lucknow Super Giants,Royal Challengers Bengaluru,GF Linde,7,7,1,0,100.0,Royal Challengers Bengaluru,16.0,160.0,16.0,160.0,1,16.0,16.0,0.0,3.0,0.0,3.0,0.0,Low,Low
1529266,2026-04-15,2026,1,Lucknow Super Giants,Royal Challengers Bengaluru,MD Choudhary,39,28,3,2,139.28571428571428,Royal Challengers Bengaluru,18.0,128.57142857142858,22.0,123.96103896103897,4,22.0,22.0,0.0,1.0,1.0,1.25,2.0,Moderate,Low
1529266,2026-04-15,2026,1,Lucknow Super Giants,Royal Challengers Bengaluru,MR Marsh,40,32,3,2,125.0,Royal Challengers Bengaluru,11.0,275.0,25.79245283018868,117.49024948337616,53,28.4,40.3,67.0,1.0,1.0,2.0,2.0,High,Low
1529266,2026-04-15,2026,1,Lucknow Super Giants,Royal Challengers Bengaluru,Mohammed Shami,0,1,0,0,0.0,Royal Challengers Bengaluru,12.0,240.0,3.2666666666666666,81.88888888888889,30,4.4,3.0,0.0,1.0,1.0,0.4,0.2,Low,Low
1529266,2026-04-15,2026,1,Lucknow Super Giants,Royal Challengers Bengaluru,N Pooran,1,7,0,0,14.285714285714285,Royal Challengers Bengaluru,19.0,90.47619047619048,25.369565217391305,142.8744295422712,92,10.8,19.7,26.5,0.0,2.0,0.4,0.6,Low,Low
1529266,2026-04-15,2026,1,Lucknow Super Giants,Royal Challengers Bengaluru,RR Pant,1,6,0,0,16.666666666666664,Royal Challengers Bengaluru,18.0,163.63636363636363,28.223076923076924,131.15264411581327,130,44.2,26.6,118.0,2.0,1.0,4.8,1.8,Low,Low
1529266,2026-04-15,2026,2,Royal Challengers Bengaluru,Lucknow Super Giants,D Padikkal,10,11,1,0,90.9090909090909,Lucknow Super Giants,14.0,200.0,25.07792207792208,109.41263598016782,77,28.4,33.1,31.33333333333333,3.0,0.0,3.2,1.4,Low,Low
1529266,2026-04-15,2026,2,Royal Challengers Bengaluru,Lucknow Super Giants,JM Sharma,23,9,2,2,255.55555555555557,Lucknow Super Giants,10.0,111.11111111111111,20.12,142.39698742382987,50,24.8,18.8,23.8,1.0,0.0,2.2,1.6,Moderate,Low
1529266,2026-04-15,2026,2,Royal Challengers Bengaluru,Lucknow Super Giants,PD Salt,7,8,1,0,87.5,Lucknow Super Giants,78.0,216.66666666666663,31.26315789473684,147.87750463527345,38,29.6,32.3,50.333333333333336,6.0,6.0,2.6,1.8,Low,Low
1529266,2026-04-15,2026,2,Royal Challengers Bengaluru,Lucknow Super Giants,R Shepherd,14,8,1,1,175.0,Lucknow Super Giants,2.0,100.0,14.928571428571429,153.9734868306297,14,18.8,15.1,4.5,0.0,0.0,1.4,1.6,Low,Low
1529266,2026-04-15,2026,2,Royal Challengers Bengaluru,Lucknow Super Giants,RM Patidar,27,13,1,3,207.6923076923077,Lucknow Super Giants,53.0,265.0,31.09523809523809,146.7182081911719,42,44.2,28.5,51.66666666666666,4.0,5.0,2.4,4.0,Moderate,Low
1529266,2026-04-15,2026,2,Royal Challengers Bengaluru,Lucknow Super Giants,TH David,14,8,1,1,175.0,Lucknow Super Giants,34.0,226.66666666666663,20.39583333333333,159.0219478914332,48,26.8,26.5,26.666666666666668,2.0,3.0,1.6,2.4,Low,Low
1529266,2026-04-15,2026,2,Royal Challengers Bengaluru,Lucknow Super Giants,V Kohli,49,34,6,1,144.11764705882354,Lucknow Super Giants,50.0,131.57894736842107,33.39622641509434,120.64822933143452,265,44.4,44.4,32.166666666666664,5.0,1.0,4.4,1.4,High,Low
1529267,2026-04-16,2026,1,Mumbai Indians,Punjab Kings,HH Pandya,14,12,0,1,116.66666666666669,Punjab Kings,40.0,181.8181818181818,19.34931506849315,141.12400626407486,146,20.8,18.7,16.0,6.0,1.0,2.4,1.0,Low,Low
1529267,2026-04-16,2026,1,Mumbai Indians,Punjab Kings,Naman Dhir,50,31,3,3,161.29032258064515,Punjab Kings,1.0,50.0,19.608695652173918,159.83552584575602,23,19.2,18.1,28.5,0.0,0.0,2.6,0.4,High,Low
1529267,2026-04-16,2026,1,Mumbai Indians,Punjab Kings,Q de Kock,112,60,8,7,186.66666666666663,Punjab Kings,9.0,69.23076923076923,28.55172413793104,115.52678327105065,116,10.0,16.6,26.4,0.0,0.0,0.0,1.0,High,Low
1529267,2026-04-16,2026,1,Mumbai Indians,Punjab Kings,RD Rickelton,2,8,0,0,25.0,Punjab Kings,37.0,168.1818181818182,29.05555555555556,150.0079516925192,18,32.4,31.9,27.0,3.0,3.0,2.8,2.4,Low,Low
1529267,2026-04-16,2026,1,Mumbai Indians,Punjab Kings,SA Yadav,0,1,0,0,0.0,Punjab Kings,33.0,150.0,28.31410256410257,138.98258226191052,156,30.0,39.6,47.25,5.0,0.0,3.0,1.2,Low,Low
1529267,2026-04-16,2026,1,Mumbai Indians,Punjab Kings,SE Rutherford,1,5,0,0,20.0,Punjab Kings,71.0,236.66666666666663,21.65217391304348,146.9480452804251,23,25.0,26.3,46.0,1.0,9.0,1.6,2.2,Low,Low
1529267,2026-04-16,2026,1,Mumbai Indians,Punjab Kings,Tilak Varma,8,3,2,0,266.66666666666663,Punjab Kings,1.0,33.33333333333333,27.89090909090909,132.51300861272856,55,15.8,14.5,24.0,0.0,0.0,1.6,0.4,Low,Low
1529267,2026-04-16,2026,2,Punjab Kings,Mumbai Indians,C Connolly,17,12,1,2,141.66666666666669,Mumbai Indians,11.0,91.66666666666666,39.66666666666666,142.24386724386724,3,39.66666666666666,39.66666666666666,0.0,1.0,0.0,4.0,1.6666666666666667,Low,Low
1529267,2026-04-16,2026,2,Punjab Kings,Mumbai Indians,MP Stoinis,10,5,2,0,200.0,Mumbai Indians,9.0,300.0,20.14851485148515,126.70527841749616,101,8.6,14.4,22.8,2.0,0.0,0.8,0.6,Low,Low
1529267,2026-04-16,2026,2,Punjab Kings,Mumbai Indians,P Simran Singh,80,39,11,2,205.1282051282051,Mumbai Indians,51.0,204.0,27.01818181818182,133.96193369980128,55,32.6,29.3,10.8,4.0,4.0,2.4,2.2,High,Low
1529267,2026-04-16,2026,2,Punjab Kings,Mumbai Indians,Priyansh Arya,15,9,2,1,166.66666666666669,Mumbai Indians,57.0,285.0,30.857142857142858,163.99688520790704,21,29.4,30.1,41.0,5.0,5.0,2.8,2.2,Low,Low
1529267,2026-04-16,2026,2,Punjab Kings,Mumbai Indians,SS Iyer,66,34,5,4,194.11764705882356,Mumbai Indians,69.0,209.0909090909091,28.68148148148148,119.29908276899768,135,45.0,38.1,25.05,5.0,5.0,2.8,3.6,High,Low
1529268,2026-04-17,2026,1,Kolkata Knight Riders,Gujarat Titans,A Raghuvanshi,8,4,2,0,200.0,Gujarat Titans,27.0,142.10526315789474,28.043478260869566,140.26351657170818,23,36.4,31.2,27.0,3.0,1.0,4.0,1.4,Low,Low
1529268,2026-04-17,2026,1,Kolkata Knight Riders,Gujarat Titans,AM Rahane,0,1,0,0,0.0,Gujarat Titans,28.0,127.27272727272728,27.574468085106385,108.71183784704267,188,30.4,32.1,21.4,0.0,2.0,1.6,1.8,Low,Low
1529268,2026-04-17,2026,1,Kolkata Knight Riders,Gujarat Titans,AS Roy,9,7,1,0,128.57142857142858,Gujarat Titans,1.0,100.0,3.0,62.85714285714286,9,2.0,3.0,0.0,0.0,0.0,0.0,0.0,Low,Low
1529268,2026-04-17,2026,1,Kolkata Knight Riders,Gujarat Titans,C Green,79,54,7,4,146.2962962962963,Gujarat Titans,0.0,0.0,23.12121212121212,133.2670676204443,33,11.2,20.0,16.75,0.0,0.0,1.0,0.4,High,Low
1529268,2026-04-17,2026,1,Kolkata Knight Riders,Gujarat Titans,Kartik Tyagi,6,4,0,1,150.0,Gujarat Titans,5.0,100.0,2.571428571428572,72.38095238095238,7,2.8,2.571428571428572,0.0,1.0,0.0,0.4,0.0,Low,Low
1529268,2026-04-17,2026,1,Kolkata Knight Riders,Gujarat Titans,R Powell,27,20,2,2,135.0,Gujarat Titans,31.0,140.9090909090909,17.4,120.96899668958493,25,19.4,17.8,20.0,1.0,2.0,1.6,1.0,Moderate,Low
1529268,2026-04-17,2026,1,Kolkata Knight Riders,Gujarat Titans,RK Singh,1,2,0,0,50.0,Gujarat Titans,6.0,50.0,21.4,139.4383258490394,55,17.4,17.0,29.75,0.0,0.0,1.6,0.4,Low,Low
1529268,2026-04-17,2026,1,Kolkata Knight Riders,Gujarat Titans,Ramandeep Singh,17,8,2,1,212.5,Gujarat Titans,35.0,152.17391304347828,11.565217391304348,146.28413148498214,23,13.2,9.6,1.0,4.0,1.0,1.0,0.6,Low,Low
1529268,2026-04-17,2026,1,Kolkata Knight Riders,Gujarat Titans,SP Narine,0,5,0,0,0.0,Gujarat Titans,24.0,141.1764705882353,15.133333333333333,127.304551551175,120,20.8,20.1,7.333333333333333,2.0,2.0,2.0,1.8,Low,Low
1529268,2026-04-17,2026,1,Kolkata Knight Riders,Gujarat Titans,TL Seifert,19,14,2,1,135.71428571428572,Gujarat Titans,3.0,60.0,8.666666666666666,86.66666666666667,3,8.666666666666666,8.666666666666666,3.0,0.0,0.0,1.3333333333333333,0.0,Low,Low
1529268,2026-04-17,2026,1,Kolkata Knight Riders,Gujarat Titans,VG Arora,0,1,0,0,0.0,Gujarat Titans,1.0,50.0,1.0,58.33333333333333,10,0.6,1.0,2.0,0.0,0.0,0.0,0.0,Low,Low
1529268,2026-04-17,2026,2,Gujarat Titans,Kolkata Knight Riders,B Sai Sudharsan,22,16,1,2,137.5,Kolkata Knight Riders,15.0,107.14285714285714,43.31818181818182,139.4775854334761,44,38.6,41.6,52.5,3.0,0.0,5.2,0.8,Moderate,Low
1529268,2026-04-17,2026,2,Gujarat Titans,Kolkata Knight Riders,GD Phillips,19,16,2,0,118.75,Kolkata Knight Riders,14.0,155.55555555555557,9.727272727272728,119.59331518155048,11,9.6,9.3,8.0,1.0,1.0,0.6,0.4,Low,Low
1529268,2026-04-17,2026,2,Gujarat Titans,Kolkata Knight Riders,JC Buttler,25,15,2,2,166.66666666666669,Kolkata Knight Riders,60.0,162.16216216216216,34.653225806451616,130.19892439046723,124,36.2,39.9,37.0,11.0,0.0,4.4,1.4,Moderate,Low
1529268,2026-04-17,2026,2,Gujarat Titans,Kolkata Knight Riders,M Shahrukh Khan,3,2,0,0,150.0,Kolkata Knight Riders,11.0,275.0,14.94,158.4106776443711,50,20.8,14.3,13.0,1.0,1.0,1.2,1.4,Low,Low
1529268,2026-04-17,2026,2,Gujarat Titans,Kolkata Knight Riders,R Tewatia,7,6,0,0,116.66666666666669,Kolkata Knight Riders,10.0,125.0,14.325,135.79507444350875,80,10.0,9.2,15.875,1.0,0.0,0.8,0.4,Low,Low
1529268,2026-04-17,2026,2,Gujarat Titans,Kolkata Knight Riders,Shubman Gill,86,50,8,4,172.0,Kolkata Knight Riders,56.0,140.0,34.452991452991455,125.16402770902523,117,35.8,51.0,46.25,6.0,1.0,3.4,1.4,High,Low
1529268,2026-04-17,2026,2,Gujarat Titans,Kolkata Knight Riders,Washington Sundar,13,13,1,0,100.0,Kolkata Knight Riders,21.0,161.53846153846155,12.95744680851064,115.14435311967128,47,29.2,23.1,2.5,2.0,1.0,3.2,1.2,Low,Low
1529269,2026-04-18,2026,1,Royal Challengers Bengaluru,Delhi Capitals,B Kumar,3,2,0,0,150.0,Delhi Capitals,9.0,128.57142857142858,4.569444444444445,84.12636360553027,72,4.4,2.7,3.25,1.0,0.0,0.4,0.0,Low,Low
1529269,2026-04-18,2026,1,Royal Challengers Bengaluru,Delhi Capitals,D Padikkal,18,13,1,1,138.46153846153845,Delhi Capitals,10.0,90.9090909090909,24.884615384615383,109.17541104335912,78,30.4,30.4,19.666666666666668,1.0,0.0,3.4,1.4,Low,Low
1529269,2026-04-18,2026,1,Royal Challengers Bengaluru,Delhi Capitals,JM Sharma,14,20,1,0,70.0,Delhi Capitals,23.0,255.55555555555557,20.176470588235293,144.61578287739312,51,12.4,20.9,15.5,2.0,2.0,1.0,0.8,Low,Low
1529269,2026-04-18,2026,1,Royal Challengers Bengaluru,Delhi Capitals,KH Pandya,12,10,0,1,120.0,Delhi Capitals,1.0,16.666666666666664,15.278260869565218,119.4314265060635,115,17.4,14.0,18.857142857142858,0.0,0.0,1.4,0.8,Low,Low
1529269,2026-04-18,2026,1,Royal Challengers Bengaluru,Delhi Capitals,PD Salt,63,38,4,3,165.78947368421052,Delhi Capitals,7.0,87.5,30.64102564102564,146.32936349077926,39,27.8,32.9,41.0,1.0,0.0,2.4,1.6,High,Low
1529269,2026-04-18,2026,1,Royal Challengers Bengaluru,Delhi Capitals,R Shepherd,1,4,0,0,25.0,Delhi Capitals,14.0,175.0,14.866666666666667,155.37525437525437,15,11.0,15.0,39.0,1.0,1.0,0.8,0.6,Low,Low
1529269,2026-04-18,2026,1,Royal Challengers Bengaluru,Delhi Capitals,RM Patidar,8,4,0,1,200.0,Delhi Capitals,27.0,207.6923076923077,31.0,148.1362105051518,43,44.4,30.6,28.5,1.0,3.0,2.4,4.2,Low,Low
1529269,2026-04-18,2026,1,Royal Challengers Bengaluru,Delhi Capitals,TH David,26,16,3,1,162.5,Delhi Capitals,14.0,175.0,20.26530612244898,159.34803058752638,49,29.4,24.2,28.142857142857142,1.0,1.0,1.8,2.6,Moderate,Low
1529269,2026-04-18,2026,1,Royal Challengers Bengaluru,Delhi Capitals,V Kohli,19,13,3,0,146.15384615384613,Delhi Capitals,49.0,144.11764705882354,33.45488721804512,120.7364602251465,266,45.6,44.2,30.75,6.0,1.0,5.0,1.6,Low,Low
1529269,2026-04-18,2026,2,Delhi Capitals,Royal Challengers Bengaluru,AR Patel,26,18,3,0,144.44444444444443,Royal Challengers Bengaluru,1.0,50.0,15.23015873015873,126.70530675632205,126,6.8,19.9,29.0,0.0,0.0,0.6,0.2,Moderate,Low
1529269,2026-04-18,2026,2,Delhi Capitals,Royal Challengers Bengaluru,DA Miller,22,10,1,2,220.00000000000003,Royal Challengers Bengaluru,17.0,121.42857142857142,23.036496350364963,125.57321303393688,137,22.8,17.3,28.0,1.0,1.0,2.2,1.0,Moderate,Low
1529269,2026-04-18,2026,2,Delhi Capitals,Royal Challengers Bengaluru,KK Nair,5,5,1,0,100.0,Royal Challengers Bengaluru,44.0,169.23076923076923,22.289473684210527,111.95095925355088,76,15.6,21.4,4.0,5.0,2.0,2.0,0.6,Low,Low
1529269,2026-04-18,2026,2,Delhi Capitals,Royal Challengers Bengaluru,KL Rahul,57,34,6,2,167.64705882352942,Royal Challengers Bengaluru,18.0,180.0,37.647887323943664,125.77393590015122,142,29.2,32.7,51.333333333333336,2.0,1.0,3.8,1.2,High,Low
1529269,2026-04-18,2026,2,Delhi Capitals,Royal Challengers Bengaluru,P Nissanka,1,2,0,0,50.0,Royal Challengers Bengaluru,41.0,186.36363636363637,31.75,130.9659090909091,4,31.75,31.75,0.0,5.0,2.0,4.25,1.0,Low,Low
1529269,2026-04-18,2026,2,Delhi Capitals,Royal Challengers Bengaluru,Sameer Rizvi,2,3,0,0,66.66666666666666,Royal Challengers Bengaluru,6.0,66.66666666666666,26.0,115.4594623873886,13,44.8,32.3,0.0,1.0,0.0,3.2,3.2,Low,Low
1529269,2026-04-18,2026,2,Delhi Capitals,Royal Challengers Bengaluru,T Stubbs,60,47,4,1,127.65957446808513,Royal Challengers Bengaluru,60.0,157.89473684210526,23.428571428571427,148.0744638994528,35,25.4,22.6,25.0,4.0,3.0,1.8,0.8,High,Low
1529270,2026-04-18,2026,1,Sunrisers Hyderabad,Chennai Super Kings,Abhishek Sharma,59,22,6,4,268.1818181818182,Chennai Super Kings,0.0,0.0,24.620253164556964,138.04386785764888,79,25.8,32.8,27.88888888888889,0.0,0.0,1.8,2.6,High,Low
1529270,2026-04-18,2026,1,Sunrisers Hyderabad,Chennai Super Kings,Aniket Verma,2,4,0,0,50.0,Chennai Super Kings,6.0,120.0,18.0,160.9214617679467,17,14.0,13.5,19.0,1.0,0.0,1.0,1.0,Low,Low
1529270,2026-04-18,2026,1,Sunrisers Hyderabad,Chennai Super Kings,H Klaasen,59,39,6,2,151.28205128205127,Chennai Super Kings,40.0,153.84615384615387,34.08,159.53641056075224,50,44.8,43.0,12.2,1.0,3.0,2.6,1.6,High,Low
1529270,2026-04-18,2026,1,Sunrisers Hyderabad,Chennai Super Kings,Ishan Kishan,0,1,0,0,0.0,Chennai Super Kings,91.0,206.81818181818184,27.444444444444443,118.24447576684192,117,42.6,42.8,25.63636363636364,8.0,6.0,4.4,2.4,Low,Low
1529270,2026-04-18,2026,1,Sunrisers Hyderabad,Chennai Super Kings,LS Livingstone,1,5,0,0,20.0,Chennai Super Kings,14.0,70.0,22.1875,127.6306146797142,48,9.4,12.6,32.25,0.0,1.0,0.2,0.6,Low,Low
1529270,2026-04-18,2026,1,Sunrisers Hyderabad,Chennai Super Kings,Nithish Kumar Reddy,12,8,0,1,150.0,Chennai Super Kings,28.0,215.3846153846154,22.55555555555556,122.70216821741876,27,24.8,17.5,16.0,0.0,4.0,1.4,2.0,Low,Low
1529270,2026-04-18,2026,1,Sunrisers Hyderabad,Chennai Super Kings,PP Hinge,0,1,0,0,0.0,Chennai Super Kings,0.0,0.0,0.0,0.0,0,0.0,0.0,0.0,0.0,0.0,0.0,0.0,Low,Low
1529270,2026-04-18,2026,1,Sunrisers Hyderabad,Chennai Super Kings,S Arora,13,12,2,0,108.33333333333331,Chennai Super Kings,24.0,184.6153846153846,10.5,111.77884615384616,4,10.5,10.5,0.0,2.0,2.0,0.5,1.0,Low,Low
1529270,2026-04-18,2026,1,Sunrisers Hyderabad,Chennai Super Kings,Shivang Kumar,12,8,1,1,150.0,Chennai Super Kings,5.0,125.0,4.5,162.5,2,4.5,4.5,0.0,1.0,0.0,1.0,0.0,Low,Low
1529270,2026-04-18,2026,1,Sunrisers Hyderabad,Chennai Super Kings,TM Head,23,20,3,1,115.0,Chennai Super Kings,18.0,100.0,30.142857142857142,136.96010463591813,42,24.0,25.2,21.0,3.0,0.0,3.4,0.8,Moderate,Low
1529270,2026-04-18,2026,2,Chennai Super Kings,Sunrisers Hyderabad,A Kamboj,13,7,0,1,185.7142857142857,Sunrisers Hyderabad,19.0,158.33333333333331,5.25,131.59722222222223,8,7.0,5.25,2.0,1.0,1.0,0.8,0.2,Low,Low
1529270,2026-04-18,2026,2,Chennai Super Kings,Sunrisers Hyderabad,A Mhatre,30,13,5,1,230.76923076923077,Sunrisers Hyderabad,38.0,223.52941176470588,34.25,141.1074356643242,12,34.2,34.9,30.0,6.0,2.0,3.0,2.2,Moderate,Low
1529270,2026-04-18,2026,2,Chennai Super Kings,Sunrisers Hyderabad,D Brevis,0,4,0,0,0.0,Sunrisers Hyderabad,41.0,141.3793103448276,29.176470588235293,128.3187889033805,17,38.4,33.5,42.0,4.0,2.0,2.8,2.8,Low,Low
1529270,2026-04-18,2026,2,Chennai Super Kings,Sunrisers Hyderabad,J Overton,16,15,1,0,106.66666666666669,Sunrisers Hyderabad,7.0,116.66666666666669,20.4,178.22222222222223,5,20.4,20.4,0.0,1.0,0.0,1.6,1.0,Low,Low
1529270,2026-04-18,2026,2,Chennai Super Kings,Sunrisers Hyderabad,MW Short,34,29,3,0,117.2413793103448,Sunrisers Hyderabad,2.0,28.57142857142857,17.0,99.22601208315494,7,16.4,17.0,1.0,0.0,0.0,1.8,0.6,Moderate,Low
1529270,2026-04-18,2026,2,Chennai Super Kings,Sunrisers Hyderabad,Noor Ahmad,1,1,0,0,100.0,Sunrisers Hyderabad,8.0,100.0,2.230769230769231,67.53052503052503,13,2.6,2.1,1.0,0.0,1.0,0.0,0.2,Low,Low
1529270,2026-04-18,2026,2,Chennai Super Kings,Sunrisers Hyderabad,RD Gaikwad,19,13,3,0,146.15384615384613,Sunrisers Hyderabad,7.0,116.66666666666669,34.2,111.67430213441897,75,12.6,18.5,56.285714285714285,1.0,0.0,1.0,0.2,Low,Low
1529270,2026-04-18,2026,2,Chennai Super Kings,Sunrisers Hyderabad,S Dube,21,16,1,1,131.25,Sunrisers Hyderabad,13.0,108.33333333333331,24.5125,132.81165982730712,80,20.4,21.7,17.0,1.0,0.0,2.0,0.8,Moderate,Low
1529270,2026-04-18,2026,2,Chennai Super Kings,Sunrisers Hyderabad,SN Khan,25,19,3,0,131.57894736842107,Sunrisers Hyderabad,23.0,127.77777777777776,17.675,125.06020607670682,40,26.2,21.7,19.0,1.0,2.0,3.6,1.2,Moderate,Low
1529270,2026-04-18,2026,2,Chennai Super Kings,Sunrisers Hyderabad,SV Samson,7,3,0,1,233.33333333333331,Sunrisers Hyderabad,48.0,150.0,27.77840909090909,119.9027696181522,176,37.0,33.3,36.125,4.0,3.0,4.2,1.6,Low,Low
1529271,2026-04-19,2026,1,Rajasthan Royals,Kolkata Knight Riders,Brijesh Sharma,1,3,0,0,33.33333333333333,Kolkata Knight Riders,0.0,0.0,0.0,0.0,0,0.0,0.0,0.0,0.0,0.0,0.0,0.0,Low,Low
1529271,2026-04-19,2026,1,Rajasthan Royals,Kolkata Knight Riders,D Ferreira,7,7,0,1,100.0,Kolkata Knight Riders,69.0,156.8181818181818,15.8,68.86363636363636,5,15.8,15.8,0.0,8.0,3.0,1.6,0.6,Low,Low
1529271,2026-04-19,2026,1,Rajasthan Royals,Kolkata Knight Riders,Dhruv Jurel,5,7,0,0,71.42857142857143,Kolkata Knight Riders,0.0,0.0,21.4,129.69092917667032,40,35.2,31.8,11.666666666666666,0.0,0.0,3.4,1.6,Low,Low
1529271,2026-04-19,2026,1,Rajasthan Royals,Kolkata Knight Riders,JC Archer,8,5,1,0,160.0,Kolkata Knight Riders,2.0,40.0,8.28125,120.74697871572872,32,9.0,6.9,12.166666666666666,0.0,0.0,0.6,0.4,Low,Low
1529271,2026-04-19,2026,1,Rajasthan Royals,Kolkata Knight Riders,R Parag,12,14,1,0,85.71428571428571,Kolkata Knight Riders,4.0,66.66666666666666,20.756410256410252,129.9292302054065,78,9.8,20.8,28.25,1.0,0.0,0.6,0.8,Low,Low
1529271,2026-04-19,2026,1,Rajasthan Royals,Kolkata Knight Riders,RA Jadeja,9,7,1,0,128.57142857142858,Kolkata Knight Riders,45.0,140.625,16.934010152284262,130.82364415304082,197,19.6,28.5,17.0,5.0,0.0,1.6,0.2,Low,Low
1529271,2026-04-19,2026,1,Rajasthan Royals,Kolkata Knight Riders,Ravi Bishnoi,0,2,0,0,0.0,Kolkata Knight Riders,0.0,0.0,2.647058823529412,65.89635854341736,17,3.4,3.1,1.6666666666666667,0.0,0.0,0.0,0.4,Low,Low
1529271,2026-04-19,2026,1,Rajasthan Royals,Kolkata Knight Riders,SO Hetmyer,15,18,0,0,83.33333333333334,Kolkata Knight Riders,0.0,0.0,18.4390243902439,136.45521450135982,82,9.4,10.5,12.7,0.0,0.0,0.6,0.6,Low,Low
1529271,2026-04-19,2026,1,Rajasthan Royals,Kolkata Knight Riders,V Suryavanshi,46,28,6,2,164.28571428571428,Kolkata Knight Riders,0.0,0.0,37.66666666666666,189.21587311825317,12,40.0,40.2,4.0,0.0,0.0,3.6,3.6,High,Low
1529271,2026-04-19,2026,1,Rajasthan Royals,Kolkata Knight Riders,YBK Jaiswal,39,29,4,2,134.48275862068965,Kolkata Knight Riders,1.0,20.0,33.098591549295776,134.61266855305024,71,36.8,38.7,33.666666666666664,0.0,0.0,3.8,2.0,Moderate,Low
1529271,2026-04-19,2026,2,Kolkata Knight Riders,Rajasthan Royals,A Raghuvanshi,10,19,1,0,52.63157894736842,Rajasthan Royals,8.0,200.0,27.20833333333333,142.75253671455366,24,27.8,29.3,32.0,2.0,0.0,3.2,1.0,Low,Low
1529271,2026-04-19,2026,2,Kolkata Knight Riders,Rajasthan Royals,AM Rahane,0,2,0,0,0.0,Rajasthan Royals,0.0,0.0,27.428571428571427,108.13664293779908,189,17.0,27.1,15.285714285714286,0.0,0.0,1.0,0.8,Low,Low
1529271,2026-04-19,2026,2,Kolkata Knight Riders,Rajasthan Royals,AS Roy,29,16,1,2,181.25,Rajasthan Royals,9.0,128.57142857142858,3.6,69.42857142857143,10,2.6,3.6,6.0,1.0,0.0,0.2,0.0,Moderate,Low
1529271,2026-04-19,2026,2,Kolkata Knight Riders,Rajasthan Royals,C Green,27,13,4,1,207.6923076923077,Rajasthan Royals,79.0,146.2962962962963,24.764705882352946,133.65028022855753,34,23.4,27.8,25.33333333333333,7.0,4.0,2.2,1.0,Moderate,Low
1529271,2026-04-19,2026,2,Kolkata Knight Riders,Rajasthan Royals,R Powell,23,20,2,1,115.0,Rajasthan Royals,27.0,135.0,17.76923076923077,121.50865066306244,26,21.6,19.4,19.0,2.0,2.0,1.6,1.2,Moderate,Low
1529271,2026-04-19,2026,2,Kolkata Knight Riders,Rajasthan Royals,RK Singh,53,34,5,2,155.88235294117646,Rajasthan Royals,1.0,50.0,21.035714285714285,137.8412128874494,56,15.8,16.9,20.0,0.0,0.0,1.6,0.2,High,Low
1529271,2026-04-19,2026,2,Kolkata Knight Riders,Rajasthan Royals,Ramandeep Singh,10,13,1,0,76.92307692307693,Rajasthan Royals,17.0,212.5,11.791666666666666,149.0431260064412,24,15.8,10.7,1.0,2.0,1.0,1.4,0.8,Low,Low
1529271,2026-04-19,2026,2,Kolkata Knight Riders,Rajasthan Royals,TL Seifert,0,1,0,0,0.0,Rajasthan Royals,19.0,135.71428571428572,11.25,98.92857142857144,4,11.25,11.25,0.0,2.0,1.0,1.5,0.25,Low,Low
1529272,2026-04-19,2026,1,Punjab Kings,Lucknow Super Giants,C Connolly,87,46,8,7,189.1304347826087,Lucknow Super Giants,17.0,141.66666666666669,34.0,142.0995670995671,4,34.0,34.0,0.0,1.0,2.0,3.25,1.75,High,Low
1529272,2026-04-19,2026,1,Punjab Kings,Lucknow Super Giants,M Jansen,1,1,0,0,100.0,Lucknow Super Giants,9.0,90.0,7.142857142857143,89.24177326432965,21,8.2,10.1,0.0,0.0,1.0,0.2,0.6,Low,Low
1529272,2026-04-19,2026,1,Punjab Kings,Lucknow Super Giants,MP Stoinis,29,16,2,2,181.25,Lucknow Super Giants,10.0,200.0,20.04901960784314,127.42385411928542,102,5.4,12.0,15.0,2.0,0.0,0.8,0.2,Moderate,Low
1529272,2026-04-19,2026,1,Punjab Kings,Lucknow Super Giants,N Wadhera,13,7,1,1,185.7142857142857,Lucknow Super Giants,14.0,100.0,21.94117647058824,129.56372190266652,34,18.0,20.2,24.166666666666668,0.0,1.0,0.8,1.0,Low,Low
1529272,2026-04-19,2026,1,Punjab Kings,Lucknow Super Giants,P Simran Singh,0,1,0,0,0.0,Lucknow Super Giants,80.0,205.1282051282051,27.964285714285715,135.23275997530848,56,47.4,32.3,38.4,11.0,2.0,4.4,2.6,Low,Low
1529272,2026-04-19,2026,1,Punjab Kings,Lucknow Super Giants,Priyansh Arya,93,37,4,9,251.35135135135133,Lucknow Super Giants,15.0,166.66666666666669,30.13636363636364,164.11823891057793,22,28.4,24.6,4.5,2.0,1.0,2.8,2.2,High,Low
1529272,2026-04-19,2026,1,Punjab Kings,Lucknow Super Giants,SS Iyer,5,6,0,0,83.33333333333334,Lucknow Super Giants,66.0,194.11764705882356,28.955882352941178,119.84921927112876,136,40.8,40.2,35.666666666666664,5.0,4.0,2.8,2.8,Low,Low
1529272,2026-04-19,2026,1,Punjab Kings,Lucknow Super Giants,Shashank Singh,17,6,1,2,283.33333333333337,Lucknow Super Giants,16.0,177.77777777777777,22.416666666666668,139.67119109254176,36,19.4,22.6,21.0,1.0,1.0,1.2,1.4,Low,Low
1529272,2026-04-19,2026,2,Lucknow Super Giants,Punjab Kings,A Badoni,35,21,5,1,166.66666666666669,Punjab Kings,38.0,158.33333333333331,21.098039215686278,122.38310961163224,51,22.6,31.1,29.166666666666668,4.0,1.0,2.6,0.6,Moderate,Low
1529272,2026-04-19,2026,2,Lucknow Super Giants,Punjab Kings,AK Markram,42,21,3,3,200.0,Punjab Kings,12.0,150.0,26.0,123.02833513844016,60,24.0,29.1,23.33333333333333,0.0,1.0,2.8,1.2,High,Low
1529272,2026-04-19,2026,2,Lucknow Super Giants,Punjab Kings,Himmat Singh,1,1,0,0,100.0,Punjab Kings,0.0,0.0,0.0,0.0,0,0.0,0.0,0.0,0.0,0.0,0.0,0.0,Low,Low
1529272,2026-04-19,2026,2,Lucknow Super Giants,Punjab Kings,MD Choudhary,21,17,1,1,123.52941176470588,Punjab Kings,39.0,139.28571428571428,25.4,127.02597402597402,5,25.4,25.4,0.0,3.0,2.0,1.6,2.0,Moderate,Low
1529272,2026-04-19,2026,2,Lucknow Super Giants,Punjab Kings,MR Marsh,40,28,3,2,142.85714285714286,Punjab Kings,40.0,125.0,26.05555555555556,117.6293189373877,54,23.0,39.8,17.2,3.0,2.0,1.8,1.4,High,Low
1529272,2026-04-19,2026,2,Lucknow Super Giants,Punjab Kings,N Pooran,9,9,1,0,100.0,Punjab Kings,1.0,14.285714285714285,25.107526881720432,141.4917551846738,93,8.4,18.9,25.285714285714285,0.0,0.0,0.2,0.6,Low,Low
1529272,2026-04-19,2026,2,Lucknow Super Giants,Punjab Kings,RR Pant,43,23,1,4,186.95652173913044,Punjab Kings,1.0,16.666666666666664,28.01526717557252,130.27870535665946,131,20.8,26.7,12.333333333333334,0.0,0.0,2.6,0.2,High,Low
1529273,2026-04-20,2026,1,Mumbai Indians,Gujarat Titans,DV Malewar,2,4,0,0,50.0,Gujarat Titans,0.0,0.0,0.0,0.0,0,0.0,0.0,0.0,0.0,0.0,0.0,0.0,Low,Low
1529273,2026-04-20,2026,1,Mumbai Indians,Gujarat Titans,HH Pandya,15,16,1,0,93.75,Gujarat Titans,14.0,116.66666666666669,19.312925170068027,140.95762980422856,147,19.2,19.6,11.25,0.0,1.0,2.4,0.6,Low,Low
1529273,2026-04-20,2026,1,Mumbai Indians,Gujarat Titans,Naman Dhir,45,32,6,1,140.625,Gujarat Titans,50.0,161.29032258064515,20.875,159.8961423763764,24,21.8,20.6,13.5,3.0,3.0,1.8,1.0,High,Low
1529273,2026-04-20,2026,1,Mumbai Indians,Gujarat Titans,Q de Kock,13,11,1,1,118.1818181818182,Gujarat Titans,112.0,186.66666666666663,29.264957264957264,116.13481646246616,117,32.2,27.6,23.5,8.0,7.0,1.6,2.4,Low,Low
1529273,2026-04-20,2026,1,Mumbai Indians,Gujarat Titans,SA Yadav,15,10,1,1,150.0,Gujarat Titans,0.0,0.0,28.13375796178344,138.09734288444614,157,21.2,34.8,45.142857142857146,0.0,0.0,2.2,0.6,Low,Low
1529273,2026-04-20,2026,1,Mumbai Indians,Gujarat Titans,SE Rutherford,1,2,0,0,50.0,Gujarat Titans,1.0,20.0,20.791666666666668,141.65854339374076,24,25.2,25.7,0.0,0.0,0.0,1.6,2.2,Low,Low
1529273,2026-04-20,2026,1,Mumbai Indians,Gujarat Titans,Tilak Varma,101,45,8,7,224.44444444444449,Gujarat Titans,8.0,266.66666666666663,27.535714285714285,134.908609649406,56,8.6,14.7,23.142857142857142,2.0,0.0,1.6,0.0,High,Low
1529273,2026-04-20,2026,2,Gujarat Titans,Mumbai Indians,Ashok Sharma,1,3,0,0,33.33333333333333,Mumbai Indians,0.0,0.0,0.0,0.0,1,0.0,0.0,0.0,0.0,0.0,0.0,0.0,Low,Low
1529273,2026-04-20,2026,2,Gujarat Titans,Mumbai Indians,B Sai Sudharsan,0,1,0,0,0.0,Mumbai Indians,22.0,137.5,42.84444444444444,139.43363909050993,45,27.0,39.0,41.66666666666666,1.0,2.0,3.4,1.0,Low,Low
1529273,2026-04-20,2026,2,Gujarat Titans,Mumbai Indians,GD Phillips,6,8,0,0,75.0,Mumbai Indians,19.0,118.75,10.5,119.52303891642129,12,12.4,10.8,2.5,2.0,0.0,0.8,0.4,Low,Low
1529273,2026-04-20,2026,2,Gujarat Titans,Mumbai Indians,JC Buttler,5,6,1,0,83.33333333333334,Mumbai Indians,25.0,166.66666666666669,34.576,130.4906663286768,125,40.2,38.3,50.16666666666666,2.0,2.0,4.8,1.8,Low,Low
1529273,2026-04-20,2026,2,Gujarat Titans,Mumbai Indians,K Rabada,12,14,2,0,85.71428571428571,Mumbai Indians,23.0,143.75,7.67741935483871,107.50457875457874,31,8.8,5.8,13.571428571428571,1.0,2.0,0.2,0.8,Low,Low
1529273,2026-04-20,2026,2,Gujarat Titans,Mumbai Indians,M Shahrukh Khan,17,13,1,1,130.76923076923077,Mumbai Indians,3.0,150.0,14.705882352941176,158.24576239644225,51,10.0,13.5,10.75,0.0,0.0,0.2,0.8,Low,Low
1529273,2026-04-20,2026,2,Gujarat Titans,Mumbai Indians,Mohammed Siraj,0,3,0,0,0.0,Mumbai Indians,3.0,75.0,5.333333333333333,79.32329575186718,21,5.0,5.4,4.0,0.0,0.0,0.2,0.4,Low,Low
1529273,2026-04-20,2026,2,Gujarat Titans,Mumbai Indians,R Tewatia,8,11,1,0,72.72727272727273,Mumbai Indians,7.0,116.66666666666669,14.234567901234568,135.55892126107858,81,8.2,9.0,12.444444444444445,0.0,0.0,0.6,0.2,Low,Low
1529273,2026-04-20,2026,2,Gujarat Titans,Mumbai Indians,Rashid Khan,4,6,0,0,66.66666666666666,Mumbai Indians,24.0,150.0,8.955882352941176,119.47155275280276,68,8.0,6.4,7.933333333333334,3.0,0.0,0.8,0.2,Low,Low
1529273,2026-04-20,2026,2,Gujarat Titans,Mumbai Indians,Shubman Gill,14,13,3,0,107.6923076923077,Mumbai Indians,86.0,172.0,34.889830508474574,125.56094272844028,118,50.4,51.2,34.8,8.0,4.0,4.8,2.0,Low,Low
1529273,2026-04-20,2026,2,Gujarat Titans,Mumbai Indians,Washington Sundar,26,17,5,0,152.94117647058823,Mumbai Indians,13.0,100.0,12.958333333333334,114.82884576301149,48,22.2,24.4,10.77777777777778,1.0,0.0,2.4,0.6,Moderate,Low
1529274,2026-04-21,2026,1,Sunrisers Hyderabad,Delhi Capitals,Abhishek Sharma,135,68,10,10,198.52941176470588,Delhi Capitals,59.0,268.1818181818182,25.05,139.670592236701,80,36.2,38.7,16.75,6.0,4.0,3.0,3.2,High,Low
1529274,2026-04-21,2026,1,Sunrisers Hyderabad,Delhi Capitals,H Klaasen,37,13,3,3,284.61538461538464,Delhi Capitals,59.0,151.28205128205127,34.568627450980394,159.37456037881694,51,50.4,48.2,26.8,6.0,2.0,3.4,1.8,Moderate,Low
1529274,2026-04-21,2026,1,Sunrisers Hyderabad,Delhi Capitals,Ishan Kishan,25,13,2,1,192.30769230769232,Delhi Capitals,0.0,0.0,27.21186440677966,117.24240393830937,118,26.6,38.4,39.81818181818182,0.0,0.0,2.8,1.4,Moderate,Low
1529274,2026-04-21,2026,1,Sunrisers Hyderabad,Delhi Capitals,TM Head,37,26,2,2,142.30769230769232,Delhi Capitals,23.0,115.0,29.976744186046517,136.44940452810607,43,26.4,27.5,55.5,3.0,1.0,3.6,1.0,Moderate,Low
1529274,2026-04-21,2026,2,Delhi Capitals,Sunrisers Hyderabad,AR Patel,2,3,0,0,66.66666666666666,Sunrisers Hyderabad,26.0,144.44444444444443,15.31496062992126,126.84498500583484,127,10.8,19.1,14.928571428571429,3.0,0.0,1.0,0.2,Low,Low
1529274,2026-04-21,2026,2,Delhi Capitals,Sunrisers Hyderabad,Ashutosh Sharma,14,10,2,0,140.0,Sunrisers Hyderabad,19.0,190.0,21.68421052631579,142.89165231771423,19,17.4,22.3,25.33333333333333,1.0,2.0,0.8,1.4,Low,Low
1529274,2026-04-21,2026,2,Delhi Capitals,Sunrisers Hyderabad,DA Miller,0,1,0,0,0.0,Sunrisers Hyderabad,22.0,220.00000000000003,23.02898550724637,126.25746511340112,138,22.4,16.8,17.875,1.0,2.0,1.8,1.4,Low,Low
1529274,2026-04-21,2026,2,Delhi Capitals,Sunrisers Hyderabad,KL Rahul,37,23,1,3,160.8695652173913,Sunrisers Hyderabad,57.0,167.64705882352942,37.78321678321678,126.06675494157344,143,33.6,34.3,32.13333333333333,6.0,2.0,3.8,1.4,Moderate,Low
1529274,2026-04-21,2026,2,Delhi Capitals,Sunrisers Hyderabad,Kuldeep Yadav,1,2,0,0,50.0,Sunrisers Hyderabad,4.0,57.14285714285714,5.282051282051282,85.90192923427026,39,3.4,6.9,1.3333333333333333,0.0,0.0,0.2,0.0,Low,Low
1529274,2026-04-21,2026,2,Delhi Capitals,Sunrisers Hyderabad,L Ngidi,0,1,0,0,0.0,Sunrisers Hyderabad,3.0,75.0,1.5,37.5,2,1.5,1.5,0.0,0.0,0.0,0.0,0.0,Low,Low
1529274,2026-04-21,2026,2,Delhi Capitals,Sunrisers Hyderabad,N Rana,57,30,7,3,190.0,Sunrisers Hyderabad,5.0,83.33333333333334,24.98260869565217,121.41845619895352,115,6.6,12.5,32.76470588235294,1.0,0.0,1.2,0.2,High,Low
1529274,2026-04-21,2026,2,Delhi Capitals,Sunrisers Hyderabad,P Nissanka,8,6,0,1,133.33333333333331,Sunrisers Hyderabad,1.0,50.0,25.6,114.77272727272724,5,25.6,25.6,0.0,0.0,0.0,3.4,0.8,Low,Low
1529274,2026-04-21,2026,2,Delhi Capitals,Sunrisers Hyderabad,Sameer Rizvi,41,28,2,2,146.42857142857142,Sunrisers Hyderabad,2.0,66.66666666666666,24.285714285714285,111.97426269305132,14,33.6,30.4,0.0,0.0,0.0,2.6,2.2,High,Low
1529274,2026-04-21,2026,2,Delhi Capitals,Sunrisers Hyderabad,T Stubbs,27,16,3,1,168.75,Sunrisers Hyderabad,60.0,127.65957446808513,24.444444444444443,147.50738363747038,36,33.8,25.2,18.5,4.0,1.0,2.2,1.0,Moderate,Low
1529275,2026-04-22,2026,1,Rajasthan Royals,Lucknow Super Giants,D Ferreira,20,19,2,0,105.26315789473684,Lucknow Super Giants,7.0,100.0,14.333333333333334,74.0530303030303,6,17.0,14.333333333333334,0.0,0.0,1.0,1.6,0.8,Moderate,Low
1529275,2026-04-22,2026,1,Rajasthan Royals,Lucknow Super Giants,Dhruv Jurel,0,1,0,0,0.0,Lucknow Super Giants,5.0,71.42857142857143,21.0,128.26989606086303,41,32.6,27.6,19.5,0.0,0.0,2.6,1.6,Low,Low
1529275,2026-04-22,2026,1,Rajasthan Royals,Lucknow Super Giants,R Parag,20,19,2,1,105.26315789473684,Lucknow Super Giants,12.0,85.71428571428571,20.64556962025317,129.36954736374673,79,9.4,18.8,23.0,1.0,0.0,0.6,0.6,Moderate,Low
1529275,2026-04-22,2026,1,Rajasthan Royals,Lucknow Super Giants,RA Jadeja,43,29,2,1,148.27586206896552,Lucknow Super Giants,9.0,128.57142857142858,16.893939393939394,130.81226932687107,198,21.2,24.1,20.0,1.0,0.0,1.8,0.2,High,Low
1529275,2026-04-22,2026,1,Rajasthan Royals,Lucknow Super Giants,SB Dubey,19,11,3,0,172.72727272727272,Lucknow Super Giants,7.0,100.0,12.636363636363637,136.96969696969697,11,12.4,13.1,3.0,0.0,0.0,0.8,0.8,Low,Low
1529275,2026-04-22,2026,1,Rajasthan Royals,Lucknow Super Giants,SO Hetmyer,22,18,2,1,122.22222222222224,Lucknow Super Giants,15.0,83.33333333333334,18.397590361445783,135.8151918366848,83,10.2,11.4,19.5,0.0,0.0,0.4,0.6,Moderate,Low
1529275,2026-04-22,2026,1,Rajasthan Royals,Lucknow Super Giants,V Suryavanshi,8,11,2,0,72.72727272727273,Lucknow Super Giants,46.0,164.28571428571428,38.30769230769231,187.2981685926732,13,38.8,34.7,34.0,6.0,2.0,4.0,3.0,Low,Low
1529275,2026-04-22,2026,1,Rajasthan Royals,Lucknow Super Giants,YBK Jaiswal,22,12,4,0,183.3333333333333,Lucknow Super Giants,39.0,134.48275862068965,33.18055555555556,134.6108642484341,72,37.0,35.6,41.4,4.0,2.0,4.0,2.2,Moderate,Low
1529275,2026-04-22,2026,2,Lucknow Super Giants,Rajasthan Royals,A Badoni,0,1,0,0,0.0,Rajasthan Royals,35.0,166.66666666666669,21.365384615384617,123.2347164780752,52,29.6,29.6,12.5,5.0,1.0,3.6,0.8,Low,Low
1529275,2026-04-22,2026,2,Lucknow Super Giants,Rajasthan Royals,AK Markram,0,6,0,0,0.0,Rajasthan Royals,42.0,200.0,26.262295081967213,124.29016570994114,61,30.2,28.1,31.2,3.0,3.0,3.2,1.6,Low,Low
1529275,2026-04-22,2026,2,Lucknow Super Giants,Rajasthan Royals,DS Rathi,2,2,0,0,100.0,Rajasthan Royals,0.0,0.0,0.5,16.666666666666664,2,0.5,0.5,0.0,0.0,0.0,0.0,0.0,Low,Low
1529275,2026-04-22,2026,2,Lucknow Super Giants,Rajasthan Royals,Himmat Singh,15,15,0,1,100.0,Rajasthan Royals,1.0,100.0,1.0,100.0,1,1.0,1.0,0.0,0.0,0.0,0.0,0.0,Low,Low
1529275,2026-04-22,2026,2,Lucknow Super Giants,Rajasthan Royals,MD Choudhary,7,3,0,1,233.33333333333331,Rajasthan Royals,21.0,123.52941176470588,24.666666666666668,126.443213649096,6,26.8,24.666666666666668,0.0,1.0,1.0,1.4,2.2,Low,Low
1529275,2026-04-22,2026,2,Lucknow Super Giants,Rajasthan Royals,MP Yadav,5,5,1,0,100.0,Rajasthan Royals,0.0,0.0,0.0,0.0,0,0.0,0.0,0.0,0.0,0.0,0.0,0.0,Low,Low
1529275,2026-04-22,2026,2,Lucknow Super Giants,Rajasthan Royals,MR Marsh,55,41,6,2,134.14634146341464,Rajasthan Royals,40.0,142.85714285714286,26.30909090909091,118.08800664501962,55,24.0,40.4,37.75,3.0,2.0,2.0,1.2,High,Low
1529275,2026-04-22,2026,2,Lucknow Super Giants,Rajasthan Royals,Mohammed Shami,6,4,0,1,150.0,Rajasthan Royals,0.0,0.0,3.161290322580645,79.24731182795698,31,4.0,2.9,5.0,0.0,0.0,0.4,0.2,Low,Low
1529275,2026-04-22,2026,2,Lucknow Super Giants,Rajasthan Royals,Mohsin Khan,0,3,0,0,0.0,Rajasthan Royals,0.0,0.0,4.166666666666667,96.42857142857144,6,2.4,4.166666666666667,9.0,0.0,0.0,0.2,0.0,Low,Low
1529275,2026-04-22,2026,2,Lucknow Super Giants,Rajasthan Royals,N Pooran,22,25,3,0,88.0,Rajasthan Royals,9.0,100.0,24.93617021276596,141.050353533773,94,8.6,17.1,19.181818181818183,1.0,0.0,0.2,0.6,Moderate,Low
1529275,2026-04-22,2026,2,Lucknow Super Giants,Rajasthan Royals,RR Pant,0,3,0,0,0.0,Rajasthan Royals,43.0,186.95652173913044,28.12878787878788,130.70808275349637,132,28.0,30.6,33.583333333333336,1.0,4.0,2.6,1.0,Low,Low
1529276,2026-04-23,2026,1,Chennai Super Kings,Mumbai Indians,AJ Hosein,2,2,0,0,100.0,Mumbai Indians,16.0,160.0,16.0,160.0,1,16.0,16.0,0.0,1.0,1.0,1.0,1.0,Low,Low
1529276,2026-04-23,2026,1,Chennai Super Kings,Mumbai Indians,D Brevis,21,11,1,2,190.9090909090909,Mumbai Indians,0.0,0.0,27.55555555555556,121.18996729763714,18,38.4,28.9,0.0,0.0,0.0,2.8,2.8,Moderate,Low
1529276,2026-04-23,2026,1,Chennai Super Kings,Mumbai Indians,J Overton,15,7,2,1,214.28571428571428,Mumbai Indians,16.0,106.66666666666669,19.666666666666668,166.2962962962963,6,21.4,19.666666666666668,4.0,1.0,0.0,1.8,0.8,Low,Low
1529276,2026-04-23,2026,1,Chennai Super Kings,Mumbai Indians,Kartik Sharma,18,19,0,2,94.73684210526316,Mumbai Indians,6.0,200.0,8.333333333333334,117.77777777777776,3,8.333333333333334,8.333333333333334,0.0,0.0,1.0,0.0,0.6666666666666666,Low,Low
1529276,2026-04-23,2026,1,Chennai Super Kings,Mumbai Indians,RD Gaikwad,22,13,3,1,169.23076923076923,Mumbai Indians,19.0,146.15384615384613,34.0,112.12798034520088,76,15.2,15.1,32.333333333333336,3.0,0.0,1.4,0.2,Moderate,Low
1529276,2026-04-23,2026,1,Chennai Super Kings,Mumbai Indians,S Dube,5,8,0,0,62.5,Mumbai Indians,21.0,131.25,24.469135802469136,132.7923800763527,81,23.4,23.2,23.166666666666668,1.0,1.0,2.2,0.8,Low,Low
1529276,2026-04-23,2026,1,Chennai Super Kings,Mumbai Indians,SN Khan,14,8,3,0,175.0,Mumbai Indians,25.0,131.57894736842107,17.853658536585368,125.21919976674864,41,29.4,21.0,12.5,3.0,0.0,4.0,1.2,Low,Low
1529276,2026-04-23,2026,1,Chennai Super Kings,Mumbai Indians,SV Samson,101,52,10,6,194.23076923076923,Mumbai Indians,7.0,233.33333333333331,27.661016949152543,120.54362026061088,177,37.2,29.9,26.130434782608692,0.0,1.0,4.0,1.8,High,Low
1529276,2026-04-23,2026,2,Mumbai Indians,Chennai Super Kings,Ashwani Kumar,1,6,0,0,16.666666666666664,Chennai Super Kings,0.0,0.0,0.0,0.0,0,0.0,0.0,0.0,0.0,0.0,0.0,0.0,Low,Low
1529276,2026-04-23,2026,2,Mumbai Indians,Chennai Super Kings,DV Malewar,0,1,0,0,0.0,Chennai Super Kings,2.0,50.0,2.0,50.0,1,2.0,2.0,0.0,0.0,0.0,0.0,0.0,Low,Low
1529276,2026-04-23,2026,2,Mumbai Indians,Chennai Super Kings,HH Pandya,1,2,0,0,50.0,Chennai Super Kings,15.0,93.75,19.283783783783782,140.63865933257836,148,19.2,16.3,13.125,1.0,0.0,2.4,0.4,Low,Low
1529276,2026-04-23,2026,2,Mumbai Indians,Chennai Super Kings,JJ Bumrah,2,5,0,0,40.0,Chennai Super Kings,5.0,250.0,2.607142857142857,77.53607503607505,28,3.2,1.7,3.0,1.0,0.0,0.4,0.0,Low,Low
1529276,2026-04-23,2026,2,Mumbai Indians,Chennai Super Kings,Krish Bhagat,7,15,0,0,46.66666666666666,Chennai Super Kings,0.0,0.0,0.0,0.0,0,0.0,0.0,0.0,0.0,0.0,0.0,0.0,Low,Low
1529276,2026-04-23,2026,2,Mumbai Indians,Chennai Super Kings,Naman Dhir,0,3,0,0,0.0,Chennai Super Kings,45.0,140.625,21.84,159.12529668132134,25,29.8,24.4,17.0,6.0,1.0,2.8,1.2,Low,Low
1529276,2026-04-23,2026,2,Mumbai Indians,Chennai Super Kings,Q de Kock,7,10,0,1,70.0,Chennai Super Kings,13.0,118.1818181818182,29.1271186440678,116.15216393466405,118,31.8,27.7,25.75,1.0,1.0,1.8,2.2,Low,Low
1529276,2026-04-23,2026,2,Mumbai Indians,Chennai Super Kings,SA Yadav,36,30,5,0,120.0,Chennai Super Kings,15.0,150.0,28.050632911392405,138.1726761573294,158,21.0,32.8,25.705882352941178,1.0,1.0,1.8,0.8,Moderate,Low
1529276,2026-04-23,2026,2,Mumbai Indians,Chennai Super Kings,SE Rutherford,0,1,0,0,0.0,Chennai Super Kings,1.0,50.0,20.0,137.99220165799113,25,20.6,23.6,4.0,0.0,0.0,0.8,2.2,Low,Low
1529276,2026-04-23,2026,2,Mumbai Indians,Chennai Super Kings,SN Thakur,6,12,0,0,50.0,Chennai Super Kings,8.0,114.28571428571428,8.121951219512194,114.5436382581706,41,5.2,5.0,15.0,1.0,0.0,0.8,0.0,Low,Low
1529276,2026-04-23,2026,2,Mumbai Indians,Chennai Super Kings,Tilak Varma,37,29,5,0,127.58620689655172,Chennai Super Kings,101.0,224.44444444444449,28.82456140350877,136.4794137686172,57,24.8,24.1,33.8,8.0,7.0,2.4,1.4,Moderate,Low
1529277,2026-04-24,2026,1,Gujarat Titans,Royal Challengers Bengaluru,B Sai Sudharsan,100,58,11,5,172.41379310344826,Royal Challengers Bengaluru,0.0,0.0,41.91304347826087,136.40247302332494,46,24.4,38.5,46.333333333333336,0.0,0.0,3.0,1.0,High,Low
1529277,2026-04-24,2026,1,Gujarat Titans,Royal Challengers Bengaluru,JC Buttler,25,16,2,1,156.25,Royal Challengers Bengaluru,5.0,83.33333333333334,34.34126984126984,130.11640178109474,126,33.6,33.8,86.5,1.0,0.0,4.4,1.4,Moderate,Low
1529277,2026-04-24,2026,1,Gujarat Titans,Royal Challengers Bengaluru,JO Holder,23,10,1,2,230.0,Royal Challengers Bengaluru,11.0,122.22222222222224,9.592592592592592,109.85402174099492,27,2.8,6.2,0.0,0.0,1.0,0.0,0.2,Moderate,Low
1529277,2026-04-24,2026,1,Gujarat Titans,Royal Challengers Bengaluru,Shubman Gill,32,24,2,1,133.33333333333331,Royal Challengers Bengaluru,14.0,107.6923076923077,34.714285714285715,125.41078613149796,119,53.0,45.0,10.666666666666666,3.0,0.0,5.4,2.0,Moderate,Low
1529277,2026-04-24,2026,1,Gujarat Titans,Royal Challengers Bengaluru,Washington Sundar,19,12,1,1,158.33333333333331,Royal Challengers Bengaluru,26.0,152.94117647058823,13.224489795918368,115.60664843051303,49,23.8,22.1,0.0,5.0,0.0,3.0,0.6,Low,Low
1529277,2026-04-24,2026,2,Royal Challengers Bengaluru,Gujarat Titans,D Padikkal,55,27,2,6,203.70370370370367,Gujarat Titans,18.0,138.46153846153845,24.79746835443038,109.54612151700698,79,30.6,32.1,11.285714285714286,1.0,1.0,3.4,1.4,High,Low
1529277,2026-04-24,2026,2,Royal Challengers Bengaluru,Gujarat Titans,JG Bethell,14,10,3,0,140.0,Gujarat Titans,55.0,166.66666666666669,33.5,183.33333333333331,2,33.5,33.5,0.0,8.0,2.0,4.5,1.5,Low,Low
1529277,2026-04-24,2026,2,Royal Challengers Bengaluru,Gujarat Titans,JM Sharma,10,6,1,1,166.66666666666669,Gujarat Titans,14.0,70.0,20.057692307692307,143.1808639759048,52,10.4,21.2,22.0,1.0,0.0,0.8,0.4,Low,Low
1529277,2026-04-24,2026,2,Royal Challengers Bengaluru,Gujarat Titans,KH Pandya,23,12,3,1,191.66666666666669,Gujarat Titans,12.0,120.0,15.25,119.43632800170089,116,19.6,13.4,9.333333333333334,0.0,1.0,1.4,1.0,Moderate,Low
1529277,2026-04-24,2026,2,Royal Challengers Bengaluru,Gujarat Titans,RM Patidar,8,5,0,1,160.0,Gujarat Titans,8.0,200.0,30.477272727272727,149.31493299367108,44,39.8,30.3,22.0,0.0,1.0,2.0,3.8,Low,Low
1529277,2026-04-24,2026,2,Royal Challengers Bengaluru,Gujarat Titans,TH David,10,9,0,1,111.11111111111111,Gujarat Titans,26.0,162.5,20.38,159.41106997577586,50,31.4,21.8,15.666666666666666,3.0,1.0,2.2,2.6,Low,Low
1529277,2026-04-24,2026,2,Royal Challengers Bengaluru,Gujarat Titans,V Kohli,81,44,8,4,184.0909090909091,Gujarat Titans,19.0,146.15384615384613,33.40074906367041,120.83165642712665,267,35.6,39.9,58.5,3.0,0.0,4.6,0.6,High,Low
1529278,2026-04-25,2026,1,Delhi Capitals,Punjab Kings,DA Miller,3,3,0,0,100.0,Punjab Kings,0.0,0.0,22.863309352517987,125.34913802625434,139,20.2,16.4,11.333333333333334,0.0,0.0,1.8,1.2,Low,Low
1529278,2026-04-25,2026,1,Delhi Capitals,Punjab Kings,KL Rahul,152,66,16,9,230.3030303030303,Punjab Kings,37.0,160.8695652173913,37.77777777777778,126.3084411240444,144,41.0,37.3,28.4,1.0,3.0,4.0,2.0,High,Low
1529278,2026-04-25,2026,1,Delhi Capitals,Punjab Kings,N Rana,91,44,11,4,206.81818181818184,Punjab Kings,57.0,190.0,25.25862068965517,122.00967640413496,116,17.2,18.1,19.666666666666668,7.0,3.0,2.4,0.8,High,Low
1529278,2026-04-25,2026,1,Delhi Capitals,Punjab Kings,P Nissanka,11,7,2,0,157.14285714285714,Punjab Kings,8.0,133.33333333333331,22.666666666666668,117.8661616161616,6,27.0,22.666666666666668,0.0,0.0,1.0,3.4,1.0,Low,Low
1529278,2026-04-25,2026,2,Punjab Kings,Delhi Capitals,C Connolly,17,10,1,1,170.0,Delhi Capitals,87.0,189.1304347826087,44.6,151.5057406361754,5,44.6,44.6,0.0,8.0,7.0,4.2,2.8,Low,Low
1529278,2026-04-25,2026,2,Punjab Kings,Delhi Capitals,N Wadhera,25,15,3,1,166.66666666666669,Delhi Capitals,13.0,185.7142857142857,21.685714285714287,131.16802372585562,35,11.0,19.9,10.0,1.0,1.0,0.2,0.8,Moderate,Low
1529278,2026-04-25,2026,2,Punjab Kings,Delhi Capitals,P Simran Singh,76,25,9,5,304.0,Delhi Capitals,0.0,0.0,27.473684210526315,132.86025541433816,57,42.2,30.2,40.16666666666666,0.0,0.0,4.4,2.2,High,Low
1529278,2026-04-25,2026,2,Punjab Kings,Delhi Capitals,Priyansh Arya,43,17,2,5,252.94117647058823,Delhi Capitals,93.0,251.35135135135133,32.869565217391305,167.910982929742,23,42.2,33.0,38.0,4.0,9.0,2.8,4.0,High,Low
1529278,2026-04-25,2026,2,Punjab Kings,Delhi Capitals,SS Iyer,71,36,3,7,197.22222222222223,Delhi Capitals,5.0,83.33333333333334,28.78102189781022,119.5826799577142,137,41.6,37.7,40.0,0.0,0.0,2.8,2.8,High,Low
1529278,2026-04-25,2026,2,Punjab Kings,Delhi Capitals,Shashank Singh,19,10,2,1,190.0,Delhi Capitals,17.0,283.33333333333337,22.27027027027027,143.55395169364425,37,22.4,22.0,7.0,1.0,2.0,1.4,1.8,Low,Low
1529279,2026-04-25,2026,1,Rajasthan Royals,Sunrisers Hyderabad,D Ferreira,33,16,3,3,206.25,Sunrisers Hyderabad,20.0,105.26315789473684,15.142857142857142,78.51161995898838,7,19.6,15.142857142857142,69.0,2.0,0.0,2.0,0.8,Moderate,Low
1529279,2026-04-25,2026,1,Rajasthan Royals,Sunrisers Hyderabad,Dhruv Jurel,51,35,8,1,145.7142857142857,Sunrisers Hyderabad,0.0,0.0,20.5,125.21585091655678,42,17.6,26.5,31.75,0.0,0.0,1.6,0.6,High,Low
1529279,2026-04-25,2026,1,Rajasthan Royals,Sunrisers Hyderabad,JC Archer,2,2,0,0,100.0,Sunrisers Hyderabad,8.0,160.0,8.272727272727273,121.93646420919148,33,10.6,7.4,5.0,1.0,0.0,0.8,0.4,Low,Low
1529279,2026-04-25,2026,1,Rajasthan Royals,Sunrisers Hyderabad,R Parag,7,9,0,0,77.77777777777779,Sunrisers Hyderabad,20.0,105.26315789473684,20.6375,129.0682174953841,80,11.8,19.2,18.7,2.0,1.0,1.0,0.6,Low,Low
1529279,2026-04-25,2026,1,Rajasthan Royals,Sunrisers Hyderabad,RA Jadeja,4,3,1,0,133.33333333333331,Sunrisers Hyderabad,43.0,148.27586206896552,17.025125628140703,130.90002607431876,199,25.6,26.3,16.94736842105263,2.0,1.0,2.0,0.2,Low,Low
1529279,2026-04-25,2026,1,Rajasthan Royals,Sunrisers Hyderabad,SO Hetmyer,11,10,1,0,110.0,Sunrisers Hyderabad,22.0,122.22222222222224,18.44047619047619,135.65337076984596,84,12.2,12.4,23.666666666666668,2.0,1.0,0.6,0.6,Low,Low
1529279,2026-04-25,2026,1,Rajasthan Royals,Sunrisers Hyderabad,V Suryavanshi,103,37,5,12,278.3783783783784,Sunrisers Hyderabad,8.0,72.72727272727273,36.142857142857146,179.11453317371607,14,34.2,35.5,0.0,2.0,0.0,3.4,2.8,High,Low
1529279,2026-04-25,2026,1,Rajasthan Royals,Sunrisers Hyderabad,YBK Jaiswal,10,8,2,0,125.0,Sunrisers Hyderabad,22.0,183.3333333333333,33.02739726027397,135.27829533178888,73,30.4,36.5,29.77777777777778,4.0,0.0,3.6,1.6,Low,Low
1529279,2026-04-25,2026,2,Sunrisers Hyderabad,Rajasthan Royals,Abhishek Sharma,57,29,11,1,196.55172413793105,Rajasthan Royals,135.0,198.52941176470588,26.40740740740741,140.3972443296393,81,53.6,44.8,16.625,10.0,10.0,4.2,4.4,High,Low
1529279,2026-04-25,2026,2,Sunrisers Hyderabad,Rajasthan Royals,Aniket Verma,1,1,0,0,100.0,Rajasthan Royals,2.0,50.0,17.11111111111111,154.7591583363941,18,5.8,11.8,6.5,0.0,0.0,0.4,0.2,Low,Low
1529279,2026-04-25,2026,2,Sunrisers Hyderabad,Rajasthan Royals,H Klaasen,29,24,3,1,120.83333333333331,Rajasthan Royals,37.0,284.61538461538464,34.61538461538461,161.7830377679817,52,47.4,49.6,33.0,3.0,3.0,3.2,2.2,Moderate,Low
1529279,2026-04-25,2026,2,Sunrisers Hyderabad,Rajasthan Royals,Ishan Kishan,74,31,11,3,238.70967741935485,Rajasthan Royals,25.0,192.30769230769232,27.19327731092437,117.87320468090924,119,28.8,39.6,37.15384615384615,2.0,1.0,2.6,1.6,High,Low
1529279,2026-04-25,2026,2,Sunrisers Hyderabad,Rajasthan Royals,Nithish Kumar Reddy,36,18,2,3,200.0,Rajasthan Royals,12.0,150.0,22.178571428571427,123.67709078108236,28,27.0,18.5,34.75,0.0,1.0,1.4,2.2,Moderate,Low
1529279,2026-04-25,2026,2,Sunrisers Hyderabad,Rajasthan Royals,S Arora,8,3,0,1,266.66666666666663,Rajasthan Royals,13.0,108.33333333333331,11.0,111.08974358974358,5,11.0,11.0,24.0,2.0,0.0,0.8,0.8,Low,Low
1529279,2026-04-25,2026,2,Sunrisers Hyderabad,Rajasthan Royals,TM Head,6,5,0,1,120.0,Rajasthan Royals,37.0,142.30769230769232,30.13636363636364,136.58254743218757,44,24.6,29.3,44.25,2.0,2.0,2.8,0.8,Low,Low
1529280,2026-04-26,2026,1,Chennai Super Kings,Gujarat Titans,D Brevis,2,9,0,0,22.22222222222222,Gujarat Titans,21.0,190.9090909090909,27.210526315789476,124.85939485613471,19,32.2,31.0,51.5,1.0,2.0,2.2,2.4,Low,Low
1529280,2026-04-26,2026,1,Chennai Super Kings,Gujarat Titans,J Overton,18,6,3,1,300.0,Gujarat Titans,15.0,214.28571428571428,19.0,173.15192743764172,7,23.6,19.0,0.0,2.0,1.0,2.0,1.0,Low,Low
1529280,2026-04-26,2026,1,Chennai Super Kings,Gujarat Titans,Kartik Sharma,15,9,3,0,166.66666666666669,Gujarat Titans,18.0,94.73684210526316,10.75,112.01754385964912,4,10.75,10.75,0.0,0.0,2.0,0.0,1.0,Low,Low
1529280,2026-04-26,2026,1,Chennai Super Kings,Gujarat Titans,RD Gaikwad,74,60,6,4,123.33333333333334,Gujarat Titans,22.0,169.23076923076923,33.84415584415584,112.86957500605244,77,14.0,17.3,50.0,3.0,1.0,1.6,0.4,High,Low
1529280,2026-04-26,2026,1,Chennai Super Kings,Gujarat Titans,S Dube,22,17,3,1,129.41176470588235,Gujarat Titans,5.0,62.5,24.23170731707317,131.93515592908014,82,15.4,22.9,20.0,0.0,0.0,1.2,0.6,Moderate,Low
1529280,2026-04-26,2026,1,Chennai Super Kings,Gujarat Titans,SN Khan,0,1,0,0,0.0,Gujarat Titans,14.0,175.0,17.761904761904763,126.40445691515936,42,28.8,21.4,30.0,3.0,0.0,4.2,1.0,Low,Low
1529280,2026-04-26,2026,1,Chennai Super Kings,Gujarat Titans,SV Samson,11,15,2,0,73.33333333333333,Gujarat Titans,101.0,194.23076923076923,28.073033707865168,120.95759300763424,178,56.0,38.5,38.71428571428572,10.0,6.0,5.8,3.0,Low,Low
1529280,2026-04-26,2026,1,Chennai Super Kings,Gujarat Titans,Urvil Patel,4,3,1,0,133.33333333333331,Gujarat Titans,37.0,194.73684210526315,22.666666666666668,158.85167464114832,3,22.666666666666668,22.666666666666668,37.0,4.0,2.0,1.6666666666666667,2.0,Low,Low
1529280,2026-04-26,2026,2,Gujarat Titans,Chennai Super Kings,B Sai Sudharsan,87,46,4,7,189.1304347826087,Chennai Super Kings,100.0,172.41379310344826,43.14893617021277,137.16867132290204,47,29.8,37.7,59.8,11.0,5.0,3.4,1.4,High,Low
1529280,2026-04-26,2026,2,Gujarat Titans,Chennai Super Kings,JC Buttler,39,30,4,1,130.0,Chennai Super Kings,25.0,156.25,34.267716535433074,130.32217814502312,127,33.4,29.9,33.81818181818182,2.0,1.0,3.8,1.6,Moderate,Low
1529280,2026-04-26,2026,2,Gujarat Titans,Chennai Super Kings,Shubman Gill,33,23,1,3,143.47826086956522,Chennai Super Kings,32.0,133.33333333333331,34.69166666666667,125.47680735817994,120,51.6,43.9,29.0625,2.0,1.0,4.6,2.2,Moderate,Low
1529280,2026-04-26,2026,2,Gujarat Titans,Chennai Super Kings,Washington Sundar,1,1,0,0,100.0,Chennai Super Kings,19.0,158.33333333333331,13.34,116.46118212856943,50,26.8,23.8,7.666666666666667,1.0,1.0,3.0,0.8,Low,Low
1529281,2026-04-26,2026,1,Kolkata Knight Riders,Lucknow Super Giants,A Raghuvanshi,9,8,1,0,112.5,Lucknow Super Giants,10.0,52.63157894736842,26.52,139.14769840386626,25,19.4,25.9,22.25,1.0,0.0,2.2,0.6,Low,Low
1529281,2026-04-26,2026,1,Kolkata Knight Riders,Lucknow Super Giants,AM Rahane,10,15,0,1,66.66666666666666,Lucknow Super Giants,0.0,0.0,27.28421052631579,107.56750271181066,190,15.4,24.5,34.75,0.0,0.0,1.0,0.8,Low,Low
1529281,2026-04-26,2026,1,Kolkata Knight Riders,Lucknow Super Giants,AS Roy,0,1,0,0,0.0,Lucknow Super Giants,29.0,181.25,5.909090909090909,79.59415584415585,11,7.8,6.5,0.0,1.0,2.0,0.4,0.4,Low,Low
1529281,2026-04-26,2026,1,Kolkata Knight Riders,Lucknow Super Giants,C Green,34,21,0,3,161.9047619047619,Lucknow Super Giants,27.0,207.6923076923077,24.82857142857143,135.76576672752182,35,28.4,25.9,21.5,4.0,1.0,3.0,1.2,Moderate,Low
1529281,2026-04-26,2026,1,Kolkata Knight Riders,Lucknow Super Giants,R Powell,1,4,0,0,25.0,Lucknow Super Giants,23.0,115.0,17.962962962962962,121.26758952739344,27,25.0,19.1,19.5,2.0,1.0,2.0,1.4,Low,Low
1529281,2026-04-26,2026,1,Kolkata Knight Riders,Lucknow Super Giants,RK Singh,83,51,7,5,162.7450980392157,Lucknow Super Giants,53.0,155.88235294117646,21.59649122807017,138.15772411646213,57,19.8,20.5,28.5,5.0,2.0,1.8,0.6,High,Low
1529281,2026-04-26,2026,1,Kolkata Knight Riders,Lucknow Super Giants,Ramandeep Singh,6,11,0,0,54.54545454545454,Lucknow Super Giants,10.0,76.92307692307693,11.72,146.15832404310666,25,15.2,9.5,13.0,1.0,0.0,1.6,0.4,Low,Low
1529281,2026-04-26,2026,1,Kolkata Knight Riders,Lucknow Super Giants,SP Narine,4,6,0,0,66.66666666666666,Lucknow Super Giants,0.0,0.0,15.008264462809915,126.25244781934713,121,18.6,15.7,26.83333333333333,0.0,0.0,1.8,1.6,Low,Low
1529281,2026-04-26,2026,1,Kolkata Knight Riders,Lucknow Super Giants,TL Seifert,0,3,0,0,0.0,Lucknow Super Giants,0.0,0.0,9.0,79.14285714285714,5,9.0,9.0,0.0,0.0,0.0,1.2,0.2,Low,Low
1529281,2026-04-26,2026,2,Lucknow Super Giants,Kolkata Knight Riders,A Badoni,24,19,0,2,126.3157894736842,Kolkata Knight Riders,0.0,0.0,20.9622641509434,120.9095331483002,53,27.2,26.0,27.6,0.0,0.0,3.4,0.8,Moderate,Low
1529281,2026-04-26,2026,2,Lucknow Super Giants,Kolkata Knight Riders,AK Markram,31,27,2,1,114.8148148148148,Kolkata Knight Riders,0.0,0.0,25.83870967741936,122.28548561784532,62,21.2,27.2,35.111111111111114,0.0,0.0,2.0,1.2,Moderate,Low
1529281,2026-04-26,2026,2,Lucknow Super Giants,Kolkata Knight Riders,GF Linde,8,4,2,0,200.0,Kolkata Knight Riders,7.0,100.0,11.5,130.0,2,11.5,11.5,0.0,1.0,0.0,2.0,0.0,Low,Low
1529281,2026-04-26,2026,2,Lucknow Super Giants,Kolkata Knight Riders,Himmat Singh,19,8,2,1,237.5,Kolkata Knight Riders,15.0,100.0,8.0,100.0,2,8.0,8.0,0.0,0.0,1.0,0.0,0.5,Low,Low
1529281,2026-04-26,2026,2,Lucknow Super Giants,Kolkata Knight Riders,MD Choudhary,1,2,0,0,50.0,Kolkata Knight Riders,7.0,233.33333333333331,22.142857142857142,141.7132307468442,7,27.8,22.142857142857142,54.0,0.0,1.0,1.4,2.4,Low,Low
1529281,2026-04-26,2026,2,Lucknow Super Giants,Kolkata Knight Riders,MR Marsh,2,3,0,0,66.66666666666666,Kolkata Knight Riders,55.0,134.14634146341464,26.821428571428573,118.37476262391952,56,32.2,45.9,19.33333333333333,6.0,2.0,2.8,1.6,Low,Low
1529281,2026-04-26,2026,2,Lucknow Super Giants,Kolkata Knight Riders,Mohammed Shami,11,6,1,1,183.3333333333333,Kolkata Knight Riders,6.0,150.0,3.25,81.45833333333333,32,4.0,3.5,1.8333333333333333,0.0,1.0,0.2,0.4,Low,Low
1529281,2026-04-26,2026,2,Lucknow Super Giants,Kolkata Knight Riders,N Pooran,9,12,0,1,75.0,Kolkata Knight Riders,22.0,88.0,24.905263157894737,140.4919287597333,95,12.8,18.7,26.416666666666668,3.0,0.0,0.8,0.6,Low,Low
1529281,2026-04-26,2026,2,Lucknow Super Giants,Kolkata Knight Riders,Prince Yadav,0,1,0,0,0.0,Kolkata Knight Riders,1.0,100.0,2.5,72.22222222222223,2,2.5,2.5,0.0,0.0,0.0,0.0,0.0,Low,Low
1529281,2026-04-26,2026,2,Lucknow Super Giants,Kolkata Knight Riders,RR Pant,42,38,4,1,110.5263157894737,Kolkata Knight Riders,0.0,0.0,27.917293233082702,129.7253152139964,133,14.4,28.8,22.27777777777778,0.0,0.0,0.8,1.0,High,Low
1529281,2026-04-26,2026,3,Lucknow Super Giants,Kolkata Knight Riders,AK Markram,0,1,0,0,0.0,Kolkata Knight Riders,31.0,114.8148148148148,25.92063492063492,122.16690354160674,63,23.0,29.0,34.7,2.0,1.0,2.0,1.2,Low,Low
1529281,2026-04-26,2026,3,Lucknow Super Giants,Kolkata Knight Riders,N Pooran,0,1,0,0,0.0,Kolkata Knight Riders,9.0,75.0,24.73958333333333,139.80972116848608,96,12.0,15.1,25.07692307692308,0.0,1.0,0.8,0.6,Low,Low
1529281,2026-04-26,2026,3,Lucknow Super Giants,Kolkata Knight Riders,RR Pant,1,1,0,0,100.0,Kolkata Knight Riders,42.0,110.5263157894737,28.02238805970149,129.58203909888803,134,20.8,32.3,23.31578947368421,4.0,1.0,1.4,1.2,Low,Low
1529281,2026-04-26,2026,4,Kolkata Knight Riders,Lucknow Super Giants,RK Singh,4,1,1,0,400.0,Lucknow Super Giants,83.0,162.7450980392157,22.655172413793103,138.5816443565096,58,29.4,25.2,36.285714285714285,7.0,5.0,2.4,1.4,Low,Low
1529282,2026-04-27,2026,1,Delhi Capitals,Royal Challengers Bengaluru,AR Patel,0,3,0,0,0.0,Royal Challengers Bengaluru,2.0,66.66666666666666,15.2109375,126.37484189381009,128,6.2,15.4,28.25,0.0,0.0,0.6,0.0,Low,Low
1529282,2026-04-27,2026,1,Delhi Capitals,Royal Challengers Bengaluru,Abishek Porel,30,33,3,0,90.9090909090909,Royal Challengers Bengaluru,6.0,66.66666666666666,22.79310344827586,137.182418620537,29,15.2,23.4,12.333333333333334,0.0,0.0,1.0,1.0,Moderate,Low
1529282,2026-04-27,2026,1,Delhi Capitals,Royal Challengers Bengaluru,DA Miller,19,18,3,0,105.55555555555556,Royal Challengers Bengaluru,3.0,100.0,22.72142857142857,125.16807275463825,140,16.6,16.0,26.0,0.0,0.0,1.0,1.2,Low,Low
1529282,2026-04-27,2026,1,Delhi Capitals,Royal Challengers Bengaluru,KA Jamieson,12,13,1,1,92.3076923076923,Royal Challengers Bengaluru,0.0,0.0,7.222222222222222,101.13312613312614,9,4.4,7.222222222222222,0.0,0.0,0.0,0.2,0.2,Low,Low
1529282,2026-04-27,2026,1,Delhi Capitals,Royal Challengers Bengaluru,KL Rahul,1,3,0,0,33.33333333333333,Royal Challengers Bengaluru,152.0,230.3030303030303,38.56551724137931,127.02564518734776,145,71.2,51.5,52.75,16.0,9.0,7.2,3.8,Low,Low
1529282,2026-04-27,2026,1,Delhi Capitals,Royal Challengers Bengaluru,Kuldeep Yadav,3,11,0,0,27.27272727272727,Royal Challengers Bengaluru,1.0,50.0,5.175,85.0043810034135,40,2.8,3.5,6.0,0.0,0.0,0.0,0.0,Low,Low
1529282,2026-04-27,2026,1,Delhi Capitals,Royal Challengers Bengaluru,N Rana,1,9,0,0,11.11111111111111,Royal Challengers Bengaluru,91.0,206.81818181818184,25.82051282051282,122.73453542476784,117,33.6,26.8,16.0,11.0,4.0,4.2,1.6,Low,Low
1529282,2026-04-27,2026,1,Delhi Capitals,Royal Challengers Bengaluru,PVD Chameera,0,3,0,0,0.0,Royal Challengers Bengaluru,8.0,80.0,5.3,91.07142857142856,10,4.2,5.3,0.0,0.0,0.0,0.2,0.2,Low,Low
1529282,2026-04-27,2026,1,Delhi Capitals,Royal Challengers Bengaluru,SU Parakh,0,2,0,0,0.0,Royal Challengers Bengaluru,0.0,0.0,0.0,0.0,0,0.0,0.0,0.0,0.0,0.0,0.0,0.0,Low,Low
1529282,2026-04-27,2026,1,Delhi Capitals,Royal Challengers Bengaluru,Sameer Rizvi,0,1,0,0,0.0,Royal Challengers Bengaluru,41.0,146.42857142857142,25.4,114.27121660875264,15,27.8,33.0,2.0,2.0,2.0,2.0,1.8,Low,Low
1529282,2026-04-27,2026,1,Delhi Capitals,Royal Challengers Bengaluru,T Stubbs,5,3,1,0,166.66666666666669,Royal Challengers Bengaluru,27.0,168.75,24.513513513513512,148.08150840402524,37,31.4,27.8,33.75,3.0,1.0,2.2,1.0,Low,Low
1529282,2026-04-27,2026,2,Royal Challengers Bengaluru,Delhi Capitals,D Padikkal,34,13,3,3,261.53846153846155,Delhi Capitals,55.0,203.70370370370367,25.175,110.72309129434068,80,29.4,33.6,19.5,2.0,6.0,2.4,1.8,Moderate,Low
1529282,2026-04-27,2026,2,Royal Challengers Bengaluru,Delhi Capitals,JG Bethell,20,11,1,2,181.8181818181818,Delhi Capitals,14.0,140.0,27.0,168.88888888888889,3,27.0,27.0,12.0,3.0,0.0,4.0,1.0,Moderate,Low
1529282,2026-04-27,2026,2,Royal Challengers Bengaluru,Delhi Capitals,V Kohli,23,15,1,2,153.33333333333334,Delhi Capitals,81.0,184.0909090909091,33.57835820895522,121.06769841467806,268,46.2,43.7,29.846153846153847,8.0,4.0,5.8,1.2,Moderate,Low
1529283,2026-04-28,2026,1,Punjab Kings,Rajasthan Royals,C Connolly,30,14,2,3,214.28571428571428,Rajasthan Royals,17.0,170.0,40.0,154.58811719681285,6,33.6,40.0,0.0,1.0,1.0,3.4,2.0,Moderate,Low
1529283,2026-04-28,2026,1,Punjab Kings,Rajasthan Royals,MP Stoinis,62,22,4,6,281.8181818181818,Rajasthan Royals,29.0,181.25,20.135922330097088,127.94643805987488,103,10.8,14.2,16.307692307692307,2.0,2.0,1.2,0.6,High,Low
1529283,2026-04-28,2026,1,Punjab Kings,Rajasthan Royals,P Simran Singh,59,44,6,1,134.0909090909091,Rajasthan Royals,76.0,304.0,28.310344827586206,135.81094066581508,58,50.0,35.0,19.33333333333333,9.0,5.0,6.0,2.4,High,Low
1529283,2026-04-28,2026,1,Punjab Kings,Rajasthan Royals,Priyansh Arya,29,11,5,1,263.6363636363636,Rajasthan Royals,43.0,252.94117647058823,33.291666666666664,171.4539076606106,24,49.4,36.7,4.5,2.0,5.0,3.2,4.8,Moderate,Low
1529283,2026-04-28,2026,1,Punjab Kings,Rajasthan Royals,SS Iyer,30,27,1,1,111.11111111111111,Rajasthan Royals,71.0,197.22222222222223,29.08695652173913,120.14528533644253,138,52.2,39.5,31.23076923076923,3.0,7.0,3.4,3.8,Moderate,Low
1529283,2026-04-28,2026,1,Punjab Kings,Rajasthan Royals,Suryansh Shedge,3,2,0,0,150.0,Rajasthan Royals,1.0,33.33333333333333,2.333333333333333,61.11111111111111,3,2.333333333333333,2.333333333333333,2.0,0.0,0.0,0.0,0.0,Low,Low
1529283,2026-04-28,2026,2,Rajasthan Royals,Punjab Kings,D Ferreira,52,26,6,3,200.0,Punjab Kings,33.0,206.25,17.375,94.47891746411484,8,26.0,17.375,7.0,3.0,3.0,2.6,1.4,High,Low
1529283,2026-04-28,2026,2,Rajasthan Royals,Punjab Kings,Dhruv Jurel,16,20,0,1,80.0,Punjab Kings,51.0,145.7142857142857,21.209302325581397,125.69255870255049,43,27.4,31.6,19.0,8.0,1.0,3.2,0.8,Low,Low
1529283,2026-04-28,2026,2,Rajasthan Royals,Punjab Kings,R Parag,29,15,2,2,193.33333333333331,Punjab Kings,7.0,77.77777777777779,20.469135802469136,128.4350021902285,81,9.2,10.4,21.77777777777778,0.0,0.0,0.8,0.2,Moderate,Low
1529283,2026-04-28,2026,2,Rajasthan Royals,Punjab Kings,SB Dubey,31,12,3,2,258.33333333333337,Punjab Kings,19.0,172.72727272727272,13.166666666666666,139.94949494949495,12,15.6,12.5,7.0,3.0,0.0,1.4,0.8,Moderate,Low
1529283,2026-04-28,2026,2,Rajasthan Royals,Punjab Kings,V Suryavanshi,43,16,3,5,268.75,Punjab Kings,103.0,278.3783783783784,40.6,185.73212285402687,15,47.0,45.4,40.0,5.0,12.0,4.2,4.2,High,Low
1529283,2026-04-28,2026,2,Rajasthan Royals,Punjab Kings,YBK Jaiswal,51,27,7,1,188.88888888888889,Punjab Kings,10.0,125.0,32.71621621621622,135.1393994489269,74,17.0,34.1,42.25,2.0,0.0,2.0,0.8,High,Low
1529284,2026-04-29,2026,1,Mumbai Indians,Sunrisers Hyderabad,HH Pandya,31,15,2,2,206.66666666666669,Sunrisers Hyderabad,1.0,50.0,19.161073825503355,140.0303461826953,149,15.8,16.3,14.125,0.0,0.0,1.8,0.4,Moderate,Low
1529284,2026-04-29,2026,1,Mumbai Indians,Sunrisers Hyderabad,Naman Dhir,22,17,3,0,129.41176470588235,Sunrisers Hyderabad,0.0,0.0,21.0,153.005092962809,26,24.2,22.0,10.0,0.0,0.0,2.4,1.0,Moderate,Low
1529284,2026-04-29,2026,1,Mumbai Indians,Sunrisers Hyderabad,R Minz,1,1,0,0,100.0,Sunrisers Hyderabad,3.0,50.0,3.0,41.66666666666666,2,3.0,3.0,0.0,0.0,0.0,0.0,0.0,Low,Low
1529284,2026-04-29,2026,1,Mumbai Indians,Sunrisers Hyderabad,RD Rickelton,123,55,10,8,223.63636363636363,Sunrisers Hyderabad,2.0,25.0,27.63157894736842,143.42858581396558,19,27.4,31.0,21.0,0.0,0.0,1.8,2.4,High,Low
1529284,2026-04-29,2026,1,Mumbai Indians,Sunrisers Hyderabad,SA Yadav,5,5,1,0,100.0,Sunrisers Hyderabad,36.0,120.0,28.10062893081761,138.05838259659146,159,18.0,29.1,26.31578947368421,5.0,0.0,2.2,0.4,Low,Low
1529284,2026-04-29,2026,1,Mumbai Indians,Sunrisers Hyderabad,Tilak Varma,7,5,0,1,140.0,Sunrisers Hyderabad,37.0,127.58620689655172,28.96551724137931,136.32608261565056,58,32.2,25.1,28.166666666666668,5.0,0.0,3.4,1.4,Low,Low
1529284,2026-04-29,2026,1,Mumbai Indians,Sunrisers Hyderabad,WG Jacks,46,22,5,3,209.0909090909091,Sunrisers Hyderabad,17.0,212.5,24.36842105263158,137.14425242985402,19,28.4,22.2,17.75,2.0,1.0,3.0,1.4,High,Low
1529284,2026-04-29,2026,2,Sunrisers Hyderabad,Mumbai Indians,Abhishek Sharma,45,24,4,3,187.5,Mumbai Indians,57.0,196.55172413793105,26.78048780487805,141.08205505900872,82,65.0,44.6,17.636363636363637,11.0,1.0,6.4,4.6,High,Low
1529284,2026-04-29,2026,2,Sunrisers Hyderabad,Mumbai Indians,H Klaasen,65,30,7,4,216.66666666666663,Mumbai Indians,29.0,120.83333333333331,34.509433962264154,161.0104018352525,53,40.8,47.8,34.857142857142854,3.0,1.0,2.8,2.0,High,Low
1529284,2026-04-29,2026,2,Sunrisers Hyderabad,Mumbai Indians,Ishan Kishan,0,1,0,0,0.0,Mumbai Indians,74.0,238.70967741935485,27.58333333333333,118.88017528706293,120,43.4,43.5,15.5,11.0,3.0,4.8,2.2,Low,Low
1529284,2026-04-29,2026,2,Sunrisers Hyderabad,Mumbai Indians,Nithish Kumar Reddy,21,17,3,0,123.52941176470588,Mumbai Indians,36.0,200.0,22.655172413793103,126.30891523690713,29,26.4,20.2,13.666666666666666,2.0,3.0,1.0,2.6,Moderate,Low
1529284,2026-04-29,2026,2,Sunrisers Hyderabad,Mumbai Indians,S Arora,30,10,2,3,300.0,Mumbai Indians,8.0,266.66666666666663,10.5,137.01923076923077,6,10.8,10.5,0.0,0.0,1.0,0.8,0.8,Moderate,Low
1529284,2026-04-29,2026,2,Sunrisers Hyderabad,Mumbai Indians,TM Head,76,30,4,8,253.3333333333333,Mumbai Indians,6.0,120.0,29.6,136.21404637813896,45,24.4,27.9,31.166666666666668,0.0,1.0,2.6,1.0,High,Low
1529285,2026-04-30,2026,1,Royal Challengers Bengaluru,Gujarat Titans,B Kumar,15,15,2,0,100.0,Gujarat Titans,3.0,150.0,4.5479452054794525,85.02874218627643,73,4.8,2.6,14.0,0.0,0.0,0.4,0.0,Low,Low
1529285,2026-04-30,2026,1,Royal Challengers Bengaluru,Gujarat Titans,D Padikkal,40,24,5,2,166.66666666666669,Gujarat Titans,34.0,261.53846153846155,25.28395061728395,112.58500944550268,81,26.2,30.9,16.75,3.0,3.0,2.0,2.0,High,Low
1529285,2026-04-30,2026,1,Royal Challengers Bengaluru,Gujarat Titans,JG Bethell,5,5,1,0,100.0,Gujarat Titans,20.0,181.8181818181818,25.25,172.12121212121212,4,25.25,25.25,14.0,1.0,2.0,3.25,1.25,Low,Low
1529285,2026-04-30,2026,1,Royal Challengers Bengaluru,Gujarat Titans,JM Sharma,1,3,0,0,33.33333333333333,Gujarat Titans,10.0,166.66666666666669,19.867924528301888,143.62399232856066,53,12.4,20.2,20.0,1.0,1.0,1.0,0.6,Low,Low
1529285,2026-04-30,2026,1,Royal Challengers Bengaluru,Gujarat Titans,JR Hazlewood,0,1,0,0,0.0,Gujarat Titans,0.0,0.0,2.7142857142857144,57.46753246753247,7,1.8,2.7142857142857144,0.0,0.0,0.0,0.2,0.0,Low,Low
1529285,2026-04-30,2026,1,Royal Challengers Bengaluru,Gujarat Titans,KH Pandya,4,4,1,0,100.0,Gujarat Titans,23.0,191.66666666666669,15.316239316239315,120.05368132362366,117,9.6,14.5,11.285714285714286,3.0,1.0,1.0,0.4,Low,Low
1529285,2026-04-30,2026,1,Royal Challengers Bengaluru,Gujarat Titans,R Shepherd,17,15,0,2,113.33333333333331,Gujarat Titans,1.0,25.0,14.0,147.22680097680097,16,11.2,11.2,0.0,0.0,0.0,0.8,0.6,Low,Low
1529285,2026-04-30,2026,1,Royal Challengers Bengaluru,Gujarat Titans,RM Patidar,19,15,2,1,126.66666666666666,Gujarat Titans,8.0,160.0,29.977777777777774,149.55237892714507,45,31.8,29.3,18.5,0.0,1.0,1.8,2.8,Low,Low
1529285,2026-04-30,2026,1,Royal Challengers Bengaluru,Gujarat Titans,TH David,9,6,0,1,150.0,Gujarat Titans,10.0,111.11111111111111,20.176470588235293,158.46401195882163,51,19.4,20.5,14.857142857142858,0.0,1.0,1.6,1.2,Low,Low
1529285,2026-04-30,2026,1,Royal Challengers Bengaluru,Gujarat Titans,V Kohli,28,13,5,1,215.3846153846154,Gujarat Titans,23.0,153.33333333333334,33.53903345724907,121.1876450128887,269,44.4,40.6,61.71428571428572,1.0,2.0,4.6,1.6,Moderate,Low
1529285,2026-04-30,2026,1,Royal Challengers Bengaluru,Gujarat Titans,VR Iyer,12,15,1,0,80.0,Gujarat Titans,29.0,193.33333333333331,26.26315789473684,126.30787545367627,57,20.4,27.4,31.25,1.0,2.0,1.6,0.6,Low,Low
1529285,2026-04-30,2026,2,Gujarat Titans,Royal Challengers Bengaluru,B Sai Sudharsan,6,5,1,0,120.0,Royal Challengers Bengaluru,87.0,189.1304347826087,44.0625,138.25120806164594,48,44.8,44.3,59.75,4.0,7.0,3.8,2.8,Low,Low
1529285,2026-04-30,2026,2,Gujarat Titans,Royal Challengers Bengaluru,JC Buttler,39,19,2,4,205.26315789473685,Royal Challengers Bengaluru,39.0,130.0,34.3046875,130.31966112826512,128,30.8,30.8,66.0,4.0,1.0,4.0,0.8,Moderate,Low
1529285,2026-04-30,2026,2,Gujarat Titans,Royal Challengers Bengaluru,JO Holder,12,10,0,1,120.0,Royal Challengers Bengaluru,23.0,230.0,10.071428571428571,114.1449495359594,28,7.2,7.7,23.0,1.0,2.0,0.2,0.6,Low,Low
1529285,2026-04-30,2026,2,Gujarat Titans,Royal Challengers Bengaluru,M Shahrukh Khan,8,8,1,0,100.0,Royal Challengers Bengaluru,17.0,130.76923076923077,14.75,157.7173675574574,52,9.6,14.1,47.5,1.0,1.0,0.4,0.6,Low,Low
1529285,2026-04-30,2026,2,Gujarat Titans,Royal Challengers Bengaluru,R Tewatia,27,17,4,0,158.8235294117647,Royal Challengers Bengaluru,8.0,72.72727272727273,14.158536585365852,134.7926816448127,82,7.6,9.2,35.0,1.0,0.0,0.6,0.2,Moderate,Low
1529285,2026-04-30,2026,2,Gujarat Titans,Royal Challengers Bengaluru,Rashid Khan,7,6,1,0,116.66666666666669,Royal Challengers Bengaluru,4.0,66.66666666666666,8.884057971014492,118.70626454865584,69,8.0,6.2,18.0,0.0,0.0,0.8,0.2,Low,Low
1529285,2026-04-30,2026,2,Gujarat Titans,Royal Challengers Bengaluru,Shubman Gill,43,18,4,3,238.88888888888889,Royal Challengers Bengaluru,33.0,143.47826086956522,34.67768595041322,125.62557970124924,121,44.2,37.9,16.0,1.0,3.0,4.0,1.8,High,Low
1529285,2026-04-30,2026,2,Gujarat Titans,Royal Challengers Bengaluru,Washington Sundar,12,12,0,1,100.0,Royal Challengers Bengaluru,1.0,100.0,13.098039215686274,116.13841385153866,51,16.0,22.6,19.0,0.0,0.0,1.8,0.4,Low,Low
1529286,2026-05-01,2026,1,Rajasthan Royals,Delhi Capitals,D Ferreira,47,14,2,6,335.7142857142857,Delhi Capitals,52.0,200.0,21.22222222222222,106.2034821903243,9,36.2,21.22222222222222,1.0,6.0,3.0,3.8,2.0,High,Low
1529286,2026-05-01,2026,1,Rajasthan Royals,Delhi Capitals,Dhruv Jurel,42,30,4,1,140.0,Delhi Capitals,16.0,80.0,21.09090909090909,124.6540914593107,44,14.4,27.9,18.0,0.0,1.0,1.6,0.4,High,Low
1529286,2026-05-01,2026,1,Rajasthan Royals,Delhi Capitals,JC Archer,1,1,0,0,100.0,Delhi Capitals,2.0,100.0,8.088235294117647,121.29127408539172,34,5.0,7.5,1.5,0.0,0.0,0.4,0.0,Low,Low
1529286,2026-05-01,2026,1,Rajasthan Royals,Delhi Capitals,R Parag,90,50,8,5,180.0,Delhi Capitals,29.0,193.33333333333331,20.57317073170732,129.22644525294925,82,14.4,12.0,18.0,2.0,2.0,1.2,0.6,High,Low
1529286,2026-05-01,2026,1,Rajasthan Royals,Delhi Capitals,RA Jadeja,20,14,1,1,142.85714285714286,Delhi Capitals,4.0,133.33333333333331,16.96,130.91219261061386,200,25.0,25.0,17.88888888888889,1.0,0.0,2.0,0.2,Moderate,Low
1529286,2026-05-01,2026,1,Rajasthan Royals,Delhi Capitals,SB Dubey,6,6,1,0,100.0,Delhi Capitals,31.0,258.33333333333337,14.538461538461538,149.05594405594405,13,19.4,15.6,25.0,3.0,2.0,1.8,1.0,Low,Low
1529286,2026-05-01,2026,1,Rajasthan Royals,Delhi Capitals,V Suryavanshi,4,2,1,0,200.0,Delhi Capitals,43.0,268.75,40.75,190.9207401756502,16,40.0,45.7,0.0,3.0,5.0,3.2,3.8,Low,Low
1529286,2026-05-01,2026,1,Rajasthan Royals,Delhi Capitals,YBK Jaiswal,6,3,0,1,200.0,Delhi Capitals,51.0,188.88888888888889,32.96,135.85605930812636,75,24.6,34.2,25.428571428571427,7.0,1.0,3.4,0.6,Low,Low
1529286,2026-05-01,2026,2,Delhi Capitals,Rajasthan Royals,Ashutosh Sharma,25,14,4,0,178.57142857142858,Rajasthan Royals,14.0,140.0,21.3,142.7470697018285,20,19.8,17.1,21.0,2.0,0.0,1.2,1.4,Moderate,Low
1529286,2026-05-01,2026,2,Delhi Capitals,Rajasthan Royals,KL Rahul,75,40,6,5,187.5,Rajasthan Royals,1.0,33.33333333333333,38.30821917808219,126.38391702396407,146,53.0,40.4,42.11111111111112,0.0,0.0,5.0,3.0,High,Low
1529286,2026-05-01,2026,2,Delhi Capitals,Rajasthan Royals,N Rana,33,17,3,2,194.11764705882356,Rajasthan Royals,1.0,11.11111111111111,25.610169491525426,121.78857420177076,118,30.8,21.8,20.363636363636363,0.0,0.0,3.8,1.4,Moderate,Low
1529286,2026-05-01,2026,2,Delhi Capitals,Rajasthan Royals,P Nissanka,62,33,6,3,187.87878787878788,Rajasthan Royals,11.0,157.14285714285714,21.0,123.47711811997524,7,20.4,21.0,0.0,2.0,0.0,2.6,0.8,High,Low
1529286,2026-05-01,2026,2,Delhi Capitals,Rajasthan Royals,T Stubbs,18,11,1,1,163.63636363636363,Rajasthan Royals,5.0,166.66666666666669,24.0,148.5705915162,38,31.8,24.2,31.25,1.0,0.0,2.4,1.0,Low,Low
1529287,2026-05-02,2026,1,Mumbai Indians,Chennai Super Kings,HH Pandya,18,23,2,0,78.26086956521739,Chennai Super Kings,31.0,206.66666666666669,19.24,140.47458831925508,150,20.2,19.1,12.411764705882351,2.0,2.0,1.8,0.8,Low,Low
1529287,2026-05-02,2026,1,Mumbai Indians,Chennai Super Kings,Krish Bhagat,3,6,0,0,50.0,Chennai Super Kings,7.0,46.66666666666666,7.0,46.66666666666666,1,7.0,7.0,7.0,0.0,0.0,0.0,0.0,Low,Low
1529287,2026-05-02,2026,1,Mumbai Indians,Chennai Super Kings,Naman Dhir,57,37,4,3,154.05405405405406,Chennai Super Kings,22.0,129.41176470588235,21.03703703703704,152.13126599033023,27,23.6,22.2,8.5,3.0,0.0,2.4,0.8,High,Low
1529287,2026-05-02,2026,1,Mumbai Indians,Chennai Super Kings,R Minz,5,3,1,0,166.66666666666669,Chennai Super Kings,1.0,100.0,2.333333333333333,61.11111111111111,3,2.333333333333333,2.333333333333333,3.0,0.0,0.0,0.0,0.0,Low,Low
1529287,2026-05-02,2026,1,Mumbai Indians,Chennai Super Kings,RD Rickelton,37,24,0,5,154.16666666666669,Chennai Super Kings,123.0,223.63636363636363,32.4,147.43897470508549,20,35.8,37.5,18.5,10.0,8.0,3.0,2.4,Moderate,Low
1529287,2026-05-02,2026,1,Mumbai Indians,Chennai Super Kings,SA Yadav,21,12,3,1,175.0,Chennai Super Kings,5.0,100.0,27.95625,137.82051770536276,160,17.8,23.9,26.27777777777778,1.0,0.0,2.4,0.2,Moderate,Low
1529287,2026-05-02,2026,1,Mumbai Indians,Chennai Super Kings,TA Boult,7,2,0,1,350.0,Chennai Super Kings,1.0,50.0,3.44,78.65295815295815,25,3.0,3.3,2.0,0.0,0.0,0.4,0.0,Low,Low
1529287,2026-05-02,2026,1,Mumbai Indians,Chennai Super Kings,Tilak Varma,5,8,0,0,62.5,Chennai Super Kings,7.0,140.0,28.59322033898305,136.38835240182598,59,30.8,25.7,34.333333333333336,0.0,1.0,3.0,1.6,Low,Low
1529287,2026-05-02,2026,1,Mumbai Indians,Chennai Super Kings,WG Jacks,1,5,0,0,20.0,Chennai Super Kings,46.0,209.0909090909091,25.45,140.74158526290677,20,33.2,25.2,11.0,5.0,3.0,3.6,1.8,Low,Low
1529287,2026-05-02,2026,2,Chennai Super Kings,Mumbai Indians,Kartik Sharma,54,40,4,3,135.0,Mumbai Indians,15.0,166.66666666666669,11.6,122.94736842105264,5,11.6,11.6,18.0,3.0,0.0,0.6,0.8,High,Low
1529287,2026-05-02,2026,2,Chennai Super Kings,Mumbai Indians,RD Gaikwad,67,48,5,2,139.58333333333331,Mumbai Indians,74.0,123.33333333333334,34.35897435897436,113.00372575383808,78,27.4,18.4,31.3,6.0,4.0,2.8,1.0,High,Low
1529287,2026-05-02,2026,2,Chennai Super Kings,Mumbai Indians,SV Samson,11,9,2,0,122.22222222222224,Mumbai Indians,11.0,73.33333333333333,27.97765363128492,120.69153569101802,179,56.4,36.5,29.25,2.0,0.0,6.2,2.8,Low,Low
1529287,2026-05-02,2026,2,Chennai Super Kings,Mumbai Indians,Urvil Patel,24,12,2,2,200.0,Mumbai Indians,4.0,133.33333333333331,18.0,152.47208931419456,4,18.0,18.0,0.0,1.0,0.0,1.5,1.5,Moderate,Low
1529288,2026-05-03,2026,1,Sunrisers Hyderabad,Kolkata Knight Riders,Abhishek Sharma,15,10,1,1,150.0,Kolkata Knight Riders,45.0,187.5,27.0,141.64130740769536,83,59.2,45.7,17.833333333333332,4.0,3.0,6.2,3.6,Low,Low
1529288,2026-05-03,2026,1,Sunrisers Hyderabad,Kolkata Knight Riders,Aniket Verma,6,8,1,0,75.0,Kolkata Knight Riders,1.0,100.0,16.263157894736842,151.87709737132073,19,5.8,11.6,6.333333333333333,0.0,0.0,0.4,0.2,Low,Low
1529288,2026-05-03,2026,1,Sunrisers Hyderabad,Kolkata Knight Riders,E Malinga,2,6,0,0,33.33333333333333,Kolkata Knight Riders,0.0,0.0,0.0,0.0,0,0.0,0.0,0.0,0.0,0.0,0.0,0.0,Low,Low
1529288,2026-05-03,2026,1,Sunrisers Hyderabad,Kolkata Knight Riders,H Klaasen,11,8,1,1,137.5,Kolkata Knight Riders,65.0,216.66666666666663,35.07407407407408,162.04107340620462,54,46.0,51.9,41.22222222222222,7.0,4.0,4.0,2.6,Low,Low
1529288,2026-05-03,2026,1,Sunrisers Hyderabad,Kolkata Knight Riders,HV Patel,6,5,1,0,120.0,Kolkata Knight Riders,4.0,200.0,6.372093023255814,100.30532471024948,43,2.6,3.8,7.428571428571429,1.0,0.0,0.2,0.0,Low,Low
1529288,2026-05-03,2026,1,Sunrisers Hyderabad,Kolkata Knight Riders,Ishan Kishan,42,29,4,2,144.82758620689654,Kolkata Knight Riders,0.0,0.0,27.355371900826448,117.89769449956654,121,38.0,34.1,25.166666666666668,0.0,0.0,4.2,2.0,High,Low
1529288,2026-05-03,2026,1,Sunrisers Hyderabad,Kolkata Knight Riders,PJ Cummins,10,8,0,1,125.0,Kolkata Knight Riders,13.0,216.66666666666663,12.75,131.62561408570502,48,12.6,12.1,14.2,0.0,1.0,0.8,0.8,Low,Low
1529288,2026-05-03,2026,1,Sunrisers Hyderabad,Kolkata Knight Riders,R Smaran,4,4,1,0,100.0,Kolkata Knight Riders,0.0,0.0,0.0,0.0,0,0.0,0.0,0.0,0.0,0.0,0.0,0.0,Low,Low
1529288,2026-05-03,2026,1,Sunrisers Hyderabad,Kolkata Knight Riders,S Arora,2,6,0,0,33.33333333333333,Kolkata Knight Riders,30.0,300.0,13.285714285714286,160.30219780219778,7,16.8,13.285714285714286,0.0,2.0,3.0,1.2,1.4,Low,Low
1529288,2026-05-03,2026,1,Sunrisers Hyderabad,Kolkata Knight Riders,Shivang Kumar,1,2,0,0,50.0,Kolkata Knight Riders,12.0,150.0,7.0,158.33333333333334,3,7.0,7.0,4.0,1.0,1.0,1.0,0.3333333333333333,Low,Low
1529288,2026-05-03,2026,1,Sunrisers Hyderabad,Kolkata Knight Riders,TM Head,61,28,9,3,217.85714285714283,Kolkata Knight Riders,76.0,253.3333333333333,30.608695652173918,138.76011783368668,46,32.0,33.8,33.5,4.0,8.0,2.4,2.4,High,Low
1529288,2026-05-03,2026,2,Kolkata Knight Riders,Sunrisers Hyderabad,A Raghuvanshi,59,47,5,2,125.531914893617,Sunrisers Hyderabad,9.0,112.5,25.846153846153847,138.12278692679448,26,19.8,22.4,38.66666666666666,1.0,0.0,2.4,0.6,High,Low
1529288,2026-05-03,2026,2,Kolkata Knight Riders,Sunrisers Hyderabad,AM Rahane,43,36,4,1,119.44444444444444,Sunrisers Hyderabad,10.0,66.66666666666666,27.19371727748691,107.35336220895648,191,15.8,22.5,23.43478260869565,0.0,1.0,0.8,1.0,High,Low
1529288,2026-05-03,2026,2,Kolkata Knight Riders,Sunrisers Hyderabad,C Green,3,3,0,0,100.0,Sunrisers Hyderabad,34.0,161.9047619047619,25.08333333333333,136.4918499268896,36,34.4,26.1,50.75,0.0,3.0,2.8,1.8,Low,Low
1529288,2026-05-03,2026,2,Kolkata Knight Riders,Sunrisers Hyderabad,FH Allen,29,13,3,2,223.0769230769231,Sunrisers Hyderabad,1.0,33.33333333333333,16.2,169.83893557422968,5,16.2,16.2,28.0,0.0,0.0,2.6,0.8,Moderate,Low
1529288,2026-05-03,2026,2,Kolkata Knight Riders,Sunrisers Hyderabad,RK Singh,22,11,2,1,200.0,Sunrisers Hyderabad,4.0,400.0,22.338983050847457,143.01246394368744,59,29.4,23.7,29.75,1.0,0.0,2.6,1.4,Moderate,Low
1529289,2026-05-03,2026,1,Punjab Kings,Gujarat Titans,Arshdeep Singh,1,1,0,0,100.0,Gujarat Titans,1.0,100.0,2.3846153846153846,63.30316742081448,13,2.0,2.9,10.0,0.0,0.0,0.2,0.0,Low,Low
1529289,2026-05-03,2026,1,Punjab Kings,Gujarat Titans,C Connolly,0,1,0,0,0.0,Gujarat Titans,30.0,214.28571428571428,38.57142857142857,163.1163453523702,7,32.4,38.57142857142857,72.0,2.0,3.0,2.6,2.6,Low,Low
1529289,2026-05-03,2026,1,Punjab Kings,Gujarat Titans,M Jansen,20,11,1,1,181.8181818181818,Gujarat Titans,1.0,100.0,6.863636363636363,89.73078357049648,22,3.4,8.5,6.666666666666667,0.0,0.0,0.2,0.2,Moderate,Low
1529289,2026-05-03,2026,1,Punjab Kings,Gujarat Titans,MP Stoinis,40,31,5,1,129.03225806451613,Gujarat Titans,62.0,281.8181818181818,20.53846153846154,129.42597405755092,104,22.0,20.3,14.0,4.0,6.0,2.0,1.6,High,Low
1529289,2026-05-03,2026,1,Punjab Kings,Gujarat Titans,N Wadhera,0,6,0,0,0.0,Gujarat Titans,25.0,166.66666666666669,21.77777777777778,132.15409714087818,36,13.0,15.4,15.5,3.0,1.0,0.8,0.8,Low,Low
1529289,2026-05-03,2026,1,Punjab Kings,Gujarat Titans,P Simran Singh,15,14,2,0,107.14285714285714,Gujarat Titans,59.0,134.0909090909091,28.83050847457627,135.7817875882743,59,53.2,39.6,22.4,6.0,1.0,6.0,2.4,Low,Low
1529289,2026-05-03,2026,1,Punjab Kings,Gujarat Titans,Priyansh Arya,2,2,0,0,100.0,Gujarat Titans,29.0,263.6363636363636,33.12,175.1412058996407,25,47.4,33.4,27.0,5.0,1.0,3.6,4.2,Low,Low
1529289,2026-05-03,2026,1,Punjab Kings,Gujarat Titans,SS Iyer,19,21,3,0,90.47619047619048,Gujarat Titans,30.0,111.11111111111111,29.093525179856115,120.08029127726748,139,48.2,39.9,42.333333333333336,1.0,1.0,2.8,3.4,Low,Low
1529289,2026-05-03,2026,1,Punjab Kings,Gujarat Titans,Suryansh Shedge,57,29,3,5,196.55172413793105,Gujarat Titans,3.0,150.0,2.5,83.33333333333333,4,2.5,2.5,0.0,0.0,0.0,0.0,0.0,High,Low
1529289,2026-05-03,2026,1,Punjab Kings,Gujarat Titans,Vijaykumar Vyshak,1,3,0,0,33.33333333333333,Gujarat Titans,1.0,50.0,3.5,53.125,4,3.5,3.5,0.0,0.0,0.0,0.0,0.25,Low,Low
1529289,2026-05-03,2026,1,Punjab Kings,Gujarat Titans,XC Bartlett,0,1,0,0,0.0,Gujarat Titans,11.0,220.00000000000003,11.0,146.66666666666669,2,11.0,11.0,11.0,0.0,1.0,0.5,0.5,Low,Low
1529289,2026-05-03,2026,2,Gujarat Titans,Punjab Kings,Arshad Khan,8,5,1,0,160.0,Punjab Kings,20.0,142.85714285714286,11.9,94.36147186147188,10,4.6,11.9,1.0,0.0,3.0,0.0,0.6,Low,Low
1529289,2026-05-03,2026,2,Gujarat Titans,Punjab Kings,B Sai Sudharsan,57,41,5,1,139.02439024390242,Punjab Kings,6.0,120.0,43.285714285714285,137.8787344277348,49,43.0,40.8,38.57142857142857,1.0,0.0,3.4,2.8,High,Low
1529289,2026-05-03,2026,2,Gujarat Titans,Punjab Kings,JC Buttler,26,22,1,2,118.1818181818182,Punjab Kings,39.0,205.26315789473685,34.34108527131783,130.90061846754008,129,26.6,31.4,27.666666666666668,2.0,4.0,2.2,1.6,Moderate,Low
1529289,2026-05-03,2026,2,Gujarat Titans,Punjab Kings,JO Holder,5,7,0,0,71.42857142857143,Punjab Kings,12.0,120.0,10.137931034482758,114.34684782782288,29,9.4,7.3,19.666666666666668,0.0,1.0,0.2,0.8,Low,Low
1529289,2026-05-03,2026,2,Gujarat Titans,Punjab Kings,N Sindhu,15,11,0,1,136.36363636363637,Punjab Kings,0.0,0.0,0.0,0.0,0,0.0,0.0,0.0,0.0,0.0,0.0,0.0,Low,Low
1529289,2026-05-03,2026,2,Gujarat Titans,Punjab Kings,R Tewatia,2,6,0,0,33.33333333333333,Punjab Kings,27.0,158.8235294117647,14.313253012048191,135.0822099311615,83,10.6,10.8,12.11111111111111,4.0,0.0,1.2,0.0,Low,Low
1529289,2026-05-03,2026,2,Gujarat Titans,Punjab Kings,Shubman Gill,5,4,1,0,125.0,Punjab Kings,43.0,238.88888888888889,34.74590163934426,126.55396748147578,122,41.6,38.7,42.66666666666666,4.0,3.0,3.6,2.2,Low,Low
1529289,2026-05-03,2026,2,Gujarat Titans,Punjab Kings,Washington Sundar,40,23,5,1,173.91304347826087,Punjab Kings,12.0,100.0,13.076923076923077,115.82805973900908,52,14.2,21.7,21.5,0.0,1.0,1.4,0.4,High,Low
1529290,2026-05-04,2026,1,Lucknow Super Giants,Mumbai Indians,AK Markram,31,24,1,1,129.16666666666669,Mumbai Indians,0.0,0.0,25.515625,120.25804567376912,64,17.0,22.9,26.142857142857142,0.0,0.0,1.0,1.0,Moderate,Low
1529290,2026-05-04,2026,1,Lucknow Super Giants,Mumbai Indians,Akshat Raghuwanshi,11,7,0,1,157.14285714285714,Mumbai Indians,0.0,0.0,0.0,0.0,0,0.0,0.0,0.0,0.0,0.0,0.0,0.0,Low,Low
1529290,2026-05-04,2026,1,Lucknow Super Giants,Mumbai Indians,Himmat Singh,40,29,2,2,137.93103448275863,Mumbai Indians,19.0,237.5,11.666666666666666,145.83333333333334,3,11.666666666666666,11.666666666666666,0.0,2.0,1.0,0.6666666666666666,0.6666666666666666,High,Low
1529290,2026-05-04,2026,1,Lucknow Super Giants,Mumbai Indians,JP Inglis,13,5,3,0,260.0,Mumbai Indians,39.0,169.56521739130434,25.272727272727277,148.3663821259729,11,37.2,27.6,55.5,1.0,4.0,3.6,2.2,Low,Low
1529290,2026-05-04,2026,1,Lucknow Super Giants,Mumbai Indians,MR Marsh,44,24,4,3,183.3333333333333,Mumbai Indians,2.0,66.66666666666666,26.385964912280706,117.46760304572211,57,29.6,39.6,33.0,0.0,0.0,2.6,1.4,High,Low
1529290,2026-05-04,2026,1,Lucknow Super Giants,Mumbai Indians,N Pooran,63,21,1,8,300.0,Mumbai Indians,0.0,0.0,24.484536082474225,138.3683838368522,97,8.2,9.5,22.181818181818183,0.0,0.0,0.8,0.2,High,Low
1529290,2026-05-04,2026,1,Lucknow Super Giants,Mumbai Indians,RR Pant,15,10,1,1,150.0,Mumbai Indians,1.0,100.0,27.822222222222223,129.3629128833407,135,17.4,30.8,22.666666666666668,0.0,0.0,1.0,1.0,Low,Low
1529290,2026-05-04,2026,2,Mumbai Indians,Lucknow Super Giants,Naman Dhir,23,12,3,1,191.66666666666669,Lucknow Super Giants,57.0,154.05405405405406,22.321428571428573,152.19993699260607,28,34.8,27.0,44.333333333333336,4.0,3.0,3.2,1.4,Moderate,Low
1529290,2026-05-04,2026,2,Mumbai Indians,Lucknow Super Giants,RD Rickelton,83,32,6,8,259.375,Lucknow Super Giants,37.0,154.16666666666669,32.61904761904762,147.75934098897028,21,41.4,35.1,34.0,0.0,5.0,2.6,3.4,High,Low
1529290,2026-05-04,2026,2,Mumbai Indians,Lucknow Super Giants,RG Sharma,84,44,6,7,190.9090909090909,Lucknow Super Giants,19.0,146.15384615384613,26.51291512915129,114.47185116211298,271,29.0,31.5,25.285714285714285,2.0,1.0,2.8,1.6,High,Low
1529290,2026-05-04,2026,2,Mumbai Indians,Lucknow Super Giants,SA Yadav,12,7,2,0,171.42857142857142,Lucknow Super Giants,21.0,175.0,27.91304347826087,138.05144616682014,161,15.4,22.7,26.875,3.0,1.0,2.0,0.4,Low,Low
1529290,2026-05-04,2026,2,Mumbai Indians,Lucknow Super Giants,Tilak Varma,11,13,0,0,84.61538461538461,Lucknow Super Giants,5.0,62.5,28.2,135.15687986179557,60,31.6,23.7,21.33333333333333,0.0,0.0,3.0,1.6,Low,Low
1529290,2026-05-04,2026,2,Mumbai Indians,Lucknow Super Giants,WG Jacks,10,4,0,1,250.0,Lucknow Super Giants,1.0,20.0,24.285714285714285,134.99198596467312,21,27.6,24.8,17.0,0.0,0.0,3.0,1.6,Low,Low
1529291,2026-05-05,2026,1,Delhi Capitals,Chennai Super Kings,AR Patel,2,6,0,0,33.33333333333333,Chennai Super Kings,0.0,0.0,15.093023255813954,125.39519195664876,129,6.2,12.0,11.25,0.0,0.0,0.6,0.0,Low,Low
1529291,2026-05-05,2026,1,Delhi Capitals,Chennai Super Kings,Ashutosh Sharma,14,5,0,2,280.0,Chennai Super Kings,25.0,178.57142857142858,21.476190476190474,144.45299155276183,21,23.4,19.5,7.666666666666667,4.0,0.0,2.0,1.2,Low,Low
1529291,2026-05-05,2026,1,Delhi Capitals,Chennai Super Kings,KK Nair,13,13,2,0,100.0,Chennai Super Kings,5.0,100.0,22.064935064935064,111.79575199051776,77,13.6,21.6,20.4,1.0,0.0,1.8,0.4,Low,Low
1529291,2026-05-05,2026,1,Delhi Capitals,Chennai Super Kings,KL Rahul,12,13,2,0,92.3076923076923,Chennai Super Kings,75.0,187.5,38.5578231292517,126.79967269046772,147,64.4,46.8,40.5,6.0,5.0,5.8,3.8,Low,Low
1529291,2026-05-05,2026,1,Delhi Capitals,Chennai Super Kings,N Rana,15,13,2,0,115.38461538461536,Chennai Super Kings,33.0,194.11764705882356,25.672268907563023,122.39638153670396,119,37.4,24.3,30.416666666666668,3.0,2.0,4.4,1.8,Low,Low
1529291,2026-05-05,2026,1,Delhi Capitals,Chennai Super Kings,P Nissanka,19,15,3,1,126.66666666666666,Chennai Super Kings,62.0,187.87878787878788,26.125,131.52732683982683,8,24.6,26.125,41.0,6.0,3.0,2.6,1.2,Low,Low
1529291,2026-05-05,2026,1,Delhi Capitals,Chennai Super Kings,Sameer Rizvi,40,24,0,4,166.66666666666669,Chennai Super Kings,0.0,0.0,23.8125,107.1292655707056,16,9.8,32.6,13.0,0.0,0.0,0.6,0.4,High,Low
1529291,2026-05-05,2026,1,Delhi Capitals,Chennai Super Kings,T Stubbs,38,31,1,2,122.58064516129032,Chennai Super Kings,18.0,163.63636363636363,23.846153846153847,148.95689336543498,39,34.0,23.9,18.166666666666668,1.0,1.0,2.6,1.2,Moderate,Low
1529291,2026-05-05,2026,2,Chennai Super Kings,Delhi Capitals,Kartik Sharma,41,31,4,2,132.25806451612902,Delhi Capitals,54.0,135.0,18.666666666666668,124.9561403508772,6,18.8,18.666666666666668,0.0,4.0,3.0,1.4,1.2,High,Low
1529291,2026-05-05,2026,2,Chennai Super Kings,Delhi Capitals,RD Gaikwad,6,13,1,0,46.15384615384615,Delhi Capitals,67.0,139.58333333333331,34.77215189873418,113.34017648269246,79,37.8,24.6,25.8,5.0,2.0,3.6,1.4,Low,Low
1529291,2026-05-05,2026,2,Chennai Super Kings,Delhi Capitals,SV Samson,87,52,7,6,167.30769230769232,Delhi Capitals,11.0,122.22222222222224,27.883333333333333,120.70003950508028,180,35.6,35.6,34.0,2.0,0.0,3.6,2.0,High,Low
1529291,2026-05-05,2026,2,Chennai Super Kings,Delhi Capitals,Urvil Patel,17,9,0,2,188.88888888888889,Delhi Capitals,24.0,200.0,19.2,161.97767145135566,5,19.2,19.2,0.0,2.0,2.0,1.6,1.6,Low,Low
1529292,2026-05-06,2026,1,Sunrisers Hyderabad,Punjab Kings,Abhishek Sharma,35,13,2,4,269.2307692307692,Punjab Kings,15.0,150.0,26.857142857142858,141.74081565284183,84,62.2,44.0,61.833333333333336,1.0,1.0,6.4,3.8,Moderate,Low
1529292,2026-05-06,2026,1,Sunrisers Hyderabad,Punjab Kings,H Klaasen,69,43,3,4,160.46511627906978,Punjab Kings,11.0,137.5,34.63636363636363,161.59487207154635,55,40.2,42.5,27.75,1.0,1.0,4.0,2.2,High,Low
1529292,2026-05-06,2026,1,Sunrisers Hyderabad,Punjab Kings,Ishan Kishan,55,32,2,4,171.875,Punjab Kings,42.0,144.82758620689654,27.475409836065573,118.11843131683972,122,28.2,35.4,18.428571428571427,4.0,2.0,3.4,1.2,High,Low
1529292,2026-05-06,2026,1,Sunrisers Hyderabad,Punjab Kings,Nithish Kumar Reddy,29,13,2,2,223.0769230769231,Punjab Kings,21.0,123.52941176470588,22.6,126.21626512116708,30,19.4,20.2,33.666666666666664,3.0,0.0,1.0,1.6,Moderate,Low
1529292,2026-05-06,2026,1,Sunrisers Hyderabad,Punjab Kings,TM Head,38,19,3,3,200.0,Punjab Kings,61.0,217.85714285714283,31.25531914893617,140.44303325971765,47,40.6,32.3,31.25,9.0,3.0,3.6,3.0,Moderate,Low
1529292,2026-05-06,2026,2,Punjab Kings,Sunrisers Hyderabad,C Connolly,107,58,7,8,184.48275862068965,Sunrisers Hyderabad,0.0,0.0,33.75,142.7268021833239,8,30.2,33.75,11.0,0.0,0.0,2.4,2.6,High,Low
1529292,2026-05-06,2026,2,Punjab Kings,Sunrisers Hyderabad,M Jansen,19,16,0,1,118.75,Sunrisers Hyderabad,20.0,181.8181818181818,7.434782608695652,93.7345834943089,23,6.8,10.2,5.0,1.0,1.0,0.4,0.4,Low,Low
1529292,2026-05-06,2026,2,Punjab Kings,Sunrisers Hyderabad,MP Stoinis,28,13,3,2,215.3846153846154,Sunrisers Hyderabad,40.0,129.03225806451613,20.723809523809525,129.4222243814268,105,30.0,22.8,17.875,5.0,1.0,3.0,1.8,Moderate,Low
1529292,2026-05-06,2026,2,Punjab Kings,Sunrisers Hyderabad,P Simran Singh,3,4,0,0,75.0,Sunrisers Hyderabad,15.0,107.14285714285714,28.6,135.30447208085067,60,46.0,39.3,26.125,2.0,0.0,5.6,1.6,Low,Low
1529292,2026-05-06,2026,2,Punjab Kings,Sunrisers Hyderabad,Priyansh Arya,1,3,0,0,33.33333333333333,Sunrisers Hyderabad,2.0,100.0,31.923076923076923,172.2511595188853,26,36.4,32.9,46.5,0.0,0.0,2.6,3.2,Low,Low
1529292,2026-05-06,2026,2,Punjab Kings,Sunrisers Hyderabad,SS Iyer,5,5,1,0,100.0,Sunrisers Hyderabad,19.0,90.47619047619048,29.02142857142857,119.86883341440264,140,38.2,41.6,31.8,3.0,0.0,2.4,2.4,Low,Low
1529292,2026-05-06,2026,2,Punjab Kings,Sunrisers Hyderabad,Shashank Singh,4,3,1,0,133.33333333333331,Sunrisers Hyderabad,19.0,190.0,22.18421052631579,144.77621612275888,38,14.0,20.6,16.5,2.0,1.0,1.2,0.8,Low,Low
1529292,2026-05-06,2026,2,Punjab Kings,Sunrisers Hyderabad,Suryansh Shedge,25,17,1,2,147.05882352941177,Sunrisers Hyderabad,57.0,196.55172413793105,13.4,105.97701149425286,5,13.4,13.4,0.0,3.0,5.0,0.6,1.0,Moderate,Low
1529292,2026-05-06,2026,2,Punjab Kings,Sunrisers Hyderabad,Vijaykumar Vyshak,1,1,0,0,100.0,Sunrisers Hyderabad,1.0,33.33333333333333,3.0,49.16666666666666,5,3.0,3.0,1.0,0.0,0.0,0.0,0.2,Low,Low
1529293,2026-05-07,2026,1,Lucknow Super Giants,Royal Challengers Bengaluru,AA Kulkarni,17,24,1,0,70.83333333333334,Royal Challengers Bengaluru,9.0,128.57142857142858,4.5,64.28571428571429,2,4.5,4.5,0.0,2.0,0.0,1.0,0.0,Low,Low
1529293,2026-05-07,2026,1,Lucknow Super Giants,Royal Challengers Bengaluru,AK Markram,1,1,0,0,100.0,Royal Challengers Bengaluru,31.0,129.16666666666669,25.6,120.39510138135218,65,20.8,22.4,17.0,1.0,1.0,1.2,1.0,Low,Low
1529293,2026-05-07,2026,1,Lucknow Super Giants,Royal Challengers Bengaluru,MR Marsh,111,56,9,9,198.2142857142857,Royal Challengers Bengaluru,44.0,183.3333333333333,26.689655172413797,118.60321908516369,58,36.2,32.3,53.5,4.0,3.0,3.2,1.8,High,Low
1529293,2026-05-07,2026,1,Lucknow Super Giants,Royal Challengers Bengaluru,N Pooran,38,23,4,1,165.2173913043478,Royal Challengers Bengaluru,63.0,300.0,24.877551020408163,140.0176860425986,98,20.6,14.5,18.0,1.0,8.0,1.0,1.8,Moderate,Low
1529293,2026-05-07,2026,1,Lucknow Super Giants,Royal Challengers Bengaluru,RR Pant,32,10,4,2,320.0,Royal Challengers Bengaluru,15.0,150.0,27.727941176470587,129.5146561709632,136,20.2,20.5,59.5,1.0,1.0,1.2,1.2,Moderate,Low
1529293,2026-05-07,2026,2,Royal Challengers Bengaluru,Lucknow Super Giants,D Padikkal,34,25,3,1,136.0,Lucknow Super Giants,40.0,166.66666666666669,25.463414634146343,113.24454185063884,82,31.4,29.9,26.0,5.0,2.0,2.4,2.4,Moderate,Low
1529293,2026-05-07,2026,2,Royal Challengers Bengaluru,Lucknow Super Giants,JG Bethell,4,5,1,0,80.0,Lucknow Super Giants,5.0,100.0,21.2,157.6969696969697,5,21.2,21.2,0.0,1.0,0.0,2.8,1.0,Low,Low
1529293,2026-05-07,2026,2,Royal Challengers Bengaluru,Lucknow Super Giants,JM Sharma,1,3,0,0,33.33333333333333,Lucknow Super Giants,1.0,33.33333333333333,19.51851851851852,141.58157271753794,54,11.6,19.6,23.666666666666668,0.0,0.0,1.0,0.6,Low,Low
1529293,2026-05-07,2026,2,Royal Challengers Bengaluru,Lucknow Super Giants,KH Pandya,28,16,2,2,175.0,Lucknow Super Giants,4.0,100.0,15.220338983050848,119.88373487172856,118,8.8,14.9,0.0,1.0,0.0,0.8,0.4,Moderate,Low
1529293,2026-05-07,2026,2,Royal Challengers Bengaluru,Lucknow Super Giants,R Shepherd,23,15,3,1,153.33333333333334,Lucknow Super Giants,17.0,113.33333333333331,14.176470588235292,145.23306758600876,17,11.2,12.8,7.666666666666667,0.0,2.0,0.6,0.8,Moderate,Low
1529293,2026-05-07,2026,2,Royal Challengers Bengaluru,Lucknow Super Giants,RM Patidar,61,31,3,6,196.7741935483871,Lucknow Super Giants,19.0,126.66666666666666,29.73913043478261,149.05486344322162,46,23.0,29.8,45.5,2.0,1.0,1.4,2.2,High,Low
1529293,2026-05-07,2026,2,Royal Challengers Bengaluru,Lucknow Super Giants,TH David,40,17,4,3,235.29411764705884,Lucknow Super Giants,9.0,150.0,19.96153846153846,158.30124249807508,52,18.6,19.5,23.5,0.0,1.0,1.2,1.4,High,Low
1529293,2026-05-07,2026,2,Royal Challengers Bengaluru,Lucknow Super Giants,V Kohli,0,2,0,0,0.0,Lucknow Super Giants,28.0,215.3846153846154,33.51851851851852,121.53652268093212,270,40.0,42.2,34.57142857142857,5.0,1.0,4.6,1.6,Low,Low
1529294,2026-05-08,2026,1,Delhi Capitals,Kolkata Knight Riders,AR Patel,11,22,0,0,50.0,Kolkata Knight Riders,2.0,33.33333333333333,14.992307692307692,124.68702381339249,130,6.2,10.7,11.38888888888889,0.0,0.0,0.6,0.0,Low,Low
1529294,2026-05-08,2026,1,Delhi Capitals,Kolkata Knight Riders,Ashutosh Sharma,39,28,3,3,139.28571428571428,Kolkata Knight Riders,14.0,280.0,21.13636363636364,150.6142192094545,22,18.0,19.2,7.0,0.0,2.0,1.6,1.0,Moderate,Low
1529294,2026-05-08,2026,1,Delhi Capitals,Kolkata Knight Riders,KL Rahul,23,14,4,0,164.28571428571428,Kolkata Knight Riders,12.0,92.3076923076923,38.37837837837838,126.56661876896248,148,55.4,44.5,34.8,2.0,0.0,5.0,3.4,Moderate,Low
1529294,2026-05-08,2026,1,Delhi Capitals,Kolkata Knight Riders,L Ngidi,1,1,0,0,100.0,Kolkata Knight Riders,0.0,0.0,1.0,25.0,3,1.0,1.0,0.0,0.0,0.0,0.0,0.0,Low,Low
1529294,2026-05-08,2026,1,Delhi Capitals,Kolkata Knight Riders,MA Starc,0,2,0,0,0.0,Kolkata Knight Riders,1.0,100.0,5.285714285714286,87.02054734937454,21,1.2,1.5,6.0,0.0,0.0,0.0,0.0,Low,Low
1529294,2026-05-08,2026,1,Delhi Capitals,Kolkata Knight Riders,N Rana,8,10,1,0,80.0,Kolkata Knight Riders,15.0,115.38461538461536,25.58333333333333,122.33795015210325,120,39.4,23.0,29.0,2.0,0.0,4.6,1.8,Low,Low
1529294,2026-05-08,2026,1,Delhi Capitals,Kolkata Knight Riders,P Nissanka,50,29,5,3,172.41379310344826,Kolkata Knight Riders,19.0,126.66666666666666,25.33333333333333,130.9872534872535,9,20.2,25.33333333333333,0.0,3.0,1.0,2.2,1.0,High,Low
1529294,2026-05-08,2026,1,Delhi Capitals,Kolkata Knight Riders,Sameer Rizvi,3,7,0,0,42.85714285714285,Kolkata Knight Riders,40.0,166.66666666666669,24.764705882352946,110.63146563517392,17,17.8,34.6,0.0,0.0,4.0,0.6,1.2,Low,Low
1529294,2026-05-08,2026,1,Delhi Capitals,Kolkata Knight Riders,T Stubbs,2,4,0,0,50.0,Kolkata Knight Riders,38.0,122.58064516129032,24.2,148.29748716033137,40,29.6,27.5,19.666666666666668,1.0,2.0,2.0,1.0,Low,Low
1529294,2026-05-08,2026,1,Delhi Capitals,Kolkata Knight Riders,V Nigam,3,3,0,0,100.0,Kolkata Knight Riders,12.0,171.42857142857142,17.11111111111111,151.36788048552754,9,20.0,17.11111111111111,38.0,2.0,0.0,2.4,1.0,Low,Low
1529294,2026-05-08,2026,2,Kolkata Knight Riders,Delhi Capitals,A Raghuvanshi,1,3,0,0,33.33333333333333,Delhi Capitals,59.0,125.531914893617,27.074074074074076,137.65645833297307,27,22.6,28.2,49.0,5.0,2.0,2.4,0.6,Low,Low
1529294,2026-05-08,2026,2,Kolkata Knight Riders,Delhi Capitals,AM Rahane,13,9,1,1,144.44444444444443,Delhi Capitals,43.0,119.44444444444444,27.276041666666668,107.41633659559966,192,16.2,22.0,34.5,4.0,1.0,0.8,0.8,Low,Low
1529294,2026-05-08,2026,2,Kolkata Knight Riders,Delhi Capitals,C Green,33,27,0,2,122.22222222222224,Delhi Capitals,3.0,100.0,24.486486486486488,135.50558371264935,37,28.6,22.6,24.5,0.0,0.0,2.2,1.6,Moderate,Low
1529294,2026-05-08,2026,2,Kolkata Knight Riders,Delhi Capitals,FH Allen,100,47,5,10,212.7659574468085,Delhi Capitals,29.0,223.0769230769231,18.33333333333333,178.71193349134523,6,14.6,18.33333333333333,0.0,3.0,2.0,2.0,0.8,High,Low
1529295,2026-05-09,2026,1,Gujarat Titans,Rajasthan Royals,B Sai Sudharsan,55,35,6,2,157.14285714285714,Rajasthan Royals,57.0,139.02439024390242,43.56,137.90164754405814,50,50.0,38.5,49.8,5.0,1.0,4.2,2.6,High,Low
1529295,2026-05-09,2026,1,Gujarat Titans,Rajasthan Royals,JC Buttler,13,10,1,1,130.0,Rajasthan Royals,26.0,118.1818181818182,34.27692307692308,130.80278154226534,130,26.8,33.5,37.333333333333336,1.0,2.0,2.0,1.6,Low,Low
1529295,2026-05-09,2026,1,Gujarat Titans,Rajasthan Royals,JO Holder,7,7,1,0,100.0,Rajasthan Royals,5.0,71.42857142857143,9.966666666666669,112.91623861451448,30,10.2,7.8,4.5,0.0,0.0,0.2,0.8,Low,Low
1529295,2026-05-09,2026,1,Gujarat Titans,Rajasthan Royals,R Tewatia,14,4,0,2,350.0,Rajasthan Royals,2.0,33.33333333333333,14.166666666666666,133.87091378118734,84,10.8,10.8,13.6,0.0,0.0,1.2,0.0,Low,Low
1529295,2026-05-09,2026,1,Gujarat Titans,Rajasthan Royals,Shubman Gill,84,44,9,3,190.9090909090909,Rajasthan Royals,5.0,125.0,34.50406504065041,126.54133359951255,123,25.4,37.9,35.333333333333336,1.0,0.0,2.2,1.4,High,Low
1529295,2026-05-09,2026,1,Gujarat Titans,Rajasthan Royals,Washington Sundar,37,20,2,3,185.0,Rajasthan Royals,40.0,173.91304347826087,13.58490566037736,116.92400282842893,53,19.6,20.9,18.6,5.0,1.0,2.2,0.6,Moderate,Low
1529295,2026-05-09,2026,2,Rajasthan Royals,Gujarat Titans,Brijesh Sharma,1,1,0,0,100.0,Gujarat Titans,1.0,33.33333333333333,1.0,33.33333333333333,1,1.0,1.0,0.0,0.0,0.0,0.0,0.0,Low,Low
1529295,2026-05-09,2026,2,Rajasthan Royals,Gujarat Titans,D Ferreira,4,2,1,0,200.0,Gujarat Titans,47.0,335.7142857142857,23.8,129.15456254272044,10,31.8,23.8,1.0,2.0,6.0,2.6,2.6,Low,Low
1529295,2026-05-09,2026,2,Rajasthan Royals,Gujarat Titans,Dhruv Jurel,24,10,1,3,240.0,Gujarat Titans,42.0,140.0,21.55555555555556,124.9951116491038,45,22.8,29.0,26.75,4.0,1.0,2.4,0.6,Moderate,Low
1529295,2026-05-09,2026,2,Rajasthan Royals,Gujarat Titans,JC Archer,5,6,1,0,83.33333333333334,Gujarat Titans,1.0,100.0,7.885714285714286,120.68295196866626,35,2.8,6.0,2.5,0.0,0.0,0.2,0.0,Low,Low
1529295,2026-05-09,2026,2,Rajasthan Royals,Gujarat Titans,MD Shanaka,16,11,2,0,145.45454545454547,Gujarat Titans,17.0,106.25,8.666666666666666,78.27380952380953,3,8.666666666666666,8.666666666666666,0.0,1.0,1.0,0.6666666666666666,0.3333333333333333,Low,Low
1529295,2026-05-09,2026,2,Rajasthan Royals,Gujarat Titans,RA Jadeja,38,25,3,2,152.0,Gujarat Titans,20.0,142.85714285714286,16.975124378109452,130.97162022378066,201,24.2,19.3,14.125,1.0,1.0,2.0,0.4,Moderate,Low
1529295,2026-05-09,2026,2,Rajasthan Royals,Gujarat Titans,SB Dubey,15,14,1,1,107.14285714285714,Gujarat Titans,6.0,100.0,13.928571428571429,145.55194805194805,14,17.6,12.8,1.0,1.0,0.0,1.6,0.8,Low,Low
1529295,2026-05-09,2026,2,Rajasthan Royals,Gujarat Titans,SO Hetmyer,6,7,1,0,85.71428571428571,Gujarat Titans,11.0,110.0,18.352941176470587,135.35156640784777,85,10.8,12.4,23.75,1.0,0.0,0.6,0.2,Low,Low
1529295,2026-05-09,2026,2,Rajasthan Royals,Gujarat Titans,TU Deshpande,1,3,0,0,33.33333333333333,Gujarat Titans,25.0,227.27272727272728,5.888888888888889,98.09203142536477,9,6.4,5.888888888888889,3.0,0.0,3.0,0.0,0.6,Low,Low
1529295,2026-05-09,2026,2,Rajasthan Royals,Gujarat Titans,V Suryavanshi,36,16,3,3,225.0,Gujarat Titans,4.0,200.0,38.588235294117645,191.4548142829649,17,40.8,40.4,66.0,1.0,0.0,3.4,3.8,Moderate,Low
1529295,2026-05-09,2026,2,Rajasthan Royals,Gujarat Titans,YBK Jaiswal,3,4,0,0,75.0,Gujarat Titans,6.0,200.0,32.60526315789474,136.70005852775628,76,25.6,31.2,24.375,0.0,1.0,3.4,0.8,Low,Low
1529296,2026-05-10,2026,1,Lucknow Super Giants,Chennai Super Kings,AK Markram,6,7,0,0,85.71428571428571,Chennai Super Kings,1.0,100.0,25.227272727272727,120.08608469375594,66,12.6,21.4,21.666666666666668,0.0,0.0,0.6,0.4,Low,Low
1529296,2026-05-10,2026,1,Lucknow Super Giants,Chennai Super Kings,Akshat Raghuwanshi,18,18,1,0,100.0,Chennai Super Kings,11.0,157.14285714285714,11.0,157.14285714285714,1,11.0,11.0,0.0,0.0,1.0,0.0,1.0,Low,Low
1529296,2026-05-10,2026,1,Lucknow Super Giants,Chennai Super Kings,Himmat Singh,17,12,1,1,141.66666666666669,Chennai Super Kings,40.0,137.93103448275863,18.75,143.85775862068965,4,18.75,18.75,0.0,2.0,2.0,1.0,1.0,Low,Low
1529296,2026-05-10,2026,1,Lucknow Super Giants,Chennai Super Kings,JP Inglis,85,32,10,6,265.625,Chennai Super Kings,13.0,260.0,24.25,157.66918361547516,12,33.4,27.5,6.0,3.0,0.0,3.6,1.8,High,Low
1529296,2026-05-10,2026,1,Lucknow Super Giants,Chennai Super Kings,MR Marsh,10,10,0,1,100.0,Chennai Super Kings,111.0,198.2142857142857,28.11864406779661,119.95255919752168,59,50.4,36.7,15.166666666666666,9.0,9.0,4.4,3.2,Low,Low
1529296,2026-05-10,2026,1,Lucknow Super Giants,Chennai Super Kings,Mohammed Shami,0,1,0,0,0.0,Chennai Super Kings,11.0,183.3333333333333,3.484848484848485,84.54545454545455,33,6.0,4.1,5.0,1.0,1.0,0.4,0.6,Low,Low
1529296,2026-05-10,2026,1,Lucknow Super Giants,Chennai Super Kings,N Pooran,1,3,0,0,33.33333333333333,Chennai Super Kings,38.0,165.2173913043478,25.01010101010101,140.27222851999002,99,26.4,17.5,23.363636363636363,4.0,1.0,1.6,2.0,Low,Low
1529296,2026-05-10,2026,1,Lucknow Super Giants,Chennai Super Kings,RR Pant,15,12,2,0,125.0,Chennai Super Kings,32.0,320.0,27.759124087591243,130.9050601405182,137,18.0,23.0,36.5,4.0,2.0,1.8,0.8,Low,Low
1529296,2026-05-10,2026,1,Lucknow Super Giants,Chennai Super Kings,Shahbaz Ahmed,43,25,3,3,172.0,Chennai Super Kings,15.0,93.75,14.35897435897436,111.96027592398993,39,10.0,16.9,15.8,1.0,0.0,0.4,0.4,High,Low
1529296,2026-05-10,2026,2,Chennai Super Kings,Lucknow Super Giants,D Brevis,10,12,1,0,83.33333333333334,Lucknow Super Giants,2.0,22.22222222222222,25.95,119.72753622443908,20,24.2,28.9,19.0,0.0,0.0,1.8,1.8,Low,Low
1529296,2026-05-10,2026,2,Chennai Super Kings,Lucknow Super Giants,Kartik Sharma,20,20,1,0,100.0,Lucknow Super Giants,41.0,132.25806451612902,21.857142857142858,125.9992723744846,7,26.8,21.857142857142858,0.0,4.0,2.0,2.2,1.6,Moderate,Low
1529296,2026-05-10,2026,2,Chennai Super Kings,Lucknow Super Giants,PR Veer,17,12,0,2,141.66666666666669,Lucknow Super Giants,43.0,148.27586206896552,24.5,116.99507389162562,2,24.5,24.5,0.0,6.0,1.0,3.5,0.5,Low,Low
1529296,2026-05-10,2026,2,Chennai Super Kings,Lucknow Super Giants,RD Gaikwad,42,28,3,2,150.0,Lucknow Super Giants,6.0,46.15384615384615,34.4125,112.50034735358189,80,37.6,25.1,45.75,1.0,0.0,3.6,1.4,High,Low
1529296,2026-05-10,2026,2,Chennai Super Kings,Lucknow Super Giants,S Dube,15,7,0,2,214.28571428571428,Lucknow Super Giants,22.0,129.41176470588235,24.204819277108435,131.90475362518615,83,16.2,20.6,37.6,3.0,1.0,1.4,0.6,Low,Low
1529296,2026-05-10,2026,2,Chennai Super Kings,Lucknow Super Giants,SV Samson,28,14,3,2,200.0,Lucknow Super Giants,87.0,167.30769230769232,28.20994475138121,120.9575403492936,181,43.4,40.2,40.0,7.0,6.0,4.2,2.6,Moderate,Low
1529296,2026-05-10,2026,2,Chennai Super Kings,Lucknow Super Giants,Urvil Patel,65,23,2,8,282.60869565217394,Lucknow Super Giants,17.0,188.88888888888889,18.83333333333333,166.46287435761118,6,16.4,18.83333333333333,0.0,0.0,2.0,1.4,1.2,High,Low
1529297,2026-05-10,2026,1,Mumbai Indians,Royal Challengers Bengaluru,C Bosch,5,5,0,0,100.0,Royal Challengers Bengaluru,11.0,275.0,19.33333333333333,199.24242424242425,3,19.33333333333333,19.33333333333333,0.0,2.0,0.0,1.6666666666666667,1.0,Low,Low
1529297,2026-05-10,2026,1,Mumbai Indians,Royal Challengers Bengaluru,DL Chahar,1,2,0,0,50.0,Royal Challengers Bengaluru,6.0,120.0,7.235294117647059,94.2156862745098,17,8.6,5.2,0.0,1.0,0.0,0.8,0.4,Low,Low
1529297,2026-05-10,2026,1,Mumbai Indians,Royal Challengers Bengaluru,Naman Dhir,47,32,5,2,146.875,Royal Challengers Bengaluru,23.0,191.66666666666669,22.344827586206897,153.5608587055047,29,29.4,25.6,6.0,3.0,1.0,3.2,1.0,High,Low
1529297,2026-05-10,2026,1,Mumbai Indians,Royal Challengers Bengaluru,RA Bawa,16,14,1,0,114.28571428571428,Royal Challengers Bengaluru,8.0,200.0,6.333333333333333,94.87179487179488,3,6.333333333333333,6.333333333333333,0.0,0.0,0.0,0.3333333333333333,0.0,Low,Low
1529297,2026-05-10,2026,1,Mumbai Indians,Royal Challengers Bengaluru,RD Rickelton,2,4,0,0,50.0,Royal Challengers Bengaluru,83.0,259.375,34.90909090909091,152.83278003492617,22,56.4,43.2,27.0,6.0,8.0,3.8,4.8,Low,Low
1529297,2026-05-10,2026,1,Mumbai Indians,Royal Challengers Bengaluru,RG Sharma,22,10,2,2,220.00000000000003,Royal Challengers Bengaluru,84.0,190.9090909090909,26.72426470588235,114.75287042588864,272,44.2,34.6,24.666666666666668,6.0,7.0,3.8,3.0,Moderate,Low
1529297,2026-05-10,2026,1,Mumbai Indians,Royal Challengers Bengaluru,SA Yadav,0,1,0,0,0.0,Royal Challengers Bengaluru,12.0,171.42857142857142,27.814814814814813,138.25747780423836,162,17.8,19.5,37.66666666666666,2.0,0.0,2.4,0.4,Low,Low
1529297,2026-05-10,2026,1,Mumbai Indians,Royal Challengers Bengaluru,Tilak Varma,57,42,3,2,135.71428571428572,Royal Challengers Bengaluru,11.0,84.61538461538461,27.918032786885245,134.3283307593954,61,32.2,20.4,24.33333333333333,0.0,0.0,2.6,1.6,High,Low
1529297,2026-05-10,2026,1,Mumbai Indians,Royal Challengers Bengaluru,WG Jacks,10,10,1,0,100.0,Royal Challengers Bengaluru,10.0,250.0,23.63636363636364,140.21962296627888,22,19.0,23.6,22.0,0.0,1.0,2.0,1.2,Low,Low
1529297,2026-05-10,2026,2,Royal Challengers Bengaluru,Mumbai Indians,B Kumar,7,2,0,1,350.0,Mumbai Indians,15.0,100.0,4.6891891891891895,85.23105648105648,74,6.2,4.1,3.5,2.0,0.0,0.6,0.0,Low,Low
1529297,2026-05-10,2026,2,Royal Challengers Bengaluru,Mumbai Indians,D Padikkal,12,11,1,1,109.09090909090908,Mumbai Indians,34.0,136.0,25.56626506024097,113.51870399701666,83,36.2,33.3,23.625,3.0,1.0,2.8,2.6,Low,Low
1529297,2026-05-10,2026,2,Royal Challengers Bengaluru,Mumbai Indians,JG Bethell,27,27,2,0,100.0,Mumbai Indians,4.0,80.0,18.33333333333333,144.74747474747474,6,19.6,18.33333333333333,0.0,1.0,0.0,2.8,0.8,Moderate,Low
1529297,2026-05-10,2026,2,Royal Challengers Bengaluru,Mumbai Indians,JM Sharma,18,12,1,2,150.0,Mumbai Indians,1.0,33.33333333333333,19.181818181818183,139.6134229105524,55,9.8,17.3,27.166666666666668,0.0,0.0,0.8,0.6,Low,Low
1529297,2026-05-10,2026,2,Royal Challengers Bengaluru,Mumbai Indians,KH Pandya,73,46,4,5,158.69565217391303,Mumbai Indians,28.0,175.0,15.327731092436975,120.34689676356275,119,13.6,17.2,12.0,2.0,2.0,1.2,0.8,High,Low
1529297,2026-05-10,2026,2,Royal Challengers Bengaluru,Mumbai Indians,R Shepherd,4,10,0,0,40.0,Mumbai Indians,23.0,153.33333333333334,14.666666666666666,145.683082349749,18,11.4,15.0,2.0,3.0,1.0,0.8,0.8,Low,Low
1529297,2026-05-10,2026,2,Royal Challengers Bengaluru,Mumbai Indians,RM Patidar,8,8,1,0,100.0,Mumbai Indians,61.0,196.7741935483871,30.404255319148938,150.0701683390762,47,24.6,34.4,43.75,3.0,6.0,1.2,2.4,Low,Low
1529297,2026-05-10,2026,2,Royal Challengers Bengaluru,Mumbai Indians,Rasikh Salam,3,2,0,0,150.0,Mumbai Indians,10.0,83.33333333333334,6.666666666666667,120.83333333333331,6,7.0,6.666666666666667,0.0,1.0,0.0,1.0,0.0,Low,Low
1529297,2026-05-10,2026,2,Royal Challengers Bengaluru,Mumbai Indians,TH David,0,1,0,0,0.0,Mumbai Indians,40.0,235.29411764705884,20.339622641509436,159.75393825560306,53,19.8,23.3,17.5,4.0,3.0,1.6,1.4,Low,Low
1529297,2026-05-10,2026,2,Royal Challengers Bengaluru,Mumbai Indians,V Kohli,0,1,0,0,0.0,Mumbai Indians,0.0,0.0,33.39483394833948,121.08804842749696,271,30.2,37.9,27.914285714285715,0.0,0.0,3.4,1.4,Low,Low
1529298,2026-05-11,2026,1,Punjab Kings,Delhi Capitals,C Connolly,38,27,3,2,140.74074074074073,Delhi Capitals,107.0,184.48275862068965,41.888888888888886,147.3663528985868,9,48.2,41.888888888888886,17.0,7.0,8.0,3.6,3.8,Moderate,Low
1529298,2026-05-11,2026,1,Punjab Kings,Delhi Capitals,MP Stoinis,1,2,0,0,50.0,Delhi Capitals,28.0,215.3846153846154,20.79245283018868,130.23319033428706,106,33.8,21.2,19.0,3.0,2.0,3.2,2.2,Low,Low
1529298,2026-05-11,2026,1,Punjab Kings,Delhi Capitals,P Simran Singh,18,14,3,0,128.57142857142858,Delhi Capitals,3.0,75.0,28.18032786885246,134.31587417788597,61,30.6,39.0,45.285714285714285,0.0,0.0,3.4,1.2,Low,Low
1529298,2026-05-11,2026,1,Punjab Kings,Delhi Capitals,Priyansh Arya,56,32,2,6,175.0,Delhi Capitals,1.0,33.33333333333333,30.77777777777778,167.10605484534634,27,33.6,31.0,39.66666666666666,0.0,0.0,2.2,3.0,High,Low
1529298,2026-05-11,2026,1,Punjab Kings,Delhi Capitals,SS Iyer,59,36,5,3,163.88888888888889,Delhi Capitals,5.0,100.0,28.851063829787236,119.72791970224375,141,26.0,33.4,45.16666666666666,1.0,0.0,1.6,1.6,High,Low
1529298,2026-05-11,2026,1,Punjab Kings,Delhi Capitals,Shashank Singh,0,1,0,0,0.0,Delhi Capitals,4.0,133.33333333333331,21.71794871794872,144.48280887174795,39,14.0,15.1,10.0,1.0,0.0,1.4,0.8,Low,Low
1529298,2026-05-11,2026,1,Punjab Kings,Delhi Capitals,Suryansh Shedge,21,8,2,2,262.5,Delhi Capitals,25.0,147.05882352941177,15.333333333333334,112.82398016677936,6,18.0,15.333333333333334,0.0,1.0,2.0,0.8,1.4,Moderate,Low
1529298,2026-05-11,2026,2,Delhi Capitals,Punjab Kings,AR Patel,56,30,8,2,186.66666666666663,Punjab Kings,11.0,50.0,14.9618320610687,124.1168938606185,131,8.2,7.5,13.0,0.0,0.0,0.6,0.0,High,Low
1529298,2026-05-11,2026,2,Delhi Capitals,Punjab Kings,Abishek Porel,5,6,1,0,83.33333333333334,Punjab Kings,30.0,90.9090909090909,23.03333333333333,135.6399743634888,30,15.6,25.7,32.0,3.0,0.0,1.2,0.6,Low,Low
1529298,2026-05-11,2026,2,Delhi Capitals,Punjab Kings,Ashutosh Sharma,24,10,2,2,240.0,Punjab Kings,39.0,139.28571428571428,21.91304347826087,150.12167551711795,23,22.2,21.6,0.0,3.0,3.0,2.0,1.4,Moderate,Low
1529298,2026-05-11,2026,2,Delhi Capitals,Punjab Kings,Auqib Nabi,10,1,1,1,1000.0,Punjab Kings,4.0,200.0,4.0,200.0,1,4.0,4.0,0.0,1.0,0.0,1.0,0.0,Low,Low
1529298,2026-05-11,2026,2,Delhi Capitals,Punjab Kings,DA Miller,51,28,3,4,182.14285714285717,Punjab Kings,19.0,105.55555555555556,22.69503546099291,125.0289768879781,141,12.2,17.2,10.142857142857142,3.0,0.0,1.0,0.6,High,Low
1529298,2026-05-11,2026,2,Delhi Capitals,Punjab Kings,KL Rahul,9,8,2,0,112.5,Punjab Kings,23.0,164.28571428571428,38.2751677852349,126.81976706102122,149,52.6,46.8,49.0,4.0,0.0,5.6,2.8,Low,Low
1529298,2026-05-11,2026,2,Delhi Capitals,Punjab Kings,M Tiwari,18,8,2,1,225.0,Punjab Kings,3.0,75.0,3.0,75.0,1,3.0,3.0,0.0,0.0,0.0,0.0,0.0,Low,Low
1529298,2026-05-11,2026,2,Delhi Capitals,Punjab Kings,SU Parakh,13,6,1,1,216.66666666666663,Punjab Kings,0.0,0.0,0.0,0.0,1,0.0,0.0,0.0,0.0,0.0,0.0,0.0,Low,Low
1529298,2026-05-11,2026,2,Delhi Capitals,Punjab Kings,T Stubbs,12,17,1,0,70.58823529411765,Punjab Kings,2.0,50.0,23.65853658536585,145.899987473494,41,18.0,25.9,11.5,0.0,0.0,1.2,0.8,Low,Low
1529299,2026-05-12,2026,1,Gujarat Titans,Sunrisers Hyderabad,B Sai Sudharsan,61,44,5,2,138.63636363636363,Sunrisers Hyderabad,55.0,157.14285714285714,43.78431372549019,138.27892616364244,51,61.0,42.7,31.2,6.0,2.0,5.4,3.0,High,Low
1529299,2026-05-12,2026,1,Gujarat Titans,Sunrisers Hyderabad,JC Buttler,7,11,1,0,63.63636363636363,Sunrisers Hyderabad,13.0,130.0,34.11450381679389,130.79665343888925,131,28.4,31.0,29.666666666666668,1.0,1.0,2.0,1.8,Low,Low
1529299,2026-05-12,2026,1,Gujarat Titans,Sunrisers Hyderabad,JO Holder,11,10,0,0,110.0,Sunrisers Hyderabad,7.0,100.0,9.870967741935484,112.49958575598174,31,11.6,7.4,5.666666666666667,1.0,0.0,0.4,0.8,Low,Low
1529299,2026-05-12,2026,1,Gujarat Titans,Sunrisers Hyderabad,N Sindhu,22,14,3,1,157.14285714285714,Sunrisers Hyderabad,15.0,136.36363636363637,15.0,136.36363636363637,1,15.0,15.0,0.0,0.0,1.0,0.0,1.0,Moderate,Low
1529299,2026-05-12,2026,1,Gujarat Titans,Sunrisers Hyderabad,R Tewatia,4,1,1,0,400.0,Sunrisers Hyderabad,14.0,350.0,14.16470588235294,136.4136089131734,85,11.6,10.8,13.375,0.0,2.0,1.0,0.4,Low,Low
1529299,2026-05-12,2026,1,Gujarat Titans,Sunrisers Hyderabad,Shubman Gill,5,7,1,0,71.42857142857143,Sunrisers Hyderabad,84.0,190.9090909090909,34.903225806451616,127.0604284165253,124,39.4,46.2,38.21428571428572,9.0,3.0,3.4,2.0,Low,Low
1529299,2026-05-12,2026,1,Gujarat Titans,Sunrisers Hyderabad,Washington Sundar,50,33,7,1,151.5151515151515,Sunrisers Hyderabad,37.0,185.0,14.01851851851852,118.18466944271728,54,21.8,22.8,15.0,2.0,3.0,1.6,1.2,High,Low
1529299,2026-05-12,2026,2,Sunrisers Hyderabad,Gujarat Titans,Abhishek Sharma,6,4,0,1,150.0,Gujarat Titans,35.0,269.2307692307692,26.95294117647059,143.24069745964098,85,57.4,46.8,38.833333333333336,2.0,4.0,5.6,3.8,Low,Low
1529299,2026-05-12,2026,2,Sunrisers Hyderabad,Gujarat Titans,E Malinga,0,3,0,0,0.0,Gujarat Titans,2.0,33.33333333333333,2.0,33.33333333333333,1,2.0,2.0,0.0,0.0,0.0,0.0,0.0,Low,Low
1529299,2026-05-12,2026,2,Sunrisers Hyderabad,Gujarat Titans,H Klaasen,14,16,2,0,87.5,Gujarat Titans,69.0,160.46511627906978,35.25,161.57469786096638,56,42.2,46.3,34.5,3.0,4.0,3.4,2.6,Low,Low
1529299,2026-05-12,2026,2,Sunrisers Hyderabad,Gujarat Titans,Ishan Kishan,11,7,1,1,157.14285714285714,Gujarat Titans,55.0,171.875,27.69918699186992,118.55547659068657,123,39.2,32.9,19.83333333333333,2.0,4.0,3.8,2.0,Low,Low
1529299,2026-05-12,2026,2,Sunrisers Hyderabad,Gujarat Titans,Nithish Kumar Reddy,2,4,0,0,50.0,Gujarat Titans,29.0,223.0769230769231,22.806451612903224,129.34080247457857,31,25.2,22.6,26.0,2.0,2.0,1.4,2.0,Low,Low
1529299,2026-05-12,2026,2,Sunrisers Hyderabad,Gujarat Titans,PJ Cummins,19,9,1,2,211.11111111111111,Gujarat Titans,10.0,125.0,12.693877551020408,131.49039747171105,49,10.2,10.7,14.333333333333334,0.0,1.0,0.2,0.8,Low,Low
1529299,2026-05-12,2026,2,Sunrisers Hyderabad,Gujarat Titans,PP Hinge,3,8,0,0,37.5,Gujarat Titans,0.0,0.0,0.0,0.0,1,0.0,0.0,0.0,0.0,0.0,0.0,0.0,Low,Low
1529299,2026-05-12,2026,2,Sunrisers Hyderabad,Gujarat Titans,R Smaran,9,15,1,0,60.0,Gujarat Titans,4.0,100.0,4.0,100.0,1,4.0,4.0,0.0,1.0,0.0,1.0,0.0,Low,Low
1529299,2026-05-12,2026,2,Sunrisers Hyderabad,Gujarat Titans,S Arora,16,13,3,0,123.07692307692308,Gujarat Titans,2.0,33.33333333333333,11.875,144.43108974358975,8,15.4,11.875,0.0,0.0,0.0,1.2,1.2,Low,Low
1529299,2026-05-12,2026,2,Sunrisers Hyderabad,Gujarat Titans,Shivang Kumar,4,6,0,0,66.66666666666666,Gujarat Titans,1.0,50.0,5.5,131.25,4,5.5,5.5,0.0,0.0,0.0,0.75,0.25,Low,Low
1529299,2026-05-12,2026,2,Sunrisers Hyderabad,Gujarat Titans,TM Head,0,4,0,0,0.0,Gujarat Titans,38.0,200.0,31.39583333333333,141.6838034001402,48,43.6,35.0,15.666666666666666,3.0,3.0,3.6,3.4,Low,Low
1529300,2026-05-13,2026,1,Kolkata Knight Riders,Royal Challengers Bengaluru,A Raghuvanshi,71,46,7,3,154.34782608695653,Royal Challengers Bengaluru,1.0,33.33333333333333,26.142857142857142,133.93063244012882,28,17.4,26.9,16.5,0.0,0.0,1.8,0.4,High,Low
1529300,2026-05-13,2026,1,Kolkata Knight Riders,Royal Challengers Bengaluru,AM Rahane,19,13,3,1,146.15384615384613,Royal Challengers Bengaluru,13.0,144.44444444444443,27.202072538860104,107.60819207668176,193,13.2,21.8,38.66666666666666,1.0,1.0,1.0,0.6,Low,Low
1529300,2026-05-13,2026,1,Kolkata Knight Riders,Royal Challengers Bengaluru,C Green,32,24,3,1,133.33333333333331,Royal Challengers Bengaluru,33.0,122.22222222222224,24.710526315789476,135.15602156816442,38,35.2,23.2,0.0,0.0,2.0,2.2,2.0,Moderate,Low
1529300,2026-05-13,2026,1,Kolkata Knight Riders,Royal Challengers Bengaluru,FH Allen,18,8,3,1,225.0,Royal Challengers Bengaluru,100.0,212.7659574468085,30.0,183.57679405641144,7,29.0,30.0,0.0,5.0,10.0,2.2,2.4,Low,Low
1529300,2026-05-13,2026,1,Kolkata Knight Riders,Royal Challengers Bengaluru,RK Singh,49,29,3,2,168.9655172413793,Royal Challengers Bengaluru,22.0,200.0,22.33333333333333,143.96225621129264,60,32.6,25.0,13.666666666666666,2.0,1.0,3.0,1.6,High,Low
1529300,2026-05-13,2026,2,Royal Challengers Bengaluru,Kolkata Knight Riders,D Padikkal,39,27,7,0,144.44444444444443,Kolkata Knight Riders,12.0,109.09090909090908,25.404761904761905,113.46599215289636,84,35.0,32.8,20.125,1.0,1.0,2.8,2.6,Moderate,Low
1529300,2026-05-13,2026,2,Royal Challengers Bengaluru,Kolkata Knight Riders,JG Bethell,15,12,2,1,125.0,Kolkata Knight Riders,27.0,100.0,19.571428571428573,138.35497835497836,7,14.0,19.571428571428573,0.0,2.0,0.0,1.6,0.4,Low,Low
1529300,2026-05-13,2026,2,Royal Challengers Bengaluru,Kolkata Knight Riders,JM Sharma,8,5,1,0,160.0,Kolkata Knight Riders,18.0,150.0,19.160714285714285,139.7988975014354,56,8.8,10.6,21.0,1.0,2.0,0.6,0.6,Low,Low
1529300,2026-05-13,2026,2,Royal Challengers Bengaluru,Kolkata Knight Riders,RM Patidar,11,8,0,1,137.5,Kolkata Knight Riders,8.0,100.0,29.9375,149.0270398320121,48,20.8,32.6,22.5,1.0,0.0,1.2,1.8,Low,Low
1529300,2026-05-13,2026,2,Royal Challengers Bengaluru,Kolkata Knight Riders,TH David,2,3,0,0,66.66666666666666,Kolkata Knight Riders,0.0,0.0,19.96296296296296,156.7955319916104,54,17.0,23.2,15.25,0.0,0.0,1.4,1.2,Low,Low
1529300,2026-05-13,2026,2,Royal Challengers Bengaluru,Kolkata Knight Riders,V Kohli,105,60,11,3,175.0,Kolkata Knight Riders,0.0,0.0,33.27205882352941,120.64287177886644,272,26.4,31.0,31.90625,0.0,0.0,2.8,1.4,High,Low
1529301,2026-05-14,2026,1,Punjab Kings,Mumbai Indians,Azmatullah Omarzai,38,17,2,4,223.52941176470588,Mumbai Indians,1.0,50.0,11.0,113.0976430976431,9,11.4,11.0,17.0,0.0,0.0,1.2,0.6,Moderate,Low
1529301,2026-05-14,2026,1,Punjab Kings,Mumbai Indians,C Connolly,21,22,2,1,95.45454545454544,Mumbai Indians,38.0,140.74074074074073,41.5,146.70379168280218,10,38.4,41.5,17.0,3.0,2.0,2.6,2.8,Moderate,Low
1529301,2026-05-14,2026,1,Punjab Kings,Mumbai Indians,M Jansen,2,7,0,0,28.57142857142857,Mumbai Indians,19.0,118.75,7.916666666666667,94.77689251537936,24,9.8,8.7,15.0,0.0,1.0,0.2,0.6,Low,Low
1529301,2026-05-14,2026,1,Punjab Kings,Mumbai Indians,P Simran Singh,57,32,6,4,178.125,Mumbai Indians,18.0,128.57142857142858,28.016129032258064,134.22322182939467,62,34.2,38.2,22.33333333333333,3.0,0.0,4.0,1.2,High,Low
1529301,2026-05-14,2026,1,Punjab Kings,Mumbai Indians,Priyansh Arya,22,17,4,0,129.41176470588235,Mumbai Indians,56.0,175.0,31.678571428571427,167.38798145801255,28,26.2,34.2,32.333333333333336,2.0,6.0,1.8,2.4,Moderate,Low
1529301,2026-05-14,2026,1,Punjab Kings,Mumbai Indians,SS Iyer,4,2,1,0,200.0,Mumbai Indians,59.0,163.88888888888889,29.06338028169014,120.03891244299476,142,36.8,39.2,27.0,5.0,3.0,2.6,2.2,Low,Low
1529301,2026-05-14,2026,1,Punjab Kings,Mumbai Indians,Shashank Singh,2,3,0,0,66.66666666666666,Mumbai Indians,0.0,0.0,21.175,140.87073864995426,40,11.2,14.0,21.5,0.0,0.0,1.0,0.8,Low,Low
1529301,2026-05-14,2026,1,Punjab Kings,Mumbai Indians,Suryansh Shedge,8,5,0,1,160.0,Mumbai Indians,21.0,262.5,16.142857142857142,134.2062687143823,7,21.4,16.142857142857142,0.0,2.0,2.0,1.2,1.8,Low,Low
1529301,2026-05-14,2026,1,Punjab Kings,Mumbai Indians,Vishnu Vinod,15,8,1,1,187.5,Mumbai Indians,5.0,71.42857142857143,9.333333333333334,93.29365079365078,6,9.4,9.333333333333334,0.0,0.0,0.0,0.6,0.4,Low,Low
1529301,2026-05-14,2026,1,Punjab Kings,Mumbai Indians,XC Bartlett,18,7,2,1,257.1428571428572,Mumbai Indians,0.0,0.0,7.333333333333333,97.7777777777778,3,7.333333333333333,7.333333333333333,0.0,0.0,0.0,0.3333333333333333,0.3333333333333333,Low,Low
1529301,2026-05-14,2026,2,Mumbai Indians,Punjab Kings,Naman Dhir,9,6,0,1,150.0,Punjab Kings,47.0,146.875,23.166666666666668,153.33799674865455,30,29.8,29.8,35.666666666666664,5.0,2.0,3.0,1.2,Low,Low
1529301,2026-05-14,2026,2,Mumbai Indians,Punjab Kings,RD Rickelton,48,23,4,4,208.69565217391303,Punjab Kings,2.0,50.0,33.47826086956522,148.36178959862505,23,49.4,40.9,14.5,0.0,0.0,3.2,4.2,High,Low
1529301,2026-05-14,2026,2,Mumbai Indians,Punjab Kings,RG Sharma,25,26,0,2,96.15384615384616,Punjab Kings,22.0,220.00000000000003,26.706959706959708,115.13839104703922,273,33.0,36.1,26.375,2.0,2.0,3.0,2.2,Moderate,Low
1529301,2026-05-14,2026,2,Mumbai Indians,Punjab Kings,SE Rutherford,20,21,1,1,95.23809523809524,Punjab Kings,0.0,0.0,19.23076923076923,132.68480928652994,26,19.6,19.3,23.5,0.0,0.0,0.6,2.2,Moderate,Low
1529301,2026-05-14,2026,2,Mumbai Indians,Punjab Kings,Tilak Varma,75,33,6,6,227.27272727272728,Punjab Kings,57.0,135.71428571428572,28.387096774193548,134.350684871571,62,23.4,24.1,21.714285714285715,3.0,2.0,1.6,0.6,High,Low
1529301,2026-05-14,2026,2,Mumbai Indians,Punjab Kings,WG Jacks,25,10,2,2,250.0,Punjab Kings,10.0,100.0,23.043478260869566,138.47094370687546,23,16.8,24.5,14.5,1.0,0.0,1.6,1.0,Moderate,Low
1529302,2026-05-15,2026,1,Chennai Super Kings,Lucknow Super Giants,D Brevis,25,16,0,2,156.25,Lucknow Super Giants,10.0,83.33333333333334,25.19047619047619,117.99447894391024,21,14.8,25.7,16.75,1.0,0.0,1.2,0.8,Moderate,Low
1529302,2026-05-15,2026,1,Chennai Super Kings,Lucknow Super Giants,Kartik Sharma,71,42,6,5,169.04761904761904,Lucknow Super Giants,20.0,100.0,21.625,122.74936332767402,8,29.6,21.625,20.0,1.0,0.0,2.4,1.4,High,Low
1529302,2026-05-15,2026,1,Chennai Super Kings,Lucknow Super Giants,PR Veer,13,10,1,0,130.0,Lucknow Super Giants,17.0,141.66666666666669,22.0,125.21893814997264,3,22.0,22.0,17.0,0.0,2.0,2.333333333333333,1.0,Low,Low
1529302,2026-05-15,2026,1,Chennai Super Kings,Lucknow Super Giants,RD Gaikwad,13,9,2,0,144.44444444444443,Lucknow Super Giants,42.0,150.0,34.50617283950617,112.963306028229,81,42.2,28.7,45.0,3.0,2.0,3.6,1.8,Low,Low
1529302,2026-05-15,2026,1,Chennai Super Kings,Lucknow Super Giants,S Dube,32,16,3,2,200.0,Lucknow Super Giants,15.0,214.28571428571428,24.09523809523809,132.88547934733532,84,15.2,18.2,33.833333333333336,0.0,2.0,1.0,0.8,Moderate,Low
1529302,2026-05-15,2026,1,Chennai Super Kings,Lucknow Super Giants,SV Samson,20,20,3,0,100.0,Lucknow Super Giants,28.0,200.0,28.208791208791208,121.39183957814365,182,47.6,42.4,38.0,3.0,2.0,4.8,2.8,Moderate,Low
1529302,2026-05-15,2026,1,Chennai Super Kings,Lucknow Super Giants,Urvil Patel,6,7,1,0,85.71428571428571,Lucknow Super Giants,65.0,282.60869565217394,25.428571428571427,183.05513454254876,7,29.4,25.428571428571427,65.0,2.0,8.0,1.8,2.8,Low,Low
1529302,2026-05-15,2026,2,Lucknow Super Giants,Chennai Super Kings,Abdul Samad,7,3,0,1,233.33333333333331,Chennai Super Kings,0.0,0.0,14.298245614035087,132.29123607564134,57,14.4,12.5,16.25,0.0,0.0,1.4,0.2,Low,Low
1529302,2026-05-15,2026,2,Lucknow Super Giants,Chennai Super Kings,JP Inglis,36,32,3,1,112.5,Chennai Super Kings,85.0,265.625,28.923076923076923,165.97347718351554,13,35.8,33.1,45.5,10.0,6.0,3.8,2.4,Moderate,Low
1529302,2026-05-15,2026,2,Lucknow Super Giants,Chennai Super Kings,MD Choudhary,13,10,2,0,130.0,Chennai Super Kings,1.0,50.0,19.5,130.24907690348866,8,17.2,19.5,0.0,0.0,0.0,1.0,1.0,Low,Low
1529302,2026-05-15,2026,2,Lucknow Super Giants,Chennai Super Kings,MR Marsh,90,38,9,7,236.84210526315783,Chennai Super Kings,10.0,100.0,27.816666666666663,119.62001654422964,60,44.4,34.2,14.428571428571429,0.0,1.0,3.8,3.0,High,Low
1529302,2026-05-15,2026,2,Lucknow Super Giants,Chennai Super Kings,N Pooran,32,17,1,4,188.23529411764704,Chennai Super Kings,1.0,33.33333333333333,24.77,139.2028395681235,100,22.2,17.5,21.5,0.0,0.0,1.0,2.0,Moderate,Low
1529303,2026-05-16,2026,1,Kolkata Knight Riders,Gujarat Titans,A Raghuvanshi,82,43,4,7,190.69767441860463,Gujarat Titans,71.0,154.34782608695653,27.689655172413797,134.63467360036424,29,30.0,28.9,17.5,7.0,3.0,2.8,1.0,High,Low
1529303,2026-05-16,2026,1,Kolkata Knight Riders,Gujarat Titans,AM Rahane,14,14,1,1,100.0,Gujarat Titans,19.0,146.15384615384613,27.15979381443299,107.80688101522384,194,17.0,17.0,17.833333333333332,3.0,1.0,1.6,0.8,Low,Low
1529303,2026-05-16,2026,1,Kolkata Knight Riders,Gujarat Titans,C Green,52,28,3,4,185.7142857142857,Gujarat Titans,32.0,133.33333333333331,24.897435897435894,135.10928597239953,39,25.8,24.6,29.2,3.0,1.0,1.4,1.4,High,Low
1529303,2026-05-16,2026,1,Kolkata Knight Riders,Gujarat Titans,FH Allen,93,35,4,10,265.7142857142857,Gujarat Titans,18.0,225.0,28.5,188.75469479936,8,31.4,28.5,0.0,3.0,1.0,2.6,2.6,High,Low
1529303,2026-05-16,2026,2,Gujarat Titans,Kolkata Knight Riders,B Sai Sudharsan,53,28,6,3,189.28571428571428,Kolkata Knight Riders,61.0,138.63636363636363,44.11538461538461,138.28579996119475,52,53.2,41.5,42.333333333333336,5.0,2.0,4.2,2.4,High,Low
1529303,2026-05-16,2026,2,Gujarat Titans,Kolkata Knight Riders,JC Buttler,57,35,5,2,162.85714285714286,Kolkata Knight Riders,7.0,63.63636363636363,33.90909090909091,130.28786336462767,132,24.8,29.1,36.2,1.0,0.0,1.8,1.6,High,Low
1529303,2026-05-16,2026,2,Gujarat Titans,Kolkata Knight Riders,N Sindhu,1,4,0,0,25.0,Kolkata Knight Riders,22.0,157.14285714285714,18.5,146.75324675324674,2,18.5,18.5,0.0,3.0,1.0,1.5,1.0,Low,Low
1529303,2026-05-16,2026,2,Gujarat Titans,Kolkata Knight Riders,R Tewatia,2,4,0,0,50.0,Kolkata Knight Riders,4.0,400.0,14.046511627906977,139.4785669490667,86,11.0,9.6,14.88888888888889,1.0,0.0,1.2,0.4,Low,Low
1529303,2026-05-16,2026,2,Gujarat Titans,Kolkata Knight Riders,Shubman Gill,85,49,5,7,173.46938775510205,Kolkata Knight Riders,5.0,71.42857142857143,34.664,126.61537356062166,125,34.0,42.8,54.2,1.0,0.0,3.2,1.8,High,Low
1529304,2026-05-17,2026,1,Royal Challengers Bengaluru,Punjab Kings,D Padikkal,45,25,4,3,180.0,Punjab Kings,39.0,144.44444444444443,25.564705882352943,113.8304445327969,85,31.8,30.6,31.428571428571427,7.0,0.0,3.8,1.4,High,Low
1529304,2026-05-17,2026,1,Royal Challengers Bengaluru,Punjab Kings,JG Bethell,11,7,2,0,157.14285714285714,Punjab Kings,15.0,125.0,19.0,136.68560606060606,8,14.2,19.0,0.0,2.0,1.0,1.4,0.6,Low,Low
1529304,2026-05-17,2026,1,Royal Challengers Bengaluru,Punjab Kings,TH David,28,12,2,2,233.33333333333331,Punjab Kings,2.0,66.66666666666666,19.63636363636364,155.15682534933873,55,12.2,21.8,27.0,0.0,0.0,0.8,1.0,Moderate,Low
1529304,2026-05-17,2026,1,Royal Challengers Bengaluru,Punjab Kings,V Kohli,58,36,4,3,161.11111111111111,Punjab Kings,105.0,175.0,33.53479853479853,120.84198213865082,273,31.2,38.7,43.45454545454545,11.0,3.0,3.4,1.2,High,Low
1529304,2026-05-17,2026,1,Royal Challengers Bengaluru,Punjab Kings,VR Iyer,73,40,8,4,182.5,Punjab Kings,12.0,80.0,26.017241379310345,125.50946380792324,58,13.8,23.5,26.83333333333333,1.0,0.0,0.6,0.4,High,Low
1529304,2026-05-17,2026,2,Punjab Kings,Royal Challengers Bengaluru,Azmatullah Omarzai,14,10,1,1,140.0,Royal Challengers Bengaluru,38.0,223.52941176470588,13.7,124.1408199643494,10,15.8,13.7,9.5,2.0,4.0,1.2,1.2,Low,Low
1529304,2026-05-17,2026,2,Punjab Kings,Royal Challengers Bengaluru,C Connolly,37,22,3,3,168.1818181818182,Royal Challengers Bengaluru,21.0,95.45454545454544,39.63636363636363,142.0447692984152,11,39.2,36.4,0.0,2.0,1.0,2.8,2.8,Moderate,Low
1529304,2026-05-17,2026,2,Punjab Kings,Royal Challengers Bengaluru,Harpreet Brar,5,3,1,0,166.66666666666669,Royal Challengers Bengaluru,4.0,36.36363636363637,9.384615384615383,125.3029192764844,26,15.6,8.6,3.0,0.0,0.0,1.6,0.6,Low,Low
1529304,2026-05-17,2026,2,Punjab Kings,Royal Challengers Bengaluru,MP Stoinis,37,25,5,0,148.0,Royal Challengers Bengaluru,1.0,50.0,20.60747663551402,129.4833474339666,107,32.0,18.7,12.8,0.0,0.0,2.8,2.2,Moderate,Low
1529304,2026-05-17,2026,2,Punjab Kings,Royal Challengers Bengaluru,P Simran Singh,2,5,0,0,40.0,Royal Challengers Bengaluru,57.0,178.125,28.476190476190474,134.92007545115032,63,30.4,40.2,20.166666666666668,6.0,4.0,3.4,1.0,Low,Low
1529304,2026-05-17,2026,2,Punjab Kings,Royal Challengers Bengaluru,Priyansh Arya,0,3,0,0,0.0,Royal Challengers Bengaluru,22.0,129.41176470588235,31.344827586206897,166.07845674242185,29,22.0,35.7,17.25,4.0,0.0,2.2,1.4,Low,Low
1529304,2026-05-17,2026,2,Punjab Kings,Royal Challengers Bengaluru,SS Iyer,1,3,0,0,33.33333333333333,Royal Challengers Bengaluru,4.0,200.0,28.888111888111887,120.59808088744934,143,23.4,37.8,17.5,1.0,0.0,2.2,0.8,Low,Low
1529304,2026-05-17,2026,2,Punjab Kings,Royal Challengers Bengaluru,Shashank Singh,56,27,4,4,207.4074074074074,Royal Challengers Bengaluru,2.0,66.66666666666666,20.70731707317073,139.06088323572772,41,8.4,13.9,25.666666666666668,0.0,0.0,0.8,0.6,High,Low
1529304,2026-05-17,2026,2,Punjab Kings,Royal Challengers Bengaluru,Suryansh Shedge,35,22,2,2,159.0909090909091,Royal Challengers Bengaluru,8.0,160.0,15.125,137.43048512508452,8,22.8,15.125,0.0,0.0,1.0,1.2,2.0,Moderate,Low
1529305,2026-05-17,2026,1,Rajasthan Royals,Delhi Capitals,AF Milne,2,2,0,0,100.0,Delhi Capitals,0.0,0.0,3.8333333333333335,54.86111111111111,6,4.2,3.8333333333333335,0.0,0.0,0.0,0.0,0.2,Low,Low
1529305,2026-05-17,2026,1,Rajasthan Royals,Delhi Capitals,D Ferreira,0,1,0,0,0.0,Delhi Capitals,4.0,200.0,22.0,135.5950568570186,11,31.2,24.1,24.0,1.0,0.0,2.8,2.4,Low,Low
1529305,2026-05-17,2026,1,Rajasthan Royals,Delhi Capitals,Dhruv Jurel,53,40,5,2,132.5,Delhi Capitals,24.0,240.0,21.608695652173918,127.49521791760154,46,26.6,29.6,24.0,1.0,3.0,2.6,1.2,High,Low
1529305,2026-05-17,2026,1,Rajasthan Royals,Delhi Capitals,JC Archer,2,2,0,0,100.0,Delhi Capitals,5.0,83.33333333333334,7.805555555555555,119.64546256212924,36,3.6,6.5,1.3333333333333333,1.0,0.0,0.4,0.0,Low,Low
1529305,2026-05-17,2026,1,Rajasthan Royals,Delhi Capitals,MD Shanaka,10,8,0,1,125.0,Delhi Capitals,16.0,145.45454545454547,10.5,95.06899350649353,4,10.5,10.5,0.0,2.0,0.0,1.0,0.25,Low,Low
1529305,2026-05-17,2026,1,Rajasthan Royals,Delhi Capitals,R Parag,51,26,3,5,196.15384615384613,Delhi Capitals,90.0,180.0,21.40963855421687,129.83817482821493,83,31.6,20.7,24.0,8.0,5.0,2.6,1.6,High,Low
1529305,2026-05-17,2026,1,Rajasthan Royals,Delhi Capitals,Ravi Singh,4,2,1,0,200.0,Delhi Capitals,0.0,0.0,0.0,0.0,0,0.0,0.0,0.0,0.0,0.0,0.0,0.0,Low,Low
1529305,2026-05-17,2026,1,Rajasthan Royals,Delhi Capitals,SB Dubey,5,9,0,0,55.55555555555556,Delhi Capitals,15.0,107.14285714285714,14.0,142.99134199134198,15,15.6,13.4,15.5,1.0,1.0,1.6,0.6,Low,Low
1529305,2026-05-17,2026,1,Rajasthan Royals,Delhi Capitals,V Suryavanshi,46,21,5,3,219.0476190476191,Delhi Capitals,36.0,225.0,38.44444444444444,193.31843571168903,18,38.8,38.8,4.0,3.0,3.0,2.8,4.0,High,Low
1529305,2026-05-17,2026,1,Rajasthan Royals,Delhi Capitals,YBK Jaiswal,12,9,3,0,133.33333333333331,Delhi Capitals,3.0,75.0,32.22077922077922,135.89875906635686,77,18.4,27.7,23.0,0.0,0.0,2.6,0.4,Low,Low
1529305,2026-05-17,2026,2,Delhi Capitals,Rajasthan Royals,AR Patel,34,18,2,2,188.88888888888889,Rajasthan Royals,56.0,186.66666666666663,15.272727272727272,124.59075577581582,132,14.2,12.5,11.76923076923077,8.0,2.0,1.6,0.4,Moderate,Low
1529305,2026-05-17,2026,2,Delhi Capitals,Rajasthan Royals,Abishek Porel,51,31,7,1,164.51612903225808,Rajasthan Royals,5.0,83.33333333333334,22.451612903225808,133.95266336251606,31,15.8,22.9,32.5,1.0,0.0,1.2,0.6,High,Low
1529305,2026-05-17,2026,2,Delhi Capitals,Rajasthan Royals,Ashutosh Sharma,18,5,1,2,360.0,Rajasthan Royals,24.0,240.0,22.0,153.8666057039047,24,23.2,20.3,22.0,2.0,2.0,2.2,1.4,Low,Low
1529305,2026-05-17,2026,2,Delhi Capitals,Rajasthan Royals,DA Miller,9,6,0,1,150.0,Rajasthan Royals,51.0,182.14285714285717,22.8943661971831,125.4311873123082,142,19.0,20.9,32.416666666666664,3.0,4.0,1.4,1.2,Low,Low
1529305,2026-05-17,2026,2,Delhi Capitals,Rajasthan Royals,KL Rahul,56,42,1,3,133.33333333333331,Rajasthan Royals,9.0,112.5,38.08,126.72430194728108,150,24.0,47.6,43.8421052631579,2.0,0.0,2.8,1.0,High,Low
1529305,2026-05-17,2026,2,Delhi Capitals,Rajasthan Royals,SU Parakh,9,8,1,0,112.5,Rajasthan Royals,13.0,216.66666666666663,6.5,108.33333333333331,2,6.5,6.5,0.0,1.0,1.0,0.5,0.5,Low,Low
1529305,2026-05-17,2026,2,Delhi Capitals,Rajasthan Royals,T Stubbs,4,6,0,0,66.66666666666666,Rajasthan Royals,12.0,70.58823529411765,23.38095238095238,144.1068505168422,42,15.0,23.2,28.6,1.0,0.0,0.8,0.6,Low,Low
1529306,2026-05-18,2026,1,Chennai Super Kings,Sunrisers Hyderabad,AJ Hosein,3,1,0,0,300.0,Sunrisers Hyderabad,2.0,100.0,9.0,130.0,2,9.0,9.0,0.0,0.0,0.0,0.5,0.5,Low,Low
1529306,2026-05-18,2026,1,Chennai Super Kings,Sunrisers Hyderabad,D Brevis,44,27,2,4,162.96296296296296,Sunrisers Hyderabad,25.0,156.25,25.181818181818183,119.7333662646416,22,11.6,25.0,21.0,0.0,2.0,0.4,0.8,High,Low
1529306,2026-05-18,2026,1,Chennai Super Kings,Sunrisers Hyderabad,Kartik Sharma,32,19,3,2,168.42105263157893,Sunrisers Hyderabad,71.0,169.04761904761904,27.11111111111111,127.89361396322346,9,40.2,27.11111111111111,0.0,6.0,5.0,3.6,2.0,Moderate,Low
1529306,2026-05-18,2026,1,Chennai Super Kings,Sunrisers Hyderabad,PR Veer,11,9,2,0,122.22222222222224,Sunrisers Hyderabad,13.0,130.0,19.75,126.41420361247948,4,19.75,19.75,0.0,1.0,0.0,2.0,0.75,Low,Low
1529306,2026-05-18,2026,1,Chennai Super Kings,Sunrisers Hyderabad,RD Gaikwad,15,21,0,0,71.42857142857143,Sunrisers Hyderabad,13.0,144.44444444444443,34.24390243902439,113.34722235037798,82,40.4,27.2,51.625,2.0,0.0,3.4,1.6,Low,Low
1529306,2026-05-18,2026,1,Chennai Super Kings,Sunrisers Hyderabad,S Dube,26,23,3,1,113.04347826086956,Sunrisers Hyderabad,32.0,200.0,24.188235294117646,133.67506194324903,85,19.0,19.7,17.5,3.0,2.0,1.4,1.2,Moderate,Low
1529306,2026-05-18,2026,1,Chennai Super Kings,Sunrisers Hyderabad,SV Samson,27,12,5,1,225.0,Sunrisers Hyderabad,20.0,100.0,28.16393442622951,121.2749442799024,183,31.4,43.7,34.96,3.0,0.0,3.4,1.6,Moderate,Low
1529306,2026-05-18,2026,1,Chennai Super Kings,Sunrisers Hyderabad,Urvil Patel,13,8,0,2,162.5,Sunrisers Hyderabad,6.0,85.71428571428571,23.0,170.88752843901585,8,23.2,23.0,0.0,1.0,0.0,1.2,2.4,Low,Low
1529306,2026-05-18,2026,2,Sunrisers Hyderabad,Chennai Super Kings,Abhishek Sharma,26,21,3,1,123.8095238095238,Chennai Super Kings,6.0,150.0,26.709302325581397,143.31929400080796,86,31.6,42.6,31.0,0.0,1.0,3.6,2.0,Moderate,Low
1529306,2026-05-18,2026,2,Sunrisers Hyderabad,Chennai Super Kings,H Klaasen,47,26,6,2,180.7692307692308,Chennai Super Kings,14.0,87.5,34.87719298245614,160.2751417581424,57,37.6,42.5,20.0,2.0,0.0,3.2,2.0,High,Low
1529306,2026-05-18,2026,2,Sunrisers Hyderabad,Chennai Super Kings,Ishan Kishan,70,47,7,3,148.93617021276594,Chennai Super Kings,11.0,157.14285714285714,27.56451612903226,118.86666514352665,124,36.4,32.6,23.5,1.0,1.0,3.6,2.0,High,Low
1529306,2026-05-18,2026,2,Sunrisers Hyderabad,Chennai Super Kings,Nithish Kumar Reddy,11,7,1,0,157.14285714285714,Chennai Super Kings,2.0,50.0,22.15625,126.861402397248,32,20.0,22.4,15.0,0.0,0.0,1.4,1.2,Low,Low
1529306,2026-05-18,2026,2,Sunrisers Hyderabad,Chennai Super Kings,R Smaran,5,2,1,0,250.0,Chennai Super Kings,9.0,60.0,6.5,80.0,2,6.5,6.5,0.0,1.0,0.0,1.0,0.0,Low,Low
1529306,2026-05-18,2026,2,Sunrisers Hyderabad,Chennai Super Kings,S Arora,10,5,0,1,200.0,Chennai Super Kings,16.0,123.07692307692308,12.333333333333334,142.05840455840456,9,13.8,12.333333333333334,13.0,3.0,0.0,1.4,0.8,Low,Low
1529306,2026-05-18,2026,2,Sunrisers Hyderabad,Chennai Super Kings,TM Head,6,6,1,0,100.0,Chennai Super Kings,0.0,0.0,30.755102040816325,138.7922972083006,49,36.2,30.4,21.5,0.0,0.0,3.2,3.0,Low,Low
1529307,2026-05-19,2026,1,Lucknow Super Giants,Rajasthan Royals,A Badoni,0,1,0,0,0.0,Rajasthan Royals,24.0,126.3157894736842,21.01851851851852,121.0096490061777,54,21.2,24.9,10.714285714285714,0.0,2.0,2.0,0.8,Low,Low
1529307,2026-05-19,2026,1,Lucknow Super Giants,Rajasthan Royals,JP Inglis,60,29,7,3,206.89655172413796,Rajasthan Royals,36.0,112.5,29.428571428571427,162.15394309897871,14,42.2,35.6,0.0,3.0,1.0,4.4,2.6,High,Low
1529307,2026-05-19,2026,1,Lucknow Super Giants,Rajasthan Royals,MR Marsh,96,56,11,5,171.42857142857142,Rajasthan Royals,90.0,236.84210526315783,28.83606557377049,121.54169012978583,61,51.4,41.8,41.2,9.0,7.0,4.4,4.0,High,Low
1529307,2026-05-19,2026,1,Lucknow Super Giants,Rajasthan Royals,N Pooran,16,11,0,2,145.45454545454547,Rajasthan Royals,32.0,188.23529411764704,24.84158415841584,139.68830941514844,101,26.8,19.4,19.416666666666668,1.0,4.0,1.2,2.6,Low,Low
1529307,2026-05-19,2026,1,Lucknow Super Giants,Rajasthan Royals,RR Pant,35,23,2,2,152.17391304347828,Rajasthan Royals,15.0,125.0,27.666666666666668,130.8622698496449,138,21.0,17.7,31.0,2.0,0.0,2.2,0.8,Moderate,Low
1529307,2026-05-19,2026,2,Rajasthan Royals,Lucknow Super Giants,D Ferreira,16,10,1,1,160.0,Lucknow Super Giants,0.0,0.0,20.166666666666668,124.29546878560036,12,27.2,23.4,20.0,0.0,0.0,2.4,2.4,Low,Low
1529307,2026-05-19,2026,2,Rajasthan Royals,Lucknow Super Giants,Dhruv Jurel,53,38,3,3,139.4736842105263,Lucknow Super Giants,53.0,132.5,22.27659574468085,127.60170264275897,47,37.2,27.4,15.6,5.0,2.0,3.6,1.6,High,Low
1529307,2026-05-19,2026,2,Rajasthan Royals,Lucknow Super Giants,LG Pretorius,7,6,0,0,116.66666666666669,Lucknow Super Giants,0.0,0.0,0.0,0.0,1,0.0,0.0,0.0,0.0,0.0,0.0,0.0,Low,Low
1529307,2026-05-19,2026,2,Rajasthan Royals,Lucknow Super Giants,V Suryavanshi,93,38,7,10,244.73684210526315,Lucknow Super Giants,46.0,219.0476190476191,38.8421052631579,194.6726032556854,19,46.4,40.3,21.0,5.0,3.0,3.4,4.6,High,Low
1529307,2026-05-19,2026,2,Rajasthan Royals,Lucknow Super Giants,YBK Jaiswal,43,23,8,1,186.95652173913044,Lucknow Super Giants,12.0,133.33333333333331,31.96153846153846,135.86586899285658,78,16.4,23.4,38.16666666666666,3.0,0.0,2.4,0.4,High,Low
1529308,2026-05-20,2026,1,Mumbai Indians,Kolkata Knight Riders,C Bosch,32,18,3,2,177.77777777777777,Kolkata Knight Riders,5.0,100.0,15.75,174.4318181818182,4,15.75,15.75,0.0,0.0,0.0,1.25,0.75,Moderate,Low
1529308,2026-05-20,2026,1,Mumbai Indians,Kolkata Knight Riders,DL Chahar,10,7,2,0,142.85714285714286,Kolkata Knight Riders,1.0,50.0,6.888888888888889,91.75925925925928,18,3.2,4.8,1.0,0.0,0.0,0.4,0.0,Low,Low
1529308,2026-05-20,2026,1,Mumbai Indians,Kolkata Knight Riders,HH Pandya,26,27,2,1,96.29629629629628,Kolkata Knight Riders,18.0,78.26086956521739,19.2317880794702,140.06257693677802,151,15.8,18.3,27.53333333333333,2.0,0.0,1.0,0.6,Moderate,Low
1529308,2026-05-20,2026,1,Mumbai Indians,Kolkata Knight Riders,Naman Dhir,0,3,0,0,0.0,Kolkata Knight Riders,9.0,150.0,22.70967741935484,153.23031943418184,31,31.6,27.9,11.0,0.0,1.0,3.0,1.4,Low,Low
1529308,2026-05-20,2026,1,Mumbai Indians,Kolkata Knight Riders,RD Rickelton,6,7,1,0,85.71428571428571,Kolkata Knight Riders,48.0,208.69565217391303,34.083333333333336,150.87570053926206,24,58.6,43.0,71.5,4.0,4.0,4.0,5.0,Low,Low
1529308,2026-05-20,2026,1,Mumbai Indians,Kolkata Knight Riders,RG Sharma,15,13,0,2,115.38461538461536,Kolkata Knight Riders,25.0,96.15384615384616,26.7007299270073,115.0691043868451,274,31.0,38.1,33.17142857142857,0.0,2.0,2.0,2.4,Low,Low
1529308,2026-05-20,2026,1,Mumbai Indians,Kolkata Knight Riders,SA Yadav,15,6,2,1,250.0,Kolkata Knight Riders,0.0,0.0,27.644171779141104,137.4092724189363,163,14.8,17.9,35.0,0.0,0.0,2.2,0.2,Low,Low
1529308,2026-05-20,2026,1,Mumbai Indians,Kolkata Knight Riders,Tilak Varma,20,32,0,1,62.5,Kolkata Knight Riders,75.0,227.27272727272728,29.126984126984127,135.82563792555763,63,31.0,31.6,21.666666666666668,6.0,6.0,1.8,1.8,Moderate,Low
1529308,2026-05-20,2026,1,Mumbai Indians,Kolkata Knight Riders,WG Jacks,14,7,1,1,200.0,Kolkata Knight Riders,25.0,250.0,23.125,143.11798771908897,24,18.4,23.4,35.5,2.0,2.0,1.6,1.2,Low,Low
1529308,2026-05-20,2026,2,Kolkata Knight Riders,Mumbai Indians,AM Rahane,21,17,4,0,123.52941176470588,Mumbai Indians,14.0,100.0,27.09230769230769,107.7668457279663,195,19.8,17.6,29.25925925925926,1.0,1.0,1.8,1.0,Moderate,Low
1529308,2026-05-20,2026,2,Kolkata Knight Riders,Mumbai Indians,AS Roy,4,4,0,0,100.0,Mumbai Indians,0.0,0.0,5.416666666666667,72.96130952380953,12,7.8,6.1,0.0,0.0,0.0,0.4,0.4,Low,Low
1529308,2026-05-20,2026,2,Kolkata Knight Riders,Mumbai Indians,C Green,4,8,0,0,50.0,Mumbai Indians,52.0,185.7142857142857,25.575,136.37441096594668,40,30.8,29.6,18.0,3.0,4.0,1.2,2.0,Low,Low
1529308,2026-05-20,2026,2,Kolkata Knight Riders,Mumbai Indians,FH Allen,8,5,2,0,160.0,Mumbai Indians,93.0,265.7142857142857,35.666666666666664,197.30576045657395,9,48.2,35.666666666666664,37.0,4.0,10.0,3.0,4.6,Low,Low
1529308,2026-05-20,2026,2,Kolkata Knight Riders,Mumbai Indians,MK Pandey,45,33,6,0,136.36363636363637,Mumbai Indians,37.0,160.8695652173913,24.23926380368098,106.81997323056484,163,26.8,21.8,30.653846153846157,2.0,3.0,1.4,1.4,High,Low
1529308,2026-05-20,2026,2,Kolkata Knight Riders,Mumbai Indians,R Powell,40,29,4,2,137.93103448275863,Mumbai Indians,1.0,25.0,17.357142857142858,117.82946132998654,28,24.2,16.5,15.666666666666666,0.0,0.0,1.8,1.4,High,Low
1529308,2026-05-20,2026,2,Kolkata Knight Riders,Mumbai Indians,RK Singh,9,5,2,0,180.0,Mumbai Indians,49.0,168.9655172413793,22.770491803278688,144.372145736376,61,42.2,29.0,16.125,3.0,2.0,3.6,2.0,Low,Low
1529308,2026-05-20,2026,2,Kolkata Knight Riders,Mumbai Indians,T Dahiya,11,12,2,0,91.66666666666666,Mumbai Indians,0.0,0.0,0.0,0.0,0,0.0,0.0,0.0,0.0,0.0,0.0,0.0,Low,Low
1529309,2026-05-21,2026,1,Gujarat Titans,Chennai Super Kings,B Sai Sudharsan,84,52,7,4,161.53846153846155,Chennai Super Kings,53.0,189.28571428571428,44.283018867924525,139.24806249561965,53,46.4,45.6,64.33333333333333,6.0,3.0,4.6,1.6,High,Low
1529309,2026-05-21,2026,1,Gujarat Titans,Chennai Super Kings,JC Buttler,57,27,5,4,211.11111111111111,Chennai Super Kings,57.0,162.85714285714286,34.08270676691729,130.5327451653233,133,28.4,29.6,34.25,5.0,2.0,2.0,1.8,High,Low
1529309,2026-05-21,2026,1,Gujarat Titans,Chennai Super Kings,R Tewatia,0,1,0,0,0.0,Chennai Super Kings,2.0,50.0,13.908045977011492,138.45007767379008,87,9.8,8.7,9.77777777777778,0.0,0.0,1.0,0.4,Low,Low
1529309,2026-05-21,2026,1,Gujarat Titans,Chennai Super Kings,Shubman Gill,64,37,7,3,172.97297297297297,Chennai Super Kings,85.0,173.46938775510205,35.06349206349206,126.98723081613342,126,44.4,44.3,29.294117647058822,5.0,7.0,4.0,2.6,High,Low
1529309,2026-05-21,2026,1,Gujarat Titans,Chennai Super Kings,Washington Sundar,7,3,0,1,233.33333333333331,Chennai Super Kings,50.0,151.5151515151515,14.672727272727272,118.79067820767064,55,28.0,27.4,6.714285714285714,7.0,1.0,2.8,1.2,Low,Low
1529309,2026-05-21,2026,2,Chennai Super Kings,Gujarat Titans,A Kamboj,19,8,1,2,237.5,Gujarat Titans,13.0,185.7142857142857,6.111111111111111,137.61022927689595,9,9.6,6.111111111111111,0.0,0.0,1.0,0.8,0.4,Low,Low
1529309,2026-05-21,2026,2,Chennai Super Kings,Gujarat Titans,D Brevis,8,10,0,0,80.0,Gujarat Titans,44.0,162.96296296296296,26.0,121.61291394717732,23,20.4,29.4,35.0,2.0,4.0,0.8,1.6,Low,Low
1529309,2026-05-21,2026,2,Chennai Super Kings,Gujarat Titans,Kartik Sharma,19,15,3,0,126.66666666666666,Gujarat Titans,32.0,168.42105263157893,27.6,131.946357830059,10,43.6,27.6,15.0,3.0,2.0,3.6,2.4,Low,Low
1529309,2026-05-21,2026,2,Chennai Super Kings,Gujarat Titans,MW Short,24,14,3,1,171.42857142857142,Gujarat Titans,34.0,117.2413793103448,19.125,101.47793298655368,8,16.4,19.125,36.0,3.0,0.0,1.4,0.4,Moderate,Low
1529309,2026-05-21,2026,2,Chennai Super Kings,Gujarat Titans,Mukesh Choudhary,2,2,0,0,100.0,Gujarat Titans,4.0,100.0,3.0,100.0,2,3.0,3.0,0.0,1.0,0.0,0.5,0.0,Low,Low
1529309,2026-05-21,2026,2,Chennai Super Kings,Gujarat Titans,Noor Ahmad,1,5,0,0,20.0,Gujarat Titans,1.0,100.0,2.142857142857143,69.84977324263038,14,2.8,1.8,0.0,0.0,0.0,0.0,0.2,Low,Low
1529309,2026-05-21,2026,2,Chennai Super Kings,Gujarat Titans,RD Gaikwad,16,7,1,2,228.57142857142856,Gujarat Titans,15.0,71.42857142857143,34.01204819277108,112.84217836336826,83,28.6,28.0,53.0,0.0,0.0,2.2,0.8,Low,Low
1529309,2026-05-21,2026,2,Chennai Super Kings,Gujarat Titans,S Dube,47,17,4,4,276.4705882352941,Gujarat Titans,26.0,113.04347826086956,24.209302325581397,133.43515980740742,86,20.0,21.7,20.22222222222222,3.0,1.0,1.8,1.2,High,Low
1529309,2026-05-21,2026,2,Chennai Super Kings,Gujarat Titans,SH Johnson,0,1,0,0,0.0,Gujarat Titans,1.0,33.33333333333333,1.6,66.66666666666666,5,1.6,1.6,0.0,0.0,0.0,0.2,0.0,Low,Low
1529309,2026-05-21,2026,2,Chennai Super Kings,Gujarat Titans,SV Samson,0,1,0,0,0.0,Gujarat Titans,27.0,225.0,28.157608695652176,121.83866740881598,184,34.6,45.5,35.25,5.0,1.0,4.0,1.8,Low,Low
1529309,2026-05-21,2026,2,Chennai Super Kings,Gujarat Titans,Urvil Patel,0,2,0,0,0.0,Gujarat Titans,13.0,162.5,21.88888888888889,169.95558083468077,9,25.0,21.88888888888889,20.5,0.0,2.0,1.0,2.8,Low,Low
1529310,2026-05-22,2026,1,Sunrisers Hyderabad,Royal Challengers Bengaluru,Abhishek Sharma,56,22,4,5,254.54545454545453,Royal Challengers Bengaluru,26.0,123.8095238095238,26.701149425287355,143.09504376872425,87,25.4,45.2,26.5,3.0,1.0,2.0,2.0,High,Low
1529310,2026-05-22,2026,1,Sunrisers Hyderabad,Royal Challengers Bengaluru,H Klaasen,51,24,2,5,212.5,Royal Challengers Bengaluru,47.0,180.7692307692308,35.08620689655172,160.62848812040258,58,41.2,41.0,32.25,6.0,2.0,3.8,2.2,High,Low
1529310,2026-05-22,2026,1,Sunrisers Hyderabad,Royal Challengers Bengaluru,Ishan Kishan,79,46,8,3,171.73913043478262,Royal Challengers Bengaluru,70.0,148.93617021276594,27.904,119.10722118408056,125,35.6,39.5,81.0,7.0,3.0,2.8,2.0,High,Low
1529310,2026-05-22,2026,1,Sunrisers Hyderabad,Royal Challengers Bengaluru,Nithish Kumar Reddy,29,12,1,3,241.66666666666663,Royal Challengers Bengaluru,11.0,157.14285714285714,21.818181818181817,127.779022238024,33,19.8,23.4,6.0,1.0,0.0,1.6,1.0,Moderate,Low
1529310,2026-05-22,2026,1,Sunrisers Hyderabad,Royal Challengers Bengaluru,TM Head,26,16,5,0,162.5,Royal Challengers Bengaluru,6.0,100.0,30.26,138.0164512641346,50,36.2,30.3,32.75,1.0,0.0,3.4,2.8,Moderate,Low
1529310,2026-05-22,2026,2,Royal Challengers Bengaluru,Sunrisers Hyderabad,D Padikkal,21,14,2,1,150.0,Sunrisers Hyderabad,45.0,180.0,25.79069767441861,114.59985796846205,86,34.0,30.1,27.25,4.0,3.0,4.0,1.4,Moderate,Low
1529310,2026-05-22,2026,2,Royal Challengers Bengaluru,Sunrisers Hyderabad,KH Pandya,41,31,5,0,132.25806451612902,Sunrisers Hyderabad,73.0,158.69565217391303,15.808333333333334,120.6664697253157,120,28.0,22.7,17.4,4.0,5.0,2.0,1.8,High,Low
1529310,2026-05-22,2026,2,Royal Challengers Bengaluru,Sunrisers Hyderabad,RM Patidar,56,38,6,1,147.36842105263156,Sunrisers Hyderabad,11.0,137.5,29.551020408163264,148.7917941211547,49,21.4,30.6,31.2,0.0,1.0,1.2,1.8,High,Low
1529310,2026-05-22,2026,2,Royal Challengers Bengaluru,Sunrisers Hyderabad,TH David,15,7,1,1,214.28571428571428,Sunrisers Hyderabad,28.0,233.33333333333331,19.785714285714285,156.55283442048147,56,15.8,17.6,24.2,2.0,2.0,1.2,1.2,Low,Low
1529310,2026-05-22,2026,2,Royal Challengers Bengaluru,Sunrisers Hyderabad,V Kohli,15,11,2,0,136.36363636363637,Sunrisers Hyderabad,58.0,161.11111111111111,33.62408759124087,120.9889497626379,274,38.2,41.3,33.80769230769231,4.0,3.0,4.0,1.4,Low,Low
1529310,2026-05-22,2026,2,Royal Challengers Bengaluru,Sunrisers Hyderabad,VR Iyer,44,19,4,4,231.57894736842107,Sunrisers Hyderabad,73.0,182.5,26.8135593220339,126.4754050993144,59,27.0,25.6,23.11111111111111,8.0,4.0,2.2,1.2,High,Low
1529311,2026-05-23,2026,1,Lucknow Super Giants,Punjab Kings,A Badoni,43,18,5,3,238.88888888888889,Punjab Kings,0.0,0.0,20.63636363636364,118.80947356970174,55,19.4,17.5,30.0,0.0,0.0,1.8,0.8,High,Low
1529311,2026-05-23,2026,1,Lucknow Super Giants,Punjab Kings,AA Kulkarni,0,1,0,0,0.0,Punjab Kings,17.0,70.83333333333334,8.666666666666666,66.46825396825398,3,8.666666666666666,8.666666666666666,0.0,1.0,0.0,1.0,0.0,Low,Low
1529311,2026-05-23,2026,1,Lucknow Super Giants,Punjab Kings,Abdul Samad,37,20,3,3,185.0,Punjab Kings,7.0,233.33333333333331,14.172413793103448,134.03334120077398,58,8.6,13.0,21.8,0.0,1.0,0.8,0.2,Moderate,Low
1529311,2026-05-23,2026,1,Lucknow Super Giants,Punjab Kings,Arjun Tendulkar,5,5,0,0,100.0,Punjab Kings,13.0,144.44444444444443,13.0,144.44444444444443,1,13.0,13.0,0.0,0.0,1.0,0.0,1.0,Low,Low
1529311,2026-05-23,2026,1,Lucknow Super Giants,Punjab Kings,JP Inglis,72,44,9,2,163.63636363636363,Punjab Kings,60.0,206.89655172413796,31.466666666666665,165.13678367398933,15,46.6,41.0,0.0,7.0,3.0,4.8,2.8,High,Low
1529311,2026-05-23,2026,1,Lucknow Super Giants,Punjab Kings,MD Choudhary,1,3,0,0,33.33333333333333,Punjab Kings,13.0,130.0,18.77777777777778,130.2214016919899,9,16.2,18.77777777777778,21.0,2.0,0.0,1.2,0.8,Low,Low
1529311,2026-05-23,2026,1,Lucknow Super Giants,Punjab Kings,N Pooran,2,7,0,0,28.57142857142857,Punjab Kings,16.0,145.45454545454547,24.754901960784316,139.74484114102486,102,30.0,19.1,23.25,0.0,2.0,1.2,3.0,Low,Low
1529311,2026-05-23,2026,1,Lucknow Super Giants,Punjab Kings,RR Pant,26,22,3,0,118.1818181818182,Punjab Kings,35.0,152.17391304347828,27.719424460431654,131.01559102370126,139,19.6,20.2,16.714285714285715,2.0,2.0,1.8,1.0,Moderate,Low
1529311,2026-05-23,2026,2,Punjab Kings,Lucknow Super Giants,C Connolly,18,10,4,0,180.0,Lucknow Super Giants,37.0,168.1818181818182,39.41666666666666,144.22285670536544,12,40.6,36.5,87.0,3.0,3.0,3.0,2.8,Low,Low
1529311,2026-05-23,2026,2,Punjab Kings,Lucknow Super Giants,P Simran Singh,69,39,7,2,176.9230769230769,Lucknow Super Giants,2.0,40.0,28.0625,133.4369492722261,64,19.0,36.1,32.0,0.0,0.0,2.2,0.8,High,Low
1529311,2026-05-23,2026,2,Punjab Kings,Lucknow Super Giants,Priyansh Arya,0,1,0,0,0.0,Lucknow Super Giants,0.0,0.0,30.3,160.5425081843411,30,16.2,31.8,34.0,0.0,0.0,1.2,1.2,Low,Low
1529311,2026-05-23,2026,2,Punjab Kings,Lucknow Super Giants,SS Iyer,101,51,11,5,198.03921568627453,Lucknow Super Giants,1.0,33.33333333333333,28.694444444444443,119.99207569610132,144,17.6,32.9,31.285714285714285,0.0,0.0,2.0,0.6,High,Low
1529311,2026-05-23,2026,2,Punjab Kings,Lucknow Super Giants,Suryansh Shedge,9,7,1,0,128.57142857142858,Lucknow Super Giants,35.0,159.0909090909091,17.333333333333332,139.83719889906502,9,29.2,17.333333333333332,0.0,2.0,2.0,1.6,2.4,Low,Low
1529312,2026-05-24,2026,1,Rajasthan Royals,Mumbai Indians,D Ferreira,18,15,0,2,120.0,Mumbai Indians,16.0,160.0,19.846153846153847,127.04197118670804,13,23.8,24.9,0.0,1.0,1.0,2.0,2.0,Low,Low
1529312,2026-05-24,2026,1,Rajasthan Royals,Mumbai Indians,Dhruv Jurel,38,26,3,2,146.15384615384613,Mumbai Indians,53.0,139.4736842105263,22.916666666666668,127.84903559208745,48,37.6,32.5,5.0,3.0,3.0,2.6,2.0,Moderate,Low
1529312,2026-05-24,2026,1,Rajasthan Royals,Mumbai Indians,JC Archer,32,14,1,3,228.57142857142856,Mumbai Indians,2.0,100.0,7.648648648648648,119.1145041145041,37,3.6,6.3,20.666666666666668,0.0,0.0,0.4,0.0,Moderate,Low
1529312,2026-05-24,2026,1,Rajasthan Royals,Mumbai Indians,MD Shanaka,29,15,0,3,193.33333333333331,Mumbai Indians,10.0,125.0,10.4,101.05519480519482,5,10.4,10.4,0.0,0.0,1.0,0.8,0.4,Moderate,Low
1529312,2026-05-24,2026,1,Rajasthan Royals,Mumbai Indians,N Burger,10,3,0,1,333.33333333333337,Mumbai Indians,3.0,60.0,3.0,60.0,1,3.0,3.0,0.0,0.0,0.0,0.0,0.0,Low,Low
1529312,2026-05-24,2026,1,Rajasthan Royals,Mumbai Indians,R Parag,14,8,2,1,175.0,Mumbai Indians,51.0,196.15384615384613,21.761904761904763,130.62764710590105,84,39.4,24.4,21.285714285714285,3.0,5.0,3.0,2.6,Low,Low
1529312,2026-05-24,2026,1,Rajasthan Royals,Mumbai Indians,RA Jadeja,19,10,3,0,190.0,Mumbai Indians,38.0,152.0,17.07920792079208,131.07572111376194,202,22.8,21.2,15.2,3.0,2.0,1.6,0.8,Low,Low
1529312,2026-05-24,2026,1,Rajasthan Royals,Mumbai Indians,SB Dubey,5,6,0,0,83.33333333333334,Mumbai Indians,5.0,55.55555555555556,13.4375,137.52660533910534,16,15.2,13.8,11.5,0.0,0.0,1.6,0.6,Low,Low
1529312,2026-05-24,2026,1,Rajasthan Royals,Mumbai Indians,V Suryavanshi,4,6,0,0,66.66666666666666,Mumbai Indians,93.0,244.73684210526315,41.55,197.17581519816423,20,44.4,45.7,19.5,7.0,10.0,3.8,4.2,Low,Low
1529312,2026-05-24,2026,1,Rajasthan Royals,Mumbai Indians,YBK Jaiswal,27,17,1,3,158.8235294117647,Mumbai Indians,43.0,186.95652173913044,32.10126582278481,136.5125861162271,79,23.0,20.0,41.44444444444444,8.0,1.0,3.6,0.6,Moderate,Low
1529312,2026-05-24,2026,2,Mumbai Indians,Rajasthan Royals,AM Ghazanfar,2,3,0,0,66.66666666666666,Rajasthan Royals,0.0,0.0,0.0,0.0,0,0.0,0.0,0.0,0.0,0.0,0.0,0.0,Low,Low
1529312,2026-05-24,2026,2,Mumbai Indians,Rajasthan Royals,C Bosch,2,4,0,0,50.0,Rajasthan Royals,32.0,177.77777777777777,19.0,175.1010101010101,5,19.0,19.0,0.0,3.0,2.0,1.6,1.0,Low,Low
1529312,2026-05-24,2026,2,Mumbai Indians,Rajasthan Royals,DL Chahar,8,5,0,1,160.0,Rajasthan Royals,10.0,142.85714285714286,7.052631578947368,94.44862155388472,19,5.2,5.6,6.0,2.0,0.0,0.8,0.0,Low,Low
1529312,2026-05-24,2026,2,Mumbai Indians,Rajasthan Royals,HH Pandya,34,15,3,2,226.66666666666663,Rajasthan Royals,26.0,96.29629629629628,19.276315789473685,139.77464087993275,152,18.2,18.7,32.1875,2.0,1.0,1.4,0.6,Moderate,Low
1529312,2026-05-24,2026,2,Mumbai Indians,Rajasthan Royals,Naman Dhir,6,5,1,0,120.0,Rajasthan Royals,0.0,0.0,22.0,148.44187195186365,32,27.2,25.4,12.5,0.0,0.0,2.4,1.4,Low,Low
1529312,2026-05-24,2026,2,Mumbai Indians,Rajasthan Royals,RD Rickelton,12,7,1,1,171.42857142857142,Rajasthan Royals,6.0,85.71428571428571,32.96,148.269243946263,25,35.2,35.5,34.5,1.0,0.0,2.2,3.4,Low,Low
1529312,2026-05-24,2026,2,Mumbai Indians,Rajasthan Royals,RG Sharma,0,4,0,0,0.0,Rajasthan Royals,15.0,115.38461538461536,26.658181818181816,115.07025169956424,275,33.0,37.2,20.166666666666668,0.0,2.0,2.0,2.8,Low,Low
1529312,2026-05-24,2026,2,Mumbai Indians,Rajasthan Royals,SA Yadav,60,42,3,4,142.85714285714286,Rajasthan Royals,15.0,250.0,27.567073170731707,138.0958012456501,164,10.6,14.3,30.47058823529412,2.0,1.0,1.6,0.4,High,Low
1529312,2026-05-24,2026,2,Mumbai Indians,Rajasthan Royals,SN Thakur,10,11,1,0,90.9090909090909,Rajasthan Royals,6.0,50.0,8.071428571428571,113.0068849663094,42,5.8,5.3,5.0,0.0,0.0,0.8,0.0,Low,Low
1529312,2026-05-24,2026,2,Mumbai Indians,Rajasthan Royals,Tilak Varma,3,7,0,0,42.85714285714285,Rajasthan Royals,20.0,62.5,28.984375,134.67992483297078,64,33.6,32.2,39.333333333333336,0.0,1.0,1.8,1.8,Low,Low
1529312,2026-05-24,2026,2,Mumbai Indians,Rajasthan Royals,WG Jacks,33,17,3,2,194.11764705882356,Rajasthan Royals,14.0,200.0,22.76,145.39326821032543,25,12.0,22.6,0.0,1.0,1.0,0.8,0.8,Moderate,Low
1529313,2026-05-24,2026,1,Delhi Capitals,Kolkata Knight Riders,AR Patel,39,25,3,2,156.0,Kolkata Knight Riders,34.0,188.88888888888889,15.413533834586469,125.07420038568856,133,20.6,13.4,11.36842105263158,2.0,2.0,2.0,0.8,Moderate,Low
1529313,2026-05-24,2026,1,Delhi Capitals,Kolkata Knight Riders,Abishek Porel,22,18,4,0,122.22222222222224,Kolkata Knight Riders,51.0,164.51612903225808,23.34375,134.90777166469547,32,24.4,23.1,7.333333333333333,7.0,1.0,2.4,0.8,Moderate,Low
1529313,2026-05-24,2026,1,Delhi Capitals,Kolkata Knight Riders,Ashutosh Sharma,18,10,2,1,180.0,Kolkata Knight Riders,18.0,360.0,21.84,162.11194147574852,25,24.0,21.9,23.0,1.0,2.0,2.0,1.8,Low,Low
1529313,2026-05-24,2026,1,Delhi Capitals,Kolkata Knight Riders,DA Miller,28,19,0,3,147.36842105263156,Kolkata Knight Riders,9.0,150.0,22.7972027972028,125.60299719124312,143,16.4,19.4,18.0,0.0,1.0,1.2,1.0,Moderate,Low
1529313,2026-05-24,2026,1,Delhi Capitals,Kolkata Knight Riders,KL Rahul,60,30,5,4,200.0,Kolkata Knight Riders,56.0,133.33333333333331,38.19867549668874,126.76807036705628,151,35.0,44.0,34.0625,1.0,3.0,3.0,1.6,High,Low
1529313,2026-05-24,2026,1,Delhi Capitals,Kolkata Knight Riders,SU Parakh,24,17,3,1,141.1764705882353,Kolkata Knight Riders,9.0,112.5,7.333333333333333,109.7222222222222,3,7.333333333333333,7.333333333333333,0.0,1.0,0.0,0.6666666666666666,0.3333333333333333,Moderate,Low
1529313,2026-05-24,2026,1,Delhi Capitals,Kolkata Knight Riders,T Stubbs,0,1,0,0,0.0,Kolkata Knight Riders,4.0,66.66666666666666,22.930232558139537,142.30591600869857,43,14.8,23.3,15.25,0.0,0.0,0.6,0.6,Low,Low
1529313,2026-05-24,2026,2,Kolkata Knight Riders,Delhi Capitals,AM Rahane,63,39,4,4,161.53846153846155,Delhi Capitals,21.0,123.52941176470588,27.06122448979592,107.84726698325578,196,22.0,18.9,31.428571428571427,4.0,0.0,2.6,0.8,High,Low
1529313,2026-05-24,2026,2,Kolkata Knight Riders,Delhi Capitals,AS Roy,9,8,1,0,112.5,Delhi Capitals,4.0,100.0,5.307692307692308,75.04120879120879,13,8.6,6.5,0.0,0.0,0.0,0.4,0.4,Low,Low
1529313,2026-05-24,2026,2,Kolkata Knight Riders,Delhi Capitals,C Green,2,3,0,0,66.66666666666666,Delhi Capitals,4.0,50.0,25.04878048780488,134.26771801555773,41,24.8,29.6,27.33333333333333,0.0,0.0,1.2,1.4,Low,Low
1529313,2026-05-24,2026,2,Kolkata Knight Riders,Delhi Capitals,CV Varun,5,5,1,0,100.0,Delhi Capitals,0.0,0.0,2.1666666666666665,55.48611111111111,12,0.6,1.8,1.0,0.0,0.0,0.0,0.0,Low,Low
1529313,2026-05-24,2026,2,Kolkata Knight Riders,Delhi Capitals,FH Allen,20,13,3,1,153.84615384615387,Delhi Capitals,8.0,160.0,32.9,193.57518441091656,10,49.6,32.9,100.0,2.0,0.0,3.4,4.6,Moderate,Low
1529313,2026-05-24,2026,2,Kolkata Knight Riders,Delhi Capitals,Kartik Tyagi,0,1,0,0,0.0,Delhi Capitals,6.0,150.0,3.0,82.08333333333333,8,3.8,3.0,4.5,0.0,1.0,0.4,0.2,Low,Low
1529313,2026-05-24,2026,2,Kolkata Knight Riders,Delhi Capitals,MK Pandey,25,16,2,2,156.25,Delhi Capitals,45.0,136.36363636363637,24.365853658536587,107.0001175179616,164,35.8,24.2,20.83333333333333,6.0,0.0,2.6,1.4,Moderate,Low
1529313,2026-05-24,2026,2,Kolkata Knight Riders,Delhi Capitals,R Powell,29,21,3,1,138.0952380952381,Delhi Capitals,40.0,137.93103448275863,18.13793103448276,118.52261902490972,29,24.4,19.2,9.0,4.0,2.0,1.8,1.4,Moderate,Low
1529313,2026-05-24,2026,2,Kolkata Knight Riders,Delhi Capitals,RK Singh,0,1,0,0,0.0,Delhi Capitals,9.0,180.0,22.548387096774192,144.94678854707962,62,33.4,26.6,20.4,2.0,0.0,3.0,1.6,Low,Low
1529313,2026-05-24,2026,2,Kolkata Knight Riders,Delhi Capitals,SR Dubey,4,2,1,0,200.0,Delhi Capitals,0.0,0.0,0.0,0.0,0,0.0,0.0,0.0,0.0,0.0,0.0,0.0,Low,Low
1529313,2026-05-24,2026,2,Kolkata Knight Riders,Delhi Capitals,T Dahiya,1,3,0,0,33.33333333333333,Delhi Capitals,11.0,91.66666666666666,11.0,91.66666666666666,1,11.0,11.0,0.0,2.0,0.0,2.0,0.0,Low,Low
1535462,2026-05-26,2026,1,Royal Challengers Bengaluru,Gujarat Titans,D Padikkal,30,19,5,0,157.89473684210526,Gujarat Titans,21.0,150.0,25.735632183908045,115.0067561527326,87,30.2,30.8,19.33333333333333,2.0,1.0,3.4,1.2,Moderate,Low
1535462,2026-05-26,2026,1,Royal Challengers Bengaluru,Gujarat Titans,JM Sharma,15,5,1,1,300.0,Gujarat Titans,8.0,160.0,18.964912280701757,140.15330280842775,57,7.6,9.0,17.285714285714285,1.0,0.0,0.6,0.6,Low,Low
1535462,2026-05-26,2026,1,Royal Challengers Bengaluru,Gujarat Titans,KH Pandya,43,26,5,2,165.3846153846154,Gujarat Titans,41.0,132.25806451612902,16.016528925619834,120.762268029372,121,33.8,26.7,10.375,5.0,0.0,3.0,1.6,High,Low
1535462,2026-05-26,2026,1,Royal Challengers Bengaluru,Gujarat Titans,RM Patidar,93,33,5,9,281.8181818181818,Gujarat Titans,56.0,147.36842105263156,30.08,148.76332665978424,50,31.0,31.4,18.6,6.0,1.0,2.4,1.8,High,Low
1535462,2026-05-26,2026,1,Royal Challengers Bengaluru,Gujarat Titans,TH David,4,5,0,0,80.0,Gujarat Titans,15.0,214.28571428571428,19.70175438596491,157.5656919619768,57,17.0,17.8,14.125,1.0,1.0,1.4,1.2,Low,Low
1535462,2026-05-26,2026,1,Royal Challengers Bengaluru,Gujarat Titans,V Kohli,43,25,5,1,172.0,Gujarat Titans,15.0,136.36363636363637,33.556363636363635,121.04485771391424,275,35.6,37.8,57.5,2.0,0.0,3.4,1.2,High,Low
1535462,2026-05-26,2026,1,Royal Challengers Bengaluru,Gujarat Titans,VR Iyer,19,7,3,1,271.42857142857144,Gujarat Titans,44.0,231.57894736842107,27.1,128.2271308037995,60,33.0,29.4,27.4,4.0,4.0,3.0,2.0,Low,Low
1535462,2026-05-26,2026,2,Gujarat Titans,Royal Challengers Bengaluru,B Sai Sudharsan,14,9,3,0,155.55555555555557,Royal Challengers Bengaluru,84.0,161.53846153846155,45.01851851851852,139.6608476630797,54,62.0,52.5,49.0,7.0,4.0,5.8,2.4,Low,Low
1535462,2026-05-26,2026,2,Gujarat Titans,Royal Challengers Bengaluru,JC Buttler,29,11,4,2,263.6363636363636,Royal Challengers Bengaluru,57.0,211.11111111111111,34.25373134328358,131.13407625447095,134,32.0,29.3,59.25,5.0,4.0,2.6,1.8,Moderate,Low
1535462,2026-05-26,2026,2,Gujarat Titans,Royal Challengers Bengaluru,JO Holder,0,3,0,0,0.0,Royal Challengers Bengaluru,11.0,110.0,9.90625,112.42147370110732,32,11.6,7.2,17.5,0.0,0.0,0.4,0.6,Low,Low
1535462,2026-05-26,2026,2,Gujarat Titans,Royal Challengers Bengaluru,K Rabada,9,5,2,0,180.0,Royal Challengers Bengaluru,12.0,85.71428571428571,7.8125,106.8236320970696,32,11.0,7.0,0.0,2.0,0.0,0.6,0.8,Low,Low
1535462,2026-05-26,2026,2,Gujarat Titans,Royal Challengers Bengaluru,M Prasidh Krishna,6,7,1,0,85.71428571428571,Royal Challengers Bengaluru,2.0,40.0,1.2857142857142858,26.258503401360542,7,1.6,1.2857142857142858,0.0,0.0,0.0,0.0,0.0,Low,Low
1535462,2026-05-26,2026,2,Gujarat Titans,Royal Challengers Bengaluru,Mohammed Siraj,5,13,1,0,38.46153846153847,Royal Challengers Bengaluru,0.0,0.0,5.090909090909091,75.71769139950958,22,3.2,5.4,0.0,0.0,0.0,0.0,0.4,Low,Low
1535462,2026-05-26,2026,2,Gujarat Titans,Royal Challengers Bengaluru,N Sindhu,5,3,1,0,166.66666666666669,Royal Challengers Bengaluru,1.0,25.0,12.666666666666666,106.16883116883116,3,12.666666666666666,12.666666666666666,0.0,0.0,0.0,1.0,0.6666666666666666,Low,Low
1535462,2026-05-26,2026,2,Gujarat Titans,Royal Challengers Bengaluru,R Tewatia,68,43,8,4,158.13953488372093,Royal Challengers Bengaluru,0.0,0.0,13.75,136.87678133658792,88,4.4,7.5,31.0,0.0,0.0,0.2,0.4,High,Low
1535462,2026-05-26,2026,2,Gujarat Titans,Royal Challengers Bengaluru,Rashid Khan,8,9,0,1,88.88888888888889,Royal Challengers Bengaluru,7.0,116.66666666666669,8.857142857142858,118.677127436056,70,7.0,5.7,12.5,1.0,0.0,0.8,0.0,Low,Low
1535462,2026-05-26,2026,2,Gujarat Titans,Royal Challengers Bengaluru,Shubman Gill,2,7,0,0,28.57142857142857,Royal Challengers Bengaluru,64.0,172.97297297297297,35.29133858267716,127.34932327406128,127,48.6,45.1,21.4,7.0,3.0,4.6,2.6,Low,Low
1535462,2026-05-26,2026,2,Gujarat Titans,Royal Challengers Bengaluru,Washington Sundar,8,7,1,0,114.28571428571428,Royal Challengers Bengaluru,7.0,233.33333333333331,14.535714285714286,120.83608276348605,56,29.2,22.6,15.5,0.0,1.0,2.8,1.4,Low,Low
1535463,2026-05-27,2026,1,Rajasthan Royals,Sunrisers Hyderabad,D Ferreira,12,9,1,0,133.33333333333331,Sunrisers Hyderabad,18.0,120.0,19.714285714285715,126.53897324480032,14,17.0,26.6,51.0,0.0,2.0,0.8,1.8,Low,Low
1535463,2026-05-27,2026,1,Rajasthan Royals,Sunrisers Hyderabad,Dhruv Jurel,50,21,5,3,238.0952380952381,Sunrisers Hyderabad,38.0,146.15384615384613,23.22448979591837,128.2226031545723,49,42.0,28.2,35.6,3.0,2.0,3.2,2.2,High,Low
1535463,2026-05-27,2026,1,Rajasthan Royals,Sunrisers Hyderabad,JC Archer,4,5,1,0,80.0,Sunrisers Hyderabad,32.0,228.57142857142856,8.289473684210526,121.99494949494948,38,8.4,9.5,4.4,1.0,3.0,0.4,0.6,Low,Low
1535463,2026-05-27,2026,1,Rajasthan Royals,Sunrisers Hyderabad,MD Shanaka,5,3,1,0,166.66666666666669,Sunrisers Hyderabad,29.0,193.33333333333331,13.5,116.43488455988457,6,14.4,13.5,9.0,0.0,3.0,0.6,1.0,Low,Low
1535463,2026-05-27,2026,1,Rajasthan Royals,Sunrisers Hyderabad,N Burger,1,1,0,0,100.0,Sunrisers Hyderabad,10.0,333.33333333333337,6.5,196.66666666666669,2,6.5,6.5,3.0,0.0,1.0,0.0,0.5,Low,Low
1535463,2026-05-27,2026,1,Rajasthan Royals,Sunrisers Hyderabad,R Parag,26,12,2,2,216.66666666666663,Sunrisers Hyderabad,14.0,175.0,21.67058823529412,131.14967478700808,85,38.2,25.0,17.636363636363637,2.0,1.0,3.0,2.6,Moderate,Low
1535463,2026-05-27,2026,1,Rajasthan Royals,Sunrisers Hyderabad,RA Jadeja,12,9,1,0,133.33333333333331,Sunrisers Hyderabad,19.0,190.0,17.088669950738915,131.365988497438,203,24.8,23.0,16.3,3.0,0.0,2.0,0.8,Low,Low
1535463,2026-05-27,2026,1,Rajasthan Royals,Sunrisers Hyderabad,SS Mishra,1,3,0,0,33.33333333333333,Sunrisers Hyderabad,0.0,0.0,0.0,0.0,0,0.0,0.0,0.0,0.0,0.0,0.0,0.0,Low,Low
1535463,2026-05-27,2026,1,Rajasthan Royals,Sunrisers Hyderabad,V Suryavanshi,97,28,5,12,346.42857142857144,Sunrisers Hyderabad,4.0,66.66666666666666,39.76190476190476,190.9610938395215,21,36.6,38.3,51.5,0.0,0.0,3.2,3.2,High,Low
1535463,2026-05-27,2026,1,Rajasthan Royals,Sunrisers Hyderabad,YBK Jaiswal,29,29,4,0,100.0,Sunrisers Hyderabad,27.0,158.8235294117647,32.0375,136.79147290742134,80,18.2,21.4,27.8,1.0,3.0,2.4,1.0,Moderate,Low
1535463,2026-05-27,2026,2,Sunrisers Hyderabad,Rajasthan Royals,Abhishek Sharma,0,2,0,0,0.0,Rajasthan Royals,56.0,254.54545454545453,27.03409090909091,144.3615257093689,88,27.6,43.4,21.11111111111111,4.0,5.0,2.0,2.4,Low,Low
1535463,2026-05-27,2026,2,Sunrisers Hyderabad,Rajasthan Royals,E Malinga,5,8,0,0,62.5,Rajasthan Royals,0.0,0.0,1.0,16.666666666666664,2,1.0,1.0,0.0,0.0,0.0,0.0,0.0,Low,Low
1535463,2026-05-27,2026,2,Sunrisers Hyderabad,Rajasthan Royals,H Klaasen,18,10,2,1,180.0,Rajasthan Royals,51.0,212.5,35.355932203389834,161.5076662878534,59,38.4,42.2,32.42857142857143,2.0,5.0,2.8,2.4,Low,Low
1535463,2026-05-27,2026,2,Sunrisers Hyderabad,Rajasthan Royals,Ishan Kishan,33,11,3,3,300.0,Rajasthan Royals,79.0,171.73913043478262,28.30952380952381,119.52493474956232,126,51.4,44.7,39.785714285714285,8.0,3.0,4.4,2.6,Moderate,Low
1535463,2026-05-27,2026,2,Sunrisers Hyderabad,Rajasthan Royals,Nithish Kumar Reddy,38,20,3,2,190.0,Rajasthan Royals,29.0,241.66666666666663,22.029411764705884,131.12865883886644,34,18.4,22.4,35.0,1.0,3.0,1.4,1.0,Moderate,Low
1535463,2026-05-27,2026,2,Sunrisers Hyderabad,Rajasthan Royals,PJ Cummins,1,2,0,0,50.0,Rajasthan Royals,19.0,211.11111111111111,12.82,133.08281174449905,50,12.4,12.6,7.0,1.0,2.0,0.4,1.0,Low,Low
1535463,2026-05-27,2026,2,Sunrisers Hyderabad,Rajasthan Royals,R Smaran,1,4,0,0,25.0,Rajasthan Royals,5.0,250.0,6.0,136.66666666666666,3,6.0,6.0,0.0,1.0,0.0,1.0,0.0,Low,Low
1535463,2026-05-27,2026,2,Sunrisers Hyderabad,Rajasthan Royals,Sakib Hussain,5,7,1,0,71.42857142857143,Rajasthan Royals,0.0,0.0,0.0,0.0,0,0.0,0.0,0.0,0.0,0.0,0.0,0.0,Low,Low
1535463,2026-05-27,2026,2,Sunrisers Hyderabad,Rajasthan Royals,Salil Arora,35,21,2,2,166.66666666666669,Rajasthan Royals,0.0,0.0,0.0,0.0,0,0.0,0.0,0.0,0.0,0.0,0.0,0.0,Moderate,Low
1535463,2026-05-27,2026,2,Sunrisers Hyderabad,Rajasthan Royals,Shivang Kumar,27,23,3,0,117.3913043478261,Rajasthan Royals,4.0,66.66666666666666,5.2,118.33333333333331,5,5.2,5.2,0.0,0.0,0.0,0.6,0.2,Moderate,Low
1535463,2026-05-27,2026,2,Sunrisers Hyderabad,Rajasthan Royals,TM Head,17,8,2,1,212.5,Rajasthan Royals,26.0,162.5,30.176470588235293,138.49652084719077,51,26.2,29.1,36.6,5.0,0.0,3.6,1.2,Low,Low
1535464,2026-05-29,2026,1,Rajasthan Royals,Gujarat Titans,D Ferreira,38,11,2,4,345.45454545454544,Gujarat Titans,12.0,133.33333333333331,19.2,126.99193058403584,15,10.0,20.9,2.0,1.0,0.0,0.6,0.6,Moderate,Low
1535464,2026-05-29,2026,1,Rajasthan Royals,Gujarat Titans,Dhruv Jurel,7,6,1,0,116.66666666666669,Gujarat Titans,50.0,238.0952380952381,23.76,130.42005585338563,50,43.6,33.2,26.2,5.0,3.0,3.4,2.6,Low,Low
1535464,2026-05-29,2026,1,Rajasthan Royals,Gujarat Titans,JC Archer,7,4,0,1,175.0,Gujarat Titans,4.0,80.0,8.179487179487179,120.9181559181559,39,8.8,6.9,3.333333333333333,1.0,0.0,0.6,0.6,Low,Low
1535464,2026-05-29,2026,1,Rajasthan Royals,Gujarat Titans,MD Shanaka,3,9,0,0,33.33333333333333,Gujarat Titans,5.0,166.66666666666669,12.285714285714286,123.610853432282,7,15.4,12.285714285714286,16.0,1.0,0.0,0.8,1.0,Low,Low
1535464,2026-05-29,2026,1,Rajasthan Royals,Gujarat Titans,R Parag,11,6,1,1,183.3333333333333,Gujarat Titans,26.0,216.66666666666663,21.72093023255814,132.14405841351572,86,42.0,25.6,20.88888888888889,2.0,2.0,3.4,3.0,Low,Low
1535464,2026-05-29,2026,1,Rajasthan Royals,Gujarat Titans,RA Jadeja,45,35,5,1,128.57142857142858,Gujarat Titans,12.0,133.33333333333331,17.063725490196077,131.37563234467277,204,18.6,22.1,16.77777777777778,1.0,0.0,1.8,0.6,High,Low
1535464,2026-05-29,2026,1,Rajasthan Royals,Gujarat Titans,V Suryavanshi,96,47,8,7,204.25531914893617,Gujarat Titans,97.0,346.42857142857144,42.36363636363637,198.0277973662965,22,55.2,48.0,56.0,5.0,12.0,4.0,5.6,High,Low
1535464,2026-05-29,2026,1,Rajasthan Royals,Gujarat Titans,YBK Jaiswal,1,2,0,0,50.0,Gujarat Titans,29.0,100.0,32.0,136.3372571925149,81,22.8,24.2,22.0,4.0,0.0,3.2,0.8,Low,Low
1535464,2026-05-29,2026,2,Gujarat Titans,Rajasthan Royals,B Sai Sudharsan,58,32,8,1,181.25,Rajasthan Royals,14.0,155.55555555555557,44.45454545454545,139.9498423520338,55,53.4,51.7,50.66666666666666,3.0,0.0,5.4,2.2,High,Low
1535464,2026-05-29,2026,2,Gujarat Titans,Rajasthan Royals,JC Buttler,9,9,0,0,100.0,Rajasthan Royals,29.0,263.6363636363636,34.214814814814815,132.115574679522,135,32.6,29.7,31.25,4.0,2.0,3.2,1.8,Low,Low
1535464,2026-05-29,2026,2,Gujarat Titans,Rajasthan Royals,R Tewatia,17,9,2,1,188.88888888888889,Rajasthan Royals,68.0,158.13953488372093,14.359550561797754,137.11568867981416,89,17.6,14.2,13.666666666666666,8.0,4.0,1.8,1.2,Low,Low
1535464,2026-05-29,2026,2,Gujarat Titans,Rajasthan Royals,Shubman Gill,104,53,15,3,196.2264150943396,Rajasthan Royals,2.0,28.57142857142857,35.03125,126.57762097169696,128,48.0,36.7,38.375,0.0,0.0,4.4,2.6,High,Low
1535464,2026-05-29,2026,2,Gujarat Titans,Rajasthan Royals,Washington Sundar,16,9,2,1,177.77777777777777,Rajasthan Royals,8.0,114.28571428571428,14.421052631578949,120.72116401826196,57,28.4,21.3,21.666666666666668,1.0,0.0,3.0,1.2,Low,Low
1535465,2026-05-31,2026,1,Gujarat Titans,Royal Challengers Bengaluru,Arshad Khan,15,6,0,2,250.0,Royal Challengers Bengaluru,8.0,160.0,11.545454545454543,100.32861078315624,11,6.2,11.2,0.0,1.0,0.0,0.2,0.6,Low,Low
1535465,2026-05-31,2026,1,Gujarat Titans,Royal Challengers Bengaluru,B Sai Sudharsan,12,12,2,0,100.0,Royal Challengers Bengaluru,58.0,181.25,44.69642857142857,140.68734516717606,56,54.0,57.5,43.16666666666666,8.0,1.0,5.8,2.0,Low,Low
1535465,2026-05-31,2026,1,Gujarat Titans,Royal Challengers Bengaluru,JC Buttler,19,23,1,0,82.6086956521739,Royal Challengers Bengaluru,9.0,100.0,34.029411764705884,131.87943074805494,136,31.8,30.1,53.2,0.0,0.0,3.0,1.6,Low,Low
1535465,2026-05-31,2026,1,Gujarat Titans,Royal Challengers Bengaluru,JO Holder,7,5,1,0,140.0,Royal Challengers Bengaluru,0.0,0.0,9.606060606060606,109.01476237683134,33,7.0,7.1,11.666666666666666,0.0,0.0,0.2,0.2,Low,Low
1535465,2026-05-31,2026,1,Gujarat Titans,Royal Challengers Bengaluru,K Rabada,3,3,0,0,100.0,Royal Challengers Bengaluru,9.0,180.0,7.848484848484849,109.04109779109778,33,10.6,7.3,9.0,2.0,0.0,1.0,0.6,Low,Low
1535465,2026-05-31,2026,1,Gujarat Titans,Royal Challengers Bengaluru,N Sindhu,20,18,3,0,111.11111111111111,Royal Challengers Bengaluru,5.0,166.66666666666669,10.75,121.29329004329004,4,10.75,10.75,5.0,1.0,0.0,1.0,0.5,Moderate,Low
1535465,2026-05-31,2026,1,Gujarat Titans,Royal Challengers Bengaluru,R Tewatia,7,5,1,0,140.0,Royal Challengers Bengaluru,17.0,188.88888888888889,14.38888888888889,137.69094645991498,90,18.2,14.9,43.333333333333336,2.0,1.0,2.2,1.0,Low,Low
1535465,2026-05-31,2026,1,Gujarat Titans,Royal Challengers Bengaluru,Rashid Khan,7,3,0,1,233.33333333333331,Royal Challengers Bengaluru,8.0,88.88888888888889,8.845070422535212,118.25757478046212,71,8.6,6.1,11.0,0.0,1.0,0.8,0.2,Low,Low
1535465,2026-05-31,2026,1,Gujarat Titans,Royal Challengers Bengaluru,Shubman Gill,10,8,2,0,125.0,Royal Challengers Bengaluru,104.0,196.2264150943396,35.565891472868216,127.11753410443065,129,52.0,45.7,18.166666666666668,15.0,3.0,5.6,2.6,Low,Low
1535465,2026-05-31,2026,1,Gujarat Titans,Royal Challengers Bengaluru,Washington Sundar,50,37,5,0,135.13513513513513,Royal Challengers Bengaluru,16.0,177.77777777777777,14.448275862068966,121.70489873825362,58,23.6,21.6,13.0,2.0,1.0,2.4,1.2,High,Low
1535465,2026-05-31,2026,2,Royal Challengers Bengaluru,Gujarat Titans,D Padikkal,1,4,0,0,25.0,Gujarat Titans,30.0,157.89473684210526,25.78409090909091,115.49411956965729,88,29.4,32.8,20.4,5.0,0.0,3.8,1.0,Low,Low
1535465,2026-05-31,2026,2,Royal Challengers Bengaluru,Gujarat Titans,JM Sharma,11,14,1,0,78.57142857142857,Gujarat Titans,15.0,300.0,18.89655172413793,142.9092803462135,58,8.6,10.5,17.0,1.0,1.0,0.6,0.6,Low,Low
1535465,2026-05-31,2026,2,Royal Challengers Bengaluru,Gujarat Titans,KH Pandya,1,2,0,0,50.0,Gujarat Titans,43.0,165.3846153846154,16.237704918032787,121.12802497490678,122,37.8,23.7,14.0,5.0,2.0,3.4,1.8,Low,Low
1535465,2026-05-31,2026,2,Royal Challengers Bengaluru,Gujarat Titans,RM Patidar,15,13,1,1,115.38461538461536,Gujarat Titans,93.0,281.8181818181818,31.31372549019608,151.3722453883803,51,45.8,34.4,31.0,5.0,9.0,3.0,3.4,Low,Low
1535465,2026-05-31,2026,2,Royal Challengers Bengaluru,Gujarat Titans,TH David,24,17,3,1,141.1764705882353,Gujarat Titans,4.0,80.0,19.43103448275862,156.22835244539098,58,9.8,14.8,13.0,0.0,0.0,0.6,0.6,Moderate,Low
1535465,2026-05-31,2026,2,Royal Challengers Bengaluru,Gujarat Titans,V Kohli,75,42,9,3,178.57142857142858,Gujarat Titans,43.0,172.0,33.59057971014493,121.22947779466094,276,44.2,37.2,55.888888888888886,5.0,1.0,4.4,1.4,High,Low
1535465,2026-05-31,2026,2,Royal Challengers Bengaluru,Gujarat Titans,VR Iyer,32,16,4,2,200.0,Gujarat Titans,19.0,271.42857142857144,26.9672131147541,130.57469540420558,61,35.4,31.0,26.0,3.0,1.0,3.4,2.2,Moderate,Low
