match_id,date,season,innings,batting_team,bowling_team,batter,runs,balls_faced,fours,sixes,strike_rate,opponent,previous_runs,previous_strike_rate,career_average_before_match,career_strike_rate_before_match,previous_matches,recent_5_match_average,recent_10_match_average,opponent_average_before_match,previous_fours,previous_sixes,recent_5_fours,recent_5_sixes,predicted_runs,prediction_error,absolute_error
1359522,2023-05-05,2023,1,Rajasthan Royals,Gujarat Titans,TA Boult,15,11,1,1,136.36363636363635,Gujarat Titans,0.0,0.0,3.3125,86.24751984126983,16,6.2,4.0,5.5,0.0,0.0,0.4,0.2,3.5891183246808334,11.410881675319168,11.410881675319168
1359522,2023-05-05,2023,2,Gujarat Titans,Rajasthan Royals,WP Saha,41,34,5,0,120.58823529411764,Rajasthan Royals,0.0,0.0,20.46031746031746,117.16765809282656,126,13.0,15.6,8.285714285714286,0.0,0.0,1.6,0.0,23.0478790252276,17.9521209747724,17.9521209747724
1359522,2023-05-05,2023,1,Rajasthan Royals,Gujarat Titans,YBK Jaiswal,14,11,1,1,127.27272727272727,Gujarat Titans,124.0,203.27868852459017,30.46875,121.87311375599256,32,58.6,45.0,8.666666666666666,16.0,8.0,6.6,3.2,38.45427662851136,-24.45427662851136,24.45427662851136
1359523,2023-05-06,2023,2,Chennai Super Kings,Mumbai Indians,AM Rahane,21,17,1,1,123.52941176470588,Mumbai Indians,15.0,115.38461538461537,27.90909090909091,103.79987388954241,154,32.6,29.2,29.82608695652174,0.0,0.0,2.2,1.6,26.979868941562028,-5.979868941562028,5.979868941562028
1359523,2023-05-06,2023,2,Chennai Super Kings,Mumbai Indians,AT Rayudu,12,11,0,1,109.09090909090908,Mumbai Indians,0.0,0.0,23.738888888888887,114.47413984478158,180,8.8,10.1,25.076923076923077,0.0,0.0,1.0,0.2,20.901186552536945,-8.901186552536945,8.901186552536945
1359523,2023-05-06,2023,1,Mumbai Indians,Chennai Super Kings,Arshad Khan,1,2,0,0,50.0,Chennai Super Kings,2.0,50.0,8.5,108.33333333333334,2,8.5,8.5,2.0,0.0,0.0,0.0,0.5,10.68476496257176,-9.68476496257176,9.68476496257176
1359523,2023-05-06,2023,1,Mumbai Indians,Chennai Super Kings,C Green,6,4,1,0,150.0,Chennai Super Kings,23.0,127.77777777777777,29.555555555555557,142.92627627898946,9,46.2,29.555555555555557,12.0,4.0,0.0,4.0,2.0,25.44336178842364,-19.44336178842364,19.44336178842364
1359523,2023-05-06,2023,2,Chennai Super Kings,Mumbai Indians,DP Conway,44,42,4,0,104.76190476190477,Mumbai Indians,92.0,176.9230769230769,41.625,106.26822113429256,16,63.2,43.0,0.0,16.0,1.0,7.8,2.2,33.680145847874265,10.319854152125735,10.319854152125735
1359523,2023-05-06,2023,1,Mumbai Indians,Chennai Super Kings,Ishan Kishan,7,9,1,0,77.77777777777779,Chennai Super Kings,75.0,182.9268292682927,27.29113924050633,114.79085511946045,79,31.0,33.4,26.0,7.0,4.0,3.0,1.2,27.282342580991397,-20.282342580991397,20.282342580991397
1359523,2023-05-06,2023,1,Mumbai Indians,Chennai Super Kings,JC Archer,3,2,0,0,150.0,Chennai Super Kings,1.0,50.0,8.909090909090908,133.3736717827627,22,5.2,8.7,21.333333333333332,0.0,0.0,0.2,0.2,9.230698669647616,-6.230698669647616,6.230698669647616
1359523,2023-05-06,2023,2,Chennai Super Kings,Mumbai Indians,MS Dhoni,2,3,0,0,66.66666666666666,Mumbai Indians,13.0,325.0,23.94312796208531,129.67707131983744,211,12.0,16.4,21.941176470588236,0.0,2.0,0.2,1.4,23.11746752204819,-21.11746752204819,21.11746752204819
1359523,2023-05-06,2023,1,Mumbai Indians,Chennai Super Kings,N Wadhera,64,51,8,1,125.49019607843137,Chennai Super Kings,40.0,190.47619047619045,16.75,125.50366300366301,4,16.75,16.75,0.0,3.0,3.0,1.25,1.25,16.344293335162206,47.655706664837794,47.655706664837794
1359523,2023-05-06,2023,1,Mumbai Indians,Chennai Super Kings,PP Chawla,2,2,0,0,100.0,Chennai Super Kings,18.0,150.0,7.782051282051282,108.92283445674136,78,6.2,8.8,5.7272727272727275,1.0,1.0,0.4,0.2,7.286082440739725,-5.286082440739725,5.286082440739725
1359523,2023-05-06,2023,2,Chennai Super Kings,Mumbai Indians,RD Gaikwad,30,15,4,2,200.0,Mumbai Indians,37.0,119.35483870967742,34.68888888888889,105.82960591421255,45,31.4,35.6,23.166666666666668,4.0,1.0,2.6,1.0,31.53232425638226,-1.5323242563822603,1.5323242563822603
1359523,2023-05-06,2023,1,Mumbai Indians,Chennai Super Kings,RG Sharma,0,3,0,0,0.0,Chennai Super Kings,0.0,0.0,26.255411255411257,111.67619848304317,231,15.4,18.6,24.71875,0.0,0.0,2.0,0.6,26.753522601336773,-26.753522601336773,26.753522601336773
1359523,2023-05-06,2023,2,Chennai Super Kings,Mumbai Indians,S Dube,26,18,0,3,144.44444444444443,Mumbai Indians,28.0,164.70588235294116,23.21951219512195,120.5505337724771,41,38.0,27.4,15.875,1.0,2.0,1.6,3.2,20.695143390743134,5.304856609256866,5.304856609256866
1359523,2023-05-06,2023,1,Mumbai Indians,Chennai Super Kings,SA Yadav,26,22,3,0,118.18181818181819,Chennai Super Kings,66.0,212.9032258064516,24.66949152542373,133.08784396532988,118,41.6,28.0,24.153846153846153,8.0,2.0,5.2,1.8,29.56992289255783,-3.5699228925578304,3.5699228925578304
1359523,2023-05-06,2023,1,Mumbai Indians,Chennai Super Kings,T Stubbs,20,21,2,0,95.23809523809523,Chennai Super Kings,5.0,50.0,2.3333333333333335,50.0,3,2.3333333333333335,2.3333333333333335,2.5,0.0,0.0,0.0,0.0,6.328718988989592,13.671281011010407,13.671281011010407
1359523,2023-05-06,2023,1,Mumbai Indians,Chennai Super Kings,TH David,2,4,0,0,50.0,Chennai Super Kings,19.0,190.0,20.22222222222222,163.11749978416643,18,21.0,21.1,16.0,3.0,0.0,1.4,1.4,19.184754025179558,-17.184754025179558,17.184754025179558
1359524,2023-05-06,2023,2,Delhi Capitals,Royal Challengers Bangalore,AR Patel,8,3,0,1,266.66666666666663,Royal Challengers Bangalore,27.0,90.0,14.302083333333334,125.57834585090488,96,26.0,25.7,15.333333333333334,2.0,1.0,2.2,0.6,27.61909456359518,-19.61909456359518,19.61909456359518
1359524,2023-05-06,2023,1,Royal Challengers Bangalore,Delhi Capitals,Anuj Rawat,8,3,0,1,266.66666666666663,Delhi Capitals,9.0,81.81818181818183,12.833333333333334,56.202127659574465,12,5.8,13.3,7.5,0.0,0.0,0.4,0.0,13.210438293503705,-5.210438293503705,5.210438293503705
1359524,2023-05-06,2023,2,Delhi Capitals,Royal Challengers Bangalore,DA Warner,22,14,3,1,157.14285714285714,Royal Challengers Bangalore,2.0,100.0,35.58045977011494,120.50528512655904,174,19.8,31.3,38.13636363636363,0.0,0.0,3.4,0.2,29.69345070121764,-7.693450701217639,7.693450701217639
1359524,2023-05-06,2023,1,Royal Challengers Bangalore,Delhi Capitals,F du Plessis,45,32,5,1,140.625,Delhi Capitals,44.0,110.00000000000001,32.78813559322034,117.87207124846549,118,53.8,49.1,25.666666666666668,1.0,1.0,4.0,2.8,34.957436265050305,10.042563734949695,10.042563734949695
1359524,2023-05-06,2023,1,Royal Challengers Bangalore,Delhi Capitals,GJ Maxwell,0,1,0,0,0.0,Delhi Capitals,4.0,80.0,22.452173913043477,128.68196736360017,115,32.4,28.6,31.333333333333332,0.0,0.0,2.0,2.4,23.49083158861566,-23.49083158861566,23.49083158861566
1359524,2023-05-06,2023,1,Royal Challengers Bangalore,Delhi Capitals,KD Karthik,11,9,0,1,122.22222222222223,Delhi Capitals,16.0,145.45454545454547,20.53211009174312,118.80136780557949,218,17.8,10.5,15.4,1.0,1.0,1.6,0.6,16.16862433281318,-5.168624332813181,5.168624332813181
1359524,2023-05-06,2023,1,Royal Challengers Bangalore,Delhi Capitals,MK Lomror,54,29,6,3,186.20689655172413,Delhi Capitals,3.0,75.0,16.428571428571427,125.86633798818673,21,10.4,14.8,13.5,0.0,0.0,0.6,0.6,15.410340037047566,38.58965996295243,38.58965996295243
1359524,2023-05-06,2023,2,Delhi Capitals,Royal Challengers Bangalore,MR Marsh,26,17,3,1,152.94117647058823,Royal Challengers Bangalore,63.0,161.53846153846155,19.655172413793103,103.01913985527929,29,18.8,27.1,9.5,1.0,6.0,1.4,1.2,22.62738003820191,3.3726199617980903,3.3726199617980903
1359524,2023-05-06,2023,2,Delhi Capitals,Royal Challengers Bangalore,PD Salt,87,45,8,6,193.33333333333334,Royal Challengers Bangalore,0.0,0.0,16.0,83.80952380952382,4,16.0,16.0,0.0,0.0,0.0,2.5,0.0,20.58074446665355,66.41925553334644,66.41925553334644
1359524,2023-05-06,2023,2,Delhi Capitals,Royal Challengers Bangalore,RR Rossouw,35,21,1,3,166.66666666666669,Royal Challengers Bangalore,8.0,133.33333333333331,11.666666666666666,90.3170769112798,9,13.2,11.666666666666666,0.0,2.0,0.0,1.6,0.4,18.901253832407505,16.098746167592495,16.098746167592495
1359524,2023-05-06,2023,1,Royal Challengers Bangalore,Delhi Capitals,V Kohli,55,46,5,0,119.56521739130434,Delhi Capitals,31.0,103.33333333333334,30.964601769911503,116.64025539040638,226,30.0,37.1,26.75,3.0,0.0,3.0,0.2,32.77581649063609,22.22418350936391,22.22418350936391
1359525,2023-05-07,2023,2,Lucknow Super Giants,Gujarat Titans,A Badoni,21,11,1,2,190.9090909090909,Gujarat Titans,59.0,178.78787878787878,17.6,127.14711690454003,20,23.0,19.1,23.333333333333332,2.0,4.0,1.0,1.4,17.76524794511988,3.2347520548801185,3.2347520548801185
1359525,2023-05-07,2023,1,Gujarat Titans,Lucknow Super Giants,DA Miller,21,12,2,1,175.0,Lucknow Super Giants,0.0,0.0,23.954545454545453,124.49576408027265,110,26.0,28.0,20.666666666666668,0.0,0.0,1.4,1.6,24.71177582961988,-3.7117758296198815,3.7117758296198815
1359525,2023-05-07,2023,2,Lucknow Super Giants,Gujarat Titans,DJ Hooda,11,11,0,0,100.0,Gujarat Titans,1.0,50.0,15.176470588235293,117.72458580513269,85,3.6,9.8,28.0,0.0,0.0,0.4,0.0,16.72036732713764,-5.720367327137641,5.720367327137641
1359525,2023-05-07,2023,1,Gujarat Titans,Lucknow Super Giants,HH Pandya,25,15,1,2,166.66666666666669,Lucknow Super Giants,39.0,260.0,19.857142857142858,140.44531535000013,112,40.6,28.6,36.666666666666664,3.0,3.0,3.0,1.6,24.004099825507193,0.9959001744928067,0.9959001744928067
1359525,2023-05-07,2023,2,Lucknow Super Giants,Gujarat Titans,KH Pandya,0,1,0,0,0.0,Gujarat Titans,0.0,0.0,15.73913043478261,125.76802886699619,92,9.2,12.2,16.333333333333332,0.0,0.0,1.4,0.2,18.642448949793668,-18.642448949793668,18.642448949793668
1359525,2023-05-07,2023,2,Lucknow Super Giants,Gujarat Titans,KR Mayers,48,32,7,2,150.0,Gujarat Titans,14.0,82.35294117647058,31.1,125.4562882543916,10,28.6,31.1,24.0,2.0,0.0,3.0,1.6,23.954310109627063,24.045689890372937,24.045689890372937
1359525,2023-05-07,2023,2,Lucknow Super Giants,Gujarat Titans,MP Stoinis,4,9,0,0,44.44444444444444,Gujarat Titans,6.0,150.0,18.91304347826087,118.86177386679141,69,22.4,23.5,1.0,1.0,0.0,1.8,1.2,19.266709162716126,-15.266709162716126,15.266709162716126
1359525,2023-05-07,2023,2,Lucknow Super Giants,Gujarat Titans,N Pooran,3,6,0,0,50.0,Gujarat Titans,20.0,64.51612903225806,21.036363636363635,134.05449215194275,55,20.8,24.5,12.666666666666666,0.0,0.0,1.8,0.6,22.88457816961321,-19.88457816961321,19.88457816961321
1359525,2023-05-07,2023,2,Lucknow Super Giants,Gujarat Titans,Q de Kock,70,41,7,3,170.73170731707316,Gujarat Titans,6.0,120.0,29.752688172043012,115.75255277069854,93,42.8,32.0,9.0,0.0,1.0,3.0,3.0,28.129869288815346,41.87013071118466,41.87013071118466
1359525,2023-05-07,2023,2,Lucknow Super Giants,Gujarat Titans,Ravi Bishnoi,4,5,1,0,80.0,Gujarat Titans,5.0,50.0,2.375,78.83928571428572,8,2.2,2.375,0.0,0.0,0.0,0.0,0.0,3.417230687052294,0.5827693129477058,0.5827693129477058
1359525,2023-05-07,2023,1,Gujarat Titans,Lucknow Super Giants,Shubman Gill,94,51,2,7,184.31372549019608,Lucknow Super Giants,36.0,105.88235294117648,28.4375,116.82360495969735,80,29.4,37.5,21.0,6.0,0.0,4.4,0.2,29.72540158578793,64.27459841421206,64.27459841421206
1359525,2023-05-07,2023,2,Lucknow Super Giants,Gujarat Titans,Swapnil Singh,2,4,0,0,50.0,Gujarat Titans,10.0,58.82352941176471,4.0,52.94117647058823,3,4.0,4.0,0.0,0.0,0.0,0.0,0.0,9.952171028615384,-7.952171028615384,7.952171028615384
1359525,2023-05-07,2023,1,Gujarat Titans,Lucknow Super Giants,WP Saha,81,42,10,4,192.85714285714286,Lucknow Super Giants,41.0,120.58823529411764,20.62204724409449,117.19459177157687,127,20.4,19.2,26.0,5.0,0.0,2.4,0.0,22.84362217571878,58.15637782428122,58.15637782428122
1359526,2023-05-07,2023,2,Sunrisers Hyderabad,Rajasthan Royals,AK Markram,6,5,1,0,120.0,Rajasthan Royals,41.0,102.49999999999999,26.923076923076923,122.24569756312964,26,17.2,19.6,41.5,4.0,0.0,1.2,0.2,23.417734642296566,-17.417734642296566,17.417734642296566
1359526,2023-05-07,2023,2,Sunrisers Hyderabad,Rajasthan Royals,Abdul Samad,17,6,0,2,283.33333333333337,Rajasthan Royals,21.0,123.52941176470588,13.56,118.13608174452577,25,22.2,14.3,15.333333333333334,3.0,0.0,1.6,1.0,16.870815781145797,0.12918421885420273,0.12918421885420273
1359526,2023-05-07,2023,2,Sunrisers Hyderabad,Rajasthan Royals,Abhishek Sharma,55,34,5,2,161.76470588235296,Rajasthan Royals,9.0,90.0,19.878048780487806,116.63097026073324,41,23.2,24.3,10.0,1.0,0.0,3.2,0.4,20.219072895197773,34.78092710480223,34.78092710480223
1359526,2023-05-07,2023,2,Sunrisers Hyderabad,Rajasthan Royals,Anmolpreet Singh,33,25,4,1,132.0,Rajasthan Royals,31.0,119.23076923076923,15.0,111.8513431013431,4,15.0,15.0,5.0,3.0,1.0,1.5,0.5,16.506500434476383,16.493499565523617,16.493499565523617
1359526,2023-05-07,2023,2,Sunrisers Hyderabad,Rajasthan Royals,GD Phillips,25,7,1,3,357.14285714285717,Rajasthan Royals,8.0,133.33333333333331,8.5,107.69230769230768,4,8.5,8.5,8.0,0.0,1.0,0.25,0.75,15.46025789449386,9.53974210550614,9.53974210550614
1359526,2023-05-07,2023,2,Sunrisers Hyderabad,Rajasthan Royals,H Klaasen,26,12,2,2,216.66666666666666,Rajasthan Royals,36.0,180.0,21.25,141.44180563588458,12,34.6,24.8,6.0,1.0,3.0,2.2,2.0,19.54661061786046,6.453389382139541,6.453389382139541
1359526,2023-05-07,2023,1,Rajasthan Royals,Sunrisers Hyderabad,JC Buttler,95,59,10,4,161.01694915254237,Sunrisers Hyderabad,8.0,133.33333333333331,34.01086956521739,133.00801991189613,92,18.6,29.7,26.0,2.0,0.0,2.4,0.4,29.458080779161023,65.54191922083898,65.54191922083898
1359526,2023-05-07,2023,2,Sunrisers Hyderabad,Rajasthan Royals,M Jansen,3,2,0,0,150.0,Rajasthan Royals,1.0,25.0,5.25,74.45075757575758,8,6.8,5.25,0.0,0.0,0.0,0.8,0.0,4.624511585596113,-1.624511585596113,1.624511585596113
1359526,2023-05-07,2023,2,Sunrisers Hyderabad,Rajasthan Royals,RA Tripathi,47,29,2,3,162.06896551724137,Rajasthan Royals,20.0,250.0,23.951807228915662,127.1930854564361,83,14.6,21.0,19.2,3.0,1.0,1.0,0.6,23.944659873513476,23.055340126486524,23.055340126486524
1359526,2023-05-07,2023,1,Rajasthan Royals,Sunrisers Hyderabad,SO Hetmyer,7,5,0,0,140.0,Sunrisers Hyderabad,7.0,53.84615384615385,19.660377358490567,134.28071244958775,53,5.6,21.1,27.25,0.0,0.0,0.0,0.2,18.474297405590537,-11.474297405590537,11.474297405590537
1359526,2023-05-07,2023,1,Rajasthan Royals,Sunrisers Hyderabad,SV Samson,66,38,4,5,173.6842105263158,Sunrisers Hyderabad,30.0,150.0,26.34965034965035,116.72071288213154,143,17.0,24.2,36.25,3.0,1.0,1.4,0.6,27.312573036426578,38.68742696357342,38.68742696357342
1359526,2023-05-07,2023,1,Rajasthan Royals,Sunrisers Hyderabad,YBK Jaiswal,35,18,5,2,194.44444444444443,Sunrisers Hyderabad,14.0,127.27272727272727,29.96969696969697,122.03673840801483,33,61.2,44.2,30.5,1.0,1.0,6.8,3.4,31.684442111935297,3.3155578880647028,3.3155578880647028
1359527,2023-05-08,2023,2,Kolkata Knight Riders,Punjab Kings,AD Russell,42,23,3,3,182.6086956521739,Punjab Kings,24.0,160.0,23.967391304347824,149.80060536388055,92,21.2,16.6,38.333333333333336,1.0,2.0,0.8,2.0,26.423874877890874,15.576125122109126,15.576125122109126
1359527,2023-05-08,2023,1,Punjab Kings,Kolkata Knight Riders,Harpreet Brar,17,9,2,1,188.88888888888889,Kolkata Knight Riders,5.0,250.0,9.928571428571429,129.656248464298,14,6.6,7.2,14.0,1.0,0.0,0.6,0.2,11.19488703197838,5.80511296802162,5.80511296802162
1359527,2023-05-08,2023,2,Kolkata Knight Riders,Punjab Kings,JJ Roy,38,24,8,0,158.33333333333331,Punjab Kings,20.0,111.11111111111111,29.941176470588236,123.53284549323283,17,42.8,34.2,0.0,4.0,0.0,4.8,2.2,26.336047607861946,11.663952392138054,11.663952392138054
1359527,2023-05-08,2023,1,Punjab Kings,Kolkata Knight Riders,JM Sharma,21,18,0,2,116.66666666666667,Kolkata Knight Riders,49.0,181.4814814814815,23.65,170.31982340502162,20,32.0,23.9,21.0,5.0,2.0,1.8,2.6,20.120580826781808,0.8794191732181922,0.8794191732181922
1359527,2023-05-08,2023,1,Punjab Kings,Kolkata Knight Riders,LS Livingstone,15,8,3,0,187.5,Kolkata Knight Riders,82.0,204.99999999999997,25.214285714285715,140.21377276629377,28,31.4,33.1,12.5,7.0,4.0,2.0,2.0,23.08222820245154,-8.082228202451539,8.082228202451539
1359527,2023-05-08,2023,1,Punjab Kings,Kolkata Knight Riders,M Shahrukh Khan,21,8,3,1,262.5,Kolkata Knight Riders,2.0,66.66666666666666,13.692307692307692,133.38854772678303,26,12.0,11.7,11.5,0.0,0.0,0.4,1.0,11.916051278750656,9.083948721249344,9.083948721249344
1359527,2023-05-08,2023,2,Kolkata Knight Riders,Punjab Kings,N Rana,51,38,6,1,134.21052631578948,Punjab Kings,42.0,140.0,25.852631578947367,119.27809866319502,95,25.0,27.5,13.75,3.0,3.0,2.4,1.6,27.875138689813653,23.124861310186347,23.124861310186347
1359527,2023-05-08,2023,1,Punjab Kings,Kolkata Knight Riders,P Simran Singh,12,8,3,0,150.0,Kolkata Knight Riders,9.0,128.57142857142858,17.6875,108.64044962390551,16,26.4,21.9,13.5,1.0,0.0,2.2,1.6,19.397193291178006,-7.397193291178006,7.397193291178006
1359527,2023-05-08,2023,1,Punjab Kings,Kolkata Knight Riders,PBB Rajapaksa,0,3,0,0,0.0,Kolkata Knight Riders,20.0,76.92307692307693,23.083333333333332,143.69791473958142,12,15.2,20.3,40.5,1.0,0.0,1.4,0.4,23.217733596343507,-23.217733596343507,23.217733596343507
1359527,2023-05-08,2023,1,Punjab Kings,Kolkata Knight Riders,R Dhawan,19,11,1,1,172.72727272727272,Kolkata Knight Riders,1.0,100.0,9.095238095238095,124.05779405779406,21,7.6,8.2,12.333333333333334,0.0,0.0,0.8,0.4,7.633828178666624,11.366171821333376,11.366171821333376
1359527,2023-05-08,2023,2,Kolkata Knight Riders,Punjab Kings,RK Singh,21,10,2,1,210.0,Punjab Kings,46.0,131.42857142857142,22.68,127.47840160667724,25,28.4,31.6,4.0,4.0,1.0,2.0,1.4,22.481113897934375,-1.4811138979343745,1.4811138979343745
1359527,2023-05-08,2023,2,Kolkata Knight Riders,Punjab Kings,Rahmanullah Gurbaz,15,12,1,1,125.0,Punjab Kings,0.0,0.0,26.142857142857142,95.63101627055116,7,20.8,26.142857142857142,22.0,0.0,0.0,1.2,1.6,26.17816198673432,-11.17816198673432,11.17816198673432
1359527,2023-05-08,2023,1,Punjab Kings,Kolkata Knight Riders,S Dhawan,57,46,9,1,123.91304347826086,Kolkata Knight Riders,30.0,150.0,30.685446009389672,112.06542427894799,213,33.2,37.1,28.333333333333332,5.0,0.0,4.6,1.2,32.09309490077697,24.90690509922303,24.90690509922303
1359527,2023-05-08,2023,1,Punjab Kings,Kolkata Knight Riders,SM Curran,4,9,0,0,44.44444444444444,Kolkata Knight Riders,29.0,145.0,16.53125,136.2888742658572,32,24.2,19.6,23.0,1.0,1.0,2.0,1.2,18.29805628126559,-14.298056281265591,14.298056281265591
1359527,2023-05-08,2023,2,Kolkata Knight Riders,Punjab Kings,VR Iyer,11,13,0,0,84.61538461538461,Punjab Kings,7.0,175.0,26.71875,109.50681764671728,32,13.8,30.3,34.666666666666664,1.0,0.0,1.2,0.2,27.574935008229588,-16.574935008229588,16.574935008229588
1359528,2023-05-09,2023,1,Royal Challengers Bangalore,Mumbai Indians,Anuj Rawat,6,4,1,0,150.0,Mumbai Indians,8.0,266.66666666666663,12.461538461538462,72.39170758319695,13,6.6,14.1,66.0,0.0,1.0,0.2,0.2,16.455892982812397,-10.455892982812397,10.455892982812397
1359528,2023-05-09,2023,2,Mumbai Indians,Royal Challengers Bangalore,C Green,2,2,0,0,100.0,Royal Challengers Bangalore,6.0,150.0,27.2,143.6336486510905,10,34.6,27.2,5.0,1.0,0.0,3.0,1.6,25.01361336626909,-23.01361336626909,23.01361336626909
1359528,2023-05-09,2023,1,Royal Challengers Bangalore,Mumbai Indians,F du Plessis,65,40,5,3,162.5,Mumbai Indians,45.0,140.625,32.890756302521005,118.06327233041115,119,50.4,51.1,24.22222222222222,5.0,1.0,4.0,2.2,37.15909786359317,27.840902136406832,27.840902136406832
1359528,2023-05-09,2023,1,Royal Challengers Bangalore,Mumbai Indians,GJ Maxwell,68,33,8,4,206.06060606060606,Mumbai Indians,0.0,0.0,22.25862068965517,127.57264005874156,116,17.2,26.2,23.0625,0.0,0.0,1.4,0.8,27.21775179819221,40.78224820180779,40.78224820180779
1359528,2023-05-09,2023,2,Mumbai Indians,Royal Challengers Bangalore,Ishan Kishan,42,21,4,4,200.0,Royal Challengers Bangalore,7.0,77.77777777777779,27.0375,114.32819165268941,80,24.8,29.3,24.818181818181817,1.0,0.0,2.6,0.8,27.384243822520876,14.615756177479124,14.615756177479124
1359528,2023-05-09,2023,1,Royal Challengers Bangalore,Mumbai Indians,KD Karthik,30,18,4,1,166.66666666666669,Mumbai Indians,11.0,122.22222222222223,20.488584474885844,118.81698814538152,219,14.4,11.0,14.375,0.0,1.0,1.0,0.6,16.102364950521444,13.897635049478556,13.897635049478556
1359528,2023-05-09,2023,1,Royal Challengers Bangalore,Mumbai Indians,KM Jadhav,12,10,1,0,120.0,Mumbai Indians,12.0,100.0,14.95,112.64895159551818,80,11.0,11.7,16.4,0.0,0.0,0.4,0.4,11.693989092313814,0.30601090768618633,0.30601090768618633
1359528,2023-05-09,2023,1,Royal Challengers Bangalore,Mumbai Indians,MK Lomror,1,3,0,0,33.33333333333333,Mumbai Indians,54.0,186.20689655172413,18.136363636363637,128.60909065016568,22,21.2,16.0,11.0,6.0,3.0,1.8,1.2,16.83666208407797,-15.836662084077972,15.836662084077972
1359528,2023-05-09,2023,2,Mumbai Indians,Royal Challengers Bangalore,N Wadhera,52,33,4,3,157.57575757575756,Royal Challengers Bangalore,64.0,125.49019607843137,26.2,125.50096961861668,5,26.2,26.2,21.0,8.0,1.0,2.6,1.2,22.793544918185543,29.206455081814457,29.206455081814457
1359528,2023-05-09,2023,1,Royal Challengers Bangalore,Mumbai Indians,PWH de Silva,12,8,2,0,150.0,Mumbai Indians,8.0,114.28571428571428,4.615384615384615,85.04360012457178,13,4.2,5.5,0.0,1.0,0.0,0.2,0.0,5.6449626073424675,6.3550373926575325,6.3550373926575325
1359528,2023-05-09,2023,2,Mumbai Indians,Royal Challengers Bangalore,RG Sharma,7,8,1,0,87.5,Royal Challengers Bangalore,0.0,0.0,26.142241379310345,111.1948355585473,232,9.8,18.4,26.2,0.0,0.0,0.8,0.6,27.996721071830745,-20.996721071830745,20.996721071830745
1359528,2023-05-09,2023,2,Mumbai Indians,Royal Challengers Bangalore,SA Yadav,83,34,7,6,244.11764705882354,Royal Challengers Bangalore,26.0,118.18181818181819,24.680672268907564,132.96258324446003,119,45.4,29.3,21.375,3.0,0.0,5.8,1.6,30.19058703119402,52.80941296880598,52.80941296880598
1359528,2023-05-09,2023,2,Mumbai Indians,Royal Challengers Bangalore,TH David,0,1,0,0,0.0,Royal Challengers Bangalore,2.0,50.0,19.263157894736842,157.16394716394714,19,18.2,17.9,4.0,0.0,0.0,1.0,1.4,19.42050182593108,-19.42050182593108,19.42050182593108
1359528,2023-05-09,2023,1,Royal Challengers Bangalore,Mumbai Indians,V Kohli,1,4,0,0,25.0,Mumbai Indians,55.0,119.56521739130434,31.070484581497798,116.65314068556451,227,39.8,41.9,27.612903225806452,5.0,0.0,3.8,0.2,27.66292521053059,-26.66292521053059,26.66292521053059
1359529,2023-05-10,2023,1,Chennai Super Kings,Delhi Capitals,AM Rahane,21,20,2,0,105.0,Delhi Capitals,21.0,123.52941176470588,27.864516129032257,103.9271612306725,155,30.6,30.6,38.333333333333336,1.0,1.0,2.0,1.6,26.628316049826044,-5.628316049826044,5.628316049826044
1359529,2023-05-10,2023,2,Delhi Capitals,Chennai Super Kings,AR Patel,21,12,2,1,175.0,Chennai Super Kings,8.0,266.66666666666663,14.237113402061855,127.0328646222014,97,23.4,24.6,10.454545454545455,0.0,1.0,1.6,0.8,22.30427446092635,-1.3042744609263508,1.3042744609263508
1359529,2023-05-10,2023,1,Chennai Super Kings,Delhi Capitals,AT Rayudu,23,17,1,1,135.29411764705884,Delhi Capitals,12.0,109.09090909090908,23.674033149171272,114.44439823840658,181,7.2,10.8,19.875,0.0,1.0,0.4,0.4,17.772377063289696,5.227622936710304,5.227622936710304
1359529,2023-05-10,2023,2,Delhi Capitals,Chennai Super Kings,Aman Hakim Khan,2,3,0,0,66.66666666666666,Chennai Super Kings,51.0,115.90909090909092,12.857142857142858,120.36796536796537,7,16.2,12.857142857142858,0.0,3.0,3.0,1.0,1.0,15.411683386553234,-13.411683386553234,13.411683386553234
1359529,2023-05-10,2023,2,Delhi Capitals,Chennai Super Kings,DA Warner,0,2,0,0,0.0,Chennai Super Kings,22.0,157.14285714285714,35.502857142857145,120.7146426809379,175,20.4,33.0,31.0,3.0,1.0,3.2,0.4,37.14686260853298,-37.14686260853298,37.14686260853298
1359529,2023-05-10,2023,1,Chennai Super Kings,Delhi Capitals,DL Chahar,1,2,0,0,50.0,Delhi Capitals,1.0,100.0,7.181818181818182,95.0,11,1.6,6.5,0.0,0.0,0.0,0.0,0.0,7.3692601139260905,-6.3692601139260905,6.3692601139260905
1359529,2023-05-10,2023,1,Chennai Super Kings,Delhi Capitals,DP Conway,10,13,1,0,76.92307692307693,Delhi Capitals,44.0,104.76190476190477,41.76470588235294,106.17961428885799,17,55.4,45.8,87.0,4.0,0.0,7.4,1.0,41.06596407142519,-31.065964071425192,31.065964071425192
1359529,2023-05-10,2023,2,Delhi Capitals,Chennai Super Kings,Kuldeep Yadav,0,1,0,0,0.0,Chennai Super Kings,0.0,0.0,5.25,77.17056120693891,24,2.8,2.9,2.5,0.0,0.0,0.4,0.0,6.495403885138591,-6.495403885138591,6.495403885138591
1359529,2023-05-10,2023,2,Delhi Capitals,Chennai Super Kings,Lalit Yadav,12,5,3,0,240.0,Chennai Super Kings,4.0,57.14285714285714,16.294117647058822,91.33106685570004,17,14.4,13.6,0.0,0.0,0.0,1.2,0.2,16.13782526166027,-4.1378252616602715,4.1378252616602715
1359529,2023-05-10,2023,2,Delhi Capitals,Chennai Super Kings,MK Pandey,27,29,1,2,93.10344827586206,Chennai Super Kings,1.0,25.0,24.14012738853503,106.70953445097517,157,21.4,19.9,18.36842105263158,0.0,0.0,1.8,0.2,27.22997850739231,-0.2299785073923104,0.2299785073923104
1359529,2023-05-10,2023,1,Chennai Super Kings,Delhi Capitals,MM Ali,7,12,0,0,58.333333333333336,Delhi Capitals,10.0,166.66666666666669,20.755102040816325,118.64372534471305,49,13.0,22.1,18.166666666666668,2.0,0.0,1.0,0.8,20.663375957887386,-13.663375957887386,13.663375957887386
1359529,2023-05-10,2023,2,Delhi Capitals,Chennai Super Kings,MR Marsh,5,4,1,0,125.0,Chennai Super Kings,26.0,152.94117647058823,19.866666666666667,104.68320774245626,30,23.2,27.2,12.666666666666666,3.0,1.0,1.8,1.4,18.483961935017827,-13.483961935017827,13.483961935017827
1359529,2023-05-10,2023,1,Chennai Super Kings,Delhi Capitals,MS Dhoni,20,9,1,2,222.22222222222223,Delhi Capitals,2.0,66.66666666666666,23.839622641509433,129.379852429964,212,10.0,14.5,17.77777777777778,0.0,0.0,0.2,1.0,17.606534237374404,2.3934657626255955,2.3934657626255955
1359529,2023-05-10,2023,2,Delhi Capitals,Chennai Super Kings,PD Salt,17,11,1,2,154.54545454545453,Chennai Super Kings,87.0,193.33333333333334,30.2,105.71428571428574,5,30.2,30.2,0.0,8.0,6.0,3.6,1.2,22.50353958542148,-5.503539585421478,5.503539585421478
1359529,2023-05-10,2023,1,Chennai Super Kings,Delhi Capitals,RA Jadeja,21,16,1,1,131.25,Delhi Capitals,12.0,120.0,15.817073170731707,130.56699361110688,164,17.6,11.7,19.4,0.0,0.0,0.8,1.0,12.77411714102857,8.22588285897143,8.22588285897143
1359529,2023-05-10,2023,1,Chennai Super Kings,Delhi Capitals,RD Gaikwad,24,18,4,0,133.33333333333331,Delhi Capitals,30.0,200.0,34.58695652173913,107.87678839433838,46,36.8,38.4,26.8,4.0,2.0,3.4,1.4,31.416518752373328,-7.416518752373328,7.416518752373328
1359529,2023-05-10,2023,2,Delhi Capitals,Chennai Super Kings,RR Rossouw,35,37,2,1,94.5945945945946,Chennai Super Kings,35.0,166.66666666666669,14.0,97.95203588681849,10,17.4,14.0,7.5,1.0,3.0,1.6,0.8,19.27343962742854,15.72656037257146,15.72656037257146
1359529,2023-05-10,2023,2,Delhi Capitals,Chennai Super Kings,RV Patel,10,16,0,0,62.5,Chennai Super Kings,23.0,176.9230769230769,11.666666666666666,131.29273504273505,6,10.4,11.666666666666666,12.0,2.0,1.0,0.8,0.4,11.378966282074737,-1.378966282074737,1.378966282074737
1359529,2023-05-10,2023,1,Chennai Super Kings,Delhi Capitals,S Dube,25,12,0,3,208.33333333333334,Delhi Capitals,26.0,144.44444444444443,23.285714285714285,121.11943640752393,42,41.6,29.0,17.2,0.0,3.0,1.4,3.8,22.447321245300092,2.552678754699908,2.552678754699908
1359529,2023-05-10,2023,1,Chennai Super Kings,Delhi Capitals,TU Deshpande,0,1,0,0,0.0,Delhi Capitals,20.0,222.22222222222223,10.5,127.77777777777777,2,10.5,10.5,0.0,2.0,1.0,1.0,0.5,15.291053008421944,-15.291053008421944,15.291053008421944
1359530,2023-05-11,2023,1,Kolkata Knight Riders,Rajasthan Royals,AD Russell,10,10,0,1,100.0,Rajasthan Royals,42.0,182.6086956521739,24.161290322580644,150.15338052827082,93,22.0,17.3,17.7,3.0,3.0,1.2,1.8,23.486786891234626,-13.486786891234626,13.486786891234626
1359530,2023-05-11,2023,1,Kolkata Knight Riders,Rajasthan Royals,AS Roy,6,6,0,0,100.0,Rajasthan Royals,13.0,185.71428571428572,4.25,66.42857142857143,4,4.25,4.25,0.0,2.0,0.0,0.75,0.0,10.816577872156302,-4.8165778721563015,4.8165778721563015
1359530,2023-05-11,2023,2,Rajasthan Royals,Kolkata Knight Riders,JC Buttler,0,3,0,0,0.0,Kolkata Knight Riders,95.0,161.01694915254237,34.666666666666664,133.3091911940536,93,29.6,33.8,33.63636363636363,10.0,4.0,3.6,1.0,33.23241931155961,-33.23241931155961,33.23241931155961
1359530,2023-05-11,2023,1,Kolkata Knight Riders,Rajasthan Royals,JJ Roy,10,8,2,0,125.0,Rajasthan Royals,38.0,158.33333333333331,30.38888888888889,125.46620592879395,18,43.6,36.8,60.0,8.0,0.0,5.2,2.2,24.472284918819117,-14.472284918819117,14.472284918819117
1359530,2023-05-11,2023,1,Kolkata Knight Riders,Rajasthan Royals,N Rana,22,17,2,0,129.41176470588235,Rajasthan Royals,51.0,134.21052631578948,26.114583333333332,119.43364478457623,96,34.4,30.2,20.2,6.0,1.0,3.4,1.8,26.572329100660475,-4.572329100660475,4.572329100660475
1359530,2023-05-11,2023,1,Kolkata Knight Riders,Rajasthan Royals,RK Singh,16,18,0,1,88.88888888888889,Rajasthan Royals,21.0,210.0,22.615384615384617,130.65230923718966,26,31.4,33.3,22.5,2.0,1.0,2.2,1.6,20.2425786799239,-4.2425786799238985,4.2425786799238985
1359530,2023-05-11,2023,1,Kolkata Knight Riders,Rajasthan Royals,Rahmanullah Gurbaz,18,12,1,2,150.0,Rajasthan Royals,15.0,125.0,24.75,99.30213923673226,8,20.8,24.75,0.0,1.0,1.0,1.2,1.6,25.34339552082845,-7.343395520828452,7.343395520828452
1359530,2023-05-11,2023,1,Kolkata Knight Riders,Rajasthan Royals,SN Thakur,1,2,0,0,50.0,Rajasthan Royals,8.0,133.33333333333331,9.4,110.32002856322275,30,6.6,14.0,5.5,1.0,0.0,0.8,0.0,12.140376882851768,-11.140376882851768,11.140376882851768
1359530,2023-05-11,2023,1,Kolkata Knight Riders,Rajasthan Royals,SP Narine,6,5,1,0,120.0,Rajasthan Royals,1.0,50.0,11.544444444444444,119.87534142843741,90,1.4,3.6,12.909090909090908,0.0,0.0,0.2,0.0,9.714884568224189,-3.714884568224189,3.714884568224189
1359530,2023-05-11,2023,2,Rajasthan Royals,Kolkata Knight Riders,SV Samson,48,29,2,5,165.51724137931035,Kolkata Knight Riders,66.0,173.6842105263158,26.625,117.11629272688282,144,29.8,25.3,26.055555555555557,4.0,5.0,2.2,1.6,25.221281349540327,22.778718650459673,22.778718650459673
1359530,2023-05-11,2023,1,Kolkata Knight Riders,Rajasthan Royals,VR Iyer,57,42,2,4,135.71428571428572,Rajasthan Royals,11.0,84.61538461538461,26.242424242424242,108.75253179728296,33,16.0,28.0,22.0,0.0,0.0,1.2,0.2,29.369391413928152,27.630608586071848,27.630608586071848
1359530,2023-05-11,2023,2,Rajasthan Royals,Kolkata Knight Riders,YBK Jaiswal,98,47,13,5,208.51063829787236,Kolkata Knight Riders,35.0,194.44444444444443,30.11764705882353,124.16637682085099,34,59.4,42.3,11.0,5.0,2.0,7.0,3.4,31.20108695531991,66.79891304468009,66.79891304468009
1359531,2023-05-12,2023,2,Gujarat Titans,Mumbai Indians,A Manohar,2,3,0,0,66.66666666666666,Mumbai Indians,26.0,78.78787878787878,18.333333333333332,121.33366633366633,12,22.4,20.4,42.0,0.0,1.0,1.2,1.4,20.05054742476847,-18.05054742476847,18.05054742476847
1359531,2023-05-12,2023,2,Gujarat Titans,Mumbai Indians,AS Joseph,7,12,1,0,58.333333333333336,Mumbai Indians,4.0,80.0,5.0,73.84615384615384,4,5.0,5.0,0.0,0.0,0.0,0.5,0.0,9.455021472093254,-2.4550214720932537,2.4550214720932537
1359531,2023-05-12,2023,1,Mumbai Indians,Gujarat Titans,C Green,3,3,0,0,100.0,Gujarat Titans,2.0,100.0,24.90909090909091,139.6669533191732,11,21.6,26.9,33.0,0.0,0.0,1.8,1.0,23.814445986571936,-20.814445986571936,20.814445986571936
1359531,2023-05-12,2023,2,Gujarat Titans,Mumbai Indians,DA Miller,41,26,4,2,157.69230769230768,Mumbai Indians,21.0,175.0,23.92792792792793,124.95075719666659,111,21.0,23.3,23.071428571428573,2.0,1.0,1.2,1.4,25.87790159816046,15.12209840183954,15.12209840183954
1359531,2023-05-12,2023,2,Gujarat Titans,Mumbai Indians,HH Pandya,4,3,1,0,133.33333333333331,Mumbai Indians,25.0,166.66666666666669,19.902654867256636,140.67736270678478,113,32.4,27.7,18.5,1.0,2.0,2.8,1.2,24.517732921267683,-20.517732921267683,20.517732921267683
1359531,2023-05-12,2023,1,Mumbai Indians,Gujarat Titans,Ishan Kishan,31,20,4,1,155.0,Gujarat Titans,42.0,200.0,27.22222222222222,115.3858682989525,81,33.0,32.5,29.0,4.0,4.0,3.4,1.6,27.471198266501318,3.528801733498682,3.528801733498682
1359531,2023-05-12,2023,1,Mumbai Indians,Gujarat Titans,N Wadhera,15,7,1,1,214.28571428571428,Gujarat Titans,52.0,157.57575757575756,30.5,130.8467676114735,6,32.4,30.5,40.0,4.0,3.0,3.2,1.4,22.83573495113236,-7.835734951132359,7.835734951132359
1359531,2023-05-12,2023,2,Gujarat Titans,Mumbai Indians,Noor Ahmad,1,3,0,0,33.33333333333333,Mumbai Indians,0.0,0.0,0.0,0.0,0,0.0,0.0,0.0,0.0,0.0,0.0,0.0,8.198279704476576,-7.198279704476576,7.198279704476576
1359531,2023-05-12,2023,2,Gujarat Titans,Mumbai Indians,R Tewatia,14,13,1,0,107.6923076923077,Mumbai Indians,20.0,285.7142857142857,15.403846153846153,131.63692301912963,52,9.6,10.1,9.8,0.0,3.0,0.2,1.2,13.51370218386221,0.48629781613779066,0.48629781613779066
1359531,2023-05-12,2023,1,Mumbai Indians,Gujarat Titans,RG Sharma,29,18,3,2,161.11111111111111,Gujarat Titans,7.0,87.5,26.06008583690987,111.09314098533464,233,2.4,19.0,22.5,1.0,0.0,0.2,0.0,31.262687951924544,-2.262687951924544,2.262687951924544
1359531,2023-05-12,2023,2,Gujarat Titans,Mumbai Indians,Rashid Khan,79,32,3,10,246.875,Mumbai Indians,3.0,150.0,7.311111111111111,118.48783315449982,45,7.0,10.7,2.5555555555555554,0.0,0.0,0.4,0.6,7.4126565247849445,71.58734347521505,71.58734347521505
1359531,2023-05-12,2023,1,Mumbai Indians,Gujarat Titans,SA Yadav,103,49,11,6,210.20408163265304,Gujarat Titans,83.0,244.11764705882354,25.166666666666668,133.88887544291305,120,50.6,36.1,18.0,7.0,6.0,5.8,2.2,30.801192907587204,72.19880709241279,72.19880709241279
1359531,2023-05-12,2023,2,Gujarat Titans,Mumbai Indians,Shubman Gill,6,9,0,0,66.66666666666666,Mumbai Indians,94.0,184.31372549019608,29.246913580246915,117.6568163242714,81,48.2,40.6,30.444444444444443,2.0,7.0,4.8,1.6,26.221716613983116,-20.221716613983116,20.221716613983116
1359531,2023-05-12,2023,1,Mumbai Indians,Gujarat Titans,TH David,5,3,1,0,166.66666666666669,Gujarat Titans,0.0,0.0,18.3,149.3057498057498,20,13.2,17.5,22.0,0.0,0.0,1.0,1.0,17.8215056976859,-12.8215056976859,12.8215056976859
1359531,2023-05-12,2023,2,Gujarat Titans,Mumbai Indians,V Shankar,29,14,6,0,207.14285714285717,Mumbai Indians,6.0,66.66666666666666,19.5,119.51317635816902,48,29.8,22.0,17.571428571428573,1.0,0.0,1.8,2.2,20.708644596253336,8.291355403746664,8.291355403746664
1359531,2023-05-12,2023,1,Mumbai Indians,Gujarat Titans,Vishnu Vinod,30,20,2,2,150.0,Gujarat Titans,3.0,33.33333333333333,6.333333333333333,90.55555555555556,3,6.333333333333333,6.333333333333333,0.0,0.0,0.0,0.3333333333333333,0.3333333333333333,14.060217027698124,15.939782972301876,15.939782972301876
1359531,2023-05-12,2023,2,Gujarat Titans,Mumbai Indians,WP Saha,2,5,0,0,40.0,Mumbai Indians,81.0,192.85714285714286,21.09375,117.78570545193286,128,27.2,24.8,27.266666666666666,10.0,4.0,3.2,0.8,26.458582667758893,-24.458582667758893,24.458582667758893
1359532,2023-05-13,2023,1,Sunrisers Hyderabad,Lucknow Super Giants,AK Markram,28,20,2,1,140.0,Lucknow Super Giants,6.0,120.0,26.14814814814815,122.16252357931002,27,14.0,20.0,6.0,1.0,0.0,1.2,0.0,26.465935394335368,1.534064605664632,1.534064605664632
1359532,2023-05-13,2023,1,Sunrisers Hyderabad,Lucknow Super Giants,Abdul Samad,37,25,1,4,148.0,Lucknow Super Giants,17.0,283.33333333333337,13.692307692307692,124.48982219024914,26,19.2,13.5,10.5,0.0,2.0,1.2,1.2,14.741001904818036,22.258998095181965,22.258998095181965
1359532,2023-05-13,2023,1,Sunrisers Hyderabad,Lucknow Super Giants,Abhishek Sharma,7,4,1,0,175.0,Lucknow Super Giants,55.0,161.76470588235296,20.714285714285715,117.70558301362895,42,34.0,25.5,13.0,5.0,2.0,4.2,0.8,20.568100259186778,-13.568100259186778,13.568100259186778
1359532,2023-05-13,2023,1,Sunrisers Hyderabad,Lucknow Super Giants,Anmolpreet Singh,36,27,7,0,133.33333333333331,Lucknow Super Giants,33.0,132.0,18.6,115.88107448107448,5,18.6,18.6,31.0,4.0,1.0,2.0,0.6,17.089089289874572,18.910910710125428,18.910910710125428
1359532,2023-05-13,2023,1,Sunrisers Hyderabad,Lucknow Super Giants,B Kumar,2,1,0,0,200.0,Lucknow Super Giants,5.0,100.0,4.379310344827586,85.85877245360004,58,4.0,4.4,1.0,1.0,0.0,0.4,0.0,4.883590053607108,-2.883590053607108,2.883590053607108
1359532,2023-05-13,2023,1,Sunrisers Hyderabad,Lucknow Super Giants,GD Phillips,0,1,0,0,0.0,Lucknow Super Giants,25.0,357.14285714285717,11.8,157.58241758241758,5,11.8,11.8,0.0,1.0,3.0,0.4,1.2,13.1254263580132,-13.1254263580132,13.1254263580132
1359532,2023-05-13,2023,1,Sunrisers Hyderabad,Lucknow Super Giants,H Klaasen,47,29,3,3,162.06896551724137,Lucknow Super Giants,26.0,216.66666666666666,21.615384615384617,147.2283334074832,13,32.6,24.2,0.0,2.0,2.0,1.8,2.0,18.15115974013917,28.84884025986083,28.84884025986083
1359532,2023-05-13,2023,2,Lucknow Super Giants,Sunrisers Hyderabad,KR Mayers,2,14,0,0,14.285714285714285,Sunrisers Hyderabad,48.0,150.0,32.63636363636363,127.68753477671963,11,28.0,28.6,13.0,7.0,2.0,3.6,1.4,23.552720918241608,-21.552720918241608,21.552720918241608
1359532,2023-05-13,2023,2,Lucknow Super Giants,Sunrisers Hyderabad,MP Stoinis,40,25,2,3,160.0,Sunrisers Hyderabad,4.0,44.44444444444444,18.7,117.7986691607579,70,19.0,22.7,13.2,0.0,0.0,1.4,1.2,21.231394640973555,18.768605359026445,18.768605359026445
1359532,2023-05-13,2023,2,Lucknow Super Giants,Sunrisers Hyderabad,N Pooran,44,13,3,4,338.46153846153845,Sunrisers Hyderabad,3.0,50.0,20.714285714285715,132.5535190778009,56,15.6,21.2,29.8,0.0,0.0,1.4,0.4,21.633833953178044,22.366166046821956,22.366166046821956
1359532,2023-05-13,2023,2,Lucknow Super Giants,Sunrisers Hyderabad,PN Mankad,64,45,7,2,142.22222222222223,Sunrisers Hyderabad,4.0,400.0,4.0,400.0,1,4.0,4.0,4.0,1.0,0.0,1.0,0.0,10.318622651477716,53.68137734852228,53.68137734852228
1359532,2023-05-13,2023,2,Lucknow Super Giants,Sunrisers Hyderabad,Q de Kock,29,19,3,1,152.63157894736844,Sunrisers Hyderabad,70.0,170.73170731707316,30.180851063829788,116.3374373935323,94,46.8,36.6,33.81818181818182,7.0,3.0,3.6,3.0,27.05611252356802,1.9438874764319785,1.9438874764319785
1359532,2023-05-13,2023,1,Sunrisers Hyderabad,Lucknow Super Giants,RA Tripathi,20,13,4,0,153.84615384615387,Lucknow Super Giants,47.0,162.06896551724137,24.226190476190474,127.60827450477902,84,22.6,23.7,39.0,2.0,3.0,1.2,1.2,22.37324042533896,-2.3732404253389596,2.3732404253389596
1359533,2023-05-13,2023,2,Delhi Capitals,Punjab Kings,AR Patel,1,2,0,0,50.0,Punjab Kings,21.0,175.0,14.306122448979592,127.52232518728098,98,23.8,25.1,17.0,2.0,1.0,1.8,1.0,19.230583188488016,-18.230583188488016,18.230583188488016
1359533,2023-05-13,2023,2,Delhi Capitals,Punjab Kings,Aman Hakim Khan,16,18,1,1,88.88888888888889,Punjab Kings,2.0,66.66666666666666,11.5,113.65530303030303,8,15.0,11.5,0.0,0.0,0.0,1.0,0.8,14.780989734856258,1.2190102651437424,1.2190102651437424
1359533,2023-05-13,2023,2,Delhi Capitals,Punjab Kings,DA Warner,54,27,10,1,200.0,Punjab Kings,0.0,0.0,35.30113636363637,120.02876402934166,176,9.0,27.4,24.75,0.0,0.0,1.0,0.4,31.12281404183262,22.87718595816738,22.87718595816738
1359533,2023-05-13,2023,1,Punjab Kings,Delhi Capitals,Harpreet Brar,2,5,0,0,40.0,Delhi Capitals,17.0,188.88888888888889,10.4,133.60509115927073,15,9.8,7.5,8.333333333333334,2.0,1.0,1.0,0.4,9.77595254228028,-7.7759525422802795,7.7759525422802795
1359533,2023-05-13,2023,1,Punjab Kings,Delhi Capitals,JM Sharma,5,5,1,0,100.0,Delhi Capitals,21.0,116.66666666666667,23.523809523809526,167.76491117938565,21,28.0,23.9,38.0,0.0,2.0,1.4,2.4,23.1130873942518,-18.1130873942518,18.1130873942518
1359533,2023-05-13,2023,2,Delhi Capitals,Punjab Kings,Kuldeep Yadav,10,17,0,0,58.82352941176471,Punjab Kings,0.0,0.0,5.04,74.08373875866135,25,2.2,2.4,2.0,0.0,0.0,0.4,0.0,6.2046671484316755,3.7953328515683245,3.7953328515683245
1359533,2023-05-13,2023,1,Punjab Kings,Delhi Capitals,LS Livingstone,4,5,1,0,80.0,Delhi Capitals,15.0,187.5,24.862068965517242,141.84433232607677,29,34.0,31.6,5.0,3.0,0.0,2.6,2.0,25.674465300375594,-21.674465300375594,21.674465300375594
1359533,2023-05-13,2023,1,Punjab Kings,Delhi Capitals,M Shahrukh Khan,2,4,0,0,50.0,Delhi Capitals,21.0,262.5,13.962962962962964,138.1704533665318,27,11.8,12.6,10.333333333333334,3.0,1.0,0.8,0.8,12.608345628233838,-10.608345628233838,10.608345628233838
1359533,2023-05-13,2023,2,Delhi Capitals,Punjab Kings,MK Pandey,0,3,0,0,0.0,Punjab Kings,27.0,93.10344827586206,24.158227848101266,106.62341998151243,158,16.8,18.8,13.0,1.0,2.0,1.0,0.4,27.084716417482866,-27.084716417482866,27.084716417482866
1359533,2023-05-13,2023,2,Delhi Capitals,Punjab Kings,MR Marsh,3,4,0,0,75.0,Punjab Kings,5.0,125.0,19.387096774193548,105.3385881378609,31,24.2,18.8,63.0,1.0,0.0,2.0,1.4,27.205466982556548,-24.205466982556548,24.205466982556548
1359533,2023-05-13,2023,2,Delhi Capitals,Punjab Kings,Mukesh Kumar,6,7,0,0,85.71428571428571,Punjab Kings,1.0,100.0,0.5,50.0,2,0.5,0.5,0.0,0.0,0.0,0.0,0.0,5.3422486294616185,0.6577513705383815,0.6577513705383815
1359533,2023-05-13,2023,2,Delhi Capitals,Punjab Kings,P Dubey,16,20,2,0,80.0,Punjab Kings,7.0,53.84615384615385,7.0,53.84615384615385,1,7.0,7.0,0.0,0.0,0.0,0.0,0.0,12.003413497957686,3.996586502042314,3.996586502042314
1359533,2023-05-13,2023,1,Punjab Kings,Delhi Capitals,P Simran Singh,103,65,10,6,158.46153846153845,Delhi Capitals,12.0,150.0,17.352941176470587,111.07336435191107,17,19.6,20.8,12.0,3.0,0.0,2.2,0.8,19.01125469111638,83.98874530888362,83.98874530888362
1359533,2023-05-13,2023,2,Delhi Capitals,Punjab Kings,PD Salt,21,17,3,0,123.52941176470588,Punjab Kings,17.0,154.54545454545453,28.0,113.85281385281387,6,32.6,28.0,0.0,1.0,2.0,3.6,1.6,23.70122670390456,-2.7012267039045597,2.7012267039045597
1359533,2023-05-13,2023,2,Delhi Capitals,Punjab Kings,RR Rossouw,5,5,1,0,100.0,Punjab Kings,35.0,94.5945945945946,15.909090909090908,97.64681395116177,11,18.4,16.1,0.0,2.0,1.0,1.4,0.8,15.97010470289408,-10.97010470289408,10.97010470289408
1359533,2023-05-13,2023,1,Punjab Kings,Delhi Capitals,S Dhawan,7,5,0,1,140.0,Delhi Capitals,57.0,123.91304347826086,30.80841121495327,112.12078698548683,214,24.8,40.7,14.0,9.0,1.0,4.0,0.4,33.497666282689686,-26.497666282689686,26.497666282689686
1359533,2023-05-13,2023,1,Punjab Kings,Delhi Capitals,SM Curran,20,24,1,0,83.33333333333334,Delhi Capitals,4.0,44.44444444444444,16.151515151515152,133.5057097258144,33,23.8,19.6,11.0,0.0,0.0,1.8,1.2,20.274397534475934,-0.2743975344759342,0.2743975344759342
1359533,2023-05-13,2023,1,Punjab Kings,Delhi Capitals,Sikandar Raza,11,7,0,1,157.14285714285714,Delhi Capitals,13.0,185.71428571428572,21.333333333333332,124.13088266746803,6,22.4,21.333333333333332,0.0,1.0,0.0,1.8,0.8,18.110371292262446,-7.110371292262446,7.110371292262446
1359534,2023-05-14,2023,2,Rajasthan Royals,Royal Challengers Bangalore,A Zampa,2,6,0,0,33.33333333333333,Royal Challengers Bangalore,7.0,77.77777777777779,3.25,62.301587301587304,4,3.25,3.25,0.0,0.0,0.0,0.25,0.0,5.395646169366142,-3.3956461693661417,3.3956461693661417
1359534,2023-05-14,2023,1,Royal Challengers Bangalore,Rajasthan Royals,Anuj Rawat,29,11,3,2,263.6363636363636,Rajasthan Royals,6.0,150.0,12.0,77.93515704154002,14,7.8,12.1,26.0,1.0,0.0,0.4,0.2,15.848869039821924,13.151130960178076,13.151130960178076
1359534,2023-05-14,2023,2,Rajasthan Royals,Royal Challengers Bangalore,D Padikkal,4,4,1,0,100.0,Royal Challengers Bangalore,12.0,100.0,26.654545454545456,107.14820801203159,55,23.8,20.8,26.25,1.0,0.0,3.4,0.2,29.48429504379421,-25.48429504379421,25.48429504379421
1359534,2023-05-14,2023,2,Rajasthan Royals,Royal Challengers Bangalore,Dhruv Jurel,1,7,0,0,14.285714285714285,Royal Challengers Bangalore,9.0,112.5,15.666666666666666,149.44444444444446,9,15.8,15.666666666666666,34.0,1.0,0.0,1.2,0.8,11.02697264733584,-10.02697264733584,10.02697264733584
1359534,2023-05-14,2023,1,Royal Challengers Bangalore,Rajasthan Royals,F du Plessis,55,44,3,2,125.0,Rajasthan Royals,65.0,162.5,33.15833333333333,118.43357839432439,120,46.6,50.3,31.0,5.0,3.0,4.0,1.8,35.94321335594695,19.056786644053048,19.056786644053048
1359534,2023-05-14,2023,1,Royal Challengers Bangalore,Rajasthan Royals,GJ Maxwell,54,33,5,3,163.63636363636365,Rajasthan Royals,68.0,206.06060606060606,22.64957264957265,128.24347737499681,117,30.8,31.8,24.076923076923077,8.0,4.0,3.0,1.6,22.34815544407446,31.65184455592554,31.65184455592554
1359534,2023-05-14,2023,2,Rajasthan Royals,Royal Challengers Bangalore,JC Buttler,0,2,0,0,0.0,Royal Challengers Bangalore,0.0,0.0,34.297872340425535,131.89100830901046,94,29.6,31.9,31.692307692307693,0.0,0.0,3.6,1.0,27.727659947160483,-27.727659947160483,27.727659947160483
1359534,2023-05-14,2023,2,Rajasthan Royals,Royal Challengers Bangalore,JE Root,10,15,1,0,66.66666666666666,Royal Challengers Bangalore,0.0,0.0,0.0,0.0,0,0.0,0.0,0.0,0.0,0.0,0.0,0.0,8.627330100962746,1.3726698990372537,1.3726698990372537
1359534,2023-05-14,2023,1,Royal Challengers Bangalore,Rajasthan Royals,KD Karthik,0,2,0,0,0.0,Rajasthan Royals,30.0,166.66666666666669,20.53181818181818,119.03448668411461,220,19.0,14.0,23.333333333333332,4.0,1.0,1.6,0.8,19.650609241995394,-19.650609241995394,19.650609241995394
1359534,2023-05-14,2023,2,Rajasthan Royals,Royal Challengers Bangalore,KM Asif,0,2,0,0,0.0,Royal Challengers Bangalore,0.0,0.0,0.0,0.0,0,0.0,0.0,0.0,0.0,0.0,0.0,0.0,8.627330100962746,-8.627330100962746,8.627330100962746
1359534,2023-05-14,2023,1,Royal Challengers Bangalore,Rajasthan Royals,MG Bracewell,9,9,0,0,100.0,Rajasthan Royals,19.0,105.55555555555556,19.0,105.55555555555556,1,19.0,19.0,0.0,1.0,1.0,1.0,1.0,18.171523217559677,-9.171523217559677,9.171523217559677
1359534,2023-05-14,2023,1,Royal Challengers Bangalore,Rajasthan Royals,MK Lomror,1,2,0,0,50.0,Rajasthan Royals,1.0,33.33333333333333,17.391304347826086,124.46666641899907,23,20.0,15.5,8.0,0.0,0.0,1.6,1.2,19.869145951760842,-18.869145951760842,18.869145951760842
1359534,2023-05-14,2023,2,Rajasthan Royals,Royal Challengers Bangalore,SO Hetmyer,35,19,1,4,184.21052631578948,Royal Challengers Bangalore,7.0,140.0,19.425925925925927,134.3866251820028,54,6.6,19.6,20.428571428571427,0.0,0.0,0.0,0.2,18.081535229824695,16.918464770175305,16.918464770175305
1359534,2023-05-14,2023,2,Rajasthan Royals,Royal Challengers Bangalore,SV Samson,4,5,1,0,80.0,Royal Challengers Bangalore,48.0,165.51724137931035,26.77241379310345,117.45009237276165,145,35.0,25.9,18.95,2.0,5.0,2.2,2.4,25.305645575281986,-21.305645575281986,21.305645575281986
1359534,2023-05-14,2023,2,Rajasthan Royals,Royal Challengers Bangalore,Sandeep Sharma,0,1,0,0,0.0,Royal Challengers Bangalore,2.0,40.0,2.25,68.0324074074074,24,2.4,2.8,5.25,0.0,0.0,0.2,0.0,3.482756777884474,-3.482756777884474,3.482756777884474
1359534,2023-05-14,2023,1,Royal Challengers Bangalore,Rajasthan Royals,V Kohli,18,19,1,0,94.73684210526315,Rajasthan Royals,1.0,25.0,30.93859649122807,116.2511532264173,228,28.2,33.8,22.22222222222222,0.0,0.0,2.8,0.0,35.74092380586194,-17.74092380586194,17.74092380586194
1359534,2023-05-14,2023,2,Rajasthan Royals,Royal Challengers Bangalore,YBK Jaiswal,0,2,0,0,0.0,Royal Challengers Bangalore,98.0,208.51063829787236,32.05714285714286,126.57621286305161,35,69.6,51.0,25.75,13.0,5.0,8.6,4.0,36.57529983817937,-36.57529983817937,36.57529983817937
1359535,2023-05-14,2023,2,Kolkata Knight Riders,Chennai Super Kings,AD Russell,2,2,0,0,100.0,Chennai Super Kings,10.0,100.0,24.01063829787234,149.6198339269062,94,22.2,18.3,28.09090909090909,0.0,1.0,1.2,1.8,26.208203398804166,-24.208203398804166,24.208203398804166
1359535,2023-05-14,2023,1,Chennai Super Kings,Kolkata Knight Riders,AM Rahane,16,11,1,1,145.45454545454547,Kolkata Knight Riders,21.0,105.0,27.82051282051282,103.93403840227074,156,27.4,31.9,26.142857142857142,2.0,0.0,1.8,1.2,27.943523919658716,-11.943523919658716,11.943523919658716
1359535,2023-05-14,2023,1,Chennai Super Kings,Kolkata Knight Riders,AT Rayudu,4,7,0,0,57.14285714285714,Kolkata Knight Riders,23.0,135.29411764705884,23.67032967032967,114.55895713625632,182,11.6,12.1,22.15,1.0,1.0,0.6,0.6,19.709909435241883,-15.709909435241883,15.709909435241883
1359535,2023-05-14,2023,1,Chennai Super Kings,Kolkata Knight Riders,DP Conway,30,28,3,0,107.14285714285714,Kolkata Knight Riders,10.0,76.92307692307693,40.0,104.55425110187015,18,42.0,46.7,29.5,1.0,0.0,5.2,0.8,36.47111727747986,-6.471117277479863,6.471117277479863
1359535,2023-05-14,2023,2,Kolkata Knight Riders,Chennai Super Kings,JJ Roy,12,15,1,0,80.0,Chennai Super Kings,10.0,125.0,29.31578947368421,125.4416687746469,19,37.0,31.8,31.5,2.0,0.0,4.6,2.0,24.562277507764815,-12.562277507764815,12.562277507764815
1359535,2023-05-14,2023,1,Chennai Super Kings,Kolkata Knight Riders,MM Ali,1,2,0,0,50.0,Kolkata Knight Riders,7.0,58.333333333333336,20.48,117.43751750448544,50,13.0,22.8,32.0,0.0,0.0,1.0,0.8,22.118924248807552,-21.118924248807552,21.118924248807552
1359535,2023-05-14,2023,1,Chennai Super Kings,Kolkata Knight Riders,MS Dhoni,2,2,0,0,100.0,Kolkata Knight Riders,20.0,222.22222222222223,23.821596244131456,129.81573210035017,213,7.6,12.9,21.26923076923077,1.0,2.0,0.2,0.8,17.750855549751385,-15.750855549751385,15.750855549751385
1359535,2023-05-14,2023,2,Kolkata Knight Riders,Chennai Super Kings,N Rana,57,44,6,1,129.54545454545453,Chennai Super Kings,22.0,129.41176470588235,26.072164948453608,119.5365120002598,97,33.4,32.3,22.7,2.0,0.0,3.0,1.6,25.54340213643903,31.45659786356097,31.45659786356097
1359535,2023-05-14,2023,1,Chennai Super Kings,Kolkata Knight Riders,RA Jadeja,20,23,0,1,86.95652173913044,Kolkata Knight Riders,21.0,131.25,15.848484848484848,130.57113304376685,165,16.8,11.7,17.48,1.0,1.0,0.8,0.8,11.647268678094807,8.352731321905193,8.352731321905193
1359535,2023-05-14,2023,1,Chennai Super Kings,Kolkata Knight Riders,RD Gaikwad,17,13,2,0,130.76923076923077,Kolkata Knight Riders,24.0,133.33333333333331,34.361702127659576,108.41841701006166,47,34.6,31.6,40.5,4.0,0.0,3.8,1.4,29.02489106605151,-12.02489106605151,12.02489106605151
1359535,2023-05-14,2023,2,Kolkata Knight Riders,Chennai Super Kings,RK Singh,54,42,4,3,128.57142857142858,Chennai Super Kings,16.0,88.88888888888889,22.37037037037037,129.1055158909563,27,24.0,30.3,20.5,0.0,1.0,1.6,1.0,22.05055267561072,31.94944732438928,31.94944732438928
1359535,2023-05-14,2023,2,Kolkata Knight Riders,Chennai Super Kings,Rahmanullah Gurbaz,1,4,0,0,25.0,Chennai Super Kings,18.0,150.0,24.0,104.93523487709534,9,24.4,24.0,0.0,1.0,2.0,1.4,2.0,26.060763767984593,-25.060763767984593,25.060763767984593
1359535,2023-05-14,2023,1,Chennai Super Kings,Kolkata Knight Riders,S Dube,48,34,1,3,141.1764705882353,Kolkata Knight Riders,25.0,208.33333333333334,23.325581395348838,123.14766656858929,43,36.2,31.5,23.25,0.0,3.0,1.0,3.4,23.552463720529587,24.447536279470413,24.447536279470413
1359535,2023-05-14,2023,2,Kolkata Knight Riders,Chennai Super Kings,VR Iyer,9,4,2,0,225.0,Chennai Super Kings,57.0,135.71428571428572,27.147058823529413,109.54552455954774,34,23.4,33.4,26.0,2.0,4.0,1.2,0.8,25.78348899318189,-16.78348899318189,16.78348899318189
1359536,2023-05-15,2023,2,Sunrisers Hyderabad,Gujarat Titans,AK Markram,10,10,1,0,100.0,Gujarat Titans,28.0,140.0,26.214285714285715,122.79957630862039,28,17.2,20.7,34.0,2.0,1.0,1.4,0.2,26.72417964674963,-16.72417964674963,16.72417964674963
1359536,2023-05-15,2023,2,Sunrisers Hyderabad,Gujarat Titans,Abdul Samad,4,3,1,0,133.33333333333331,Gujarat Titans,37.0,148.0,14.555555555555555,125.3605695165362,27,22.4,17.1,0.0,1.0,4.0,1.2,1.6,14.389864091836541,-10.389864091836541,10.389864091836541
1359536,2023-05-15,2023,2,Sunrisers Hyderabad,Gujarat Titans,Abhishek Sharma,5,5,1,0,100.0,Gujarat Titans,7.0,175.0,20.3953488372093,119.03801131563758,43,28.6,25.3,53.5,1.0,0.0,3.8,0.6,23.245254719187848,-18.245254719187848,18.245254719187848
1359536,2023-05-15,2023,2,Sunrisers Hyderabad,Gujarat Titans,Anmolpreet Singh,5,4,1,0,125.0,Gujarat Titans,36.0,133.33333333333331,21.5,118.78978428978428,6,22.6,21.5,0.0,7.0,0.0,3.0,0.4,18.196608820461943,-13.196608820461943,13.196608820461943
1359536,2023-05-15,2023,2,Sunrisers Hyderabad,Gujarat Titans,B Kumar,27,26,3,0,103.84615384615385,Gujarat Titans,2.0,200.0,4.338983050847458,87.79336953065766,59,3.2,3.9,0.0,0.0,0.0,0.2,0.0,6.61783595814287,20.38216404185713,20.38216404185713
1359536,2023-05-15,2023,1,Gujarat Titans,Sunrisers Hyderabad,B Sai Sudharsan,47,34,6,1,138.23529411764704,Sunrisers Hyderabad,20.0,105.26315789473684,32.1,124.80753290151786,10,35.2,32.1,11.0,2.0,0.0,2.8,0.8,25.991812844126663,21.008187155873337,21.008187155873337
1359536,2023-05-15,2023,1,Gujarat Titans,Sunrisers Hyderabad,DA Miller,7,5,1,0,140.0,Sunrisers Hyderabad,41.0,157.69230769230768,24.080357142857142,125.24309246894911,112,28.0,24.2,17.076923076923077,4.0,2.0,2.0,1.8,23.609360815213762,-16.609360815213762,16.609360815213762
1359536,2023-05-15,2023,2,Sunrisers Hyderabad,Gujarat Titans,Fazalhaq Farooqi,1,5,0,0,20.0,Gujarat Titans,2.0,25.0,2.0,25.0,1,2.0,2.0,0.0,0.0,0.0,0.0,0.0,9.681994654823642,-8.681994654823642,8.681994654823642
1359536,2023-05-15,2023,2,Sunrisers Hyderabad,Gujarat Titans,H Klaasen,64,44,4,3,145.45454545454547,Gujarat Titans,47.0,162.06896551724137,23.428571428571427,148.28837855818023,14,38.6,27.1,0.0,3.0,3.0,2.2,2.6,20.388900355744124,43.61109964425587,43.61109964425587
1359536,2023-05-15,2023,1,Gujarat Titans,Sunrisers Hyderabad,HH Pandya,8,6,1,0,133.33333333333331,Sunrisers Hyderabad,4.0,133.33333333333331,19.763157894736842,140.61294139649135,114,30.6,27.3,13.307692307692308,1.0,0.0,2.8,1.2,25.926157588418732,-17.926157588418732,17.926157588418732
1359536,2023-05-15,2023,2,Sunrisers Hyderabad,Gujarat Titans,M Jansen,3,6,0,0,50.0,Gujarat Titans,3.0,150.0,5.0,82.84511784511784,9,7.2,5.0,8.0,0.0,0.0,0.8,0.0,5.387980062180032,-2.3879800621800316,2.3879800621800316
1359536,2023-05-15,2023,2,Sunrisers Hyderabad,Gujarat Titans,M Markande,18,9,2,1,200.0,Gujarat Titans,1.0,50.0,3.3333333333333335,91.48148148148147,9,3.8,3.3333333333333335,0.0,0.0,0.0,0.4,0.0,3.05884383262515,14.94115616737485,14.94115616737485
1359536,2023-05-15,2023,1,Gujarat Titans,Sunrisers Hyderabad,MD Shanaka,9,7,1,0,128.57142857142858,Sunrisers Hyderabad,0.0,0.0,0.0,0.0,0,0.0,0.0,0.0,0.0,0.0,0.0,0.0,9.493841701343014,-0.49384170134301364,0.49384170134301364
1359536,2023-05-15,2023,1,Gujarat Titans,Sunrisers Hyderabad,MM Sharma,0,1,0,0,0.0,Sunrisers Hyderabad,0.0,0.0,4.88,90.6142857142857,25,2.0,3.8,6.0,0.0,0.0,0.2,0.0,5.9193539007820855,-5.9193539007820855,5.9193539007820855
1359536,2023-05-15,2023,1,Gujarat Titans,Sunrisers Hyderabad,Mohammed Shami,0,1,0,0,0.0,Sunrisers Hyderabad,1.0,50.0,3.2857142857142856,73.80952380952381,21,3.0,4.6,1.3333333333333333,0.0,0.0,0.0,0.0,3.1235526573364933,-3.1235526573364933,3.1235526573364933
1359536,2023-05-15,2023,1,Gujarat Titans,Sunrisers Hyderabad,Noor Ahmad,0,1,0,0,0.0,Sunrisers Hyderabad,1.0,33.33333333333333,1.0,33.33333333333333,1,1.0,1.0,0.0,0.0,0.0,0.0,0.0,10.895824393925558,-10.895824393925558,10.895824393925558
1359536,2023-05-15,2023,1,Gujarat Titans,Sunrisers Hyderabad,R Tewatia,3,3,0,0,100.0,Sunrisers Hyderabad,14.0,107.6923076923077,15.377358490566039,131.18513782428394,53,11.4,10.4,16.333333333333332,1.0,0.0,0.2,1.2,13.404256081538856,-10.404256081538856,10.404256081538856
1359536,2023-05-15,2023,2,Sunrisers Hyderabad,Gujarat Titans,RA Tripathi,1,2,0,0,50.0,Gujarat Titans,20.0,153.84615384615387,24.176470588235293,127.91695543820695,85,22.4,25.7,16.5,4.0,0.0,1.8,1.0,23.758509469761453,-22.758509469761453,22.758509469761453
1359536,2023-05-15,2023,1,Gujarat Titans,Sunrisers Hyderabad,Rashid Khan,0,1,0,0,0.0,Sunrisers Hyderabad,79.0,246.875,8.869565217391305,121.27885852070635,46,19.0,14.6,15.5,3.0,10.0,0.8,2.2,15.907892842091615,-15.907892842091615,15.907892842091615
1359536,2023-05-15,2023,2,Sunrisers Hyderabad,Gujarat Titans,Sanvir Singh,7,6,0,1,116.66666666666667,Gujarat Titans,0.0,0.0,0.0,0.0,0,0.0,0.0,0.0,0.0,0.0,0.0,0.0,10.480711268098464,-3.4807112680984638,3.4807112680984638
1359536,2023-05-15,2023,1,Gujarat Titans,Sunrisers Hyderabad,Shubman Gill,101,58,13,1,174.13793103448276,Sunrisers Hyderabad,6.0,66.66666666666666,28.963414634146343,117.03498523088598,82,38.2,39.8,26.1,0.0,0.0,3.4,1.4,29.38033416122096,71.61966583877904,71.61966583877904
1359536,2023-05-15,2023,1,Gujarat Titans,Sunrisers Hyderabad,WP Saha,0,3,0,0,0.0,Sunrisers Hyderabad,2.0,40.0,20.94573643410853,117.18271548718918,129,26.8,23.6,28.285714285714285,0.0,0.0,3.2,0.8,21.827366438256984,-21.827366438256984,21.827366438256984
1359537,2023-05-16,2023,2,Mumbai Indians,Lucknow Super Giants,C Green,4,6,0,0,66.66666666666666,Lucknow Super Giants,3.0,100.0,23.083333333333332,136.36137387590875,12,15.6,26.0,0.0,0.0,0.0,1.8,0.4,21.482759772545116,-17.482759772545116,17.482759772545116
1359537,2023-05-16,2023,1,Lucknow Super Giants,Mumbai Indians,DJ Hooda,5,7,0,0,71.42857142857143,Mumbai Indians,11.0,100.0,15.127906976744185,117.51848597018929,86,5.4,6.4,15.363636363636363,0.0,0.0,0.4,0.0,15.588701438490647,-10.588701438490647,10.588701438490647
1359537,2023-05-16,2023,2,Mumbai Indians,Lucknow Super Giants,Ishan Kishan,59,39,8,1,151.28205128205127,Lucknow Super Giants,31.0,155.0,27.26829268292683,115.86896746603844,82,36.6,32.4,10.5,4.0,1.0,4.0,1.8,27.55841106662885,31.44158893337115,31.44158893337115
1359537,2023-05-16,2023,1,Lucknow Super Giants,Mumbai Indians,KH Pandya,49,42,1,1,116.66666666666667,Mumbai Indians,0.0,0.0,15.56989247311828,124.41568447057688,93,8.4,10.7,1.0,0.0,0.0,1.2,0.2,15.197143552573861,33.80285644742614,33.80285644742614
1359537,2023-05-16,2023,1,Lucknow Super Giants,Mumbai Indians,MP Stoinis,89,47,4,8,189.36170212765958,Mumbai Indians,40.0,160.0,19.0,118.39305410215567,71,27.0,24.6,12.1,2.0,3.0,1.8,1.8,18.950070150011094,70.0499298499889,70.0499298499889
1359537,2023-05-16,2023,1,Lucknow Super Giants,Mumbai Indians,N Pooran,8,8,1,0,100.0,Mumbai Indians,44.0,338.46153846153845,21.12280701754386,136.16594047049804,57,24.2,22.4,21.6,3.0,4.0,2.0,1.2,19.24697535004573,-11.24697535004573,11.24697535004573
1359537,2023-05-16,2023,2,Mumbai Indians,Lucknow Super Giants,N Wadhera,16,20,2,0,80.0,Lucknow Super Giants,15.0,214.28571428571428,28.285714285714285,142.76661713636503,7,34.2,28.285714285714285,0.0,1.0,1.0,3.2,1.6,23.507014990712737,-7.507014990712737,7.507014990712737
1359537,2023-05-16,2023,1,Lucknow Super Giants,Mumbai Indians,PN Mankad,0,1,0,0,0.0,Mumbai Indians,64.0,142.22222222222223,34.0,271.1111111111111,2,34.0,34.0,0.0,7.0,2.0,4.0,1.0,19.54318276112437,-19.54318276112437,19.54318276112437
1359537,2023-05-16,2023,1,Lucknow Super Giants,Mumbai Indians,Q de Kock,16,15,0,2,106.66666666666667,Mumbai Indians,29.0,152.63157894736844,30.16842105263158,116.71948098883584,95,50.4,39.2,17.857142857142858,3.0,1.0,4.2,3.0,30.607148097520767,-14.607148097520767,14.607148097520767
1359537,2023-05-16,2023,2,Mumbai Indians,Lucknow Super Giants,RG Sharma,37,25,1,3,148.0,Lucknow Super Giants,29.0,161.11111111111111,26.072649572649574,111.30689299441916,234,7.8,19.8,22.5,3.0,2.0,0.8,0.4,31.00483158811789,5.9951684118821085,5.9951684118821085
1359537,2023-05-16,2023,2,Mumbai Indians,Lucknow Super Giants,SA Yadav,7,9,0,0,77.77777777777779,Lucknow Super Giants,103.0,210.20408163265304,25.8099173553719,134.51957962629933,121,66.6,46.3,22.0,11.0,6.0,7.4,3.2,31.97736097130138,-24.97736097130138,24.97736097130138
1359537,2023-05-16,2023,2,Mumbai Indians,Lucknow Super Giants,TH David,32,18,1,3,177.77777777777777,Lucknow Super Giants,5.0,166.66666666666669,17.666666666666668,150.13246013246012,21,14.2,14.9,0.0,1.0,0.0,1.2,1.0,16.590670714148327,15.409329285851673,15.409329285851673
1359537,2023-05-16,2023,2,Mumbai Indians,Lucknow Super Giants,Vishnu Vinod,2,3,0,0,66.66666666666666,Lucknow Super Giants,30.0,150.0,12.25,105.41666666666666,4,12.25,12.25,0.0,2.0,2.0,0.75,0.75,15.092458351170475,-13.092458351170475,13.092458351170475
1359538,2023-05-17,2023,2,Punjab Kings,Delhi Capitals,Atharva Taide,55,42,5,2,130.95238095238096,Delhi Capitals,13.0,76.47058823529412,22.4,126.07843137254902,5,22.4,22.4,0.0,0.0,0.0,2.4,0.6,19.283901435579544,35.716098564420456,35.716098564420456
1359538,2023-05-17,2023,1,Delhi Capitals,Punjab Kings,DA Warner,46,31,5,2,148.38709677419354,Punjab Kings,54.0,200.0,35.40677966101695,120.48057892183125,177,15.6,29.1,30.6,10.0,1.0,2.6,0.4,35.70897572061716,10.291024279382839,10.291024279382839
1359538,2023-05-17,2023,2,Punjab Kings,Delhi Capitals,Harpreet Brar,0,1,0,0,0.0,Delhi Capitals,2.0,40.0,9.875,127.7547729618163,16,8.6,7.4,6.75,0.0,0.0,1.0,0.2,8.8219846338559,-8.8219846338559,8.8219846338559
1359538,2023-05-17,2023,2,Punjab Kings,Delhi Capitals,JM Sharma,0,3,0,0,0.0,Delhi Capitals,5.0,100.0,22.681818181818183,164.68468794395903,22,24.0,21.7,27.0,1.0,0.0,1.6,1.6,21.528884761015586,-21.528884761015586,21.528884761015586
1359538,2023-05-17,2023,2,Punjab Kings,Delhi Capitals,LS Livingstone,94,46,5,9,204.34782608695653,Delhi Capitals,4.0,80.0,24.166666666666668,139.7828545818742,30,32.8,29.8,4.8,1.0,0.0,2.8,1.8,24.34741063845138,69.65258936154862,69.65258936154862
1359538,2023-05-17,2023,2,Punjab Kings,Delhi Capitals,M Shahrukh Khan,6,3,0,1,200.0,Delhi Capitals,2.0,50.0,13.535714285714286,135.0215086034414,28,7.6,10.9,8.25,0.0,0.0,0.6,0.4,11.872584825910822,-5.872584825910822,5.872584825910822
1359538,2023-05-17,2023,2,Punjab Kings,Delhi Capitals,P Simran Singh,22,19,4,0,115.78947368421053,Delhi Capitals,103.0,158.46153846153845,22.11111111111111,113.7060406913348,18,35.0,25.1,57.5,10.0,6.0,4.0,1.6,27.318791575708115,-5.318791575708115,5.318791575708115
1359538,2023-05-17,2023,1,Delhi Capitals,Punjab Kings,PD Salt,26,14,2,2,185.71428571428572,Punjab Kings,21.0,123.52941176470588,27.0,115.23518498308415,7,36.8,27.0,21.0,3.0,0.0,4.2,1.6,25.831290476950105,0.16870952304989473,0.16870952304989473
1359538,2023-05-17,2023,1,Delhi Capitals,Punjab Kings,PP Shaw,54,38,7,1,142.10526315789474,Punjab Kings,13.0,130.0,23.695652173913043,121.31423200745809,69,7.0,11.3,37.333333333333336,2.0,0.0,1.2,0.0,21.7243795345082,32.2756204654918,32.2756204654918
1359538,2023-05-17,2023,1,Delhi Capitals,Punjab Kings,RR Rossouw,82,37,6,6,221.6216216216216,Punjab Kings,5.0,100.0,15.0,97.84291278856496,12,19.4,14.2,5.0,1.0,0.0,1.6,0.8,15.345471208736472,66.65452879126353,66.65452879126353
1359538,2023-05-17,2023,2,Punjab Kings,Delhi Capitals,S Dhawan,0,1,0,0,0.0,Delhi Capitals,7.0,140.0,30.697674418604652,112.25045774369387,215,24.6,39.5,11.666666666666666,0.0,1.0,3.6,0.6,34.44751309147616,-34.44751309147616,34.44751309147616
1359538,2023-05-17,2023,2,Punjab Kings,Delhi Capitals,SM Curran,11,5,1,1,220.00000000000003,Delhi Capitals,20.0,83.33333333333334,16.264705882352942,132.0300515966238,34,25.8,19.0,12.5,1.0,0.0,1.8,1.2,19.26104337562837,-8.261043375628368,8.261043375628368
1359539,2023-05-18,2023,1,Sunrisers Hyderabad,Royal Challengers Bangalore,AK Markram,18,20,0,0,90.0,Royal Challengers Bangalore,10.0,100.0,25.655172413793103,122.01338402211623,29,18.6,21.7,20.5,1.0,0.0,1.6,0.2,26.9756926477862,-8.9756926477862,8.9756926477862
1359539,2023-05-18,2023,1,Sunrisers Hyderabad,Royal Challengers Bangalore,Abhishek Sharma,11,14,2,0,78.57142857142857,Royal Challengers Bangalore,5.0,100.0,20.045454545454547,118.60532924028217,44,28.6,21.5,20.166666666666668,1.0,0.0,4.0,0.6,21.30202685079181,-10.302026850791808,10.302026850791808
1359539,2023-05-18,2023,2,Royal Challengers Bangalore,Sunrisers Hyderabad,F du Plessis,71,46,7,2,154.34782608695653,Sunrisers Hyderabad,55.0,125.0,33.33884297520661,118.48784634147873,121,45.2,53.5,27.533333333333335,3.0,2.0,3.0,1.8,34.372479165406034,36.627520834593966,36.627520834593966
1359539,2023-05-18,2023,1,Sunrisers Hyderabad,Royal Challengers Bangalore,GD Phillips,5,4,1,0,125.0,Royal Challengers Bangalore,0.0,0.0,9.833333333333334,131.3186813186813,6,9.0,9.833333333333334,0.0,0.0,0.0,0.2,1.0,14.092965175716978,-9.092965175716978,9.092965175716978
1359539,2023-05-18,2023,2,Royal Challengers Bangalore,Sunrisers Hyderabad,GJ Maxwell,5,3,1,0,166.66666666666669,Sunrisers Hyderabad,54.0,163.63636363636365,22.915254237288135,128.54341708907617,118,26.2,36.7,23.857142857142858,5.0,3.0,2.8,1.4,21.310509365581364,-16.310509365581364,16.310509365581364
1359539,2023-05-18,2023,1,Sunrisers Hyderabad,Royal Challengers Bangalore,H Klaasen,104,51,8,6,203.92156862745097,Royal Challengers Bangalore,64.0,145.45454545454547,26.133333333333333,148.09945635127124,15,45.2,33.2,32.0,4.0,3.0,2.4,3.0,21.26103652217418,82.73896347782582,82.73896347782582
1359539,2023-05-18,2023,1,Sunrisers Hyderabad,Royal Challengers Bangalore,HC Brook,27,19,2,1,142.10526315789474,Royal Challengers Bangalore,0.0,0.0,18.11111111111111,81.33111744222856,9,6.8,18.11111111111111,0.0,0.0,0.0,1.0,0.0,17.91056123326017,9.089438766739828,9.089438766739828
1359539,2023-05-18,2023,2,Royal Challengers Bangalore,Sunrisers Hyderabad,MG Bracewell,4,4,0,0,100.0,Sunrisers Hyderabad,9.0,100.0,14.0,102.77777777777777,2,14.0,14.0,0.0,0.0,0.0,0.5,0.5,14.380218144858032,-10.380218144858032,10.380218144858032
1359539,2023-05-18,2023,1,Sunrisers Hyderabad,Royal Challengers Bangalore,RA Tripathi,15,12,2,1,125.0,Royal Challengers Bangalore,1.0,50.0,23.906976744186046,127.01094432846037,86,19.6,22.4,28.09090909090909,0.0,0.0,1.8,1.0,23.30373605491618,-8.303736054916179,8.303736054916179
1359539,2023-05-18,2023,2,Royal Challengers Bangalore,Sunrisers Hyderabad,V Kohli,100,63,12,4,158.73015873015873,Sunrisers Hyderabad,18.0,94.73684210526315,30.882096069868997,116.15720426955636,229,31.8,33.5,27.333333333333332,1.0,0.0,3.0,0.0,37.310044645651494,62.689955354348506,62.689955354348506
1359540,2023-05-19,2023,1,Punjab Kings,Rajasthan Royals,Atharva Taide,19,12,3,1,158.33333333333331,Rajasthan Royals,55.0,130.95238095238096,27.833333333333332,126.89075630252101,6,33.4,27.833333333333332,0.0,5.0,2.0,3.4,1.0,23.019439042898167,-4.019439042898167,4.019439042898167
1359540,2023-05-19,2023,2,Rajasthan Royals,Punjab Kings,D Padikkal,51,30,5,3,170.0,Punjab Kings,4.0,100.0,26.25,107.02056144038816,56,19.4,21.0,24.75,1.0,0.0,2.8,0.2,30.59663956129866,20.40336043870134,20.40336043870134
1359540,2023-05-19,2023,2,Rajasthan Royals,Punjab Kings,Dhruv Jurel,10,4,0,1,250.0,Punjab Kings,1.0,14.285714285714285,14.2,135.92857142857142,10,16.0,14.2,32.0,0.0,0.0,1.2,0.8,12.860604137915304,-2.8606041379153044,2.8606041379153044
1359540,2023-05-19,2023,2,Rajasthan Royals,Punjab Kings,JC Buttler,0,4,0,0,0.0,Punjab Kings,0.0,0.0,33.93684210526316,130.50268190575773,95,24.2,24.0,24.666666666666668,0.0,0.0,2.8,1.0,29.20468534086238,-29.20468534086238,29.20468534086238
1359540,2023-05-19,2023,1,Punjab Kings,Rajasthan Royals,JM Sharma,44,28,3,3,157.14285714285714,Rajasthan Royals,0.0,0.0,21.695652173913043,157.52448412030864,23,19.2,21.3,32.5,0.0,0.0,1.6,1.0,21.364079420273583,22.635920579726417,22.635920579726417
1359540,2023-05-19,2023,1,Punjab Kings,Rajasthan Royals,LS Livingstone,9,13,1,0,69.23076923076923,Rajasthan Royals,94.0,204.34782608695653,26.419354838709676,141.86559559816718,31,47.0,32.2,22.0,5.0,9.0,3.4,3.4,24.926375177198228,-15.926375177198228,15.926375177198228
1359540,2023-05-19,2023,1,Punjab Kings,Rajasthan Royals,M Shahrukh Khan,41,23,4,2,178.26086956521738,Rajasthan Royals,6.0,200.0,13.275862068965518,137.26214623780547,29,7.4,10.4,8.5,0.0,1.0,0.6,0.4,13.18219626552902,27.817803734470978,27.817803734470978
1359540,2023-05-19,2023,1,Punjab Kings,Rajasthan Royals,P Simran Singh,2,2,0,0,100.0,Rajasthan Royals,22.0,115.78947368421053,22.105263157894736,113.8156950593809,19,37.6,27.3,60.0,4.0,0.0,4.4,1.6,23.398811610650657,-21.398811610650657,21.398811610650657
1359540,2023-05-19,2023,2,Rajasthan Royals,Punjab Kings,R Parag,20,11,1,2,181.8181818181818,Punjab Kings,4.0,66.66666666666666,13.488372093023257,108.23187693157186,43,10.2,10.6,12.25,0.0,0.0,0.4,0.6,11.841950828999211,8.158049171000789,8.158049171000789
1359540,2023-05-19,2023,1,Punjab Kings,Rajasthan Royals,S Dhawan,17,11,2,1,154.54545454545453,Rajasthan Royals,0.0,0.0,30.555555555555557,111.73077969858417,216,24.4,35.6,28.782608695652176,0.0,0.0,3.6,0.6,36.82472917749777,-19.824729177497773,19.824729177497773
1359540,2023-05-19,2023,1,Punjab Kings,Rajasthan Royals,SM Curran,49,31,4,2,158.06451612903226,Rajasthan Royals,11.0,220.00000000000003,16.114285714285714,134.5434786938631,35,17.0,20.0,13.25,1.0,1.0,1.0,0.6,16.290664039856157,32.70933596014385,32.70933596014385
1359540,2023-05-19,2023,2,Rajasthan Royals,Punjab Kings,SO Hetmyer,46,28,4,3,164.28571428571428,Punjab Kings,35.0,184.21052631578948,19.70909090909091,135.2925142935262,55,13.0,19.5,27.666666666666668,1.0,4.0,0.2,1.0,21.55149346743234,24.44850653256766,24.44850653256766
1359540,2023-05-19,2023,2,Rajasthan Royals,Punjab Kings,SV Samson,2,3,0,0,66.66666666666666,Punjab Kings,4.0,80.0,26.616438356164384,117.19358489075643,146,32.4,26.3,47.0,1.0,0.0,2.2,2.4,26.294584259035528,-24.294584259035528,24.294584259035528
1359540,2023-05-19,2023,2,Rajasthan Royals,Punjab Kings,TA Boult,1,2,0,0,50.0,Punjab Kings,15.0,136.36363636363635,4.0,89.1955266955267,17,8.6,5.5,0.0,1.0,1.0,0.6,0.4,7.096453001805459,-6.096453001805459,6.096453001805459
1359540,2023-05-19,2023,2,Rajasthan Royals,Punjab Kings,YBK Jaiswal,50,36,8,0,138.88888888888889,Punjab Kings,0.0,0.0,31.166666666666668,123.06020695018907,36,54.2,45.0,42.666666666666664,0.0,0.0,7.0,3.2,35.55095903732284,14.44904096267716,14.44904096267716
1359541,2023-05-20,2023,2,Delhi Capitals,Chennai Super Kings,A Nortje,0,1,0,0,0.0,Chennai Super Kings,3.0,50.0,4.5,118.0952380952381,10,6.6,4.5,1.0,0.0,0.0,1.0,0.0,6.15659564061877,-6.15659564061877,6.15659564061877
1359541,2023-05-20,2023,2,Delhi Capitals,Chennai Super Kings,AR Patel,15,8,1,1,187.5,Chennai Super Kings,1.0,50.0,14.171717171717171,126.73927139751046,99,17.2,21.6,11.333333333333334,0.0,0.0,1.0,1.0,17.141503686063988,-2.141503686063988,2.141503686063988
1359541,2023-05-20,2023,2,Delhi Capitals,Chennai Super Kings,Aman Hakim Khan,7,9,1,0,77.77777777777779,Chennai Super Kings,16.0,88.88888888888889,12.0,110.90347923681257,9,14.6,12.0,2.0,1.0,1.0,1.0,0.8,14.499655503222103,-7.499655503222103,7.499655503222103
1359541,2023-05-20,2023,2,Delhi Capitals,Chennai Super Kings,C Sakariya,0,2,0,0,0.0,Chennai Super Kings,4.0,100.0,3.3333333333333335,66.11111111111111,6,4.0,3.3333333333333335,0.0,1.0,0.0,0.6,0.0,7.303299665874177,-7.303299665874177,7.303299665874177
1359541,2023-05-20,2023,2,Delhi Capitals,Chennai Super Kings,DA Warner,86,58,7,5,148.27586206896552,Chennai Super Kings,46.0,148.38709677419354,35.46629213483146,120.63735711201306,178,24.8,27.2,29.36842105263158,5.0,2.0,3.6,0.8,34.982493422760726,51.017506577239274,51.017506577239274
1359541,2023-05-20,2023,1,Chennai Super Kings,Delhi Capitals,DP Conway,87,51,11,3,170.58823529411765,Delhi Capitals,30.0,107.14285714285714,39.473684210526315,104.69049352507999,19,36.8,45.0,48.5,3.0,0.0,5.0,0.2,39.64034676917695,47.35965323082305,47.35965323082305
1359541,2023-05-20,2023,2,Delhi Capitals,Chennai Super Kings,Kuldeep Yadav,0,1,0,0,0.0,Chennai Super Kings,10.0,58.82352941176471,5.230769230769231,73.49680762993457,26,4.2,3.2,1.6666666666666667,0.0,0.0,0.4,0.0,7.131821760252227,-7.131821760252227,7.131821760252227
1359541,2023-05-20,2023,2,Delhi Capitals,Chennai Super Kings,Lalit Yadav,6,12,0,0,50.0,Chennai Super Kings,12.0,240.0,16.055555555555557,99.59045203038337,18,12.0,14.7,12.0,3.0,0.0,1.6,0.0,21.174872169542464,-15.174872169542464,15.174872169542464
1359541,2023-05-20,2023,1,Chennai Super Kings,Delhi Capitals,MS Dhoni,5,3,0,0,166.66666666666669,Delhi Capitals,2.0,100.0,23.7196261682243,129.67640624941396,214,7.8,12.4,18.0,0.0,0.0,0.2,0.8,16.671828578778925,-11.671828578778925,11.671828578778925
1359541,2023-05-20,2023,2,Delhi Capitals,Chennai Super Kings,PD Salt,3,6,0,0,50.0,Chennai Super Kings,26.0,185.71428571428572,26.875,124.04507257448435,8,30.2,26.875,17.0,2.0,2.0,2.8,2.0,24.286467679470732,-21.286467679470732,21.286467679470732
1359541,2023-05-20,2023,2,Delhi Capitals,Chennai Super Kings,PP Shaw,5,7,1,0,71.42857142857143,Chennai Super Kings,54.0,142.10526315789474,24.12857142857143,121.61124673817862,70,16.4,13.0,27.3,7.0,1.0,2.4,0.2,22.586927498104778,-17.586927498104778,17.586927498104778
1359541,2023-05-20,2023,1,Chennai Super Kings,Delhi Capitals,RA Jadeja,20,7,3,1,285.7142857142857,Delhi Capitals,20.0,86.95652173913044,15.873493975903614,130.30839442144978,166,18.8,13.6,19.666666666666668,0.0,1.0,0.8,0.8,13.101074419078254,6.8989255809217465,6.8989255809217465
1359541,2023-05-20,2023,1,Chennai Super Kings,Delhi Capitals,RD Gaikwad,79,50,3,7,158.0,Delhi Capitals,17.0,130.76923076923077,34.0,108.8840589633777,48,31.0,27.6,26.333333333333332,2.0,0.0,3.8,0.8,32.274042166830284,46.725957833169716,46.725957833169716
1359541,2023-05-20,2023,2,Delhi Capitals,Chennai Super Kings,RR Rossouw,0,1,0,0,0.0,Chennai Super Kings,82.0,221.6216216216216,20.153846153846153,107.36435192956932,13,33.0,22.3,16.666666666666668,6.0,6.0,2.4,2.0,32.40378951529748,-32.40378951529748,32.40378951529748
1359541,2023-05-20,2023,1,Chennai Super Kings,Delhi Capitals,S Dube,22,9,0,3,244.44444444444446,Delhi Capitals,48.0,141.1764705882353,23.886363636363637,123.55741211449032,44,35.8,34.4,18.5,1.0,3.0,0.8,3.0,24.69735401970402,-2.6973540197040187,2.6973540197040187
1359541,2023-05-20,2023,2,Delhi Capitals,Chennai Super Kings,YV Dhull,13,15,1,0,86.66666666666667,Chennai Super Kings,1.0,25.0,1.5,37.5,2,1.5,1.5,0.0,0.0,0.0,0.0,0.0,6.27282332609078,6.72717667390922,6.72717667390922
1359542,2023-05-20,2023,1,Lucknow Super Giants,Kolkata Knight Riders,A Badoni,25,21,2,1,119.04761904761905,Kolkata Knight Riders,21.0,190.9090909090909,17.761904761904763,130.18340138094723,21,27.0,21.2,15.0,1.0,2.0,1.2,1.8,19.53494635876879,5.465053641231211,5.465053641231211
1359542,2023-05-20,2023,2,Kolkata Knight Riders,Lucknow Super Giants,AD Russell,7,9,0,1,77.77777777777779,Lucknow Super Giants,2.0,100.0,23.778947368421054,149.09751988557036,95,22.4,18.4,25.0,0.0,0.0,1.2,1.8,25.421603853476057,-18.421603853476057,18.421603853476057
1359542,2023-05-20,2023,2,Kolkata Knight Riders,Lucknow Super Giants,JJ Roy,45,28,7,1,160.71428571428572,Lucknow Super Giants,12.0,80.0,28.45,123.16958533591455,20,27.2,32.8,0.0,1.0,0.0,3.8,1.0,24.77286764879809,20.22713235120191,20.22713235120191
1359542,2023-05-20,2023,1,Lucknow Super Giants,Kolkata Knight Riders,K Gowtham,11,4,1,1,275.0,Kolkata Knight Riders,1.0,33.33333333333333,9.36,156.1937728937729,25,9.6,9.6,8.0,0.0,0.0,0.2,0.8,9.490832106548124,1.5091678934518757,1.5091678934518757
1359542,2023-05-20,2023,1,Lucknow Super Giants,Kolkata Knight Riders,KH Pandya,9,8,0,1,112.5,Kolkata Knight Riders,49.0,116.66666666666667,15.925531914893616,124.33324811096082,94,13.6,14.7,14.636363636363637,1.0,1.0,1.0,0.2,14.218621011633926,-5.218621011633926,5.218621011633926
1359542,2023-05-20,2023,1,Lucknow Super Giants,Kolkata Knight Riders,KS Sharma,3,5,0,0,60.0,Kolkata Knight Riders,9.0,56.25,6.5,78.125,2,6.5,6.5,0.0,0.0,0.0,0.5,0.0,14.123996191880506,-11.123996191880506,11.123996191880506
1359542,2023-05-20,2023,1,Lucknow Super Giants,Kolkata Knight Riders,MP Stoinis,0,2,0,0,0.0,Kolkata Knight Riders,89.0,189.36170212765958,19.97222222222222,119.37872976917654,72,30.4,32.5,12.555555555555555,4.0,8.0,1.4,2.4,23.677938904874193,-23.677938904874193,23.677938904874193
1359542,2023-05-20,2023,1,Lucknow Super Giants,Kolkata Knight Riders,N Pooran,58,30,4,5,193.33333333333334,Kolkata Knight Riders,8.0,100.0,20.896551724137932,135.54238977273084,58,16.8,22.1,14.857142857142858,1.0,0.0,0.8,1.0,21.843166554431853,36.15683344556815,36.15683344556815
1359542,2023-05-20,2023,2,Kolkata Knight Riders,Lucknow Super Giants,N Rana,8,10,1,0,80.0,Lucknow Super Giants,57.0,129.54545454545453,26.387755102040817,119.6386440670475,98,35.2,33.5,22.0,6.0,1.0,3.6,1.0,26.995346694406532,-18.995346694406532,18.995346694406532
1359542,2023-05-20,2023,1,Lucknow Super Giants,Kolkata Knight Riders,Naveen-ul-Haq,2,3,0,0,66.66666666666666,Kolkata Knight Riders,13.0,108.33333333333333,13.0,108.33333333333333,1,13.0,13.0,0.0,2.0,0.0,2.0,0.0,14.977571126488032,-12.977571126488032,12.977571126488032
1359542,2023-05-20,2023,1,Lucknow Super Giants,Kolkata Knight Riders,PN Mankad,26,19,5,0,136.8421052631579,Kolkata Knight Riders,0.0,0.0,22.666666666666668,180.74074074074073,3,22.666666666666668,22.666666666666668,0.0,0.0,0.0,2.6666666666666665,0.6666666666666666,17.639388453366394,8.360611546633606,8.360611546633606
1359542,2023-05-20,2023,1,Lucknow Super Giants,Kolkata Knight Riders,Q de Kock,28,26,0,2,107.6923076923077,Kolkata Knight Riders,16.0,106.66666666666667,30.020833333333332,116.61476417297992,96,52.2,39.8,32.07692307692308,0.0,2.0,4.0,3.4,30.6732683712383,-2.6732683712383007,2.6732683712383007
1359542,2023-05-20,2023,2,Kolkata Knight Riders,Lucknow Super Giants,RK Singh,67,33,6,4,203.03030303030303,Lucknow Super Giants,54.0,128.57142857142858,23.5,129.0864413438303,28,31.2,30.9,23.0,4.0,3.0,2.0,1.4,20.892090364700604,46.10790963529939,46.10790963529939
1359542,2023-05-20,2023,2,Kolkata Knight Riders,Lucknow Super Giants,Rahmanullah Gurbaz,10,15,0,0,66.66666666666666,Lucknow Super Giants,1.0,25.0,21.7,96.9417113893858,10,23.0,21.7,0.0,0.0,0.0,1.4,2.0,20.442320375114367,-10.442320375114367,10.442320375114367
1359542,2023-05-20,2023,1,Lucknow Super Giants,Kolkata Knight Riders,Ravi Bishnoi,2,2,0,0,100.0,Kolkata Knight Riders,4.0,80.0,2.5555555555555554,78.96825396825398,9,3.0,2.5555555555555554,1.0,1.0,0.0,0.2,0.0,2.3864274849408043,-0.38642748494080426,0.38642748494080426
1359542,2023-05-20,2023,2,Kolkata Knight Riders,Lucknow Super Giants,SN Thakur,3,7,0,0,42.857142857142854,Lucknow Super Giants,1.0,50.0,9.129032258064516,108.37422119021556,31,6.8,11.7,1.0,0.0,0.0,0.8,0.0,11.325428170930953,-8.325428170930953,8.325428170930953
1359542,2023-05-20,2023,2,Kolkata Knight Riders,Lucknow Super Giants,SP Narine,1,2,0,0,50.0,Lucknow Super Giants,6.0,120.0,11.483516483516484,119.87671130285018,91,2.6,4.1,21.5,1.0,0.0,0.4,0.0,11.875871556657602,-10.875871556657602,10.875871556657602
1359542,2023-05-20,2023,2,Kolkata Knight Riders,Lucknow Super Giants,VG Arora,1,1,0,0,100.0,Lucknow Super Giants,2.0,200.0,1.4,66.66666666666666,5,1.4,1.4,0.0,0.0,0.0,0.0,0.0,4.4069051747086325,-3.4069051747086325,3.4069051747086325
1359542,2023-05-20,2023,2,Kolkata Knight Riders,Lucknow Super Giants,VR Iyer,24,15,3,1,160.0,Lucknow Super Giants,9.0,225.0,26.62857142857143,112.84422385784639,35,19.0,26.0,0.0,2.0,0.0,1.0,0.8,27.26673624976554,-3.2667362497655397,3.2667362497655397
1359543,2023-05-21,2023,1,Sunrisers Hyderabad,Mumbai Indians,AK Markram,13,7,0,1,185.71428571428572,Mumbai Indians,18.0,90.0,25.4,120.94627122137902,30,20.6,19.8,22.0,0.0,0.0,1.6,0.2,26.79787546724235,-13.79787546724235,13.79787546724235
1359543,2023-05-21,2023,2,Mumbai Indians,Sunrisers Hyderabad,C Green,100,45,8,8,222.22222222222223,Sunrisers Hyderabad,4.0,66.66666666666666,21.615384615384617,131.0002425521209,13,7.6,24.7,64.0,0.0,0.0,1.0,0.0,21.220622182176996,78.779377817823,78.779377817823
1359543,2023-05-21,2023,1,Sunrisers Hyderabad,Mumbai Indians,GD Phillips,1,4,0,0,25.0,Mumbai Indians,5.0,125.0,9.142857142857142,130.4160125588697,7,9.2,9.142857142857142,4.0,1.0,0.0,0.4,1.0,12.58407647914948,-11.58407647914948,11.58407647914948
1359543,2023-05-21,2023,1,Sunrisers Hyderabad,Mumbai Indians,H Klaasen,18,12,2,0,150.0,Mumbai Indians,104.0,203.92156862745097,31.0,151.58833836853248,16,55.4,43.0,18.0,8.0,6.0,3.6,3.4,21.43508838168481,-3.4350883816848103,3.4350883816848103
1359543,2023-05-21,2023,1,Sunrisers Hyderabad,Mumbai Indians,HC Brook,0,1,0,0,0.0,Mumbai Indians,27.0,142.10526315789474,19.0,87.40853201379517,10,10.4,19.0,9.0,2.0,1.0,1.0,0.2,17.645181475731047,-17.645181475731047,17.645181475731047
1359543,2023-05-21,2023,2,Mumbai Indians,Sunrisers Hyderabad,Ishan Kishan,14,12,1,1,116.66666666666667,Sunrisers Hyderabad,59.0,151.28205128205127,27.650602409638555,116.29563112647233,83,42.8,35.2,32.8,8.0,1.0,4.8,2.0,26.046824124255384,-12.046824124255384,12.046824124255384
1359543,2023-05-21,2023,1,Sunrisers Hyderabad,Mumbai Indians,MA Agarwal,83,46,8,4,180.43478260869566,Mumbai Indians,18.0,180.0,21.555555555555557,116.93914270063502,117,24.4,18.8,21.5,2.0,1.0,2.8,0.4,21.69363666342437,61.30636333657563,61.30636333657563
1359543,2023-05-21,2023,2,Mumbai Indians,Sunrisers Hyderabad,RG Sharma,56,35,8,1,160.0,Sunrisers Hyderabad,37.0,148.0,26.119148936170212,111.46303387529396,235,14.6,17.0,17.65,1.0,3.0,1.0,1.0,29.8210445752865,26.1789554247135,26.1789554247135
1359543,2023-05-21,2023,2,Mumbai Indians,Sunrisers Hyderabad,SA Yadav,25,16,4,0,156.25,Sunrisers Hyderabad,7.0,77.77777777777779,25.65573770491803,134.05448288983604,122,57.0,47.0,20.466666666666665,0.0,0.0,5.8,2.8,27.607846641488297,-2.6078466414882975,2.6078466414882975
1359543,2023-05-21,2023,1,Sunrisers Hyderabad,Mumbai Indians,Sanvir Singh,4,3,1,0,133.33333333333331,Mumbai Indians,7.0,116.66666666666667,7.0,116.66666666666667,1,7.0,7.0,0.0,0.0,1.0,0.0,1.0,10.30147688534116,-6.30147688534116,6.30147688534116
1359543,2023-05-21,2023,1,Sunrisers Hyderabad,Mumbai Indians,Vivrant Sharma,69,47,9,2,146.80851063829786,Mumbai Indians,0.0,0.0,0.0,0.0,0,0.0,0.0,0.0,0.0,0.0,0.0,0.0,8.47815070708641,60.521849292913586,60.521849292913586
1359544,2023-05-21,2023,1,Royal Challengers Bangalore,Gujarat Titans,Anuj Rawat,23,15,1,1,153.33333333333334,Gujarat Titans,29.0,263.6363636363636,13.133333333333333,90.31523748119493,15,13.4,8.4,0.0,3.0,2.0,1.0,0.6,15.469514497439299,7.530485502560701,7.530485502560701
1359544,2023-05-21,2023,2,Gujarat Titans,Royal Challengers Bangalore,DA Miller,6,7,1,0,85.71428571428571,Royal Challengers Bangalore,7.0,140.0,23.92920353982301,125.3736845709938,113,20.2,21.8,24.923076923076923,1.0,0.0,1.8,1.0,24.617634901658747,-18.617634901658747,18.617634901658747
1359544,2023-05-21,2023,1,Royal Challengers Bangalore,Gujarat Titans,F du Plessis,28,19,5,0,147.36842105263156,Gujarat Titans,71.0,154.34782608695653,33.64754098360656,118.78178060168757,122,56.0,52.7,22.0,7.0,2.0,4.2,1.8,33.61470946872797,-5.614709468727973,5.614709468727973
1359544,2023-05-21,2023,1,Royal Challengers Bangalore,Gujarat Titans,GJ Maxwell,11,5,1,1,220.00000000000003,Gujarat Titans,5.0,166.66666666666669,22.764705882352942,128.86378053090468,119,26.2,31.3,36.5,1.0,0.0,2.8,1.4,22.9120460354838,-11.912046035483801,11.912046035483801
1359544,2023-05-21,2023,1,Royal Challengers Bangalore,Gujarat Titans,KD Karthik,0,1,0,0,0.0,Gujarat Titans,0.0,0.0,20.43891402714932,118.49586909730867,221,15.8,13.1,2.0,0.0,0.0,1.2,0.8,17.60207273812615,-17.60207273812615,17.60207273812615
1359544,2023-05-21,2023,2,Gujarat Titans,Royal Challengers Bangalore,MD Shanaka,0,3,0,0,0.0,Royal Challengers Bangalore,9.0,128.57142857142858,9.0,128.57142857142858,1,9.0,9.0,0.0,1.0,0.0,1.0,0.0,14.584947296470945,-14.584947296470945,14.584947296470945
1359544,2023-05-21,2023,1,Royal Challengers Bangalore,Gujarat Titans,MG Bracewell,26,16,5,0,162.5,Gujarat Titans,4.0,100.0,10.666666666666666,101.85185185185185,3,10.666666666666666,10.666666666666666,0.0,0.0,0.0,0.3333333333333333,0.3333333333333333,13.831194229852397,12.168805770147603,12.168805770147603
1359544,2023-05-21,2023,1,Royal Challengers Bangalore,Gujarat Titans,MK Lomror,1,3,0,0,33.33333333333333,Gujarat Titans,1.0,50.0,16.708333333333332,121.36388865154078,24,18.6,14.2,16.0,0.0,0.0,1.4,1.2,16.843772383694894,-15.843772383694894,15.843772383694894
1359544,2023-05-21,2023,2,Gujarat Titans,Royal Challengers Bangalore,R Tewatia,4,5,0,0,80.0,Royal Challengers Bangalore,3.0,100.0,15.148148148148149,130.6076352719824,54,11.8,10.4,18.0,0.0,0.0,0.2,1.2,13.002519585364217,-9.002519585364217,9.002519585364217
1359544,2023-05-21,2023,2,Gujarat Titans,Royal Challengers Bangalore,Shubman Gill,104,51,5,8,203.92156862745097,Royal Challengers Bangalore,101.0,174.13793103448276,29.83132530120482,117.7229725297245,83,48.6,46.0,18.2,13.0,1.0,4.4,1.6,31.638176207985342,72.36182379201466,72.36182379201466
1359544,2023-05-21,2023,1,Royal Challengers Bangalore,Gujarat Titans,V Kohli,101,61,13,1,165.5737704918033,Gujarat Titans,100.0,158.73015873015873,31.182608695652174,116.34230407155898,230,41.0,37.4,65.5,12.0,4.0,4.2,0.8,35.58949471382129,65.4105052861787,65.4105052861787
1359544,2023-05-21,2023,2,Gujarat Titans,Royal Challengers Bangalore,V Shankar,53,35,7,2,151.42857142857142,Royal Challengers Bangalore,29.0,207.14285714285717,19.693877551020407,121.30153719050959,49,23.0,23.6,12.0,6.0,0.0,2.2,1.2,17.94436944790069,35.05563055209931,35.05563055209931
1359544,2023-05-21,2023,2,Gujarat Titans,Royal Challengers Bangalore,WP Saha,12,14,2,0,85.71428571428571,Royal Challengers Bangalore,0.0,0.0,20.784615384615385,116.28130998344159,130,24.8,21.9,18.157894736842106,0.0,0.0,3.0,0.8,21.97325677217838,-9.973256772178381,9.973256772178381
1370350,2023-05-23,2023,1,Chennai Super Kings,Gujarat Titans,AM Rahane,17,10,0,1,170.0,Gujarat Titans,16.0,145.45454545454547,27.745222929936304,104.19850023062918,157,28.8,31.0,0.0,1.0,1.0,2.0,1.4,27.459878553943234,-10.459878553943234,10.459878553943234
1370350,2023-05-23,2023,1,Chennai Super Kings,Gujarat Titans,AT Rayudu,17,9,1,1,188.88888888888889,Gujarat Titans,4.0,57.14285714285714,23.562841530054644,114.2452079559645,183,9.6,12.2,29.0,0.0,0.0,0.4,0.4,19.674519456082088,-2.6745194560820877,2.6745194560820877
1370350,2023-05-23,2023,2,Gujarat Titans,Chennai Super Kings,DA Miller,4,6,0,0,66.66666666666666,Chennai Super Kings,6.0,85.71428571428571,23.771929824561404,125.02579510733847,114,15.0,22.2,30.333333333333332,1.0,0.0,1.6,0.6,24.083250280725647,-20.083250280725647,20.083250280725647
1370350,2023-05-23,2023,2,Gujarat Titans,Chennai Super Kings,DG Nalkande,0,1,0,0,0.0,Chennai Super Kings,0.0,0.0,0.0,0.0,0,0.0,0.0,0.0,0.0,0.0,0.0,0.0,9.839248264359732,-9.839248264359732,9.839248264359732
1370350,2023-05-23,2023,1,Chennai Super Kings,Gujarat Titans,DP Conway,40,34,4,0,117.64705882352942,Gujarat Titans,87.0,170.58823529411765,41.85,107.98538061353187,20,52.6,53.7,3.0,11.0,3.0,7.0,0.8,32.35727448149034,7.642725518509657,7.642725518509657
1370350,2023-05-23,2023,2,Gujarat Titans,Chennai Super Kings,HH Pandya,8,7,1,0,114.28571428571428,Chennai Super Kings,8.0,133.33333333333331,19.660869565217393,140.54964045681172,115,27.0,27.6,13.76923076923077,1.0,0.0,2.6,1.0,25.935987290507043,-17.935987290507043,17.935987290507043
1370350,2023-05-23,2023,2,Gujarat Titans,Chennai Super Kings,MD Shanaka,17,16,1,1,106.25,Chennai Super Kings,0.0,0.0,4.5,64.28571428571429,2,4.5,4.5,0.0,0.0,0.0,0.5,0.0,13.645306190461955,3.3546938095380447,3.3546938095380447
1370350,2023-05-23,2023,1,Chennai Super Kings,Gujarat Titans,MM Ali,9,3,0,1,300.0,Gujarat Titans,1.0,50.0,20.098039215686274,116.11521323969161,51,9.4,20.8,15.0,0.0,0.0,1.0,0.4,23.49260499725999,-14.492604997259988,14.492604997259988
1370350,2023-05-23,2023,1,Chennai Super Kings,Gujarat Titans,MS Dhoni,1,2,0,0,50.0,Gujarat Titans,5.0,166.66666666666669,23.632558139534883,129.84845397228491,215,8.4,10.3,10.5,0.0,0.0,0.2,0.8,17.810963439354566,-16.810963439354566,16.810963439354566
1370350,2023-05-23,2023,2,Gujarat Titans,Chennai Super Kings,Mohammed Shami,5,5,1,0,100.0,Chennai Super Kings,0.0,0.0,3.1363636363636362,70.45454545454545,22,2.6,4.4,5.0,0.0,0.0,0.0,0.0,3.2058384793936407,1.7941615206063593,1.7941615206063593
1370350,2023-05-23,2023,2,Gujarat Titans,Chennai Super Kings,Noor Ahmad,7,5,1,0,140.0,Chennai Super Kings,0.0,0.0,0.5,16.666666666666664,2,0.5,0.5,0.0,0.0,0.0,0.0,0.0,6.707358112021561,0.29264188797843893,0.29264188797843893
1370350,2023-05-23,2023,2,Gujarat Titans,Chennai Super Kings,R Tewatia,3,5,0,0,60.0,Chennai Super Kings,4.0,80.0,14.945454545454545,129.68749644885543,55,12.2,8.6,10.833333333333334,0.0,0.0,0.2,1.2,12.616006446700396,-9.616006446700396,9.616006446700396
1370350,2023-05-23,2023,1,Chennai Super Kings,Gujarat Titans,RA Jadeja,22,16,2,0,137.5,Gujarat Titans,20.0,285.7142857142857,15.89820359281437,131.23896862080807,167,19.2,15.3,11.5,3.0,1.0,1.4,0.6,16.66946859629561,5.330531403704391,5.330531403704391
1370350,2023-05-23,2023,1,Chennai Super Kings,Gujarat Titans,RD Gaikwad,60,43,7,1,139.53488372093022,Gujarat Titans,79.0,158.0,34.91836734693877,109.88642510698223,49,37.4,31.5,72.66666666666667,3.0,7.0,3.4,2.0,32.72728826114702,27.272711738852983,27.272711738852983
1370350,2023-05-23,2023,2,Gujarat Titans,Chennai Super Kings,Rashid Khan,30,16,3,2,187.5,Chennai Super Kings,0.0,0.0,8.680851063829786,118.69845727558494,47,17.0,14.6,19.6,0.0,0.0,0.6,2.0,13.56842778393909,16.43157221606091,16.43157221606091
1370350,2023-05-23,2023,1,Chennai Super Kings,Gujarat Titans,S Dube,1,3,0,0,33.33333333333333,Gujarat Titans,22.0,244.44444444444446,23.844444444444445,126.24379061071153,45,29.8,33.9,12.666666666666666,0.0,3.0,0.4,2.8,26.208468908277464,-25.208468908277464,25.208468908277464
1370350,2023-05-23,2023,2,Gujarat Titans,Chennai Super Kings,Shubman Gill,42,38,4,1,110.5263157894737,Chennai Super Kings,104.0,203.92156862745097,30.714285714285715,118.74914629279266,84,68.2,49.7,23.545454545454547,5.0,8.0,5.2,3.2,31.899791703009857,10.100208296990143,10.100208296990143
1370350,2023-05-23,2023,2,Gujarat Titans,Chennai Super Kings,V Shankar,14,10,0,1,140.0,Chennai Super Kings,53.0,151.42857142857142,20.36,121.90407787527083,50,31.6,28.7,23.142857142857142,7.0,2.0,3.4,1.6,22.73025425677765,-8.730254256777648,8.730254256777648
1370350,2023-05-23,2023,2,Gujarat Titans,Chennai Super Kings,WP Saha,12,11,2,0,109.09090909090908,Chennai Super Kings,12.0,85.71428571428571,20.717557251908396,116.04797392031826,131,27.2,20.1,21.384615384615383,2.0,0.0,3.4,0.8,20.473595923539907,-8.473595923539907,8.473595923539907
1370351,2023-05-24,2023,2,Lucknow Super Giants,Mumbai Indians,A Badoni,1,7,0,0,14.285714285714285,Mumbai Indians,25.0,119.04761904761905,18.09090909090909,129.67722945670502,22,30.4,21.9,14.0,2.0,1.0,1.6,2.0,19.653997963313117,-18.653997963313117,18.653997963313117
1370351,2023-05-24,2023,1,Mumbai Indians,Lucknow Super Giants,C Green,41,23,6,1,178.26086956521738,Lucknow Super Giants,100.0,222.22222222222223,27.214285714285715,137.51609824284245,14,23.0,34.6,4.0,8.0,8.0,1.8,1.6,27.681697624257115,13.318302375742885,13.318302375742885
1370351,2023-05-24,2023,1,Mumbai Indians,Lucknow Super Giants,CJ Jordan,4,7,0,0,57.14285714285714,Lucknow Super Giants,6.0,200.0,7.5,99.25,10,9.4,7.5,0.0,0.0,0.0,0.2,0.6,9.35514660722421,-5.35514660722421,5.35514660722421
1370351,2023-05-24,2023,2,Lucknow Super Giants,Mumbai Indians,DJ Hooda,15,13,0,1,115.38461538461537,Mumbai Indians,5.0,71.42857142857143,15.011494252873563,116.988716837527,87,6.0,5.2,14.5,0.0,0.0,0.4,0.0,15.501467561915524,-0.5014675619155238,0.5014675619155238
1370351,2023-05-24,2023,1,Mumbai Indians,Lucknow Super Giants,HR Shokeen,0,1,0,0,0.0,Lucknow Super Giants,18.0,138.46153846153845,16.5,120.84726867335563,4,16.5,16.5,0.0,3.0,0.0,2.25,0.0,20.842834576755493,-20.842834576755493,20.842834576755493
1370351,2023-05-24,2023,1,Mumbai Indians,Lucknow Super Giants,Ishan Kishan,15,12,3,0,125.0,Lucknow Super Giants,14.0,116.66666666666667,27.488095238095237,116.30004821623655,84,30.6,30.8,26.666666666666668,1.0,1.0,3.6,1.4,27.912332650260414,-12.912332650260414,12.912332650260414
1370351,2023-05-24,2023,2,Lucknow Super Giants,Mumbai Indians,K Gowtham,2,3,0,0,66.66666666666666,Mumbai Indians,11.0,275.0,9.423076923076923,160.76324316708934,26,10.6,10.7,18.333333333333332,1.0,1.0,0.4,0.8,10.0509223126804,-8.0509223126804,8.0509223126804
1370351,2023-05-24,2023,2,Lucknow Super Giants,Mumbai Indians,KH Pandya,8,11,1,0,72.72727272727273,Mumbai Indians,9.0,112.5,15.852631578947369,124.20868760452966,95,14.4,12.2,17.0,0.0,1.0,0.8,0.4,13.320367043963522,-5.320367043963522,5.320367043963522
1370351,2023-05-24,2023,2,Lucknow Super Giants,Mumbai Indians,KR Mayers,18,13,3,0,138.46153846153845,Mumbai Indians,2.0,14.285714285714285,30.083333333333332,118.23738306913584,12,23.6,23.5,0.0,0.0,0.0,3.2,1.2,26.845959839894952,-8.845959839894952,8.845959839894952
1370351,2023-05-24,2023,2,Lucknow Super Giants,Mumbai Indians,MP Stoinis,40,27,5,1,148.14814814814815,Mumbai Indians,0.0,0.0,19.698630136986303,117.74340470384536,73,27.8,26.0,19.09090909090909,0.0,0.0,1.4,2.2,23.606917480406977,16.393082519593023,16.393082519593023
1370351,2023-05-24,2023,2,Lucknow Super Giants,Mumbai Indians,Mohsin Khan,0,7,0,0,0.0,Mumbai Indians,9.0,128.57142857142858,7.666666666666667,126.19047619047619,3,7.666666666666667,7.666666666666667,0.0,1.0,0.0,0.6666666666666666,0.3333333333333333,12.729660620603447,-12.729660620603447,12.729660620603447
1370351,2023-05-24,2023,2,Lucknow Super Giants,Mumbai Indians,N Pooran,0,1,0,0,0.0,Mumbai Indians,58.0,193.33333333333334,21.52542372881356,136.52189729070716,59,26.6,21.7,19.333333333333332,4.0,5.0,1.6,1.8,19.997986281142065,-19.997986281142065,19.997986281142065
1370351,2023-05-24,2023,1,Mumbai Indians,Lucknow Super Giants,N Wadhera,23,12,2,2,191.66666666666669,Lucknow Super Giants,16.0,80.0,26.75,134.9207899943194,8,37.4,26.75,16.0,2.0,0.0,3.6,1.6,25.71484747223799,-2.7148474722379916,2.7148474722379916
1370351,2023-05-24,2023,2,Lucknow Super Giants,Mumbai Indians,Naveen-ul-Haq,1,5,0,0,20.0,Mumbai Indians,2.0,66.66666666666666,7.5,87.5,2,7.5,7.5,0.0,0.0,0.0,1.0,0.0,15.103428736375488,-14.103428736375488,14.103428736375488
1370351,2023-05-24,2023,2,Lucknow Super Giants,Mumbai Indians,PN Mankad,3,6,0,0,50.0,Mumbai Indians,26.0,136.8421052631579,23.5,169.76608187134502,4,23.5,23.5,0.0,5.0,0.0,3.25,0.5,18.751819905263254,-15.751819905263254,15.751819905263254
1370351,2023-05-24,2023,1,Mumbai Indians,Lucknow Super Giants,RG Sharma,11,10,1,1,110.00000000000001,Lucknow Super Giants,56.0,160.0,26.24576271186441,111.66869898599187,236,25.8,20.6,27.333333333333332,8.0,1.0,2.6,1.2,25.79810971463734,-14.798109714637341,14.798109714637341
1370351,2023-05-24,2023,2,Lucknow Super Giants,Mumbai Indians,Ravi Bishnoi,3,6,0,0,50.0,Mumbai Indians,2.0,100.0,2.5,81.07142857142858,10,2.8,2.5,1.0,0.0,0.0,0.2,0.0,2.306222466127321,0.6937775338726788,0.6937775338726788
1370351,2023-05-24,2023,1,Mumbai Indians,Lucknow Super Giants,SA Yadav,33,20,2,2,165.0,Lucknow Super Giants,25.0,156.25,25.650406504065042,134.23493424845526,123,48.8,45.2,17.0,4.0,0.0,5.0,2.4,27.097753035738844,5.902246964261156,5.902246964261156
1370351,2023-05-24,2023,1,Mumbai Indians,Lucknow Super Giants,TH David,13,13,1,0,100.0,Lucknow Super Giants,32.0,177.77777777777777,18.318181818181817,151.38906547997456,22,11.6,16.8,32.0,1.0,3.0,1.0,0.6,17.740316398356253,-4.740316398356253,4.740316398356253
1370351,2023-05-24,2023,1,Mumbai Indians,Lucknow Super Giants,Tilak Varma,26,22,0,2,118.18181818181819,Lucknow Super Giants,26.0,260.0,29.17391304347826,131.93971366516678,23,19.4,29.5,32.0,1.0,3.0,1.2,1.6,24.84999489936804,1.1500051006319616,1.1500051006319616
1370352,2023-05-26,2023,1,Gujarat Titans,Mumbai Indians,B Sai Sudharsan,43,31,5,1,138.70967741935485,Mumbai Indians,47.0,138.23529411764704,33.45454545454545,126.02823846662051,11,40.2,33.3,14.0,6.0,1.0,3.4,1.0,25.723112306643575,17.276887693356425,17.276887693356425
1370352,2023-05-26,2023,2,Mumbai Indians,Gujarat Titans,C Green,30,19,2,2,157.89473684210526,Gujarat Titans,41.0,178.26086956521738,28.133333333333333,140.23241633100076,15,30.0,32.3,18.0,6.0,1.0,2.8,1.8,22.847054811113978,7.152945188886022,7.152945188886022
1370352,2023-05-26,2023,2,Mumbai Indians,Gujarat Titans,CJ Jordan,2,5,0,0,40.0,Gujarat Titans,4.0,57.14285714285714,7.181818181818182,95.42207792207792,11,9.4,7.6,0.0,0.0,0.0,0.2,0.6,9.812765994045753,-7.812765994045753,7.812765994045753
1370352,2023-05-26,2023,1,Gujarat Titans,Mumbai Indians,HH Pandya,28,12,2,2,233.33333333333334,Mumbai Indians,8.0,114.28571428571428,19.560344827586206,140.32322730016432,116,16.8,27.6,13.666666666666666,1.0,0.0,1.4,1.0,29.72298773986457,-1.7229877398645712,1.7229877398645712
1370352,2023-05-26,2023,2,Mumbai Indians,Gujarat Titans,JP Behrendorff,3,5,0,0,60.0,Gujarat Titans,3.0,75.0,3.0,75.0,1,3.0,3.0,3.0,0.0,0.0,0.0,0.0,8.78656316635196,-5.786563166351961,5.786563166351961
1370352,2023-05-26,2023,2,Mumbai Indians,Gujarat Titans,K Kartikeya,6,7,1,0,85.71428571428571,Gujarat Titans,3.0,60.0,3.0,60.0,1,3.0,3.0,0.0,0.0,0.0,0.0,0.0,8.11992503351433,-2.1199250335143294,2.1199250335143294
1370352,2023-05-26,2023,2,Mumbai Indians,Gujarat Titans,N Wadhera,4,3,1,0,133.33333333333331,Gujarat Titans,23.0,191.66666666666669,26.333333333333332,141.22588740235798,9,34.0,26.333333333333332,27.5,2.0,2.0,3.4,1.4,24.62763271512163,-20.62763271512163,20.62763271512163
1370352,2023-05-26,2023,2,Mumbai Indians,Gujarat Titans,PP Chawla,0,2,0,0,0.0,Gujarat Titans,2.0,100.0,7.708860759493671,108.80988718513703,79,5.8,7.9,18.0,0.0,0.0,0.4,0.2,7.796142203752538,-7.796142203752538,7.796142203752538
1370352,2023-05-26,2023,2,Mumbai Indians,Gujarat Titans,RG Sharma,8,7,1,0,114.28571428571428,Gujarat Titans,11.0,110.00000000000001,26.18143459915612,111.66165806200034,237,28.0,18.9,24.666666666666668,1.0,1.0,2.8,1.4,28.66507721059341,-20.66507721059341,20.66507721059341
1370352,2023-05-26,2023,1,Gujarat Titans,Mumbai Indians,Rashid Khan,5,2,1,0,250.0,Mumbai Indians,30.0,187.5,9.125,120.13182274901025,48,22.8,14.5,10.2,3.0,2.0,1.2,2.4,14.517492683769024,-9.517492683769024,9.517492683769024
1370352,2023-05-26,2023,2,Mumbai Indians,Gujarat Titans,SA Yadav,61,38,7,2,160.5263157894737,Gujarat Titans,33.0,165.0,25.70967741935484,134.48303961741934,124,50.2,47.8,46.333333333333336,2.0,2.0,4.8,2.8,27.229210086196254,33.770789913803746,33.770789913803746
1370352,2023-05-26,2023,1,Gujarat Titans,Mumbai Indians,Shubman Gill,129,59,7,10,218.64406779661016,Mumbai Indians,42.0,110.5263157894737,30.847058823529412,118.65240711040069,85,69.4,49.4,28.0,4.0,1.0,4.8,3.4,34.49485194580916,94.50514805419084,94.50514805419084
1370352,2023-05-26,2023,2,Mumbai Indians,Gujarat Titans,TH David,2,3,0,0,66.66666666666666,Gujarat Titans,13.0,100.0,18.08695652173913,149.15475828519308,23,10.4,15.7,16.333333333333332,1.0,0.0,0.6,0.6,17.155576428553882,-15.155576428553882,15.155576428553882
1370352,2023-05-26,2023,2,Mumbai Indians,Gujarat Titans,Tilak Varma,43,14,5,3,307.14285714285717,Gujarat Titans,26.0,118.18181818181819,29.041666666666668,131.36646802002724,24,17.2,30.0,11.5,0.0,2.0,0.8,1.2,23.81673479976893,19.18326520023107,19.18326520023107
1370352,2023-05-26,2023,2,Mumbai Indians,Gujarat Titans,Vishnu Vinod,5,7,0,0,71.42857142857143,Gujarat Titans,2.0,66.66666666666666,10.2,97.66666666666666,5,10.2,10.2,30.0,0.0,0.0,0.6,0.6,13.711133159134757,-8.711133159134757,8.711133159134757
1370352,2023-05-26,2023,1,Gujarat Titans,Mumbai Indians,WP Saha,18,16,3,0,112.5,Mumbai Indians,12.0,109.09090909090908,20.651515151515152,115.99526888373181,132,21.4,20.9,25.6875,2.0,0.0,2.8,0.8,23.830478946550734,-5.830478946550734,5.830478946550734
1370353,2023-05-29,2023,2,Chennai Super Kings,Gujarat Titans,AM Rahane,27,13,2,2,207.6923076923077,Gujarat Titans,17.0,170.0,27.67721518987342,104.61496541904292,158,18.0,29.9,17.0,0.0,1.0,0.8,0.6,27.506240067440842,-0.5062400674408423,0.5062400674408423
1370353,2023-05-29,2023,2,Chennai Super Kings,Gujarat Titans,AT Rayudu,19,8,1,2,237.5,Gujarat Titans,17.0,188.88888888888889,23.527173913043477,114.6508801349478,184,11.2,12.7,25.0,1.0,1.0,0.4,0.6,20.82613214414295,-1.8261321441429494,1.8261321441429494
1370353,2023-05-29,2023,1,Gujarat Titans,Chennai Super Kings,B Sai Sudharsan,96,47,8,6,204.25531914893617,Chennai Super Kings,43.0,138.70967741935485,34.25,127.08502504601505,12,36.4,36.5,22.0,5.0,1.0,3.6,0.8,26.24596966154038,69.75403033845961,69.75403033845961
1370353,2023-05-29,2023,2,Chennai Super Kings,Gujarat Titans,DP Conway,47,25,4,2,188.0,Gujarat Titans,40.0,117.64705882352942,41.76190476190476,108.44546052829367,21,42.2,52.7,15.333333333333334,4.0,0.0,4.6,0.6,34.015785878719306,12.984214121280694,12.984214121280694
1370353,2023-05-29,2023,1,Gujarat Titans,Chennai Super Kings,HH Pandya,21,12,0,2,175.0,Chennai Super Kings,28.0,233.33333333333334,19.632478632478634,141.11818547138802,117,14.6,27.6,13.357142857142858,2.0,2.0,1.2,0.8,29.998133626496024,-8.998133626496024,8.998133626496024
1370353,2023-05-29,2023,2,Chennai Super Kings,Gujarat Titans,MS Dhoni,0,1,0,0,0.0,Gujarat Titans,1.0,50.0,23.52777777777778,129.47878520389472,216,6.0,9.0,7.333333333333333,0.0,0.0,0.2,0.4,17.822051570073935,-17.822051570073935,17.822051570073935
1370353,2023-05-29,2023,2,Chennai Super Kings,Gujarat Titans,RA Jadeja,15,6,1,1,250.0,Gujarat Titans,22.0,137.5,15.93452380952381,131.27623666473184,168,19.0,17.4,15.0,2.0,0.0,1.2,0.6,12.80275942902083,2.1972405709791705,2.1972405709791705
1370353,2023-05-29,2023,2,Chennai Super Kings,Gujarat Titans,RD Gaikwad,26,16,3,1,162.5,Gujarat Titans,60.0,139.53488372093022,35.42,110.4793942792612,50,42.0,36.7,69.5,7.0,1.0,4.0,2.0,30.736852386519725,-4.736852386519725,4.736852386519725
1370353,2023-05-29,2023,1,Gujarat Titans,Chennai Super Kings,Rashid Khan,0,2,0,0,0.0,Chennai Super Kings,5.0,250.0,9.040816326530612,122.78219371331616,49,23.4,15.0,21.333333333333332,1.0,0.0,1.4,2.4,14.010124961830234,-14.010124961830234,14.010124961830234
1370353,2023-05-29,2023,2,Chennai Super Kings,Gujarat Titans,S Dube,32,21,0,2,152.38095238095238,Gujarat Titans,1.0,33.33333333333333,23.347826086956523,124.22399806120329,46,24.4,31.2,9.75,0.0,0.0,0.2,2.4,24.456537752936935,7.543462247063065,7.543462247063065
1370353,2023-05-29,2023,1,Gujarat Titans,Chennai Super Kings,Shubman Gill,39,20,7,0,195.0,Chennai Super Kings,129.0,218.64406779661016,31.988372093023255,119.81510083931009,86,76.4,62.3,25.083333333333332,7.0,10.0,5.8,4.0,39.600149921166555,-0.6001499211665546,0.6001499211665546
1370353,2023-05-29,2023,1,Gujarat Titans,Chennai Super Kings,WP Saha,54,39,5,1,138.46153846153845,Chennai Super Kings,18.0,112.5,20.63157894736842,115.9689886665609,133,8.8,18.0,20.714285714285715,3.0,0.0,1.4,0.0,24.224276303219312,29.775723696780688,29.775723696780688
1422119,2024-03-22,2024,2,Chennai Super Kings,Royal Challengers Bengaluru,AM Rahane,27,19,0,2,142.10526315789474,Royal Challengers Bengaluru,27.0,207.6923076923077,27.67295597484277,105.26325059057288,159,20.4,26.5,0.0,2.0,2.0,1.2,1.0,27.42071536272825,-0.4207153627282487,0.4207153627282487
1422119,2024-03-22,2024,1,Royal Challengers Bengaluru,Chennai Super Kings,Anuj Rawat,48,25,4,3,192.0,Chennai Super Kings,23.0,153.33333333333334,13.75,94.25386847195358,16,15.0,9.5,12.0,1.0,1.0,1.0,0.8,12.517342312446667,35.482657687553335,35.482657687553335
1422119,2024-03-22,2024,1,Royal Challengers Bengaluru,Chennai Super Kings,C Green,18,22,1,0,81.81818181818183,Chennai Super Kings,30.0,157.89473684210526,28.25,141.3363113629448,16,35.6,28.6,9.0,2.0,2.0,3.2,2.2,24.500348498586014,-6.500348498586014,6.500348498586014
1422119,2024-03-22,2024,2,Chennai Super Kings,Royal Challengers Bengaluru,DJ Mitchell,22,18,0,2,122.22222222222223,Royal Challengers Bengaluru,17.0,85.0,16.5,75.83333333333333,2,16.5,16.5,0.0,1.0,0.0,0.5,0.0,19.552292818218074,2.447707181781926,2.447707181781926
1422119,2024-03-22,2024,1,Royal Challengers Bengaluru,Chennai Super Kings,F du Plessis,35,23,8,0,152.17391304347828,Chennai Super Kings,28.0,147.36842105263156,33.60162601626016,119.01419231267086,123,52.8,53.3,36.0,5.0,0.0,5.0,1.6,35.00451529798787,-0.004515297987872202,0.004515297987872202
1422119,2024-03-22,2024,1,Royal Challengers Bengaluru,Chennai Super Kings,GJ Maxwell,0,1,0,0,0.0,Chennai Super Kings,11.0,220.00000000000003,22.666666666666668,129.62324902648047,120,27.6,30.0,30.333333333333332,1.0,1.0,3.0,1.6,21.960915534099378,-21.960915534099378,21.960915534099378
1422119,2024-03-22,2024,1,Royal Challengers Bengaluru,Chennai Super Kings,KD Karthik,38,26,3,2,146.15384615384613,Chennai Super Kings,0.0,0.0,20.346846846846848,117.96210392119467,222,11.4,13.0,23.275862068965516,0.0,0.0,1.0,0.6,18.53685573665812,19.46314426334188,19.46314426334188
1422119,2024-03-22,2024,2,Chennai Super Kings,Royal Challengers Bengaluru,R Ravindra,37,15,3,3,246.66666666666669,Royal Challengers Bengaluru,0.0,0.0,0.0,0.0,0,0.0,0.0,0.0,0.0,0.0,0.0,0.0,7.9302784182431845,29.069721581756816,29.069721581756816
1422119,2024-03-22,2024,2,Chennai Super Kings,Royal Challengers Bengaluru,RA Jadeja,25,17,0,1,147.05882352941177,Royal Challengers Bengaluru,15.0,250.0,15.928994082840237,131.97874414008845,169,19.6,18.6,0.0,1.0,1.0,1.4,0.8,18.126221408330377,6.873778591669623,6.873778591669623
1422119,2024-03-22,2024,2,Chennai Super Kings,Royal Challengers Bengaluru,RD Gaikwad,15,15,3,0,100.0,Royal Challengers Bengaluru,26.0,162.5,35.23529411764706,111.49940615613843,51,41.2,39.0,0.0,3.0,1.0,3.8,1.8,28.36702254408162,-13.367022544081621,13.367022544081621
1422119,2024-03-22,2024,1,Royal Challengers Bengaluru,Chennai Super Kings,RM Patidar,0,3,0,0,0.0,Chennai Super Kings,58.0,138.0952380952381,36.72727272727273,126.93488457616832,11,53.0,39.6,21.0,4.0,3.0,4.4,3.0,25.245087395351977,-25.245087395351977,25.245087395351977
1422119,2024-03-22,2024,2,Chennai Super Kings,Royal Challengers Bengaluru,S Dube,34,28,4,1,121.42857142857142,Royal Challengers Bengaluru,32.0,152.38095238095238,23.53191489361702,124.82308219566605,47,25.6,33.6,0.0,0.0,2.0,0.2,2.2,23.318917717376983,10.681082282623017,10.681082282623017
1422119,2024-03-22,2024,1,Royal Challengers Bengaluru,Chennai Super Kings,V Kohli,21,20,0,1,105.0,Chennai Super Kings,101.0,165.5737704918033,31.484848484848484,116.55542730281546,231,55.0,42.5,32.833333333333336,13.0,1.0,6.2,1.0,28.596355720926706,-7.596355720926706,7.596355720926706
1422120,2024-03-23,2024,1,Delhi Capitals,Punjab Kings,AR Patel,21,13,2,1,161.53846153846155,Punjab Kings,15.0,187.5,14.18,127.34687868353537,100,14.4,22.9,9.0,1.0,1.0,1.0,0.8,16.84603440430871,4.1539655956912895,4.1539655956912895
1422120,2024-03-23,2024,1,Delhi Capitals,Punjab Kings,Abishek Porel,32,10,4,2,320.0,Punjab Kings,5.0,62.5,8.25,88.85732323232324,4,8.25,8.25,0.0,0.0,0.0,0.25,0.5,9.778855904453144,22.221144095546855,22.221144095546855
1422120,2024-03-23,2024,1,Delhi Capitals,Punjab Kings,DA Warner,29,21,3,2,138.0952380952381,Punjab Kings,86.0,148.27586206896552,35.74860335195531,120.79176216763848,179,41.6,30.7,33.166666666666664,7.0,5.0,5.0,1.8,30.813473654107984,-1.813473654107984,1.813473654107984
1422120,2024-03-23,2024,2,Punjab Kings,Delhi Capitals,Harpreet Brar,2,2,0,0,100.0,Delhi Capitals,0.0,0.0,9.294117647058824,120.23978631700358,17,7.4,6.0,5.4,0.0,0.0,0.8,0.2,6.736009454527047,-4.736009454527047,4.736009454527047
1422120,2024-03-23,2024,2,Punjab Kings,Delhi Capitals,JM Bairstow,9,3,2,0,300.0,Delhi Capitals,23.0,153.33333333333334,33.1025641025641,127.8885614741905,39,34.8,24.5,36.166666666666664,5.0,0.0,4.2,1.8,26.330736982100607,-17.330736982100607,17.330736982100607
1422120,2024-03-23,2024,2,Punjab Kings,Delhi Capitals,JM Sharma,9,9,1,0,100.0,Delhi Capitals,44.0,157.14285714285714,22.625,157.50858299624818,24,23.8,23.2,20.25,3.0,3.0,1.8,1.4,18.865379925172412,-9.865379925172412,9.865379925172412
1422120,2024-03-23,2024,1,Delhi Capitals,Punjab Kings,Kuldeep Yadav,1,2,0,0,50.0,Punjab Kings,0.0,0.0,5.037037037037037,70.77470364364069,27,2.8,3.1,6.0,0.0,0.0,0.2,0.0,5.760729426132746,-4.760729426132746,4.760729426132746
1422120,2024-03-23,2024,2,Punjab Kings,Delhi Capitals,LS Livingstone,38,21,2,3,180.95238095238096,Delhi Capitals,9.0,69.23076923076923,25.875,139.59575727418598,32,40.8,32.8,19.666666666666668,1.0,0.0,3.4,2.6,26.256022299379506,11.743977700620494,11.743977700620494
1422120,2024-03-23,2024,1,Delhi Capitals,Punjab Kings,MR Marsh,20,12,2,2,166.66666666666669,Punjab Kings,3.0,75.0,18.875,104.39050725855274,32,24.4,12.8,33.0,0.0,0.0,2.0,1.4,23.247226751952574,-3.2472267519525744,3.2472267519525744
1422120,2024-03-23,2024,2,Punjab Kings,Delhi Capitals,P Simran Singh,26,17,5,0,152.94117647058823,Delhi Capitals,2.0,100.0,21.1,113.12491030641186,20,29.6,27.5,45.666666666666664,0.0,0.0,3.6,1.2,22.841875580505395,3.158124419494605,3.158124419494605
1422120,2024-03-23,2024,1,Delhi Capitals,Punjab Kings,RK Bhui,3,7,0,0,42.857142857142854,Punjab Kings,7.0,58.333333333333336,3.5,29.166666666666668,2,3.5,3.5,0.0,0.0,0.0,0.0,0.0,5.3392392587928645,-2.3392392587928645,2.3392392587928645
1422120,2024-03-23,2024,1,Delhi Capitals,Punjab Kings,RR Pant,18,13,2,0,138.46153846153845,Punjab Kings,39.0,118.18181818181819,28.51,133.7474544941879,100,21.2,25.7,12.0,4.0,1.0,1.8,1.4,28.18290984210738,-10.182909842107382,10.182909842107382
1422120,2024-03-23,2024,2,Punjab Kings,Delhi Capitals,S Dhawan,22,16,4,0,137.5,Delhi Capitals,17.0,154.54545454545453,30.493087557603687,111.9280823476481,217,22.2,33.3,8.75,2.0,1.0,3.2,0.6,31.529499143691712,-9.529499143691712,9.529499143691712
1422120,2024-03-23,2024,1,Delhi Capitals,Punjab Kings,SD Hope,33,25,2,2,132.0,Punjab Kings,0.0,0.0,0.0,0.0,0,0.0,0.0,0.0,0.0,0.0,0.0,0.0,10.007142010392844,22.992857989607156,22.992857989607156
1422120,2024-03-23,2024,2,Punjab Kings,Delhi Capitals,SM Curran,63,47,6,1,134.04255319148936,Delhi Capitals,49.0,158.06451612903226,17.02777777777778,135.19684084484004,36,22.6,22.7,12.285714285714286,4.0,2.0,1.4,0.8,16.375310140911427,46.624689859088576,46.624689859088576
1422120,2024-03-23,2024,2,Punjab Kings,Delhi Capitals,Shashank Singh,0,1,0,0,0.0,Delhi Capitals,11.0,91.66666666666666,13.8,174.20634920634922,5,13.8,13.8,10.0,1.0,0.0,1.0,0.8,9.822148122823966,-9.822148122823966,9.822148122823966
1422120,2024-03-23,2024,1,Delhi Capitals,Punjab Kings,Sumit Kumar,2,9,0,0,22.22222222222222,Punjab Kings,0.0,0.0,0.0,0.0,0,0.0,0.0,0.0,0.0,0.0,0.0,0.0,10.007142010392844,-8.007142010392844,8.007142010392844
1422120,2024-03-23,2024,1,Delhi Capitals,Punjab Kings,T Stubbs,5,8,0,0,62.5,Punjab Kings,20.0,95.23809523809523,6.75,61.30952380952381,4,6.75,6.75,0.0,2.0,0.0,0.5,0.0,13.066487806317625,-8.066487806317625,8.066487806317625
1422121,2024-03-23,2024,1,Kolkata Knight Riders,Sunrisers Hyderabad,AD Russell,64,24,3,7,266.66666666666663,Sunrisers Hyderabad,7.0,77.77777777777779,23.604166666666668,148.35460590528086,96,17.0,18.8,17.214285714285715,0.0,1.0,0.8,1.4,22.54115504605252,41.45884495394748,41.45884495394748
1422121,2024-03-23,2024,2,Sunrisers Hyderabad,Kolkata Knight Riders,AK Markram,18,13,2,0,138.46153846153845,Kolkata Knight Riders,13.0,185.71428571428572,25.0,123.03556201147279,31,15.0,16.1,41.8,0.0,1.0,0.8,0.4,23.74725966097073,-5.74725966097073,5.74725966097073
1422121,2024-03-23,2024,2,Sunrisers Hyderabad,Kolkata Knight Riders,Abdul Samad,15,11,1,1,136.36363636363635,Kolkata Knight Riders,4.0,133.33333333333331,14.178571428571429,125.64531108142181,28,21.4,17.3,18.0,1.0,0.0,1.2,1.6,16.299000899462357,-1.2990008994623565,1.2990008994623565
1422121,2024-03-23,2024,2,Sunrisers Hyderabad,Kolkata Knight Riders,Abhishek Sharma,32,19,4,2,168.42105263157893,Kolkata Knight Riders,11.0,78.57142857142857,19.844444444444445,117.71568700319654,45,17.4,22.6,15.833333333333334,2.0,0.0,2.0,0.4,20.354487936088752,11.645512063911248,11.645512063911248
1422121,2024-03-23,2024,2,Sunrisers Hyderabad,Kolkata Knight Riders,H Klaasen,63,29,0,8,217.24137931034483,Kolkata Knight Riders,18.0,150.0,30.235294117647058,151.49490669979528,17,51.8,43.2,23.333333333333332,2.0,0.0,3.8,2.8,21.042091103769106,41.95790889623089,41.95790889623089
1422121,2024-03-23,2024,2,Sunrisers Hyderabad,Kolkata Knight Riders,M Jansen,1,1,0,0,100.0,Kolkata Knight Riders,3.0,50.0,4.8,79.56060606060605,10,5.2,4.8,0.6666666666666666,0.0,0.0,0.2,0.0,4.580465800060945,-3.580465800060945,3.580465800060945
1422121,2024-03-23,2024,2,Sunrisers Hyderabad,Kolkata Knight Riders,MA Agarwal,32,21,4,1,152.38095238095238,Kolkata Knight Riders,83.0,180.43478260869566,22.076271186440678,117.47724134392368,118,31.4,27.0,19.25,8.0,4.0,3.6,1.0,26.702963954183218,5.297036045816782,5.297036045816782
1422121,2024-03-23,2024,1,Kolkata Knight Riders,Sunrisers Hyderabad,MA Starc,6,3,1,0,200.0,Sunrisers Hyderabad,1.0,100.0,8.727272727272727,98.85740857607865,11,5.0,7.8,5.5,0.0,0.0,0.4,0.0,7.903564808569329,-1.903564808569329,1.903564808569329
1422121,2024-03-23,2024,1,Kolkata Knight Riders,Sunrisers Hyderabad,N Rana,9,11,1,0,81.81818181818183,Sunrisers Hyderabad,8.0,80.0,26.2020202020202,119.23825372293591,99,36.0,26.8,35.8,1.0,0.0,3.6,1.0,28.075990613211477,-19.075990613211477,19.075990613211477
1422121,2024-03-23,2024,1,Kolkata Knight Riders,Sunrisers Hyderabad,PD Salt,54,40,3,3,135.0,Sunrisers Hyderabad,3.0,50.0,24.22222222222222,115.81784228843054,9,30.8,24.22222222222222,29.5,0.0,0.0,2.8,2.0,21.77845668714713,32.22154331285287,32.22154331285287
1422121,2024-03-23,2024,2,Sunrisers Hyderabad,Kolkata Knight Riders,PJ Cummins,0,1,0,0,0.0,Kolkata Knight Riders,0.0,0.0,13.068965517241379,128.3397439837602,29,12.6,15.6,3.0,0.0,0.0,1.0,1.2,14.012442253369239,-14.012442253369239,14.012442253369239
1422121,2024-03-23,2024,2,Sunrisers Hyderabad,Kolkata Knight Riders,RA Tripathi,20,20,0,1,100.0,Kolkata Knight Riders,15.0,125.0,23.804597701149426,126.98783002583438,87,20.6,16.5,30.8,2.0,1.0,2.2,1.0,25.36705976879642,-5.36705976879642,5.36705976879642
1422121,2024-03-23,2024,1,Kolkata Knight Riders,Sunrisers Hyderabad,RK Singh,23,15,3,0,153.33333333333334,Sunrisers Hyderabad,67.0,203.03030303030303,25.0,131.63622967784661,29,40.8,31.8,34.75,6.0,4.0,3.2,2.0,23.13394633067044,-0.13394633067044026,0.13394633067044026
1422121,2024-03-23,2024,1,Kolkata Knight Riders,Sunrisers Hyderabad,Ramandeep Singh,35,16,1,4,218.75,Sunrisers Hyderabad,13.0,260.0,11.25,154.58333333333334,4,11.25,11.25,14.0,2.0,0.0,0.75,0.25,13.326996559890956,21.673003440109042,21.673003440109042
1422121,2024-03-23,2024,1,Kolkata Knight Riders,Sunrisers Hyderabad,SP Narine,2,4,0,0,50.0,Sunrisers Hyderabad,1.0,50.0,11.369565217391305,119.11718183216702,92,2.4,2.1,8.153846153846153,0.0,0.0,0.4,0.0,8.407111906907305,-6.407111906907305,6.407111906907305
1422121,2024-03-23,2024,1,Kolkata Knight Riders,Sunrisers Hyderabad,SS Iyer,0,2,0,0,0.0,Sunrisers Hyderabad,50.0,172.41379310344826,27.524752475247524,109.97439304923864,101,22.2,33.2,28.066666666666666,4.0,3.0,2.2,0.8,25.062015724477543,-25.062015724477543,25.062015724477543
1422121,2024-03-23,2024,2,Sunrisers Hyderabad,Kolkata Knight Riders,Shahbaz Ahmed,16,5,1,2,320.0,Kolkata Knight Riders,2.0,40.0,12.84,105.45153949364476,25,8.2,6.6,10.75,0.0,0.0,0.6,0.2,11.326508816569866,4.673491183430134,4.673491183430134
1422121,2024-03-23,2024,1,Kolkata Knight Riders,Sunrisers Hyderabad,VR Iyer,7,5,1,0,140.0,Sunrisers Hyderabad,24.0,160.0,26.555555555555557,114.15410652846175,36,21.6,27.4,7.6,3.0,1.0,1.6,1.0,27.60565999055452,-20.60565999055452,20.60565999055452
1422122,2024-03-24,2024,2,Lucknow Super Giants,Rajasthan Royals,A Badoni,1,5,0,0,20.0,Rajasthan Royals,1.0,14.285714285714285,17.347826086956523,124.66020705796629,23,22.0,19.7,2.0,0.0,0.0,1.0,1.4,18.461872996416204,-17.461872996416204,17.461872996416204
1422122,2024-03-24,2024,2,Lucknow Super Giants,Rajasthan Royals,D Padikkal,0,3,0,0,0.0,Rajasthan Royals,51.0,170.0,26.68421052631579,108.12546387125855,57,19.2,25.9,55.25,5.0,3.0,2.4,0.6,25.746436482591754,-25.746436482591754,25.746436482591754
1422122,2024-03-24,2024,2,Lucknow Super Giants,Rajasthan Royals,DJ Hooda,26,13,2,2,200.0,Rajasthan Royals,15.0,115.38461538461537,15.011363636363637,116.97048841192573,88,8.6,6.5,21.571428571428573,0.0,1.0,0.4,0.2,15.288037782903865,10.711962217096135,10.711962217096135
1422122,2024-03-24,2024,1,Rajasthan Royals,Lucknow Super Giants,Dhruv Jurel,20,12,1,1,166.66666666666669,Lucknow Super Giants,10.0,250.0,13.818181818181818,146.2987012987013,11,11.2,12.0,0.0,0.0,1.0,0.8,0.6,13.928364217218553,6.071635782781447,6.071635782781447
1422122,2024-03-24,2024,1,Rajasthan Royals,Lucknow Super Giants,JC Buttler,11,9,2,0,122.22222222222223,Lucknow Super Giants,0.0,0.0,33.583333333333336,129.14327896923942,96,20.6,18.8,18.333333333333332,0.0,0.0,2.4,0.8,31.317183115867053,-20.317183115867053,20.317183115867053
1422122,2024-03-24,2024,2,Lucknow Super Giants,Rajasthan Royals,KH Pandya,3,5,0,0,60.0,Rajasthan Royals,8.0,72.72727272727273,15.770833333333334,123.67242286622489,96,13.2,13.0,13.0,1.0,0.0,0.4,0.4,12.971792818795667,-9.971792818795667,9.971792818795667
1422122,2024-03-24,2024,2,Lucknow Super Giants,Rajasthan Royals,KL Rahul,58,44,4,2,131.8181818181818,Rajasthan Royals,0.0,0.0,37.9,120.54873088248877,110,38.6,35.3,41.357142857142854,0.0,0.0,4.2,0.6,49.211479397527604,8.788520602472396,8.788520602472396
1422122,2024-03-24,2024,2,Lucknow Super Giants,Rajasthan Royals,MP Stoinis,3,4,0,0,75.0,Rajasthan Royals,40.0,148.14814814814815,19.972972972972972,118.15427961525488,74,34.6,28.5,20.8,5.0,1.0,2.2,2.4,20.67362743308501,-17.67362743308501,17.67362743308501
1422122,2024-03-24,2024,2,Lucknow Super Giants,Rajasthan Royals,N Pooran,64,41,4,4,156.09756097560975,Rajasthan Royals,0.0,0.0,21.166666666666668,134.24653233586204,60,22.6,21.7,15.625,0.0,0.0,1.6,1.8,21.571846407684696,42.428153592315304,42.428153592315304
1422122,2024-03-24,2024,2,Lucknow Super Giants,Rajasthan Royals,Q de Kock,4,5,1,0,80.0,Rajasthan Royals,28.0,107.6923076923077,30.0,116.5227800855503,97,29.8,38.0,39.888888888888886,0.0,2.0,2.0,1.8,28.432099693434907,-24.432099693434907,24.432099693434907
1422122,2024-03-24,2024,1,Rajasthan Royals,Lucknow Super Giants,R Parag,43,29,1,3,148.27586206896552,Lucknow Super Giants,20.0,181.8181818181818,13.636363636363637,109.90429295172208,44,10.2,10.7,14.0,1.0,2.0,0.4,0.6,12.414139196153881,30.585860803846117,30.585860803846117
1422122,2024-03-24,2024,1,Rajasthan Royals,Lucknow Super Giants,SO Hetmyer,5,7,0,0,71.42857142857143,Lucknow Super Giants,46.0,164.28571428571428,20.178571428571427,135.8102500076724,56,20.6,20.2,30.5,4.0,3.0,1.0,1.6,21.183110525333188,-16.183110525333188,16.183110525333188
1422122,2024-03-24,2024,1,Rajasthan Royals,Lucknow Super Giants,SV Samson,82,51,3,6,160.7843137254902,Lucknow Super Giants,2.0,66.66666666666666,26.448979591836736,116.84986435861974,147,30.0,26.5,15.666666666666666,0.0,0.0,2.0,2.2,26.480232585478927,55.51976741452107,55.51976741452107
1422122,2024-03-24,2024,1,Rajasthan Royals,Lucknow Super Giants,YBK Jaiswal,24,12,3,1,200.0,Lucknow Super Giants,50.0,138.88888888888889,31.675675675675677,123.48800916474852,37,39.4,49.0,42.5,8.0,0.0,5.4,1.6,31.66836916369422,-7.668369163694219,7.668369163694219
1422123,2024-03-24,2024,1,Gujarat Titans,Mumbai Indians,Azmatullah Omarzai,17,11,1,1,154.54545454545453,Mumbai Indians,0.0,0.0,0.0,0.0,0,0.0,0.0,0.0,0.0,0.0,0.0,0.0,7.338094034134377,9.661905965865623,9.661905965865623
1422123,2024-03-24,2024,1,Gujarat Titans,Mumbai Indians,B Sai Sudharsan,45,39,3,1,115.38461538461537,Mumbai Indians,96.0,204.25531914893617,39.0,133.02120151547052,13,45.0,44.1,28.5,8.0,6.0,4.6,1.6,25.065355758749195,19.934644241250805,19.934644241250805
1422123,2024-03-24,2024,2,Mumbai Indians,Gujarat Titans,D Brevis,46,38,2,3,121.05263157894737,Gujarat Titans,37.0,112.12121212121211,23.0,127.01206562860698,7,24.8,23.0,0.0,1.0,3.0,2.2,1.8,20.924861580968308,25.075138419031692,25.075138419031692
1422123,2024-03-24,2024,1,Gujarat Titans,Mumbai Indians,DA Miller,12,11,1,0,109.09090909090908,Mumbai Indians,4.0,66.66666666666666,23.6,124.51832442524568,115,15.8,20.9,24.266666666666666,0.0,0.0,1.6,0.6,25.104214027240886,-13.104214027240886,13.104214027240886
1422123,2024-03-24,2024,2,Mumbai Indians,Gujarat Titans,G Coetzee,1,3,0,0,33.33333333333333,Gujarat Titans,0.0,0.0,0.0,0.0,0,0.0,0.0,0.0,0.0,0.0,0.0,0.0,8.686503014231702,-7.686503014231702,7.686503014231702
1422123,2024-03-24,2024,2,Mumbai Indians,Gujarat Titans,HH Pandya,11,4,1,1,275.0,Gujarat Titans,21.0,175.0,19.64406779661017,141.40531949281691,118,13.8,23.1,0.0,0.0,2.0,1.0,0.8,25.018084209207508,-14.018084209207508,14.018084209207508
1422123,2024-03-24,2024,2,Mumbai Indians,Gujarat Titans,Ishan Kishan,0,4,0,0,0.0,Gujarat Titans,15.0,125.0,27.341176470588234,116.40240059016317,85,32.2,28.5,29.666666666666668,3.0,0.0,4.0,1.4,26.65797446777848,-26.65797446777848,26.65797446777848
1422123,2024-03-24,2024,2,Mumbai Indians,Gujarat Titans,JJ Bumrah,1,1,0,0,100.0,Gujarat Titans,0.0,0.0,2.5454545454545454,65.09641873278237,22,1.0,1.5,0.0,0.0,0.0,0.2,0.0,2.126650061235018,-1.126650061235018,1.126650061235018
1422123,2024-03-24,2024,2,Mumbai Indians,Gujarat Titans,Naman Dhir,20,10,3,1,200.0,Gujarat Titans,0.0,0.0,0.0,0.0,0,0.0,0.0,0.0,0.0,0.0,0.0,0.0,8.686503014231702,11.313496985768298,11.313496985768298
1422123,2024-03-24,2024,2,Mumbai Indians,Gujarat Titans,PP Chawla,0,1,0,0,0.0,Gujarat Titans,0.0,0.0,7.6125,107.44976359532282,80,5.0,6.7,9.0,0.0,0.0,0.2,0.2,6.462555192646838,-6.462555192646838,6.462555192646838
1422123,2024-03-24,2024,1,Gujarat Titans,Mumbai Indians,R Tewatia,22,14,2,1,157.14285714285714,Mumbai Indians,3.0,60.0,14.732142857142858,128.44307686941158,56,8.8,8.7,10.5,0.0,0.0,0.2,0.6,12.205154561484203,9.794845438515797,9.794845438515797
1422123,2024-03-24,2024,2,Mumbai Indians,Gujarat Titans,RG Sharma,43,29,7,1,148.27586206896552,Gujarat Titans,8.0,114.28571428571428,26.105042016806724,111.67268350831847,238,28.2,15.3,20.5,1.0,0.0,2.8,1.4,30.876452110728295,12.123547889271705,12.123547889271705
1422123,2024-03-24,2024,1,Gujarat Titans,Mumbai Indians,Rashid Khan,4,3,0,0,133.33333333333331,Mumbai Indians,0.0,0.0,8.86,120.32654983904985,50,22.8,14.9,9.727272727272727,0.0,0.0,1.4,2.4,13.76022370924765,-9.76022370924765,9.76022370924765
1422123,2024-03-24,2024,2,Mumbai Indians,Gujarat Titans,SZ Mulani,1,1,0,0,100.0,Gujarat Titans,0.0,0.0,0.0,0.0,0,0.0,0.0,0.0,0.0,0.0,0.0,0.0,8.686503014231702,-7.686503014231702,7.686503014231702
1422123,2024-03-24,2024,1,Gujarat Titans,Mumbai Indians,Shubman Gill,31,22,3,1,140.9090909090909,Mumbai Indians,39.0,195.0,32.06896551724138,120.67929508253641,87,83.0,60.6,37.18181818181818,7.0,0.0,7.2,4.0,37.374734105662434,-6.374734105662434,6.374734105662434
1422123,2024-03-24,2024,2,Mumbai Indians,Gujarat Titans,TH David,11,10,1,0,110.00000000000001,Gujarat Titans,2.0,66.66666666666666,17.416666666666668,145.71775446775447,24,10.4,14.3,12.75,0.0,0.0,0.6,0.6,16.939734518640712,-5.939734518640712,5.939734518640712
1422123,2024-03-24,2024,2,Mumbai Indians,Gujarat Titans,Tilak Varma,25,19,1,1,131.57894736842107,Gujarat Titans,43.0,307.14285714285717,29.6,138.39752358494044,25,25.2,25.9,22.0,5.0,3.0,1.8,1.8,21.96115617195793,3.0388438280420687,3.0388438280420687
1422123,2024-03-24,2024,1,Gujarat Titans,Mumbai Indians,V Shankar,6,5,0,0,120.0,Mumbai Indians,14.0,140.0,20.235294117647058,122.2588998777165,51,30.6,30.1,19.0,0.0,1.0,3.2,1.6,21.109640072974393,-15.109640072974393,15.109640072974393
1422123,2024-03-24,2024,1,Gujarat Titans,Mumbai Indians,WP Saha,19,15,4,0,126.66666666666666,Mumbai Indians,54.0,138.46153846153845,20.880597014925375,116.13684351577716,134,19.2,23.0,25.235294117647058,5.0,1.0,2.4,0.2,23.330655391790234,-4.330655391790234,4.330655391790234
1422124,2024-03-25,2024,2,Royal Challengers Bengaluru,Punjab Kings,Anuj Rawat,11,14,1,0,78.57142857142857,Punjab Kings,48.0,192.0,15.764705882352942,100.00364091477984,17,22.8,14.3,21.0,4.0,3.0,1.8,1.4,15.39598435688136,-4.39598435688136,4.39598435688136
1422124,2024-03-25,2024,2,Royal Challengers Bengaluru,Punjab Kings,C Green,3,5,0,0,60.0,Punjab Kings,18.0,81.81818181818183,27.647058823529413,137.8352449191352,17,38.6,27.1,45.0,1.0,0.0,3.4,2.2,22.720377800203707,-19.720377800203707,19.720377800203707
1422124,2024-03-25,2024,2,Royal Challengers Bengaluru,Punjab Kings,F du Plessis,3,7,0,0,42.857142857142854,Punjab Kings,35.0,152.17391304347828,33.61290322580645,119.28160941533865,124,50.8,50.6,58.8,8.0,0.0,5.6,1.4,33.05951113434396,-30.059511134343957,30.059511134343957
1422124,2024-03-25,2024,2,Royal Challengers Bengaluru,Punjab Kings,GJ Maxwell,3,5,0,0,60.0,Punjab Kings,0.0,0.0,22.479338842975206,128.55198250560048,121,27.6,22.4,23.0,0.0,0.0,3.0,1.6,24.79885303987554,-21.79885303987554,21.79885303987554
1422124,2024-03-25,2024,1,Punjab Kings,Royal Challengers Bengaluru,Harpreet Brar,2,2,0,0,100.0,Royal Challengers Bengaluru,2.0,100.0,8.88888888888889,119.11535374383672,18,5.2,5.5,0.0,0.0,0.0,0.6,0.2,8.166419205797911,-6.1664192057979115,6.1664192057979115
1422124,2024-03-25,2024,1,Punjab Kings,Royal Challengers Bengaluru,JM Bairstow,8,6,2,0,133.33333333333331,Royal Challengers Bengaluru,9.0,300.0,32.5,132.19134743733574,40,36.4,24.2,0.0,2.0,0.0,4.6,1.8,28.388662157089833,-20.388662157089833,20.388662157089833
1422124,2024-03-25,2024,1,Punjab Kings,Royal Challengers Bengaluru,JM Sharma,27,20,1,2,135.0,Royal Challengers Bengaluru,9.0,100.0,22.08,155.20823967639825,25,15.8,23.9,0.0,1.0,0.0,1.0,1.0,19.139395799123115,7.860604200876885,7.860604200876885
1422124,2024-03-25,2024,2,Royal Challengers Bengaluru,Punjab Kings,KD Karthik,28,10,3,2,280.0,Punjab Kings,38.0,146.15384615384613,20.426008968609864,118.08852428995095,223,15.8,16.8,14.6,3.0,2.0,1.4,0.8,17.716010800033448,10.283989199966552,10.283989199966552
1422124,2024-03-25,2024,1,Punjab Kings,Royal Challengers Bengaluru,LS Livingstone,17,13,1,1,130.76923076923077,Royal Challengers Bengaluru,38.0,180.95238095238096,26.242424242424242,140.84898829473735,33,32.0,31.7,0.0,2.0,3.0,2.4,2.4,25.987553095307188,-8.987553095307188,8.987553095307188
1422124,2024-03-25,2024,2,Royal Challengers Bengaluru,Punjab Kings,MK Lomror,17,8,2,1,212.5,Punjab Kings,1.0,33.33333333333333,16.08,117.84266643881249,25,12.0,13.5,18.666666666666668,0.0,0.0,1.2,0.6,15.244808941629811,1.7551910583701886,1.7551910583701886
1422124,2024-03-25,2024,1,Punjab Kings,Royal Challengers Bengaluru,P Simran Singh,25,17,2,2,147.05882352941177,Royal Challengers Bengaluru,26.0,152.94117647058823,21.333333333333332,115.02092298089644,21,33.0,29.7,0.0,5.0,0.0,4.4,1.2,23.18135592495212,1.8186440750478816,1.8186440750478816
1422124,2024-03-25,2024,2,Royal Challengers Bengaluru,Punjab Kings,RM Patidar,18,18,1,1,100.0,Punjab Kings,0.0,0.0,33.666666666666664,116.35697752815429,12,48.8,39.5,28.5,0.0,0.0,4.2,2.8,32.17429570019976,-14.174295700199757,14.174295700199757
1422124,2024-03-25,2024,1,Punjab Kings,Royal Challengers Bengaluru,S Dhawan,45,37,5,1,121.62162162162163,Royal Challengers Bengaluru,22.0,137.5,30.454128440366972,112.04538472220018,218,20.6,26.9,0.0,4.0,0.0,3.0,0.6,33.95450985063378,11.045490149366223,11.045490149366223
1422124,2024-03-25,2024,1,Punjab Kings,Royal Challengers Bengaluru,SM Curran,23,17,3,0,135.29411764705884,Royal Challengers Bengaluru,63.0,134.04255319148936,18.27027027027027,135.16564388123595,37,29.4,26.8,0.0,6.0,1.0,2.4,0.8,24.86361511091541,-1.8636151109154113,1.8636151109154113
1422124,2024-03-25,2024,1,Punjab Kings,Royal Challengers Bengaluru,Shashank Singh,21,8,1,2,262.5,Royal Challengers Bengaluru,0.0,0.0,11.5,145.17195767195767,6,8.8,11.5,0.0,0.0,0.0,0.8,0.2,13.929032070814259,7.070967929185741,7.070967929185741
1422124,2024-03-25,2024,2,Royal Challengers Bengaluru,Punjab Kings,V Kohli,77,49,11,2,157.14285714285714,Punjab Kings,21.0,105.0,31.439655172413794,116.50561942651021,232,48.2,44.0,36.0,0.0,1.0,5.2,1.2,30.39461051897531,46.60538948102469,46.60538948102469
1422125,2024-03-26,2024,1,Chennai Super Kings,Gujarat Titans,AM Rahane,12,12,1,0,100.0,Gujarat Titans,27.0,142.10526315789474,27.66875,105.49351316911866,160,21.6,26.1,22.0,0.0,2.0,1.0,1.2,26.682049570491706,-14.682049570491706,14.682049570491706
1422125,2024-03-26,2024,2,Gujarat Titans,Chennai Super Kings,Azmatullah Omarzai,11,10,1,0,110.00000000000001,Chennai Super Kings,17.0,154.54545454545453,17.0,154.54545454545453,1,17.0,17.0,0.0,1.0,1.0,1.0,1.0,13.448157121461806,-2.448157121461806,2.448157121461806
1422125,2024-03-26,2024,2,Gujarat Titans,Chennai Super Kings,B Sai Sudharsan,37,31,3,0,119.35483870967742,Chennai Super Kings,45.0,115.38461538461537,39.42857142857143,131.76144536326657,14,50.2,42.1,59.0,3.0,1.0,4.8,1.8,25.876743154534363,11.123256845465637,11.123256845465637
1422125,2024-03-26,2024,2,Gujarat Titans,Chennai Super Kings,DA Miller,21,16,3,0,131.25,Chennai Super Kings,12.0,109.09090909090908,23.5,124.3853294654669,116,14.0,17.5,28.307692307692307,1.0,0.0,1.4,0.4,24.110203177744186,-3.110203177744186,3.110203177744186
1422125,2024-03-26,2024,1,Chennai Super Kings,Gujarat Titans,DJ Mitchell,24,20,2,0,120.0,Gujarat Titans,22.0,122.22222222222223,18.333333333333332,91.2962962962963,3,18.333333333333332,18.333333333333332,0.0,0.0,2.0,0.3333333333333333,0.6666666666666666,18.9484210191902,5.051578980809801,5.051578980809801
1422125,2024-03-26,2024,1,Chennai Super Kings,Gujarat Titans,R Ravindra,46,20,6,3,229.99999999999997,Gujarat Titans,37.0,246.66666666666669,37.0,246.66666666666669,1,37.0,37.0,0.0,3.0,3.0,3.0,3.0,21.69549406434829,24.30450593565171,24.30450593565171
1422125,2024-03-26,2024,2,Gujarat Titans,Chennai Super Kings,R Tewatia,6,11,1,0,54.54545454545454,Chennai Super Kings,22.0,157.14285714285714,14.859649122807017,128.9465817864896,57,9.2,9.4,9.714285714285714,2.0,1.0,0.6,0.2,12.467882660056311,-6.467882660056311,6.467882660056311
1422125,2024-03-26,2024,1,Chennai Super Kings,Gujarat Titans,RA Jadeja,7,3,1,0,233.33333333333334,Gujarat Titans,25.0,147.05882352941177,15.98235294117647,132.0674504894374,170,20.4,18.6,15.0,0.0,1.0,1.2,0.8,12.835332847130443,-5.835332847130443,5.835332847130443
1422125,2024-03-26,2024,1,Chennai Super Kings,Gujarat Titans,RD Gaikwad,46,36,5,1,127.77777777777777,Gujarat Titans,15.0,100.0,34.84615384615385,111.27826373005884,52,39.4,37.0,60.8,3.0,0.0,3.6,1.8,36.34538495011847,9.654615049881528,9.654615049881528
1422125,2024-03-26,2024,2,Gujarat Titans,Chennai Super Kings,Rashid Khan,1,2,0,0,50.0,Chennai Super Kings,4.0,133.33333333333331,8.764705882352942,120.58158480952598,51,7.8,13.4,18.285714285714285,0.0,0.0,0.8,0.4,10.01754757850061,-9.01754757850061,9.01754757850061
1422125,2024-03-26,2024,1,Chennai Super Kings,Gujarat Titans,S Dube,51,23,2,5,221.73913043478262,Gujarat Titans,34.0,121.42857142857142,23.75,124.75236322135157,48,27.4,31.8,14.2,4.0,1.0,1.0,1.8,23.344839020072744,27.655160979927256,27.655160979927256
1422125,2024-03-26,2024,2,Gujarat Titans,Chennai Super Kings,SH Johnson,5,5,1,0,100.0,Chennai Super Kings,0.0,0.0,0.0,0.0,0,0.0,0.0,0.0,0.0,0.0,0.0,0.0,9.061854175961974,-4.061854175961974,4.061854175961974
1422125,2024-03-26,2024,1,Chennai Super Kings,Gujarat Titans,Sameer Rizvi,14,6,0,2,233.33333333333334,Gujarat Titans,0.0,0.0,0.0,0.0,0,0.0,0.0,0.0,0.0,0.0,0.0,0.0,11.635068667538924,2.364931332461076,2.364931332461076
1422125,2024-03-26,2024,2,Gujarat Titans,Chennai Super Kings,Shubman Gill,8,5,0,1,160.0,Chennai Super Kings,31.0,140.9090909090909,32.05681818181818,120.90917912601999,88,69.0,58.8,26.153846153846153,3.0,1.0,5.2,4.0,34.68207285734072,-26.68207285734072,26.68207285734072
1422125,2024-03-26,2024,2,Gujarat Titans,Chennai Super Kings,UT Yadav,10,11,0,1,90.9090909090909,Chennai Super Kings,4.0,100.0,4.260869565217392,93.82520860781732,46,3.8,5.6,2.3333333333333335,0.0,0.0,0.2,0.0,6.2748837992446935,3.7251162007553065,3.7251162007553065
1422125,2024-03-26,2024,2,Gujarat Titans,Chennai Super Kings,V Shankar,12,12,0,1,100.0,Chennai Super Kings,6.0,120.0,19.96153846153846,122.21545949545272,52,21.6,28.0,22.0,0.0,0.0,2.8,0.6,20.160167488076084,-8.160167488076084,8.160167488076084
1422125,2024-03-26,2024,2,Gujarat Titans,Chennai Super Kings,WP Saha,21,17,4,0,123.52941176470588,Chennai Super Kings,19.0,126.66666666666666,20.866666666666667,116.21484220578374,135,23.0,23.9,22.933333333333334,4.0,0.0,3.2,0.2,21.46853379361501,-0.46853379361500913,0.46853379361500913
1422126,2024-03-27,2024,1,Sunrisers Hyderabad,Mumbai Indians,AK Markram,42,28,2,1,150.0,Mumbai Indians,18.0,138.46153846153845,24.78125,123.51762377553734,32,17.4,15.7,19.75,2.0,0.0,1.0,0.4,25.590660543866488,16.409339456133512,16.409339456133512
1422126,2024-03-27,2024,1,Sunrisers Hyderabad,Mumbai Indians,Abhishek Sharma,63,22,3,7,286.3636363636364,Mumbai Indians,32.0,168.42105263157893,20.108695652173914,118.8179775603353,46,22.0,22.6,10.285714285714286,4.0,2.0,2.6,0.8,20.087337957220797,42.9126620427792,42.9126620427792
1422126,2024-03-27,2024,1,Sunrisers Hyderabad,Mumbai Indians,H Klaasen,80,33,4,7,242.42424242424244,Mumbai Indians,63.0,217.24137931034483,32.05555555555556,155.14748851149247,18,59.2,45.9,18.0,0.0,8.0,3.4,4.0,23.370021288853636,56.629978711146364,56.629978711146364
1422126,2024-03-27,2024,2,Mumbai Indians,Sunrisers Hyderabad,HH Pandya,24,20,1,1,120.0,Sunrisers Hyderabad,11.0,275.0,19.571428571428573,142.52796386682687,119,15.2,22.9,12.928571428571429,1.0,1.0,1.0,1.0,25.03258231441538,-1.0325823144153787,1.0325823144153787
1422126,2024-03-27,2024,2,Mumbai Indians,Sunrisers Hyderabad,Ishan Kishan,34,13,2,4,261.53846153846155,Sunrisers Hyderabad,0.0,0.0,27.023255813953487,115.04888430423104,86,23.8,28.4,31.09090909090909,0.0,0.0,3.2,0.6,27.06864279681028,6.9313572031897195,6.9313572031897195
1422126,2024-03-27,2024,1,Sunrisers Hyderabad,Mumbai Indians,MA Agarwal,11,13,1,0,84.61538461538461,Mumbai Indians,32.0,152.38095238095238,22.159663865546218,117.77054984003315,119,37.4,27.5,25.11764705882353,4.0,1.0,4.4,1.2,27.115034716904205,-16.115034716904205,16.115034716904205
1422126,2024-03-27,2024,2,Mumbai Indians,Sunrisers Hyderabad,Naman Dhir,30,14,2,2,214.28571428571428,Sunrisers Hyderabad,20.0,200.0,20.0,200.0,1,20.0,20.0,0.0,3.0,1.0,3.0,1.0,18.206760157132265,11.793239842867735,11.793239842867735
1422126,2024-03-27,2024,2,Mumbai Indians,Sunrisers Hyderabad,R Shepherd,15,6,2,1,250.0,Sunrisers Hyderabad,0.0,0.0,14.5,104.76190476190476,4,14.5,14.5,0.0,0.0,0.0,0.5,1.25,15.260370007397569,-0.26037000739756877,0.26037000739756877
1422126,2024-03-27,2024,2,Mumbai Indians,Sunrisers Hyderabad,RG Sharma,26,12,1,3,216.66666666666666,Sunrisers Hyderabad,43.0,148.27586206896552,26.175732217573223,111.82583488304923,239,31.0,19.4,19.476190476190474,7.0,1.0,3.6,1.2,27.24609747304276,-1.2460974730427594,1.2460974730427594
1422126,2024-03-27,2024,2,Mumbai Indians,Sunrisers Hyderabad,TH David,42,22,2,3,190.9090909090909,Sunrisers Hyderabad,11.0,110.00000000000001,17.16,144.28904428904428,25,12.6,12.9,31.0,1.0,0.0,0.8,0.6,14.607940891929694,27.392059108070306,27.392059108070306
1422126,2024-03-27,2024,1,Sunrisers Hyderabad,Mumbai Indians,TM Head,62,24,9,3,258.33333333333337,Mumbai Indians,2.0,100.0,20.5,108.97476282582666,10,18.2,20.5,24.5,0.0,0.0,0.8,1.0,18.938170153737754,43.06182984626224,43.06182984626224
1422126,2024-03-27,2024,2,Mumbai Indians,Sunrisers Hyderabad,Tilak Varma,64,33,2,6,193.93939393939394,Sunrisers Hyderabad,25.0,131.57894736842107,29.423076923076923,138.13527065353585,26,29.8,26.2,22.5,1.0,1.0,2.0,2.0,23.150651149443682,40.84934885055632,40.84934885055632
1422127,2024-03-28,2024,2,Delhi Capitals,Rajasthan Royals,AR Patel,15,13,1,0,115.38461538461537,Rajasthan Royals,21.0,161.53846153846155,14.247524752475247,127.68540920685146,101,13.2,19.6,8.9,2.0,1.0,1.0,0.8,14.073112195640103,0.9268878043598967,0.9268878043598967
1422127,2024-03-28,2024,2,Delhi Capitals,Rajasthan Royals,Abishek Porel,9,10,0,0,90.0,Rajasthan Royals,32.0,320.0,13.0,135.0858585858586,5,13.0,13.0,7.0,4.0,2.0,1.0,0.8,17.978246601973307,-8.978246601973307,8.978246601973307
1422127,2024-03-28,2024,2,Delhi Capitals,Rajasthan Royals,DA Warner,49,34,5,3,144.11764705882354,Rajasthan Royals,29.0,138.0952380952381,35.71111111111111,120.88789258945849,180,43.0,31.7,35.6,3.0,2.0,5.0,2.0,29.714446114425392,19.285553885574608,19.285553885574608
1422127,2024-03-28,2024,1,Rajasthan Royals,Delhi Capitals,Dhruv Jurel,20,12,3,0,166.66666666666669,Delhi Capitals,20.0,166.66666666666669,14.333333333333334,147.99603174603175,12,8.4,13.2,8.0,1.0,1.0,0.4,0.4,12.158947257230627,7.841052742769373,7.841052742769373
1422127,2024-03-28,2024,1,Rajasthan Royals,Delhi Capitals,JC Buttler,11,16,0,0,68.75,Delhi Capitals,11.0,122.22222222222223,33.350515463917525,129.0719278687547,97,21.2,19.9,39.833333333333336,2.0,0.0,2.4,0.8,27.517031402189367,-16.517031402189367,16.517031402189367
1422127,2024-03-28,2024,2,Delhi Capitals,Rajasthan Royals,MR Marsh,23,12,5,0,191.66666666666669,Rajasthan Royals,20.0,166.66666666666669,18.90909090909091,106.27766360425316,33,23.4,14.8,62.0,2.0,2.0,1.4,1.8,24.03481571849915,-1.03481571849915,1.03481571849915
1422127,2024-03-28,2024,1,Rajasthan Royals,Delhi Capitals,R Ashwin,29,19,0,3,152.63157894736844,Delhi Capitals,2.0,33.33333333333333,8.814814814814815,108.30215624104936,81,5.2,7.3,23.0,0.0,0.0,0.6,0.0,7.951321479484739,21.04867852051526,21.04867852051526
1422127,2024-03-28,2024,1,Rajasthan Royals,Delhi Capitals,R Parag,84,45,7,6,186.66666666666666,Delhi Capitals,43.0,148.27586206896552,14.28888888888889,110.75699448766083,45,17.4,14.0,10.714285714285714,1.0,3.0,0.6,1.2,12.95992293574693,71.04007706425307,71.04007706425307
1422127,2024-03-28,2024,2,Delhi Capitals,Rajasthan Royals,RK Bhui,0,2,0,0,0.0,Rajasthan Royals,3.0,42.857142857142854,3.3333333333333335,33.73015873015873,3,3.3333333333333335,3.3333333333333335,0.0,0.0,0.0,0.0,0.0,4.99632026312512,-4.99632026312512,4.99632026312512
1422127,2024-03-28,2024,2,Delhi Capitals,Rajasthan Royals,RR Pant,28,26,2,1,107.6923076923077,Rajasthan Royals,18.0,138.46153846153845,28.405940594059405,133.79412859287453,101,19.6,24.8,39.666666666666664,2.0,0.0,2.0,0.8,25.130987653900704,2.8690123460992965,2.8690123460992965
1422127,2024-03-28,2024,1,Rajasthan Royals,Delhi Capitals,SO Hetmyer,14,7,1,1,200.0,Delhi Capitals,5.0,71.42857142857143,19.912280701754387,134.68074687470573,57,20.0,17.7,20.0,0.0,0.0,1.0,1.4,19.5678477887784,-5.567847788778401,5.567847788778401
1422127,2024-03-28,2024,1,Rajasthan Royals,Delhi Capitals,SV Samson,15,14,3,0,107.14285714285714,Delhi Capitals,82.0,160.7843137254902,26.824324324324323,117.14671874623376,148,40.4,28.7,20.125,3.0,6.0,2.0,3.2,23.75597330008046,-8.75597330008046,8.75597330008046
1422127,2024-03-28,2024,2,Delhi Capitals,Rajasthan Royals,T Stubbs,44,23,2,3,191.30434782608697,Rajasthan Royals,5.0,62.5,6.4,61.54761904761905,5,6.4,6.4,0.0,0.0,0.0,0.4,0.0,13.744198217006636,30.255801782993366,30.255801782993366
1422127,2024-03-28,2024,1,Rajasthan Royals,Delhi Capitals,YBK Jaiswal,5,7,1,0,71.42857142857143,Delhi Capitals,24.0,200.0,31.473684210526315,125.50148260778144,38,41.4,51.3,29.5,3.0,1.0,5.8,1.6,32.203292054720336,-27.203292054720336,27.203292054720336
1422128,2024-03-29,2024,1,Royal Challengers Bengaluru,Kolkata Knight Riders,Anuj Rawat,3,3,0,0,100.0,Kolkata Knight Riders,11.0,78.57142857142857,15.5,98.81296245126032,18,23.4,15.0,0.3333333333333333,1.0,0.0,2.0,1.2,17.216909787676506,-14.216909787676506,14.216909787676506
1422128,2024-03-29,2024,1,Royal Challengers Bengaluru,Kolkata Knight Riders,C Green,33,21,4,2,157.14285714285714,Kolkata Knight Riders,3.0,60.0,26.27777777777778,133.5110646458499,18,38.4,23.0,1.0,0.0,0.0,3.4,2.2,23.923504403930533,9.076495596069467,9.076495596069467
1422128,2024-03-29,2024,1,Royal Challengers Bengaluru,Kolkata Knight Riders,F du Plessis,8,6,0,1,133.33333333333331,Kolkata Knight Riders,3.0,42.857142857142854,33.368,118.67021368287308,125,38.4,42.5,29.5,0.0,0.0,4.6,0.8,35.14954200826785,-27.14954200826785,27.14954200826785
1422128,2024-03-29,2024,1,Royal Challengers Bengaluru,Kolkata Knight Riders,GJ Maxwell,28,19,3,1,147.36842105263156,Kolkata Knight Riders,3.0,60.0,22.31967213114754,127.99008100965293,122,14.6,22.7,23.789473684210527,0.0,0.0,1.4,0.8,24.024801325997828,3.975198674002172,3.975198674002172
1422128,2024-03-29,2024,1,Royal Challengers Bengaluru,Kolkata Knight Riders,KD Karthik,20,8,0,3,250.0,Kolkata Knight Riders,28.0,280.0,20.459821428571427,118.81134337794224,224,19.2,16.8,23.352941176470587,3.0,2.0,2.0,1.0,21.580058510369703,-1.5800585103697031,1.5800585103697031
1422128,2024-03-29,2024,2,Kolkata Knight Riders,Royal Challengers Bengaluru,PD Salt,30,20,2,2,150.0,Royal Challengers Bengaluru,54.0,135.0,27.2,117.73605805958748,10,24.2,27.2,0.0,3.0,3.0,1.8,1.4,23.388200403242916,6.611799596757084,6.611799596757084
1422128,2024-03-29,2024,2,Kolkata Knight Riders,Royal Challengers Bengaluru,RK Singh,5,5,0,0,100.0,Royal Challengers Bengaluru,23.0,153.33333333333334,24.933333333333334,132.35946646636282,30,36.2,32.3,0.0,3.0,0.0,3.0,1.8,24.929369065122533,-19.929369065122533,19.929369065122533
1422128,2024-03-29,2024,1,Royal Challengers Bengaluru,Kolkata Knight Riders,RM Patidar,3,4,0,0,75.0,Kolkata Knight Riders,18.0,100.0,32.46153846153846,115.09874848752703,13,42.8,38.2,1.0,1.0,1.0,3.6,2.6,27.683059468649795,-24.683059468649795,24.683059468649795
1422128,2024-03-29,2024,2,Kolkata Knight Riders,Royal Challengers Bengaluru,SP Narine,47,22,2,5,213.63636363636363,Royal Challengers Bengaluru,2.0,50.0,11.268817204301076,118.37398632859534,93,2.0,1.6,0.0,0.0,0.0,0.2,0.0,10.797808401290036,36.202191598709966,36.202191598709966
1422128,2024-03-29,2024,2,Kolkata Knight Riders,Royal Challengers Bengaluru,SS Iyer,39,24,2,2,162.5,Royal Challengers Bengaluru,0.0,0.0,27.254901960784313,108.8962127252265,102,15.4,27.8,0.0,0.0,0.0,1.6,0.6,28.931613796884065,10.068386203115935,10.068386203115935
1422128,2024-03-29,2024,1,Royal Challengers Bengaluru,Kolkata Knight Riders,V Kohli,83,59,4,4,140.67796610169492,Kolkata Knight Riders,77.0,157.14285714285714,31.63519313304721,116.68002817207395,233,63.4,45.8,29.689655172413794,11.0,2.0,7.4,1.6,23.975345144976252,59.02465485502375,59.02465485502375
1422128,2024-03-29,2024,2,Kolkata Knight Riders,Royal Challengers Bengaluru,VR Iyer,50,30,3,4,166.66666666666669,Royal Challengers Bengaluru,7.0,140.0,26.027027027027028,114.85264418985467,37,21.6,17.7,0.0,1.0,0.0,1.6,1.0,28.473086291431457,21.526913708568543,21.526913708568543
1422129,2024-03-30,2024,1,Lucknow Super Giants,Punjab Kings,A Badoni,8,10,0,0,80.0,Punjab Kings,1.0,20.0,16.666666666666668,120.29936509721769,24,21.4,16.8,17.333333333333332,0.0,0.0,1.0,1.4,20.487469518040964,-12.487469518040964,12.487469518040964
1422129,2024-03-30,2024,1,Lucknow Super Giants,Punjab Kings,D Padikkal,9,6,2,0,150.0,Punjab Kings,0.0,0.0,26.224137931034484,106.26123173554718,58,13.8,23.8,30.0,0.0,0.0,1.4,0.6,30.14377448893155,-21.14377448893155,21.14377448893155
1422129,2024-03-30,2024,2,Punjab Kings,Lucknow Super Giants,JM Bairstow,42,29,3,3,144.82758620689654,Lucknow Super Giants,8.0,133.33333333333331,31.902439024390244,132.21920075187225,41,26.8,23.8,32.0,2.0,0.0,3.4,1.6,26.864212986790925,15.135787013209075,15.135787013209075
1422129,2024-03-30,2024,2,Punjab Kings,Lucknow Super Giants,JM Sharma,6,9,1,0,66.66666666666666,Lucknow Super Giants,27.0,135.0,22.26923076923077,154.43099968884445,26,17.0,22.5,9.333333333333334,1.0,2.0,1.2,1.0,18.64286948072904,-12.64286948072904,12.64286948072904
1422129,2024-03-30,2024,1,Lucknow Super Giants,Punjab Kings,KH Pandya,43,22,4,2,195.45454545454547,Punjab Kings,3.0,60.0,15.639175257731958,123.01600613564526,97,13.8,11.5,8.25,0.0,0.0,0.4,0.4,14.028383054349073,28.97161694565093,28.97161694565093
1422129,2024-03-30,2024,1,Lucknow Super Giants,Punjab Kings,KL Rahul,15,9,1,1,166.66666666666669,Punjab Kings,58.0,131.8181818181818,38.08108108108108,120.65025746749501,111,35.4,33.2,30.666666666666668,4.0,2.0,3.4,0.8,37.32412504330181,-22.324125043301812,22.324125043301812
1422129,2024-03-30,2024,2,Punjab Kings,Lucknow Super Giants,LS Livingstone,28,17,2,2,164.70588235294116,Lucknow Super Giants,17.0,130.76923076923077,25.970588235294116,140.55252483810477,34,32.4,33.2,20.5,1.0,1.0,2.0,2.6,25.699960496308698,2.300039503691302,2.300039503691302
1422129,2024-03-30,2024,1,Lucknow Super Giants,Punjab Kings,MP Stoinis,19,12,0,2,158.33333333333331,Punjab Kings,3.0,75.0,19.746666666666666,117.57888922038481,75,34.4,26.7,28.75,0.0,0.0,2.2,2.4,25.15744753122675,-6.157447531226751,6.157447531226751
1422129,2024-03-30,2024,1,Lucknow Super Giants,Punjab Kings,Mohsin Khan,2,1,0,0,200.0,Punjab Kings,0.0,0.0,5.75,94.64285714285714,4,5.75,5.75,13.0,0.0,0.0,0.5,0.25,11.124433135821855,-9.124433135821855,9.124433135821855
1422129,2024-03-30,2024,1,Lucknow Super Giants,Punjab Kings,N Pooran,42,21,3,3,200.0,Punjab Kings,64.0,156.09756097560975,21.868852459016395,134.6047459201202,61,34.8,25.2,21.25,4.0,4.0,2.4,2.6,18.83102881224101,23.16897118775899,23.16897118775899
1422129,2024-03-30,2024,2,Punjab Kings,Lucknow Super Giants,P Simran Singh,19,7,1,2,271.42857142857144,Lucknow Super Giants,25.0,147.05882352941177,21.5,116.47719118764714,22,35.6,27.6,6.5,2.0,2.0,4.2,1.6,22.19185673282126,-3.191856732821261,3.191856732821261
1422129,2024-03-30,2024,1,Lucknow Super Giants,Punjab Kings,Q de Kock,54,38,5,2,142.10526315789474,Punjab Kings,4.0,80.0,29.73469387755102,116.15009865610591,98,29.4,36.1,25.333333333333332,1.0,0.0,2.2,1.6,35.243082474655466,18.756917525344534,18.756917525344534
1422129,2024-03-30,2024,1,Lucknow Super Giants,Punjab Kings,Ravi Bishnoi,0,1,0,0,0.0,Punjab Kings,3.0,50.0,2.5454545454545454,78.24675324675326,11,2.8,2.7,3.0,0.0,0.0,0.2,0.0,2.476802904458125,-2.476802904458125,2.476802904458125
1422129,2024-03-30,2024,2,Punjab Kings,Lucknow Super Giants,S Dhawan,70,50,7,3,140.0,Lucknow Super Giants,45.0,121.62162162162163,30.52054794520548,112.08911183132996,219,18.2,21.5,3.0,5.0,1.0,2.2,0.6,32.26955804329779,37.73044195670221,37.73044195670221
1422129,2024-03-30,2024,2,Punjab Kings,Lucknow Super Giants,SM Curran,0,1,0,0,0.0,Lucknow Super Giants,23.0,135.29411764705884,18.394736842105264,135.16902476981025,38,33.2,28.5,13.5,3.0,0.0,3.0,0.8,25.45382467204824,-25.45382467204824,25.45382467204824
1422129,2024-03-30,2024,2,Punjab Kings,Lucknow Super Giants,Shashank Singh,9,7,1,0,128.57142857142858,Lucknow Super Giants,21.0,262.5,12.857142857142858,161.9331065759637,7,10.0,12.857142857142858,0.0,1.0,2.0,0.8,0.6,11.628388150995287,-2.6283881509952867,2.6283881509952867
1422130,2024-03-31,2024,1,Sunrisers Hyderabad,Gujarat Titans,AK Markram,17,19,0,0,89.47368421052632,Gujarat Titans,42.0,150.0,25.303030303030305,124.32012002476348,33,20.2,18.7,26.0,2.0,1.0,1.0,0.4,24.761344585263995,-7.761344585263995,7.761344585263995
1422130,2024-03-31,2024,1,Sunrisers Hyderabad,Gujarat Titans,Abdul Samad,29,14,3,1,207.14285714285717,Gujarat Titans,15.0,136.36363636363635,14.206896551724139,126.01490850494645,29,18.8,18.4,4.0,1.0,1.0,1.2,1.4,15.18051952681169,13.81948047318831,13.81948047318831
1422130,2024-03-31,2024,1,Sunrisers Hyderabad,Gujarat Titans,Abhishek Sharma,29,20,2,2,145.0,Gujarat Titans,63.0,286.3636363636364,21.02127659574468,122.38277881146935,47,23.6,28.8,37.333333333333336,3.0,7.0,2.2,1.8,19.868811303900273,9.131188696099727,9.131188696099727
1422130,2024-03-31,2024,2,Gujarat Titans,Sunrisers Hyderabad,B Sai Sudharsan,45,36,4,1,125.0,Sunrisers Hyderabad,37.0,119.35483870967742,39.266666666666666,130.9343382530273,15,53.6,44.4,29.0,3.0,0.0,5.0,1.8,25.505979220545388,19.494020779454612,19.494020779454612
1422130,2024-03-31,2024,2,Gujarat Titans,Sunrisers Hyderabad,DA Miller,44,27,4,2,162.96296296296296,Sunrisers Hyderabad,21.0,131.25,23.478632478632477,124.44400186319795,117,10.0,19.0,16.357142857142858,3.0,0.0,1.2,0.0,25.52722947726437,18.47277052273563,18.47277052273563
1422130,2024-03-31,2024,1,Sunrisers Hyderabad,Gujarat Titans,H Klaasen,24,13,1,2,184.6153846153846,Gujarat Titans,80.0,242.42424242424244,34.578947368421055,159.74100187532142,19,65.8,52.2,64.0,4.0,7.0,3.6,4.8,24.477843540260427,-0.47784354026042664,0.47784354026042664
1422130,2024-03-31,2024,1,Sunrisers Hyderabad,Gujarat Titans,MA Agarwal,16,17,2,0,94.11764705882352,Gujarat Titans,11.0,84.61538461538461,22.066666666666666,117.49425679649443,120,29.8,27.8,5.0,1.0,0.0,3.2,1.2,22.991016568521196,-6.9910165685211965,6.9910165685211965
1422130,2024-03-31,2024,1,Sunrisers Hyderabad,Gujarat Titans,PJ Cummins,2,2,0,0,100.0,Gujarat Titans,0.0,0.0,12.633333333333333,124.06175251763487,30,1.4,15.6,0.0,0.0,0.0,0.2,0.0,16.172443690809267,-14.172443690809267,14.172443690809267
1422130,2024-03-31,2024,1,Sunrisers Hyderabad,Gujarat Titans,Shahbaz Ahmed,22,20,1,1,110.00000000000001,Gujarat Titans,16.0,320.0,12.961538461538462,113.7034033592738,26,7.4,8.0,2.0,1.0,2.0,0.2,0.6,12.381745042119435,9.618254957880565,9.618254957880565
1422130,2024-03-31,2024,2,Gujarat Titans,Sunrisers Hyderabad,Shubman Gill,36,28,2,1,128.57142857142858,Sunrisers Hyderabad,8.0,160.0,31.786516853932586,121.34840183246921,89,49.8,59.0,32.90909090909091,0.0,1.0,4.2,2.6,32.02776067971399,3.9722393202860076,3.9722393202860076
1422130,2024-03-31,2024,1,Sunrisers Hyderabad,Gujarat Titans,TM Head,19,14,3,0,135.71428571428572,Gujarat Titans,62.0,258.33333333333337,24.272727272727273,122.55281469014545,11,30.6,23.0,0.0,9.0,3.0,2.6,1.6,20.51761332173735,-1.5176133217373504,1.5176133217373504
1422130,2024-03-31,2024,2,Gujarat Titans,Sunrisers Hyderabad,V Shankar,14,11,2,0,127.27272727272727,Sunrisers Hyderabad,12.0,100.0,19.81132075471698,121.79629988233097,53,22.8,26.3,23.0,0.0,1.0,2.6,0.8,20.813452023044572,-6.813452023044572,6.813452023044572
1422130,2024-03-31,2024,2,Gujarat Titans,Sunrisers Hyderabad,WP Saha,25,13,1,2,192.30769230769232,Sunrisers Hyderabad,21.0,123.52941176470588,20.86764705882353,116.2686258054817,136,24.8,26.0,24.75,4.0,0.0,3.6,0.2,21.6381274975113,3.3618725024887013,3.3618725024887013
1422130,2024-03-31,2024,1,Sunrisers Hyderabad,Gujarat Titans,Washington Sundar,0,1,0,0,0.0,Gujarat Titans,24.0,160.0,10.216216216216216,108.94444854971171,37,12.0,10.3,3.0,3.0,0.0,1.2,0.0,10.323879666526773,-10.323879666526773,10.323879666526773
1422131,2024-03-31,2024,2,Chennai Super Kings,Delhi Capitals,AM Rahane,45,30,5,2,150.0,Delhi Capitals,12.0,100.0,27.571428571428573,105.45939196931047,161,19.8,23.6,34.0,1.0,0.0,0.8,1.2,25.79197658291584,19.20802341708416,19.20802341708416
1422131,2024-03-31,2024,1,Delhi Capitals,Chennai Super Kings,AR Patel,7,8,0,0,87.5,Chennai Super Kings,15.0,115.38461538461537,14.254901960784315,127.56481318898639,102,14.6,19.0,11.615384615384615,1.0,0.0,1.2,0.6,15.033987325546153,-8.033987325546153,8.033987325546153
1422131,2024-03-31,2024,1,Delhi Capitals,Chennai Super Kings,Abishek Porel,9,5,1,0,180.0,Chennai Super Kings,9.0,90.0,12.333333333333334,127.57154882154883,6,10.8,12.333333333333334,0.0,0.0,0.0,1.0,0.4,12.15872567787615,-3.1587256778761503,3.1587256778761503
1422131,2024-03-31,2024,1,Delhi Capitals,Chennai Super Kings,DA Warner,52,34,5,3,152.94117647058823,Chennai Super Kings,49.0,144.11764705882354,35.78453038674033,121.0162337743721,181,52.8,30.9,32.2,5.0,3.0,6.0,2.6,27.156326910228167,24.843673089771833,24.843673089771833
1422131,2024-03-31,2024,2,Chennai Super Kings,Delhi Capitals,DJ Mitchell,34,26,1,2,130.76923076923077,Delhi Capitals,24.0,120.0,19.75,98.47222222222223,4,19.75,19.75,0.0,2.0,0.0,0.75,0.5,16.962318166694118,17.037681833305882,17.037681833305882
1422131,2024-03-31,2024,1,Delhi Capitals,Chennai Super Kings,MR Marsh,18,12,2,1,150.0,Chennai Super Kings,23.0,191.66666666666669,19.029411764705884,108.78910487079474,34,15.4,17.1,10.75,5.0,0.0,2.2,0.6,17.1720077515547,0.8279922484453017,0.8279922484453017
1422131,2024-03-31,2024,2,Chennai Super Kings,Delhi Capitals,MS Dhoni,37,16,4,3,231.25,Delhi Capitals,0.0,0.0,23.419354838709676,128.88210877438368,217,5.6,7.8,16.818181818181817,0.0,0.0,0.2,0.4,16.95237018087564,20.04762981912436,20.04762981912436
1422131,2024-03-31,2024,1,Delhi Capitals,Chennai Super Kings,PP Shaw,43,27,4,2,159.25925925925927,Chennai Super Kings,5.0,71.42857142857143,23.859154929577464,120.90444849438133,71,17.4,13.5,25.272727272727273,1.0,0.0,2.6,0.2,25.4689751946147,17.5310248053853,17.5310248053853
1422131,2024-03-31,2024,2,Chennai Super Kings,Delhi Capitals,R Ravindra,2,12,0,0,16.666666666666664,Delhi Capitals,46.0,229.99999999999997,41.5,238.33333333333331,2,41.5,41.5,0.0,6.0,3.0,4.5,3.0,21.21727145196624,-19.21727145196624,19.21727145196624
1422131,2024-03-31,2024,2,Chennai Super Kings,Delhi Capitals,RA Jadeja,21,17,2,0,123.52941176470588,Delhi Capitals,7.0,233.33333333333334,15.929824561403509,132.65964863472334,171,17.8,18.3,19.714285714285715,1.0,0.0,1.4,0.6,17.537750177755708,3.462249822244292,3.462249822244292
1422131,2024-03-31,2024,2,Chennai Super Kings,Delhi Capitals,RD Gaikwad,1,2,0,0,50.0,Delhi Capitals,46.0,127.77777777777777,35.056603773584904,111.58957531586485,53,45.2,38.1,33.857142857142854,5.0,1.0,4.2,2.0,25.721620503536602,-24.721620503536602,24.721620503536602
1422131,2024-03-31,2024,1,Delhi Capitals,Chennai Super Kings,RR Pant,51,32,4,3,159.375,Chennai Super Kings,28.0,107.6923076923077,28.401960784313726,133.53822838796702,102,21.0,24.2,32.4,2.0,1.0,1.6,1.0,26.335646086969966,24.664353913030034,24.664353913030034
1422131,2024-03-31,2024,2,Chennai Super Kings,Delhi Capitals,S Dube,18,16,1,0,112.5,Delhi Capitals,51.0,221.73913043478262,24.306122448979593,126.73168500121751,49,28.0,31.9,19.0,2.0,5.0,1.2,2.2,22.247900113263498,-4.247900113263498,4.247900113263498
1422131,2024-03-31,2024,2,Chennai Super Kings,Delhi Capitals,Sameer Rizvi,0,1,0,0,0.0,Delhi Capitals,14.0,233.33333333333334,14.0,233.33333333333334,1,14.0,14.0,0.0,0.0,2.0,0.0,2.0,6.039786770982858,-6.039786770982858,6.039786770982858
1422131,2024-03-31,2024,1,Delhi Capitals,Chennai Super Kings,T Stubbs,0,2,0,0,0.0,Chennai Super Kings,44.0,191.30434782608697,12.666666666666666,83.17374051069703,6,15.2,12.666666666666666,8.333333333333334,2.0,3.0,0.8,0.6,15.427097132107507,-15.427097132107507,15.427097132107507
1422132,2024-04-01,2024,1,Mumbai Indians,Rajasthan Royals,Akash Madhwal,4,5,0,0,80.0,Rajasthan Royals,0.0,0.0,0.0,0.0,0,0.0,0.0,0.0,0.0,0.0,0.0,0.0,11.240589723098779,-7.240589723098779,7.240589723098779
1422132,2024-04-01,2024,1,Mumbai Indians,Rajasthan Royals,D Brevis,0,1,0,0,0.0,Rajasthan Royals,46.0,121.05263157894737,25.875,126.26713637239953,8,24.2,25.875,0.0,2.0,3.0,1.8,1.4,23.238349991146716,-23.238349991146716,23.238349991146716
1422132,2024-04-01,2024,1,Mumbai Indians,Rajasthan Royals,G Coetzee,4,9,0,0,44.44444444444444,Rajasthan Royals,1.0,33.33333333333333,1.0,33.33333333333333,1,1.0,1.0,0.0,0.0,0.0,0.0,0.0,9.433155287071504,-5.433155287071504,5.433155287071504
1422132,2024-04-01,2024,1,Mumbai Indians,Rajasthan Royals,HH Pandya,34,21,6,0,161.9047619047619,Rajasthan Royals,24.0,120.0,19.608333333333334,142.34023083460332,120,18.4,22.7,34.5,1.0,1.0,1.0,1.2,24.275101834230462,9.724898165769538,9.724898165769538
1422132,2024-04-01,2024,1,Mumbai Indians,Rajasthan Royals,Ishan Kishan,16,14,2,1,114.28571428571428,Rajasthan Royals,34.0,261.53846153846155,27.103448275862068,116.73267254830267,87,24.4,30.5,30.0,2.0,4.0,2.8,1.2,27.248122184807766,-11.248122184807766,11.248122184807766
1422132,2024-04-01,2024,2,Rajasthan Royals,Mumbai Indians,JC Buttler,13,16,2,0,81.25,Mumbai Indians,11.0,68.75,33.12244897959184,128.45639799254292,98,4.4,17.0,60.625,0.0,0.0,0.4,0.0,37.578288503452775,-24.578288503452775,24.578288503452775
1422132,2024-04-01,2024,1,Mumbai Indians,Rajasthan Royals,JJ Bumrah,8,9,1,0,88.88888888888889,Rajasthan Royals,1.0,100.0,2.4782608695652173,66.61396574440053,23,0.2,1.6,0.0,0.0,0.0,0.0,0.0,2.0042155103686006,5.995784489631399,5.995784489631399
1422132,2024-04-01,2024,1,Mumbai Indians,Rajasthan Royals,Naman Dhir,0,1,0,0,0.0,Rajasthan Royals,30.0,214.28571428571428,25.0,207.14285714285714,2,25.0,25.0,0.0,2.0,2.0,2.5,1.5,20.128875418259927,-20.128875418259927,20.128875418259927
1422132,2024-04-01,2024,1,Mumbai Indians,Rajasthan Royals,PP Chawla,3,6,0,0,50.0,Rajasthan Royals,0.0,0.0,7.518518518518518,106.12322330402253,81,5.0,5.5,6.75,0.0,0.0,0.2,0.2,5.561618882766082,-2.5616188827660817,2.5616188827660817
1422132,2024-04-01,2024,2,Rajasthan Royals,Mumbai Indians,R Ashwin,16,16,1,0,100.0,Mumbai Indians,29.0,152.63157894736844,9.060975609756097,108.84275895698008,82,10.4,9.6,7.923076923076923,0.0,3.0,0.6,0.6,7.902177976040095,8.097822023959905,8.097822023959905
1422132,2024-04-01,2024,2,Rajasthan Royals,Mumbai Indians,R Parag,54,39,5,3,138.46153846153845,Mumbai Indians,84.0,186.66666666666666,15.804347826086957,112.40720475242183,46,33.2,22.0,14.75,7.0,6.0,2.0,2.4,16.747972844716703,37.2520271552833,37.2520271552833
1422132,2024-04-01,2024,1,Mumbai Indians,Rajasthan Royals,RG Sharma,0,1,0,0,0.0,Rajasthan Royals,26.0,216.66666666666666,26.175,112.26267168214763,240,28.8,21.7,20.807692307692307,1.0,3.0,3.6,1.2,28.810106478198858,-28.810106478198858,28.810106478198858
1422132,2024-04-01,2024,2,Rajasthan Royals,Mumbai Indians,SB Dubey,8,6,1,0,133.33333333333331,Mumbai Indians,0.0,0.0,0.0,0.0,0,0.0,0.0,0.0,0.0,0.0,0.0,0.0,6.802102774829841,1.1978972251701592,1.1978972251701592
1422132,2024-04-01,2024,2,Rajasthan Royals,Mumbai Indians,SV Samson,12,10,3,0,120.0,Mumbai Indians,15.0,107.14285714285714,26.74496644295302,117.07957873547282,149,30.2,30.0,26.238095238095237,3.0,0.0,1.8,2.2,24.88425744649119,-12.88425744649119,12.88425744649119
1422132,2024-04-01,2024,1,Mumbai Indians,Rajasthan Royals,TH David,17,24,1,0,70.83333333333334,Rajasthan Royals,42.0,190.9090909090909,18.115384615384617,146.08212300519992,26,20.0,17.1,22.0,2.0,3.0,1.0,1.2,17.149286397131856,-0.14928639713185632,0.14928639713185632
1422132,2024-04-01,2024,1,Mumbai Indians,Rajasthan Royals,Tilak Varma,32,29,0,2,110.34482758620689,Rajasthan Royals,64.0,193.93939393939394,30.703703703703702,140.20209003449355,27,36.8,28.5,41.666666666666664,2.0,6.0,1.8,3.0,25.263568402744482,6.7364315972555175,6.7364315972555175
1422132,2024-04-01,2024,2,Rajasthan Royals,Mumbai Indians,YBK Jaiswal,10,6,2,0,166.66666666666669,Mumbai Indians,5.0,71.42857142857143,30.794871794871796,124.11499770575043,39,35.4,47.4,33.8,1.0,0.0,5.0,1.2,36.2539449280227,-26.253944928022698,26.253944928022698
1422133,2024-04-02,2024,1,Lucknow Super Giants,Royal Challengers Bengaluru,A Badoni,0,3,0,0,0.0,Royal Challengers Bengaluru,8.0,80.0,16.32,118.68739049332899,25,11.2,17.1,0.0,0.0,0.0,0.6,0.6,18.71813604365799,-18.71813604365799,18.71813604365799
1422133,2024-04-02,2024,2,Royal Challengers Bengaluru,Lucknow Super Giants,Anuj Rawat,11,21,0,0,52.38095238095239,Lucknow Super Giants,3.0,100.0,14.842105263157896,98.8754381117203,19,22.8,15.3,6.5,0.0,0.0,1.8,1.2,15.290036630684838,-4.290036630684838,4.290036630684838
1422133,2024-04-02,2024,2,Royal Challengers Bengaluru,Lucknow Super Giants,C Green,9,9,1,0,100.0,Lucknow Super Giants,33.0,157.14285714285714,26.63157894736842,134.75484319832398,19,25.0,24.0,22.5,4.0,2.0,2.6,1.0,23.35658307924895,-14.35658307924895,14.35658307924895
1422133,2024-04-02,2024,1,Lucknow Super Giants,Royal Challengers Bengaluru,D Padikkal,6,11,0,0,54.54545454545454,Royal Challengers Bengaluru,9.0,150.0,25.93220338983051,107.0025667908769,59,15.2,20.9,0.0,2.0,0.0,1.8,0.6,30.712456969608418,-24.712456969608418,24.712456969608418
1422133,2024-04-02,2024,2,Royal Challengers Bengaluru,Lucknow Super Giants,F du Plessis,19,13,3,0,146.15384615384613,Lucknow Super Giants,8.0,133.33333333333331,33.166666666666664,118.78658764835293,126,29.0,37.1,54.75,0.0,1.0,4.0,0.6,33.33665466709343,-14.336654667093427,14.336654667093427
1422133,2024-04-02,2024,2,Royal Challengers Bengaluru,Lucknow Super Giants,GJ Maxwell,0,2,0,0,0.0,Lucknow Super Giants,28.0,147.36842105263156,22.365853658536587,128.14762848967715,123,9.4,17.8,23.75,3.0,1.0,1.0,0.4,24.58352175659282,-24.58352175659282,24.58352175659282
1422133,2024-04-02,2024,2,Royal Challengers Bengaluru,Lucknow Super Giants,KD Karthik,4,8,0,0,50.0,Lucknow Super Giants,20.0,250.0,20.45777777777778,119.39440407404028,225,17.2,18.1,16.75,0.0,3.0,1.2,1.4,18.769747564383366,-14.769747564383366,14.769747564383366
1422133,2024-04-02,2024,1,Lucknow Super Giants,Royal Challengers Bengaluru,KL Rahul,20,14,0,2,142.85714285714286,Royal Challengers Bengaluru,15.0,166.66666666666669,37.875,121.06111826391619,112,30.6,33.9,0.0,1.0,1.0,2.8,0.8,47.47113769756675,-27.471137697566753,27.471137697566753
1422133,2024-04-02,2024,2,Royal Challengers Bengaluru,Lucknow Super Giants,MK Lomror,33,13,3,3,253.84615384615384,Lucknow Super Giants,17.0,212.5,16.115384615384617,121.48333311424277,26,14.8,12.6,8.5,2.0,1.0,1.6,0.8,16.585473921365672,16.414526078634328,16.414526078634328
1422133,2024-04-02,2024,1,Lucknow Super Giants,Royal Challengers Bengaluru,MP Stoinis,24,15,1,2,160.0,Royal Challengers Bengaluru,19.0,158.33333333333331,19.736842105263158,118.11513190608149,76,30.2,28.6,0.0,0.0,2.0,1.8,2.2,21.56561120823344,2.4343887917665583,2.4343887917665583
1422133,2024-04-02,2024,2,Royal Challengers Bengaluru,Lucknow Super Giants,Mayank Dagar,0,1,0,0,0.0,Lucknow Super Giants,0.0,0.0,0.0,0.0,0,0.0,0.0,0.0,0.0,0.0,0.0,0.0,7.658873710047236,-7.658873710047236,7.658873710047236
1422133,2024-04-02,2024,2,Royal Challengers Bengaluru,Lucknow Super Giants,Mohammed Siraj,12,8,0,2,150.0,Lucknow Super Giants,0.0,0.0,5.105263157894737,75.83101109416899,19,3.4,5.1,0.0,0.0,0.0,0.4,0.0,4.75096780928145,7.24903219071855,7.24903219071855
1422133,2024-04-02,2024,1,Lucknow Super Giants,Royal Challengers Bengaluru,N Pooran,40,21,1,5,190.47619047619045,Royal Challengers Bengaluru,42.0,200.0,22.193548387096776,135.65950808269892,62,34.4,29.3,0.0,3.0,3.0,2.4,2.4,20.03037545889414,19.96962454110586,19.96962454110586
1422133,2024-04-02,2024,1,Lucknow Super Giants,Royal Challengers Bengaluru,Q de Kock,81,56,8,5,144.64285714285714,Royal Challengers Bengaluru,54.0,142.10526315789474,29.97979797979798,116.41227203491187,99,26.2,36.5,0.0,5.0,2.0,1.8,1.4,28.548772250031075,52.45122774996892,52.45122774996892
1422133,2024-04-02,2024,2,Royal Challengers Bengaluru,Lucknow Super Giants,RJW Topley,3,6,0,0,50.0,Lucknow Super Giants,0.0,0.0,0.0,0.0,0,0.0,0.0,0.0,0.0,0.0,0.0,0.0,7.658873710047236,-4.658873710047236,4.658873710047236
1422133,2024-04-02,2024,2,Royal Challengers Bengaluru,Lucknow Super Giants,RM Patidar,29,21,2,2,138.0952380952381,Lucknow Super Giants,3.0,75.0,30.357142857142858,112.23455216698939,14,38.2,35.4,112.0,0.0,0.0,3.4,2.2,34.895120688666076,-5.895120688666076,5.895120688666076
1422133,2024-04-02,2024,2,Royal Challengers Bengaluru,Lucknow Super Giants,V Kohli,22,16,2,1,137.5,Lucknow Super Giants,83.0,140.67796610169492,31.854700854700855,116.78258346237146,234,76.4,54.1,29.25,4.0,4.0,8.0,2.4,29.857815298859883,-7.857815298859883,7.857815298859883
1422134,2024-04-03,2024,2,Delhi Capitals,Kolkata Knight Riders,A Nortje,4,6,0,0,66.66666666666666,Kolkata Knight Riders,0.0,0.0,4.090909090909091,107.35930735930737,11,6.6,4.2,0.0,0.0,0.0,1.0,0.0,8.565144180861187,-4.5651441808611875,4.5651441808611875
1422134,2024-04-03,2024,1,Kolkata Knight Riders,Delhi Capitals,A Raghuvanshi,54,27,5,3,200.0,Delhi Capitals,0.0,0.0,0.0,0.0,0,0.0,0.0,0.0,0.0,0.0,0.0,0.0,7.957749260123889,46.04225073987611,46.04225073987611
1422134,2024-04-03,2024,1,Kolkata Knight Riders,Delhi Capitals,AD Russell,41,19,4,3,215.78947368421052,Delhi Capitals,64.0,266.66666666666663,24.02061855670103,149.5743178718931,97,25.0,23.1,28.875,3.0,7.0,1.2,2.4,23.762084377505918,17.237915622494082,17.237915622494082
1422134,2024-04-03,2024,2,Delhi Capitals,Kolkata Knight Riders,AR Patel,0,1,0,0,0.0,Kolkata Knight Riders,7.0,87.5,14.184466019417476,127.17583442016128,103,11.8,17.8,9.8,0.0,0.0,0.8,0.4,15.003808536847634,-15.003808536847634,15.003808536847634
1422134,2024-04-03,2024,2,Delhi Capitals,Kolkata Knight Riders,Abishek Porel,0,5,0,0,0.0,Kolkata Knight Riders,9.0,180.0,11.857142857142858,135.06132756132757,7,11.2,11.857142857142858,0.0,1.0,0.0,1.0,0.4,10.970365607286295,-10.970365607286295,10.970365607286295
1422134,2024-04-03,2024,2,Delhi Capitals,Kolkata Knight Riders,DA Warner,18,13,2,1,138.46153846153845,Kolkata Knight Riders,52.0,152.94117647058823,35.87362637362637,121.19164554742822,182,52.4,34.0,38.392857142857146,5.0,3.0,5.0,3.0,27.820442146282076,-9.820442146282076,9.820442146282076
1422134,2024-04-03,2024,2,Delhi Capitals,Kolkata Knight Riders,I Sharma,1,3,0,0,33.33333333333333,Kolkata Knight Riders,1.0,100.0,2.9473684210526314,107.71929824561404,19,3.8,2.3,1.0,0.0,0.0,0.4,0.2,5.172614226312147,-4.172614226312147,4.172614226312147
1422134,2024-04-03,2024,1,Kolkata Knight Riders,Delhi Capitals,MA Starc,1,1,0,0,100.0,Delhi Capitals,6.0,200.0,8.5,107.28595786140544,12,3.8,7.6,0.0,1.0,0.0,0.4,0.0,11.640648093551233,-10.640648093551233,10.640648093551233
1422134,2024-04-03,2024,2,Delhi Capitals,Kolkata Knight Riders,MR Marsh,0,2,0,0,0.0,Kolkata Knight Riders,18.0,150.0,19.0,109.96655901734347,35,13.8,18.5,6.666666666666667,2.0,1.0,2.0,0.6,18.10078037067767,-18.10078037067767,18.10078037067767
1422134,2024-04-03,2024,1,Kolkata Knight Riders,Delhi Capitals,PD Salt,18,12,4,0,150.0,Delhi Capitals,30.0,150.0,27.454545454545453,120.66914369053407,11,26.8,29.7,0.0,2.0,2.0,2.0,1.4,23.816084070985497,-5.816084070985497,5.816084070985497
1422134,2024-04-03,2024,2,Delhi Capitals,Kolkata Knight Riders,PP Shaw,10,7,2,0,142.85714285714286,Kolkata Knight Riders,43.0,159.25925925925927,24.125,121.43715419944907,72,23.0,17.3,45.0,4.0,2.0,2.8,0.6,25.78045040502803,-15.78045040502803,15.78045040502803
1422134,2024-04-03,2024,1,Kolkata Knight Riders,Delhi Capitals,RK Singh,26,7,1,3,371.42857142857144,Delhi Capitals,5.0,100.0,24.29032258064516,131.31561270938337,31,33.0,32.2,14.5,0.0,0.0,2.6,1.6,24.097145161636657,1.9028548383633428,1.9028548383633428
1422134,2024-04-03,2024,2,Delhi Capitals,Kolkata Knight Riders,RR Pant,55,25,4,5,220.00000000000003,Kolkata Knight Riders,51.0,159.375,28.62135922330097,133.78907083080227,103,28.6,24.9,20.6,4.0,3.0,2.4,1.2,27.576668147832887,27.423331852167113,27.423331852167113
1422134,2024-04-03,2024,1,Kolkata Knight Riders,Delhi Capitals,Ramandeep Singh,2,2,0,0,100.0,Delhi Capitals,35.0,218.75,16.0,167.41666666666669,5,16.0,16.0,13.0,1.0,4.0,0.8,1.0,9.499783538763687,-7.499783538763687,7.499783538763687
1422134,2024-04-03,2024,2,Delhi Capitals,Kolkata Knight Riders,Rasikh Salam,1,5,0,0,20.0,Kolkata Knight Riders,7.0,116.66666666666667,6.0,120.83333333333334,2,6.0,6.0,0.0,1.0,0.0,0.5,0.0,10.937006328531861,-9.937006328531861,9.937006328531861
1422134,2024-04-03,2024,1,Kolkata Knight Riders,Delhi Capitals,SP Narine,85,39,7,7,217.94871794871793,Delhi Capitals,47.0,213.63636363636363,11.648936170212766,119.38741587442266,94,11.4,6.3,12.0,2.0,5.0,0.6,1.0,11.590485279627746,73.40951472037226,73.40951472037226
1422134,2024-04-03,2024,1,Kolkata Knight Riders,Delhi Capitals,SS Iyer,18,11,0,2,163.63636363636365,Delhi Capitals,39.0,162.5,27.368932038834952,109.41663784439906,103,22.0,28.9,48.0,2.0,2.0,1.8,1.0,25.6842254605297,-7.684225460529699,7.684225460529699
1422134,2024-04-03,2024,2,Delhi Capitals,Kolkata Knight Riders,Sumit Kumar,7,6,0,1,116.66666666666667,Kolkata Knight Riders,2.0,22.22222222222222,2.0,22.22222222222222,1,2.0,2.0,0.0,0.0,0.0,0.0,0.0,8.246211806243311,-1.246211806243311,1.246211806243311
1422134,2024-04-03,2024,2,Delhi Capitals,Kolkata Knight Riders,T Stubbs,54,31,4,4,174.19354838709677,Kolkata Knight Riders,0.0,0.0,10.857142857142858,71.29177758059745,7,14.8,10.857142857142858,0.0,0.0,0.0,0.8,0.6,16.34277657542237,37.65722342457763,37.65722342457763
1422134,2024-04-03,2024,1,Kolkata Knight Riders,Delhi Capitals,VR Iyer,5,2,1,0,250.0,Delhi Capitals,50.0,166.66666666666669,26.657894736842106,116.21617109713921,38,29.4,22.7,18.6,3.0,4.0,2.2,1.8,27.766196678436444,-22.766196678436444,22.766196678436444
1422135,2024-04-04,2024,2,Punjab Kings,Gujarat Titans,Ashutosh Sharma,31,17,3,1,182.35294117647058,Gujarat Titans,0.0,0.0,0.0,0.0,0,0.0,0.0,0.0,0.0,0.0,0.0,0.0,11.4870034296625,19.5129965703375,19.5129965703375
1422135,2024-04-04,2024,1,Gujarat Titans,Punjab Kings,B Sai Sudharsan,33,19,6,0,173.6842105263158,Punjab Kings,45.0,125.0,39.625,130.5634421122131,16,53.2,46.7,39.666666666666664,4.0,1.0,4.6,1.8,27.742572224585984,5.2574277754140155,5.2574277754140155
1422135,2024-04-04,2024,2,Punjab Kings,Gujarat Titans,Harpreet Brar,1,2,0,0,50.0,Gujarat Titans,2.0,100.0,8.526315789473685,118.1092824941611,19,4.6,5.6,8.0,0.0,0.0,0.4,0.2,7.525832369528588,-6.525832369528588,6.525832369528588
1422135,2024-04-04,2024,2,Punjab Kings,Gujarat Titans,JM Bairstow,22,13,4,0,169.23076923076923,Gujarat Titans,42.0,144.82758620689654,32.142857142857146,132.51940040556332,42,22.0,27.1,4.5,3.0,3.0,3.2,0.8,28.02314374471219,-6.02314374471219,6.02314374471219
1422135,2024-04-04,2024,2,Punjab Kings,Gujarat Titans,JM Sharma,16,8,0,2,200.0,Gujarat Titans,6.0,66.66666666666666,21.666666666666668,151.1804688361712,27,17.2,20.6,24.0,1.0,0.0,1.2,1.0,20.48499621608753,-4.484996216087531,4.484996216087531
1422135,2024-04-04,2024,1,Gujarat Titans,Punjab Kings,KS Williamson,26,22,4,0,118.18181818181819,Punjab Kings,8.0,114.28571428571428,28.066666666666666,115.1003534379732,75,14.6,19.8,6.666666666666667,1.0,0.0,1.2,0.4,27.888174774206114,-1.8881747742061137,1.8881747742061137
1422135,2024-04-04,2024,2,Punjab Kings,Gujarat Titans,P Simran Singh,35,24,5,1,145.83333333333331,Gujarat Titans,19.0,271.42857142857144,21.391304347826086,123.21420771986125,23,18.8,26.9,0.0,1.0,2.0,2.4,0.8,20.757625916975766,14.242374083024234,14.242374083024234
1422135,2024-04-04,2024,1,Gujarat Titans,Punjab Kings,R Tewatia,23,8,3,1,287.5,Punjab Kings,6.0,54.54545454545454,14.706896551724139,127.66380373060966,58,7.6,9.5,6.6,1.0,0.0,0.6,0.2,11.888021024408541,11.111978975591459,11.111978975591459
1422135,2024-04-04,2024,2,Punjab Kings,Gujarat Titans,S Dhawan,1,2,0,0,50.0,Gujarat Titans,70.0,140.0,30.7,112.21597950482392,220,30.8,27.7,35.0,7.0,3.0,3.6,1.0,30.23139819971743,-29.23139819971743,29.23139819971743
1422135,2024-04-04,2024,2,Punjab Kings,Gujarat Titans,SM Curran,5,8,0,0,62.5,Gujarat Titans,0.0,0.0,17.923076923076923,131.70315233981512,39,29.2,27.5,22.0,0.0,0.0,2.8,0.8,25.9859528640927,-20.9859528640927,20.9859528640927
1422135,2024-04-04,2024,2,Punjab Kings,Gujarat Titans,Shashank Singh,61,29,6,4,210.3448275862069,Gujarat Titans,9.0,128.57142857142858,12.375,157.76289682539684,8,9.8,12.375,25.0,1.0,0.0,0.6,0.6,11.609915291427058,49.39008470857294,49.39008470857294
1422135,2024-04-04,2024,1,Gujarat Titans,Punjab Kings,Shubman Gill,89,48,6,4,185.41666666666669,Punjab Kings,36.0,128.57142857142858,31.833333333333332,121.4286576851243,90,48.6,59.0,37.6,2.0,1.0,3.8,2.6,35.73907958757779,53.26092041242221,53.26092041242221
1422135,2024-04-04,2024,2,Punjab Kings,Gujarat Titans,Sikandar Raza,15,16,0,0,93.75,Gujarat Titans,11.0,157.14285714285714,19.857142857142858,128.84687902109505,7,24.4,19.857142857142858,0.0,0.0,1.0,1.8,1.0,17.582805961462356,-2.5828059614623555,2.5828059614623555
1422135,2024-04-04,2024,1,Gujarat Titans,Punjab Kings,V Shankar,8,10,0,0,80.0,Punjab Kings,14.0,127.27272727272727,19.703703703703702,121.89771520437534,54,19.8,21.4,0.0,2.0,0.0,1.8,0.8,22.31883758797731,-14.31883758797731,14.31883758797731
1422135,2024-04-04,2024,1,Gujarat Titans,Punjab Kings,WP Saha,11,13,2,0,84.61538461538461,Punjab Kings,25.0,192.30769230769232,20.8978102189781,116.8236554879796,137,27.4,24.4,27.333333333333332,1.0,2.0,3.4,0.6,22.82454215021641,-11.82454215021641,11.82454215021641
1422136,2024-04-05,2024,2,Sunrisers Hyderabad,Chennai Super Kings,AK Markram,50,36,4,1,138.88888888888889,Chennai Super Kings,17.0,89.47368421052632,25.058823529411764,123.29522485375652,34,21.6,20.1,14.0,0.0,0.0,0.8,0.4,25.09438776794492,24.90561223205508,24.90561223205508
1422136,2024-04-05,2024,1,Chennai Super Kings,Sunrisers Hyderabad,AM Rahane,35,30,2,1,116.66666666666667,Sunrisers Hyderabad,45.0,150.0,27.679012345679013,105.73433399419127,162,25.6,27.2,24.11111111111111,5.0,2.0,1.6,1.4,25.53793933412203,9.46206066587797,9.46206066587797
1422136,2024-04-05,2024,2,Sunrisers Hyderabad,Chennai Super Kings,Abhishek Sharma,37,11,3,4,336.3636363636364,Chennai Super Kings,29.0,145.0,21.1875,122.85397091956374,48,28.0,28.3,33.166666666666664,2.0,2.0,2.4,2.2,18.348973710330146,18.651026289669854,18.651026289669854
1422136,2024-04-05,2024,1,Chennai Super Kings,Sunrisers Hyderabad,DJ Mitchell,13,11,1,0,118.18181818181819,Sunrisers Hyderabad,34.0,130.76923076923077,22.6,104.93162393162393,5,22.6,22.6,0.0,1.0,2.0,0.8,0.8,17.20968626990249,-4.209686269902491,4.209686269902491
1422136,2024-04-05,2024,2,Sunrisers Hyderabad,Chennai Super Kings,H Klaasen,10,11,1,0,90.9090909090909,Chennai Super Kings,24.0,184.6153846153846,34.05,160.98472101232457,20,57.8,51.5,12.0,1.0,2.0,3.0,4.6,24.334384828504486,-14.334384828504486,14.334384828504486
1422136,2024-04-05,2024,1,Chennai Super Kings,Sunrisers Hyderabad,MS Dhoni,1,2,0,0,50.0,Sunrisers Hyderabad,37.0,231.25,23.48165137614679,129.35168625706999,218,9.0,8.3,27.11111111111111,4.0,3.0,0.8,0.6,18.182495846549305,-17.182495846549305,17.182495846549305
1422136,2024-04-05,2024,2,Sunrisers Hyderabad,Chennai Super Kings,Nithish Kumar Reddy,14,8,1,1,175.0,Chennai Super Kings,0.0,0.0,0.0,0.0,0,0.0,0.0,0.0,0.0,0.0,0.0,0.0,9.01194034771939,4.98805965228061,4.98805965228061
1422136,2024-04-05,2024,1,Chennai Super Kings,Sunrisers Hyderabad,R Ravindra,12,9,2,0,133.33333333333331,Sunrisers Hyderabad,2.0,16.666666666666664,28.333333333333332,164.44444444444443,3,28.333333333333332,28.333333333333332,0.0,0.0,0.0,3.0,2.0,20.444733346636443,-8.444733346636443,8.444733346636443
1422136,2024-04-05,2024,1,Chennai Super Kings,Sunrisers Hyderabad,RA Jadeja,31,23,4,0,134.7826086956522,Sunrisers Hyderabad,21.0,123.52941176470588,15.959302325581396,132.60656586222325,172,18.0,18.6,14.0625,2.0,0.0,1.2,0.4,13.97451833777297,17.02548166222703,17.02548166222703
1422136,2024-04-05,2024,1,Chennai Super Kings,Sunrisers Hyderabad,RD Gaikwad,26,21,3,1,123.80952380952381,Sunrisers Hyderabad,1.0,50.0,34.425925925925924,110.44902762483032,54,29.6,33.5,54.0,0.0,0.0,3.6,0.6,34.72209637871073,-8.72209637871073,8.72209637871073
1422136,2024-04-05,2024,1,Chennai Super Kings,Sunrisers Hyderabad,S Dube,45,24,2,4,187.5,Sunrisers Hyderabad,18.0,112.5,24.18,126.44705130119317,50,27.2,28.5,5.75,1.0,0.0,1.4,1.6,24.580156773174416,20.419843226825584,20.419843226825584
1422136,2024-04-05,2024,2,Sunrisers Hyderabad,Chennai Super Kings,Shahbaz Ahmed,18,19,0,1,94.73684210526315,Chennai Super Kings,22.0,110.00000000000001,13.296296296296296,113.56624027189329,27,9.4,10.1,18.0,1.0,1.0,0.4,0.6,13.508900506402147,4.4910994935978525,4.4910994935978525
1422136,2024-04-05,2024,2,Sunrisers Hyderabad,Chennai Super Kings,TM Head,31,24,3,1,129.16666666666669,Chennai Super Kings,19.0,135.71428571428572,23.833333333333332,123.64960394215713,12,34.0,24.3,0.0,3.0,0.0,3.2,1.6,25.19603710932007,5.80396289067993,5.80396289067993
1422137,2024-04-06,2024,1,Royal Challengers Bengaluru,Rajasthan Royals,C Green,5,6,0,0,83.33333333333334,Rajasthan Royals,9.0,100.0,25.75,133.0171010384078,20,18.6,24.3,44.0,1.0,0.0,1.6,0.8,21.359768451378887,-16.359768451378887,16.359768451378887
1422137,2024-04-06,2024,2,Rajasthan Royals,Royal Challengers Bengaluru,Dhruv Jurel,2,3,0,0,66.66666666666666,Royal Challengers Bengaluru,20.0,166.66666666666669,14.76923076923077,149.43223443223445,13,12.0,14.8,0.0,3.0,0.0,1.0,0.4,12.339893022553378,-10.339893022553378,10.339893022553378
1422137,2024-04-06,2024,1,Royal Challengers Bengaluru,Rajasthan Royals,F du Plessis,44,33,2,2,133.33333333333331,Rajasthan Royals,19.0,146.15384615384613,33.05511811023622,119.00207787280563,127,18.6,37.3,32.6,3.0,0.0,3.2,0.2,30.034583434831998,13.965416565168002,13.965416565168002
1422137,2024-04-06,2024,1,Royal Challengers Bengaluru,Rajasthan Royals,GJ Maxwell,1,3,0,0,33.33333333333333,Rajasthan Royals,0.0,0.0,22.18548387096774,127.1141798728249,124,8.4,17.3,26.214285714285715,0.0,0.0,0.8,0.4,23.52259723924264,-22.52259723924264,22.52259723924264
1422137,2024-04-06,2024,2,Rajasthan Royals,Royal Challengers Bengaluru,JC Buttler,100,58,9,4,172.41379310344826,Royal Challengers Bengaluru,13.0,81.25,32.91919191919192,127.97956568958794,99,7.0,18.3,0.0,2.0,0.0,0.8,0.0,32.667895319849926,67.33210468015008,67.33210468015008
1422137,2024-04-06,2024,2,Rajasthan Royals,Royal Challengers Bengaluru,R Parag,4,4,1,0,100.0,Royal Challengers Bengaluru,54.0,138.46153846153845,16.617021276595743,112.96155227814772,47,41.0,25.9,0.0,5.0,3.0,2.8,2.8,26.36246667159777,-22.36246667159777,22.36246667159777
1422137,2024-04-06,2024,2,Rajasthan Royals,Royal Challengers Bengaluru,SO Hetmyer,11,6,2,0,183.33333333333331,Royal Challengers Bengaluru,14.0,200.0,19.810344827586206,135.80694089410736,58,21.4,13.5,0.0,1.0,1.0,1.2,1.6,19.738516187905145,-8.738516187905145,8.738516187905145
1422137,2024-04-06,2024,2,Rajasthan Royals,Royal Challengers Bengaluru,SV Samson,69,42,8,2,164.28571428571428,Royal Challengers Bengaluru,12.0,120.0,26.64666666666667,117.09904821056968,150,23.0,29.0,0.0,3.0,0.0,2.0,1.2,27.598418768332547,41.40158123166745,41.40158123166745
1422137,2024-04-06,2024,1,Royal Challengers Bengaluru,Rajasthan Royals,Saurav Chauhan,9,6,0,1,150.0,Rajasthan Royals,0.0,0.0,0.0,0.0,0,0.0,0.0,0.0,0.0,0.0,0.0,0.0,10.953595711387898,-1.953595711387898,1.953595711387898
1422137,2024-04-06,2024,1,Royal Challengers Bengaluru,Rajasthan Royals,V Kohli,113,72,12,4,156.94444444444443,Rajasthan Royals,22.0,137.5,31.812765957446807,116.87074268168053,235,60.8,50.9,22.071428571428573,2.0,1.0,6.0,1.8,30.822056702161355,82.17794329783865,82.17794329783865
1422137,2024-04-06,2024,2,Rajasthan Royals,Royal Challengers Bengaluru,YBK Jaiswal,0,2,0,0,0.0,Royal Challengers Bengaluru,10.0,166.66666666666669,30.275,125.17878942977333,40,17.8,43.7,0.0,2.0,0.0,2.8,0.2,32.58600572258213,-32.58600572258213,32.58600572258213
1422138,2024-04-07,2024,2,Delhi Capitals,Mumbai Indians,AR Patel,8,7,1,0,114.28571428571428,Mumbai Indians,0.0,0.0,14.048076923076923,125.95298985842896,104,11.6,14.4,16.866666666666667,0.0,0.0,0.8,0.4,12.727157561930474,-4.727157561930474,4.727157561930474
1422138,2024-04-07,2024,2,Delhi Capitals,Mumbai Indians,Abishek Porel,41,31,5,0,132.25806451612902,Mumbai Indians,0.0,0.0,10.375,118.17866161616162,8,11.0,10.375,1.0,0.0,0.0,1.0,0.4,9.478599667057686,31.521400332942314,31.521400332942314
1422138,2024-04-07,2024,2,Delhi Capitals,Mumbai Indians,DA Warner,10,8,1,1,125.0,Mumbai Indians,18.0,138.46153846153845,35.775956284153004,121.28601654695889,183,46.8,35.8,34.142857142857146,2.0,1.0,4.4,2.8,30.79848437446303,-20.79848437446303,20.79848437446303
1422138,2024-04-07,2024,1,Mumbai Indians,Delhi Capitals,HH Pandya,39,33,3,1,118.18181818181819,Delhi Capitals,34.0,161.9047619047619,19.727272727272727,142.50192117402608,121,23.6,20.2,18.4,6.0,0.0,2.0,1.2,22.311703561541446,16.688296438458554,16.688296438458554
1422138,2024-04-07,2024,1,Mumbai Indians,Delhi Capitals,Ishan Kishan,42,23,4,2,182.6086956521739,Delhi Capitals,16.0,114.28571428571428,26.977272727272727,116.70486620440961,88,15.8,29.3,46.75,2.0,1.0,1.6,1.2,25.42923910622971,16.57076089377029,16.57076089377029
1422138,2024-04-07,2024,2,Delhi Capitals,Mumbai Indians,JA Richardson,2,2,0,0,100.0,Mumbai Indians,15.0,68.18181818181817,7.5,34.090909090909086,2,7.5,7.5,0.0,2.0,0.0,1.0,0.0,26.21700646629848,-24.21700646629848,24.21700646629848
1422138,2024-04-07,2024,2,Delhi Capitals,Mumbai Indians,Kumar Kushagra,0,1,0,0,0.0,Mumbai Indians,0.0,0.0,0.0,0.0,0,0.0,0.0,0.0,0.0,0.0,0.0,0.0,6.72898285358179,-6.72898285358179,6.72898285358179
1422138,2024-04-07,2024,2,Delhi Capitals,Mumbai Indians,Lalit Yadav,3,4,0,0,75.0,Mumbai Indians,6.0,50.0,15.526315789473685,96.98042823931057,19,5.6,15.2,24.0,0.0,0.0,0.6,0.0,16.10907870700723,-13.109078707007232,13.109078707007232
1422138,2024-04-07,2024,2,Delhi Capitals,Mumbai Indians,PP Shaw,66,40,8,3,165.0,Mumbai Indians,10.0,142.85714285714286,23.931506849315067,121.73057870160926,73,25.0,15.9,13.0,2.0,0.0,3.2,0.6,25.546933871335312,40.45306612866469,40.45306612866469
1422138,2024-04-07,2024,1,Mumbai Indians,Delhi Capitals,R Shepherd,39,10,3,4,390.0,Delhi Capitals,15.0,250.0,14.6,133.8095238095238,5,14.6,14.6,0.0,2.0,1.0,0.8,1.2,12.590129644224058,26.409870355775944,26.409870355775944
1422138,2024-04-07,2024,1,Mumbai Indians,Delhi Capitals,RG Sharma,49,27,6,3,181.4814814814815,Delhi Capitals,0.0,0.0,26.066390041493776,111.79685146769889,241,17.6,21.7,27.6,0.0,0.0,2.0,1.0,26.153250597047872,22.846749402952128,22.846749402952128
1422138,2024-04-07,2024,2,Delhi Capitals,Mumbai Indians,RR Pant,1,3,0,0,33.33333333333333,Mumbai Indians,55.0,220.00000000000003,28.875,134.6180220728138,104,38.2,30.2,26.571428571428573,4.0,5.0,3.2,2.0,26.634882365317438,-25.634882365317438,25.634882365317438
1422138,2024-04-07,2024,1,Mumbai Indians,Delhi Capitals,SA Yadav,0,2,0,0,0.0,Delhi Capitals,61.0,160.5263157894737,25.992,134.69138582679577,125,45.8,48.2,24.444444444444443,7.0,2.0,4.8,2.0,25.440241023528053,-25.440241023528053,25.440241023528053
1422138,2024-04-07,2024,2,Delhi Capitals,Mumbai Indians,T Stubbs,71,24,3,7,295.83333333333337,Mumbai Indians,54.0,174.19354838709677,16.25,84.15449893140988,8,24.6,16.25,0.0,4.0,4.0,1.6,1.4,17.717463615224418,53.28253638477558,53.28253638477558
1422138,2024-04-07,2024,1,Mumbai Indians,Delhi Capitals,TH David,45,20,2,4,225.0,Delhi Capitals,17.0,70.83333333333334,18.074074074074073,143.2951307951308,27,17.0,14.3,19.666666666666668,1.0,0.0,1.0,0.6,16.80326367670036,28.19673632329964,28.19673632329964
1422138,2024-04-07,2024,1,Mumbai Indians,Delhi Capitals,Tilak Varma,6,5,1,0,120.0,Delhi Capitals,32.0,110.34482758620689,30.75,139.13575923276903,28,38.0,28.7,28.0,0.0,2.0,1.6,2.8,24.877303547224393,-18.877303547224393,18.877303547224393
1422139,2024-04-07,2024,1,Lucknow Super Giants,Gujarat Titans,A Badoni,20,11,3,0,181.8181818181818,Gujarat Titans,0.0,0.0,15.692307692307692,114.12249085897018,26,7.0,17.0,22.75,0.0,0.0,0.4,0.2,16.65002914473568,3.3499708552643206,3.3499708552643206
1422139,2024-04-07,2024,2,Gujarat Titans,Lucknow Super Giants,B Sai Sudharsan,31,20,4,0,155.0,Lucknow Super Giants,33.0,173.6842105263158,39.23529411764706,133.09995790127797,17,51.2,43.8,0.0,6.0,0.0,4.8,1.6,23.93364976571265,7.0663502342873485,7.0663502342873485
1422139,2024-04-07,2024,2,Gujarat Titans,Lucknow Super Giants,BR Sharath,2,5,0,0,40.0,Lucknow Super Giants,0.0,0.0,0.0,0.0,0,0.0,0.0,0.0,0.0,0.0,0.0,0.0,8.291467420687447,-6.291467420687447,6.291467420687447
1422139,2024-04-07,2024,1,Lucknow Super Giants,Gujarat Titans,D Padikkal,7,7,1,0,100.0,Gujarat Titans,6.0,54.54545454545454,25.6,106.12828158678651,60,14.0,18.9,13.6,0.0,0.0,1.6,0.6,29.49007542709919,-22.49007542709919,22.49007542709919
1422139,2024-04-07,2024,2,Gujarat Titans,Lucknow Super Giants,DG Nalkande,12,11,0,1,109.09090909090908,Lucknow Super Giants,0.0,0.0,0.0,0.0,1,0.0,0.0,0.0,0.0,0.0,0.0,0.0,7.426540808026907,4.573459191973093,4.573459191973093
1422139,2024-04-07,2024,1,Lucknow Super Giants,Gujarat Titans,KH Pandya,2,2,0,0,100.0,Gujarat Titans,43.0,195.45454545454547,15.918367346938776,123.75517490420546,98,22.4,15.4,12.25,4.0,2.0,1.2,0.8,17.23486924249194,-15.23486924249194,15.23486924249194
1422139,2024-04-07,2024,1,Lucknow Super Giants,Gujarat Titans,KL Rahul,33,31,3,0,106.4516129032258,Gujarat Titans,20.0,142.85714285714286,37.716814159292035,121.25400343730757,113,21.0,33.9,25.333333333333332,0.0,2.0,1.2,1.2,50.46419239911366,-17.464192399113657,17.464192399113657
1422139,2024-04-07,2024,2,Gujarat Titans,Lucknow Super Giants,KS Williamson,1,5,0,0,20.0,Lucknow Super Giants,26.0,118.18181818181819,28.039473684210527,115.140899026708,76,18.8,19.2,16.0,4.0,0.0,1.8,0.4,28.450669745488472,-27.450669745488472,27.450669745488472
1422139,2024-04-07,2024,1,Lucknow Super Giants,Gujarat Titans,MP Stoinis,58,43,4,2,134.88372093023256,Gujarat Titans,24.0,160.0,19.792207792207794,118.65909123197653,77,17.2,23.8,2.0,1.0,2.0,1.2,1.0,19.605840308585513,38.39415969141449,38.39415969141449
1422139,2024-04-07,2024,1,Lucknow Super Giants,Gujarat Titans,N Pooran,32,22,0,3,145.45454545454547,Gujarat Titans,40.0,190.47619047619045,22.476190476190474,136.5296141524369,63,40.8,28.8,10.25,1.0,5.0,2.4,3.4,20.399861692762336,11.600138307237664,11.600138307237664
1422139,2024-04-07,2024,2,Gujarat Titans,Lucknow Super Giants,Noor Ahmad,4,2,1,0,200.0,Lucknow Super Giants,7.0,140.0,2.6666666666666665,57.77777777777777,3,2.6666666666666665,2.6666666666666665,0.0,1.0,0.0,0.3333333333333333,0.0,8.197364643370378,-4.197364643370378,4.197364643370378
1422139,2024-04-07,2024,1,Lucknow Super Giants,Gujarat Titans,Q de Kock,6,4,0,1,150.0,Gujarat Titans,81.0,144.64285714285714,30.49,116.69457788599131,100,36.6,43.5,29.333333333333332,8.0,5.0,2.8,2.2,27.15709440351002,-21.15709440351002,21.15709440351002
1422139,2024-04-07,2024,2,Gujarat Titans,Lucknow Super Giants,R Tewatia,30,24,2,2,125.0,Lucknow Super Giants,23.0,287.5,14.847457627118644,130.37289180297222,59,11.6,11.7,21.333333333333332,3.0,1.0,1.2,0.4,14.444052306566013,15.555947693433987,15.555947693433987
1422139,2024-04-07,2024,2,Gujarat Titans,Lucknow Super Giants,Rashid Khan,0,3,0,0,0.0,Lucknow Super Giants,1.0,50.0,8.615384615384615,119.22424664011201,52,8.0,12.5,0.0,0.0,0.0,0.8,0.4,10.455287567549682,-10.455287567549682,10.455287567549682
1422139,2024-04-07,2024,2,Gujarat Titans,Lucknow Super Giants,SH Johnson,0,1,0,0,0.0,Lucknow Super Giants,5.0,100.0,5.0,100.0,1,5.0,5.0,0.0,1.0,0.0,1.0,0.0,8.443531988750507,-8.443531988750507,8.443531988750507
1422139,2024-04-07,2024,2,Gujarat Titans,Lucknow Super Giants,Shubman Gill,19,21,2,0,90.47619047619048,Lucknow Super Giants,89.0,185.41666666666669,32.46153846153846,122.13182261898741,91,40.6,58.5,39.25,6.0,4.0,3.6,1.4,33.34979206788345,-14.349792067883449,14.349792067883449
1422139,2024-04-07,2024,2,Gujarat Titans,Lucknow Super Giants,UT Yadav,2,4,0,0,50.0,Lucknow Super Giants,10.0,90.9090909090909,4.382978723404255,93.7631635503976,47,4.6,6.5,0.0,0.0,1.0,0.0,0.2,6.112075539625711,-4.112075539625711,4.112075539625711
1422139,2024-04-07,2024,2,Gujarat Titans,Lucknow Super Giants,V Shankar,17,17,0,1,100.0,Lucknow Super Giants,8.0,80.0,19.490909090909092,121.1359385642958,55,10.8,21.2,7.0,0.0,0.0,0.4,0.4,18.490752296225345,-1.4907522962253452,1.4907522962253452
1426260,2024-04-08,2024,1,Kolkata Knight Riders,Chennai Super Kings,A Raghuvanshi,24,18,3,1,133.33333333333331,Chennai Super Kings,54.0,200.0,54.0,200.0,1,54.0,54.0,0.0,5.0,3.0,5.0,3.0,20.374138814451392,3.625861185548608,3.625861185548608
1426260,2024-04-08,2024,1,Kolkata Knight Riders,Chennai Super Kings,AD Russell,10,9,2,0,111.11111111111111,Chennai Super Kings,41.0,215.78947368421052,24.193877551020407,150.24998272712082,98,24.8,23.4,25.916666666666668,4.0,3.0,1.4,2.4,22.874777923153058,-12.874777923153058,12.874777923153058
1426260,2024-04-08,2024,1,Kolkata Knight Riders,Chennai Super Kings,AS Roy,3,3,0,0,100.0,Chennai Super Kings,6.0,100.0,4.6,73.14285714285714,5,4.6,4.6,0.0,0.0,0.0,0.6,0.0,6.681116442328319,-3.681116442328319,3.681116442328319
1426260,2024-04-08,2024,2,Chennai Super Kings,Kolkata Knight Riders,DJ Mitchell,25,19,1,1,131.57894736842107,Kolkata Knight Riders,13.0,118.18181818181819,21.0,107.13998963998965,6,22.0,21.0,0.0,1.0,0.0,1.0,0.8,18.13123172779278,6.86876827220722,6.86876827220722
1426260,2024-04-08,2024,1,Kolkata Knight Riders,Chennai Super Kings,MA Starc,0,3,0,0,0.0,Chennai Super Kings,1.0,100.0,7.923076923076923,106.72549956437425,13,3.6,7.2,3.25,0.0,0.0,0.4,0.0,6.837214226277441,-6.837214226277441,6.837214226277441
1426260,2024-04-08,2024,2,Chennai Super Kings,Kolkata Knight Riders,MS Dhoni,1,3,0,0,33.33333333333333,Kolkata Knight Riders,1.0,50.0,23.378995433789953,128.9893497901427,219,8.8,8.3,20.555555555555557,0.0,0.0,0.8,0.6,17.299154735415332,-16.299154735415332,16.299154735415332
1426260,2024-04-08,2024,1,Kolkata Knight Riders,Chennai Super Kings,PD Salt,0,1,0,0,0.0,Chennai Super Kings,18.0,150.0,26.666666666666668,123.1133817163229,12,26.2,31.5,10.0,4.0,0.0,2.2,1.4,23.362036805077825,-23.362036805077825,23.362036805077825
1426260,2024-04-08,2024,2,Chennai Super Kings,Kolkata Knight Riders,R Ravindra,15,8,3,0,187.5,Kolkata Knight Riders,12.0,133.33333333333331,24.25,156.66666666666666,4,24.25,24.25,0.0,2.0,0.0,2.75,1.5,20.79779279344221,-5.797792793442209,5.797792793442209
1426260,2024-04-08,2024,2,Chennai Super Kings,Kolkata Knight Riders,RD Gaikwad,67,58,9,0,115.51724137931035,Kolkata Knight Riders,26.0,123.80952380952381,34.27272727272727,110.6919457372793,55,22.8,32.4,37.142857142857146,3.0,1.0,2.8,0.6,27.464282129584195,39.53571787041581,39.53571787041581
1426260,2024-04-08,2024,1,Kolkata Knight Riders,Chennai Super Kings,RK Singh,9,13,0,0,69.23076923076923,Chennai Super Kings,26.0,371.42857142857144,24.34375,138.819142669358,32,35.0,29.5,27.2,1.0,3.0,2.8,2.0,22.380558314699794,-13.380558314699794,13.380558314699794
1426260,2024-04-08,2024,1,Kolkata Knight Riders,Chennai Super Kings,Ramandeep Singh,13,12,0,1,108.33333333333333,Chennai Super Kings,2.0,100.0,13.666666666666666,156.18055555555557,6,15.2,13.666666666666666,0.0,0.0,0.0,0.8,1.0,9.716868345775106,3.283131654224894,3.283131654224894
1426260,2024-04-08,2024,2,Chennai Super Kings,Kolkata Knight Riders,S Dube,28,18,1,3,155.55555555555557,Kolkata Knight Riders,45.0,187.5,24.58823529411765,127.64416794234624,51,36.0,30.2,28.2,2.0,4.0,1.8,2.4,22.20268192164284,5.797318078357161,5.797318078357161
1426260,2024-04-08,2024,1,Kolkata Knight Riders,Chennai Super Kings,SP Narine,27,20,3,2,135.0,Chennai Super Kings,85.0,217.94871794871793,12.421052631578947,120.42490326467839,95,28.2,14.8,8.0,7.0,7.0,2.0,2.4,23.654600518955313,3.345399481044687,3.345399481044687
1426260,2024-04-08,2024,1,Kolkata Knight Riders,Chennai Super Kings,SS Iyer,34,32,3,0,106.25,Chennai Super Kings,18.0,163.63636363636365,27.278846153846153,109.93798136162948,104,24.4,22.2,21.333333333333332,0.0,2.0,1.6,1.4,29.45113612249118,4.548863877508818,4.548863877508818
1426260,2024-04-08,2024,1,Kolkata Knight Riders,Chennai Super Kings,VG Arora,1,1,0,0,100.0,Chennai Super Kings,1.0,100.0,1.3333333333333333,72.22222222222221,6,1.4,1.3333333333333333,1.0,0.0,0.0,0.0,0.0,3.9650472291786416,-2.9650472291786416,2.9650472291786416
1426260,2024-04-08,2024,1,Kolkata Knight Riders,Chennai Super Kings,VR Iyer,3,8,0,0,37.5,Chennai Super Kings,5.0,250.0,26.102564102564102,119.64652568439205,39,19.0,21.2,22.6,1.0,0.0,2.0,1.0,27.655051620487253,-24.655051620487253,24.655051620487253
1426261,2024-04-09,2024,1,Sunrisers Hyderabad,Punjab Kings,AK Markram,0,2,0,0,0.0,Punjab Kings,50.0,138.88888888888889,25.771428571428572,123.74075811190316,35,28.0,24.3,33.0,4.0,1.0,1.6,0.6,25.039697124397755,-25.039697124397755,25.039697124397755
1426261,2024-04-09,2024,1,Sunrisers Hyderabad,Punjab Kings,Abdul Samad,25,12,5,0,208.33333333333334,Punjab Kings,29.0,207.14285714285717,14.7,128.71917345954347,30,20.4,21.3,1.0,3.0,1.0,1.2,1.6,15.292157302649715,9.707842697350285,9.707842697350285
1426261,2024-04-09,2024,1,Sunrisers Hyderabad,Punjab Kings,Abhishek Sharma,16,11,2,1,145.45454545454547,Punjab Kings,37.0,336.3636363636364,21.510204081632654,127.21131103066726,49,34.4,31.5,37.0,3.0,4.0,2.8,3.0,18.668366050223984,-2.668366050223984,2.668366050223984
1426261,2024-04-09,2024,2,Punjab Kings,Sunrisers Hyderabad,Ashutosh Sharma,33,15,3,2,220.00000000000003,Sunrisers Hyderabad,31.0,182.35294117647058,31.0,182.35294117647058,1,31.0,31.0,0.0,3.0,1.0,3.0,1.0,18.436236895435382,14.563763104564618,14.563763104564618
1426261,2024-04-09,2024,1,Sunrisers Hyderabad,Punjab Kings,B Kumar,6,8,0,0,75.0,Punjab Kings,27.0,103.84615384615385,4.716666666666667,88.06091593591594,60,8.4,6.3,2.0,3.0,0.0,0.8,0.0,6.737836726478765,-0.7378367264787649,0.7378367264787649
1426261,2024-04-09,2024,1,Sunrisers Hyderabad,Punjab Kings,H Klaasen,9,9,1,0,100.0,Punjab Kings,10.0,90.9090909090909,32.904761904761905,157.6477862455039,21,39.0,47.2,0.0,1.0,0.0,1.6,3.4,23.61949710614786,-14.619497106147861,14.619497106147861
1426261,2024-04-09,2024,1,Sunrisers Hyderabad,Punjab Kings,JD Unadkat,6,1,0,1,600.0,Punjab Kings,9.0,128.57142857142858,7.863636363636363,98.86410974646269,22,11.0,11.8,12.0,1.0,0.0,0.8,0.6,8.480449335203847,-2.480449335203847,2.480449335203847
1426261,2024-04-09,2024,2,Punjab Kings,Sunrisers Hyderabad,JM Bairstow,0,3,0,0,0.0,Sunrisers Hyderabad,22.0,169.23076923076923,31.906976744186046,133.37315316894018,43,20.8,28.7,17.5,4.0,0.0,3.2,0.6,28.26891114751498,-28.26891114751498,28.26891114751498
1426261,2024-04-09,2024,2,Punjab Kings,Sunrisers Hyderabad,JM Sharma,19,11,1,1,172.72727272727272,Sunrisers Hyderabad,16.0,200.0,21.464285714285715,152.92402352059366,28,20.4,19.8,11.333333333333334,0.0,2.0,1.2,1.4,18.250503717461648,0.7494962825383524,0.7494962825383524
1426261,2024-04-09,2024,1,Sunrisers Hyderabad,Punjab Kings,Nithish Kumar Reddy,64,37,4,5,172.97297297297297,Punjab Kings,14.0,175.0,14.0,175.0,1,14.0,14.0,0.0,1.0,1.0,1.0,1.0,7.625235873808344,56.37476412619166,56.37476412619166
1426261,2024-04-09,2024,2,Punjab Kings,Sunrisers Hyderabad,P Simran Singh,4,6,1,0,66.66666666666666,Sunrisers Hyderabad,35.0,145.83333333333331,21.958333333333332,124.15667128708924,24,21.4,29.5,10.25,5.0,1.0,2.6,1.0,19.387066338805013,-15.387066338805013,15.387066338805013
1426261,2024-04-09,2024,1,Sunrisers Hyderabad,Punjab Kings,PJ Cummins,3,4,0,0,75.0,Punjab Kings,2.0,100.0,12.290322580645162,123.28556695254987,31,1.0,15.2,0.0,0.0,0.0,0.0,0.0,15.381415990372707,-12.381415990372707,12.381415990372707
1426261,2024-04-09,2024,1,Sunrisers Hyderabad,Punjab Kings,RA Tripathi,11,14,1,0,78.57142857142857,Punjab Kings,20.0,100.0,23.761363636363637,126.68115013917718,88,20.6,17.6,40.6,0.0,1.0,1.6,1.0,24.540407377251416,-13.540407377251416,13.540407377251416
1426261,2024-04-09,2024,2,Punjab Kings,Sunrisers Hyderabad,S Dhawan,14,16,2,0,87.5,Sunrisers Hyderabad,1.0,50.0,30.56561085972851,111.93445923557132,221,31.0,27.7,30.333333333333332,0.0,0.0,3.6,1.0,35.40171926825833,-21.401719268258333,21.401719268258333
1426261,2024-04-09,2024,2,Punjab Kings,Sunrisers Hyderabad,SM Curran,29,22,2,2,131.8181818181818,Sunrisers Hyderabad,5.0,62.5,17.6,129.97307353131973,40,28.0,22.5,18.25,0.0,0.0,2.6,0.6,20.3663074820196,8.6336925179804,8.6336925179804
1426261,2024-04-09,2024,1,Sunrisers Hyderabad,Punjab Kings,Shahbaz Ahmed,14,7,1,1,200.0,Punjab Kings,18.0,94.73684210526315,13.464285714285714,112.89376176594223,28,12.0,11.0,7.5,0.0,1.0,0.4,0.8,12.88882454666189,1.1111754533381095,1.1111754533381095
1426261,2024-04-09,2024,2,Punjab Kings,Sunrisers Hyderabad,Shashank Singh,46,25,6,1,184.0,Sunrisers Hyderabad,61.0,210.3448275862069,17.77777777777778,163.60533357659793,9,20.4,17.77777777777778,0.0,6.0,4.0,1.8,1.2,14.982459073419225,31.017540926580775,31.017540926580775
1426261,2024-04-09,2024,2,Punjab Kings,Sunrisers Hyderabad,Sikandar Raza,28,22,2,2,127.27272727272727,Sunrisers Hyderabad,15.0,93.75,19.25,124.45976914345817,8,26.4,19.25,5.0,0.0,0.0,1.8,1.0,18.558858699044663,9.441141300955337,9.441141300955337
1426261,2024-04-09,2024,1,Sunrisers Hyderabad,Punjab Kings,TM Head,21,15,4,0,140.0,Punjab Kings,31.0,129.16666666666669,24.384615384615383,124.07399338250403,13,37.8,26.3,0.0,3.0,1.0,3.6,1.8,23.760707412722795,-2.7607074127227946,2.7607074127227946
1426262,2024-04-10,2024,2,Gujarat Titans,Rajasthan Royals,A Manohar,1,2,0,0,50.0,Rajasthan Royals,2.0,66.66666666666666,17.076923076923077,117.1285125131279,13,20.0,17.1,35.0,0.0,0.0,0.6,1.4,17.757049014265572,-16.757049014265572,16.757049014265572
1426262,2024-04-10,2024,2,Gujarat Titans,Rajasthan Royals,B Sai Sudharsan,35,29,3,1,120.6896551724138,Rajasthan Royals,31.0,155.0,38.77777777777778,134.3166269067625,18,38.2,41.6,20.0,4.0,0.0,4.0,0.4,25.40235809494591,9.59764190505409,9.59764190505409
1426262,2024-04-10,2024,1,Rajasthan Royals,Gujarat Titans,JC Buttler,8,10,0,0,80.0,Gujarat Titans,100.0,172.41379310344826,33.59,128.42390796372655,100,27.0,25.6,38.0,9.0,4.0,2.6,0.8,32.23147425648374,-24.231474256483743,24.231474256483743
1426262,2024-04-10,2024,2,Gujarat Titans,Rajasthan Royals,M Shahrukh Khan,14,8,1,1,175.0,Rajasthan Royals,41.0,178.26086956521738,14.2,138.6287703487192,30,14.4,13.4,19.333333333333332,4.0,2.0,1.4,0.8,13.997033184053793,0.0029668159462072907,0.0029668159462072907
1426262,2024-04-10,2024,2,Gujarat Titans,Rajasthan Royals,MS Wade,4,6,0,0,66.66666666666666,Rajasthan Royals,8.0,80.0,13.76923076923077,104.15273203071612,13,17.8,15.7,18.333333333333332,0.0,1.0,2.4,0.4,19.61325706252751,-15.61325706252751,15.61325706252751
1426262,2024-04-10,2024,1,Rajasthan Royals,Gujarat Titans,R Parag,76,48,3,5,158.33333333333331,Gujarat Titans,4.0,100.0,16.354166666666668,112.69151993901964,48,41.0,25.6,9.2,1.0,0.0,3.0,2.8,21.417080941282038,54.58291905871796,54.58291905871796
1426262,2024-04-10,2024,2,Gujarat Titans,Rajasthan Royals,R Tewatia,22,11,3,0,200.0,Rajasthan Royals,30.0,125.0,15.1,130.283343606256,60,16.8,14.5,1.0,2.0,2.0,1.6,0.8,13.39196292829322,8.60803707170678,8.60803707170678
1426262,2024-04-10,2024,2,Gujarat Titans,Rajasthan Royals,Rashid Khan,24,10,4,0,240.0,Rajasthan Royals,0.0,0.0,8.452830188679245,116.97473255256274,53,2.0,12.4,6.8,0.0,0.0,0.2,0.0,9.925845266989857,14.074154733010143,14.074154733010143
1426262,2024-04-10,2024,1,Rajasthan Royals,Gujarat Titans,SO Hetmyer,13,5,1,1,260.0,Gujarat Titans,11.0,183.33333333333331,19.661016949152543,136.61247296934846,59,22.2,14.4,21.4,2.0,0.0,1.6,1.6,19.664480993536632,-6.664480993536632,6.664480993536632
1426262,2024-04-10,2024,1,Rajasthan Royals,Gujarat Titans,SV Samson,68,38,7,2,178.94736842105263,Gujarat Titans,69.0,164.28571428571428,26.927152317880793,117.41154268788851,151,36.0,34.2,32.4,8.0,2.0,3.4,1.6,23.9042365251949,44.095763474805096,44.095763474805096
1426262,2024-04-10,2024,2,Gujarat Titans,Rajasthan Royals,Shubman Gill,72,44,6,2,163.63636363636365,Rajasthan Royals,19.0,90.47619047619048,32.31521739130435,121.78773966091352,92,36.6,59.8,31.0,2.0,0.0,2.6,1.4,34.38159753208894,37.61840246791106,37.61840246791106
1426262,2024-04-10,2024,2,Gujarat Titans,Rajasthan Royals,V Shankar,16,10,3,0,160.0,Rajasthan Royals,17.0,100.0,19.446428571428573,120.75851108993336,56,11.4,21.0,17.857142857142858,0.0,1.0,0.4,0.4,19.698388712134086,-3.6983887121340864,3.6983887121340864
1426262,2024-04-10,2024,1,Rajasthan Royals,Gujarat Titans,YBK Jaiswal,24,19,5,0,126.3157894736842,Gujarat Titans,0.0,0.0,29.536585365853657,122.12564822416911,41,17.8,36.0,10.0,0.0,0.0,2.8,0.2,38.0122229737693,-14.012222973769298,14.012222973769298
1426263,2024-04-11,2024,1,Royal Challengers Bengaluru,Mumbai Indians,Akash Deep,2,2,0,0,100.0,Mumbai Indians,17.0,212.5,8.5,106.25,2,8.5,8.5,0.0,2.0,1.0,1.0,0.5,13.348964618980794,-11.348964618980794,11.348964618980794
1426263,2024-04-11,2024,1,Royal Challengers Bengaluru,Mumbai Indians,F du Plessis,61,40,4,3,152.5,Mumbai Indians,44.0,133.33333333333331,33.140625,119.11404080609101,128,21.8,37.3,26.36842105263158,2.0,2.0,2.6,0.6,28.836415908563087,32.16358409143692,32.16358409143692
1426263,2024-04-11,2024,1,Royal Challengers Bengaluru,Mumbai Indians,GJ Maxwell,0,4,0,0,0.0,Mumbai Indians,1.0,33.33333333333333,22.016,126.36393310050896,125,6.4,17.0,25.705882352941178,0.0,0.0,0.6,0.2,23.33864198056021,-23.33864198056021,23.33864198056021
1426263,2024-04-11,2024,2,Mumbai Indians,Royal Challengers Bengaluru,HH Pandya,21,6,0,3,350.0,Royal Challengers Bengaluru,39.0,118.18181818181819,19.885245901639344,142.30257606753258,122,25.8,20.2,0.0,3.0,1.0,2.2,1.0,22.40713575028557,-1.407135750285569,1.407135750285569
1426263,2024-04-11,2024,2,Mumbai Indians,Royal Challengers Bengaluru,Ishan Kishan,69,34,7,5,202.94117647058823,Royal Challengers Bengaluru,42.0,182.6086956521739,27.146067415730336,117.44535867011483,89,21.4,26.0,0.0,4.0,2.0,2.2,1.4,28.158840676771526,40.841159323228474,40.841159323228474
1426263,2024-04-11,2024,1,Royal Challengers Bengaluru,Mumbai Indians,KD Karthik,53,23,5,4,230.43478260869566,Mumbai Indians,4.0,50.0,20.384955752212388,119.08734918875692,226,18.0,16.9,15.0,0.0,0.0,1.2,1.4,18.595490187003083,34.40450981299692,34.40450981299692
1426263,2024-04-11,2024,1,Royal Challengers Bengaluru,Mumbai Indians,MK Lomror,0,1,0,0,0.0,Mumbai Indians,33.0,253.84615384615384,16.74074074074074,126.38565980801725,27,10.6,15.9,6.0,3.0,3.0,1.0,0.8,15.23407090722063,-15.23407090722063,15.23407090722063
1426263,2024-04-11,2024,2,Mumbai Indians,Royal Challengers Bengaluru,RG Sharma,38,24,3,3,158.33333333333331,Royal Challengers Bengaluru,49.0,181.4814814814815,26.16115702479339,112.08480448428475,242,25.2,26.6,0.0,6.0,3.0,3.0,1.4,25.77266500992299,12.227334990077011,12.227334990077011
1426263,2024-04-11,2024,1,Royal Challengers Bengaluru,Mumbai Indians,RM Patidar,50,26,3,4,192.30769230769232,Mumbai Indians,29.0,138.0952380952381,30.266666666666666,113.9585978955393,15,21.6,36.7,8.0,2.0,2.0,1.4,1.2,28.520743565350326,21.479256434649674,21.479256434649674
1426263,2024-04-11,2024,2,Mumbai Indians,Royal Challengers Bengaluru,SA Yadav,52,19,5,4,273.6842105263158,Royal Challengers Bengaluru,0.0,0.0,25.785714285714285,133.62240657420216,126,25.2,45.9,0.0,0.0,0.0,2.6,0.8,27.69043722001946,24.30956277998054,24.30956277998054
1426263,2024-04-11,2024,1,Royal Challengers Bengaluru,Mumbai Indians,Saurav Chauhan,9,8,1,0,112.5,Mumbai Indians,9.0,150.0,9.0,150.0,1,9.0,9.0,0.0,0.0,1.0,0.0,1.0,8.37799973196549,0.62200026803451,0.62200026803451
1426263,2024-04-11,2024,2,Mumbai Indians,Royal Challengers Bengaluru,Tilak Varma,16,10,3,0,160.0,Royal Challengers Bengaluru,6.0,120.0,29.896551724137932,138.47590546612182,29,34.0,25.6,0.0,1.0,0.0,1.8,2.4,25.77085469884612,-9.770854698846119,9.770854698846119
1426263,2024-04-11,2024,1,Royal Challengers Bengaluru,Mumbai Indians,V Kohli,3,9,0,0,33.33333333333333,Mumbai Indians,113.0,156.94444444444443,32.15677966101695,117.04054650270918,236,63.2,59.1,26.78125,12.0,4.0,5.8,2.4,38.56155356444926,-35.56155356444926,35.56155356444926
1426263,2024-04-11,2024,1,Royal Challengers Bengaluru,Mumbai Indians,Vijaykumar Vyshak,0,1,0,0,0.0,Mumbai Indians,13.0,162.5,6.5,81.25,2,6.5,6.5,0.0,0.0,1.0,0.0,0.5,7.992500926613987,-7.992500926613987,7.992500926613987
1426263,2024-04-11,2024,1,Royal Challengers Bengaluru,Mumbai Indians,WG Jacks,8,6,2,0,133.33333333333331,Mumbai Indians,0.0,0.0,0.0,0.0,0,0.0,0.0,0.0,0.0,0.0,0.0,0.0,6.832637657269942,1.1673623427300583,1.1673623427300583
1426264,2024-04-12,2024,1,Lucknow Super Giants,Delhi Capitals,A Badoni,55,35,5,1,157.14285714285714,Delhi Capitals,20.0,181.8181818181818,15.851851851851851,116.62973867227431,27,6.0,18.2,14.0,3.0,0.0,0.6,0.0,16.5845666074519,38.415433392548096,38.415433392548096
1426264,2024-04-12,2024,1,Lucknow Super Giants,Delhi Capitals,Arshad Khan,20,16,2,0,125.0,Delhi Capitals,1.0,50.0,6.0,88.8888888888889,3,6.0,6.0,0.0,0.0,0.0,0.0,0.3333333333333333,9.497690550805425,10.502309449194575,10.502309449194575
1426264,2024-04-12,2024,1,Lucknow Super Giants,Delhi Capitals,D Padikkal,3,6,0,0,50.0,Delhi Capitals,7.0,100.0,25.295081967213115,106.02781795421625,61,14.6,17.0,28.833333333333332,1.0,0.0,1.6,0.6,29.714953830013194,-26.714953830013194,26.714953830013194
1426264,2024-04-12,2024,2,Delhi Capitals,Lucknow Super Giants,DA Warner,8,9,1,0,88.88888888888889,Lucknow Super Giants,10.0,125.0,35.63586956521739,121.30620123963845,184,31.6,36.6,21.0,1.0,1.0,3.2,2.0,37.31975533221859,-29.31975533221859,29.31975533221859
1426264,2024-04-12,2024,1,Lucknow Super Giants,Delhi Capitals,DJ Hooda,10,13,0,0,76.92307692307693,Delhi Capitals,26.0,200.0,15.134831460674157,117.90340427246589,89,11.6,8.4,15.0,2.0,2.0,0.4,0.6,14.251550563337748,-4.251550563337748,4.251550563337748
1426264,2024-04-12,2024,2,Delhi Capitals,Lucknow Super Giants,J Fraser-McGurk,55,35,2,5,157.14285714285714,Lucknow Super Giants,0.0,0.0,0.0,0.0,0,0.0,0.0,0.0,0.0,0.0,0.0,0.0,7.550923059990662,47.449076940009334,47.449076940009334
1426264,2024-04-12,2024,1,Lucknow Super Giants,Delhi Capitals,KH Pandya,3,4,0,0,75.0,Delhi Capitals,2.0,100.0,15.777777777777779,123.51522364254681,99,13.0,13.3,15.2,0.0,0.0,1.0,0.6,13.61529819414762,-10.61529819414762,10.61529819414762
1426264,2024-04-12,2024,1,Lucknow Super Giants,Delhi Capitals,KL Rahul,39,22,5,1,177.27272727272728,Delhi Capitals,33.0,106.4516129032258,37.675438596491226,121.12415790630685,114,25.2,33.7,26.11111111111111,3.0,0.0,1.6,1.0,49.429918440117525,-10.429918440117525,10.429918440117525
1426264,2024-04-12,2024,1,Lucknow Super Giants,Delhi Capitals,MP Stoinis,8,10,1,0,80.0,Delhi Capitals,58.0,134.88372093023256,20.28205128205128,118.86709930503109,78,28.8,28.3,19.0,4.0,2.0,2.0,1.4,21.599448629827723,-13.599448629827723,13.599448629827723
1426264,2024-04-12,2024,1,Lucknow Super Giants,Delhi Capitals,N Pooran,0,1,0,0,0.0,Delhi Capitals,32.0,145.45454545454547,22.625,136.6690662040323,64,35.6,31.1,26.666666666666668,0.0,3.0,1.6,3.0,19.24465526217462,-19.24465526217462,19.24465526217462
1426264,2024-04-12,2024,2,Delhi Capitals,Lucknow Super Giants,PP Shaw,32,22,6,0,145.45454545454547,Lucknow Super Giants,66.0,165.0,24.5,122.31530061104698,74,35.6,21.3,26.0,8.0,3.0,4.4,1.2,26.126656806830535,5.873343193169465,5.873343193169465
1426264,2024-04-12,2024,1,Lucknow Super Giants,Delhi Capitals,Q de Kock,19,13,4,0,146.15384615384613,Delhi Capitals,6.0,150.0,30.247524752475247,117.02433454058546,101,34.6,43.4,32.5,0.0,1.0,2.8,2.0,30.91679998075046,-11.916799980750461,11.916799980750461
1426264,2024-04-12,2024,2,Delhi Capitals,Lucknow Super Giants,RR Pant,41,24,4,2,170.83333333333331,Lucknow Super Giants,1.0,33.33333333333333,28.60952380952381,133.65340598958065,105,30.6,25.9,41.5,0.0,0.0,2.4,1.8,25.40134065591453,15.598659344085469,15.598659344085469
1426264,2024-04-12,2024,2,Delhi Capitals,Lucknow Super Giants,SD Hope,11,10,1,0,110.00000000000001,Lucknow Super Giants,33.0,132.0,33.0,132.0,1,33.0,33.0,0.0,2.0,2.0,2.0,2.0,21.24147248647503,-10.241472486475029,10.241472486475029
1426264,2024-04-12,2024,2,Delhi Capitals,Lucknow Super Giants,T Stubbs,15,9,0,1,166.66666666666669,Lucknow Super Giants,71.0,295.83333333333337,22.333333333333332,107.67436942051248,9,34.8,22.333333333333332,0.0,3.0,7.0,1.8,2.8,21.185482069082088,-6.185482069082088,6.185482069082088
1426265,2024-04-13,2024,1,Punjab Kings,Rajasthan Royals,Ashutosh Sharma,31,15,1,3,206.66666666666669,Rajasthan Royals,33.0,220.00000000000003,32.0,201.1764705882353,2,32.0,32.0,0.0,3.0,2.0,3.0,1.5,16.40806600258467,14.591933997415332,14.591933997415332
1426265,2024-04-13,2024,1,Punjab Kings,Rajasthan Royals,Atharva Taide,15,12,2,0,125.0,Rajasthan Royals,19.0,158.33333333333331,26.571428571428573,131.38255302120848,7,36.4,26.571428571428573,19.0,3.0,1.0,3.8,1.2,24.625216274002685,-9.625216274002685,9.625216274002685
1426265,2024-04-13,2024,2,Rajasthan Royals,Punjab Kings,Dhruv Jurel,6,11,0,0,54.54545454545454,Punjab Kings,2.0,66.66666666666666,13.857142857142858,143.5204081632653,14,10.6,13.2,21.0,0.0,0.0,0.8,0.4,12.927637681956433,-6.927637681956433,6.927637681956433
1426265,2024-04-13,2024,1,Punjab Kings,Rajasthan Royals,Harpreet Brar,3,3,0,0,100.0,Rajasthan Royals,1.0,50.0,8.15,114.70381836945305,20,1.4,5.6,0.0,0.0,0.0,0.0,0.0,8.55823583901863,-5.55823583901863,5.55823583901863
1426265,2024-04-13,2024,1,Punjab Kings,Rajasthan Royals,JM Bairstow,15,19,1,0,78.94736842105263,Rajasthan Royals,0.0,0.0,31.181818181818183,130.34194514237336,44,16.2,25.5,31.4,0.0,0.0,2.2,0.6,26.857059086082415,-11.857059086082415,11.857059086082415
1426265,2024-04-13,2024,1,Punjab Kings,Rajasthan Royals,JM Sharma,29,24,1,2,120.83333333333333,Rajasthan Royals,19.0,172.72727272727272,21.379310344827587,153.60689418289294,29,15.4,19.6,36.333333333333336,1.0,1.0,0.8,1.0,22.260873590534533,6.739126409465467,6.739126409465467
1426265,2024-04-13,2024,2,Rajasthan Royals,Punjab Kings,KA Maharaj,1,2,0,0,50.0,Punjab Kings,0.0,0.0,0.0,0.0,0,0.0,0.0,0.0,0.0,0.0,0.0,0.0,10.823489381237879,-9.823489381237879,9.823489381237879
1426265,2024-04-13,2024,1,Punjab Kings,Rajasthan Royals,LS Livingstone,21,14,2,1,150.0,Rajasthan Royals,28.0,164.70588235294116,26.02857142857143,141.2426207671001,35,37.2,35.0,15.5,2.0,2.0,2.2,3.0,25.876963041416822,-4.876963041416822,4.876963041416822
1426265,2024-04-13,2024,1,Punjab Kings,Rajasthan Royals,P Simran Singh,10,14,1,0,71.42857142857143,Rajasthan Royals,4.0,66.66666666666666,21.24,121.85707110227234,25,21.8,25.7,31.0,1.0,0.0,2.8,1.0,22.822460408218863,-12.822460408218863,12.822460408218863
1426265,2024-04-13,2024,2,Rajasthan Royals,Punjab Kings,R Parag,23,18,1,1,127.77777777777777,Punjab Kings,76.0,158.33333333333331,17.571428571428573,113.62298551849543,49,52.2,31.2,13.8,3.0,5.0,3.4,3.4,31.195337631714555,-8.195337631714555,8.195337631714555
1426265,2024-04-13,2024,2,Rajasthan Royals,Punjab Kings,R Powell,11,5,2,0,220.00000000000003,Punjab Kings,4.0,100.0,17.133333333333333,104.05438842203549,15,10.4,22.6,2.0,1.0,0.0,0.4,0.8,20.032844653374816,-9.032844653374816,9.032844653374816
1426265,2024-04-13,2024,1,Punjab Kings,Rajasthan Royals,SM Curran,6,10,0,0,60.0,Rajasthan Royals,29.0,131.8181818181818,17.878048780487806,130.0180761724627,41,24.0,23.3,20.4,2.0,2.0,2.2,0.6,17.860047213926002,-11.860047213926002,11.860047213926002
1426265,2024-04-13,2024,2,Rajasthan Royals,Punjab Kings,SO Hetmyer,27,10,1,3,270.0,Punjab Kings,13.0,260.0,19.55,138.66893175319268,60,17.8,15.4,32.25,1.0,1.0,1.6,1.0,22.125579545428778,4.874420454571222,4.874420454571222
1426265,2024-04-13,2024,2,Rajasthan Royals,Punjab Kings,SV Samson,18,14,1,1,128.57142857142858,Punjab Kings,68.0,178.94736842105263,27.19736842105263,117.81638364665933,152,49.2,39.6,38.0,7.0,2.0,4.8,2.0,26.91559155655716,-8.91559155655716,8.91559155655716
1426265,2024-04-13,2024,1,Punjab Kings,Rajasthan Royals,Shashank Singh,9,9,1,0,100.0,Rajasthan Royals,46.0,184.0,20.6,165.64480021893814,10,27.4,20.6,0.0,6.0,1.0,2.8,1.4,19.67712410260706,-10.67712410260706,10.67712410260706
1426265,2024-04-13,2024,2,Rajasthan Royals,Punjab Kings,Tanush Kotian,24,31,3,0,77.41935483870968,Punjab Kings,0.0,0.0,0.0,0.0,0,0.0,0.0,0.0,0.0,0.0,0.0,0.0,10.823489381237879,13.176510618762121,13.176510618762121
1426265,2024-04-13,2024,2,Rajasthan Royals,Punjab Kings,YBK Jaiswal,39,28,4,0,139.28571428571428,Punjab Kings,24.0,126.3157894736842,29.404761904761905,122.22541349201471,42,12.6,26.0,44.5,5.0,0.0,2.2,0.2,30.02183287154181,8.978167128458189,8.978167128458189
1426266,2024-04-14,2024,1,Lucknow Super Giants,Kolkata Knight Riders,A Badoni,29,27,2,1,107.40740740740742,Kolkata Knight Riders,55.0,157.14285714285714,17.25,118.0766357605094,28,16.8,19.4,20.0,5.0,1.0,1.6,0.2,18.199331525991596,10.800668474008404,10.800668474008404
1426266,2024-04-14,2024,2,Kolkata Knight Riders,Lucknow Super Giants,A Raghuvanshi,7,6,0,1,116.66666666666667,Lucknow Super Giants,24.0,133.33333333333331,39.0,166.66666666666666,2,39.0,39.0,0.0,3.0,1.0,4.0,2.0,15.434175432722013,-8.434175432722013,8.434175432722013
1426266,2024-04-14,2024,1,Lucknow Super Giants,Kolkata Knight Riders,Arshad Khan (2),5,4,1,0,125.0,Kolkata Knight Riders,0.0,0.0,0.0,0.0,0,0.0,0.0,0.0,0.0,0.0,0.0,0.0,19.235104438145978,-14.235104438145978,14.235104438145978
1426266,2024-04-14,2024,1,Lucknow Super Giants,Kolkata Knight Riders,DJ Hooda,8,10,1,0,80.0,Kolkata Knight Riders,10.0,76.92307692307693,15.077777777777778,117.44806730191713,90,13.4,8.5,12.333333333333334,0.0,0.0,0.4,0.6,15.359572834521813,-7.359572834521813,7.359572834521813
1426266,2024-04-14,2024,1,Lucknow Super Giants,Kolkata Knight Riders,KH Pandya,7,8,0,0,87.5,Kolkata Knight Riders,3.0,75.0,15.65,123.03007140612135,100,11.8,13.1,14.166666666666666,0.0,0.0,1.0,0.4,13.325732912324414,-6.325732912324414,6.325732912324414
1426266,2024-04-14,2024,1,Lucknow Super Giants,Kolkata Knight Riders,KL Rahul,39,26,3,2,150.0,Kolkata Knight Riders,39.0,177.27272727272728,37.68695652173913,121.61240633558008,115,33.0,35.8,37.583333333333336,5.0,1.0,2.6,1.2,41.111993216946885,-2.1119932169468854,2.1119932169468854
1426266,2024-04-14,2024,1,Lucknow Super Giants,Kolkata Knight Riders,MP Stoinis,10,5,2,0,200.0,Kolkata Knight Riders,8.0,80.0,20.126582278481013,118.37511070623323,79,22.4,28.5,11.3,1.0,0.0,1.2,1.2,22.34063510823059,-12.34063510823059,12.34063510823059
1426266,2024-04-14,2024,1,Lucknow Super Giants,Kolkata Knight Riders,N Pooran,45,32,2,4,140.625,Kolkata Knight Riders,0.0,0.0,22.276923076923076,134.56646518550872,65,35.6,29.1,20.25,0.0,0.0,1.6,3.0,21.151556088113942,23.848443911886058,23.848443911886058
1426266,2024-04-14,2024,2,Kolkata Knight Riders,Lucknow Super Giants,PD Salt,89,44,14,3,202.27272727272728,Lucknow Super Giants,0.0,0.0,24.615384615384617,113.64312158429806,13,21.0,25.6,0.0,0.0,0.0,1.8,1.0,22.198959530433083,66.80104046956691,66.80104046956691
1426266,2024-04-14,2024,1,Lucknow Super Giants,Kolkata Knight Riders,Q de Kock,10,8,2,0,125.0,Kolkata Knight Riders,19.0,146.15384615384613,30.137254901960784,117.30991798777428,102,32.8,31.3,31.785714285714285,4.0,0.0,3.6,1.6,29.1840131340902,-19.1840131340902,19.1840131340902
1426266,2024-04-14,2024,2,Kolkata Knight Riders,Lucknow Super Giants,SP Narine,6,6,1,0,100.0,Lucknow Super Giants,27.0,135.0,12.572916666666666,120.57672718900466,96,32.4,17.5,14.666666666666666,3.0,2.0,2.4,2.8,22.36301405098103,-16.36301405098103,16.36301405098103
1426266,2024-04-14,2024,2,Kolkata Knight Riders,Lucknow Super Giants,SS Iyer,38,38,6,0,100.0,Lucknow Super Giants,34.0,106.25,27.34285714285714,109.90285772961397,105,28.2,24.4,28.0,3.0,0.0,1.8,1.4,25.736802231218928,12.263197768781072,12.263197768781072
1426267,2024-04-14,2024,1,Chennai Super Kings,Mumbai Indians,AM Rahane,5,8,1,0,62.5,Mumbai Indians,35.0,116.66666666666667,27.7239263803681,105.80140351978926,163,29.2,23.6,29.458333333333332,2.0,1.0,2.0,1.4,27.15665242774942,-22.15665242774942,22.15665242774942
1426267,2024-04-14,2024,1,Chennai Super Kings,Mumbai Indians,DJ Mitchell,17,14,1,0,121.42857142857142,Mumbai Indians,25.0,131.57894736842107,21.571428571428573,110.63126931547984,7,23.6,21.571428571428573,17.0,1.0,1.0,1.0,1.0,17.745392905524955,-0.7453929055249553,0.7453929055249553
1426267,2024-04-14,2024,2,Mumbai Indians,Chennai Super Kings,HH Pandya,2,6,0,0,33.33333333333333,Chennai Super Kings,21.0,350.0,19.89430894308943,143.99117301007297,123,25.8,19.8,13.866666666666667,0.0,3.0,2.2,1.2,23.491560190696752,-21.491560190696752,21.491560190696752
1426267,2024-04-14,2024,2,Mumbai Indians,Chennai Super Kings,Ishan Kishan,23,15,3,1,153.33333333333334,Chennai Super Kings,69.0,202.94117647058823,27.61111111111111,118.39531220123119,90,32.2,32.2,23.88888888888889,7.0,5.0,3.0,2.4,25.137212389198226,-2.1372123891982255,2.1372123891982255
1426267,2024-04-14,2024,1,Chennai Super Kings,Mumbai Indians,MS Dhoni,20,4,0,3,500.0,Mumbai Indians,1.0,33.33333333333333,23.277272727272727,128.55454971533905,220,8.0,8.2,21.37142857142857,0.0,0.0,0.8,0.6,17.306114053513927,2.6938859464860734,2.6938859464860734
1426267,2024-04-14,2024,2,Mumbai Indians,Chennai Super Kings,Mohammad Nabi,4,7,0,0,57.14285714285714,Chennai Super Kings,3.0,75.0,12.4,165.35521885521885,15,13.0,13.8,0.0,0.0,0.0,1.6,0.6,10.65458737281881,-6.65458737281881,6.65458737281881
1426267,2024-04-14,2024,1,Chennai Super Kings,Mumbai Indians,R Ravindra,21,16,2,1,131.25,Mumbai Indians,15.0,187.5,22.4,162.83333333333331,5,22.4,22.4,0.0,3.0,0.0,2.8,1.2,17.189021804180722,3.8109781958192777,3.8109781958192777
1426267,2024-04-14,2024,2,Mumbai Indians,Chennai Super Kings,R Shepherd,1,2,0,0,50.0,Chennai Super Kings,39.0,390.0,18.666666666666668,176.5079365079365,6,17.6,18.666666666666668,0.0,3.0,4.0,1.4,1.6,14.370615340934764,-13.370615340934764,13.370615340934764
1426267,2024-04-14,2024,1,Chennai Super Kings,Mumbai Indians,RD Gaikwad,69,40,5,5,172.5,Mumbai Indians,67.0,115.51724137931035,34.857142857142854,110.77811173088699,56,31.0,36.1,24.142857142857142,9.0,0.0,4.0,0.4,27.93531067520063,41.064689324799375,41.064689324799375
1426267,2024-04-14,2024,2,Mumbai Indians,Chennai Super Kings,RG Sharma,105,63,11,5,166.66666666666669,Chennai Super Kings,38.0,158.33333333333331,26.209876543209877,112.27512764827262,243,31.2,29.7,23.96969696969697,3.0,3.0,3.4,2.0,23.984412779891393,81.01558722010861,81.01558722010861
1426267,2024-04-14,2024,1,Chennai Super Kings,Mumbai Indians,S Dube,66,38,10,2,173.6842105263158,Mumbai Indians,28.0,155.55555555555557,24.653846153846153,128.1809253964464,52,35.2,30.4,17.0,1.0,3.0,2.0,2.6,22.55370678897147,43.44629321102853,43.44629321102853
1426267,2024-04-14,2024,2,Mumbai Indians,Chennai Super Kings,SA Yadav,0,2,0,0,0.0,Chennai Super Kings,52.0,273.6842105263158,25.992125984251967,134.7252554242188,127,34.2,45.6,24.285714285714285,5.0,4.0,3.6,1.6,25.571755289813186,-25.571755289813186,25.571755289813186
1426267,2024-04-14,2024,2,Mumbai Indians,Chennai Super Kings,TH David,13,5,0,2,260.0,Chennai Super Kings,45.0,225.0,19.035714285714285,146.21316183816185,28,23.4,16.9,12.5,2.0,4.0,1.2,1.4,17.27457155458943,-4.2745715545894285,4.2745715545894285
1426267,2024-04-14,2024,2,Mumbai Indians,Chennai Super Kings,Tilak Varma,31,20,5,0,155.0,Chennai Super Kings,16.0,160.0,29.433333333333334,139.19337528391776,30,28.6,26.9,35.666666666666664,3.0,0.0,1.4,1.8,24.511529563959822,6.488470436040178,6.488470436040178
1426268,2024-04-15,2024,1,Sunrisers Hyderabad,Royal Challengers Bengaluru,AK Markram,32,16,2,2,200.0,Royal Challengers Bengaluru,0.0,0.0,25.055555555555557,120.30351483101695,36,25.4,20.2,0.0,0.0,0.0,1.6,0.4,25.71454718374456,6.2854528162554395,6.2854528162554395
1426268,2024-04-15,2024,1,Sunrisers Hyderabad,Royal Challengers Bengaluru,Abdul Samad,37,10,4,3,370.0,Royal Challengers Bengaluru,25.0,208.33333333333334,15.03225806451613,131.2873721651496,31,22.0,20.6,0.0,5.0,0.0,2.2,1.2,17.090836489183957,19.909163510816043,19.909163510816043
1426268,2024-04-15,2024,1,Sunrisers Hyderabad,Royal Challengers Bengaluru,Abhishek Sharma,34,22,2,2,154.54545454545453,Royal Challengers Bengaluru,16.0,145.45454545454547,21.4,127.57617571914483,50,35.4,26.4,0.0,2.0,1.0,2.8,3.2,18.585877360679337,15.414122639320663,15.414122639320663
1426268,2024-04-15,2024,2,Royal Challengers Bengaluru,Sunrisers Hyderabad,Anuj Rawat,25,14,5,0,178.57142857142858,Sunrisers Hyderabad,11.0,52.38095238095239,14.65,96.55071382518192,20,19.2,16.3,0.0,0.0,0.0,1.2,0.8,19.909575216227548,5.090424783772452,5.090424783772452
1426268,2024-04-15,2024,2,Royal Challengers Bengaluru,Sunrisers Hyderabad,F du Plessis,62,28,7,4,221.42857142857144,Sunrisers Hyderabad,61.0,152.5,33.35658914728682,119.37284669131512,129,27.0,38.9,30.25,4.0,3.0,1.8,1.2,27.845896303599,34.154103696400995,34.154103696400995
1426268,2024-04-15,2024,1,Sunrisers Hyderabad,Royal Challengers Bengaluru,H Klaasen,67,31,2,7,216.1290322580645,Royal Challengers Bengaluru,9.0,100.0,31.818181818181817,155.02743232525373,22,37.2,44.5,0.0,1.0,0.0,1.4,3.4,24.3092831975921,42.6907168024079,42.6907168024079
1426268,2024-04-15,2024,2,Royal Challengers Bengaluru,Sunrisers Hyderabad,KD Karthik,83,35,5,7,237.14285714285714,Sunrisers Hyderabad,53.0,230.43478260869566,20.52863436123348,119.57786651659805,227,28.6,20.0,14.304347826086957,5.0,4.0,2.2,2.2,17.71578380583873,65.28421619416127,65.28421619416127
1426268,2024-04-15,2024,2,Royal Challengers Bengaluru,Sunrisers Hyderabad,MK Lomror,19,11,0,2,172.72727272727272,Sunrisers Hyderabad,0.0,0.0,16.142857142857142,121.87188624344522,28,10.4,15.2,20.0,0.0,0.0,1.0,0.8,15.328965796056025,3.671034203943975,3.671034203943975
1426268,2024-04-15,2024,2,Royal Challengers Bengaluru,Sunrisers Hyderabad,RM Patidar,9,5,0,1,180.0,Sunrisers Hyderabad,50.0,192.30769230769232,31.5,118.85541629629887,16,20.0,36.5,48.0,3.0,4.0,1.2,1.4,25.98802775226888,-16.98802775226888,16.98802775226888
1426268,2024-04-15,2024,2,Royal Challengers Bengaluru,Sunrisers Hyderabad,Saurav Chauhan,0,1,0,0,0.0,Sunrisers Hyderabad,9.0,112.5,9.0,131.25,2,9.0,9.0,0.0,1.0,0.0,0.5,0.5,8.529897123340128,-8.529897123340128,8.529897123340128
1426268,2024-04-15,2024,1,Sunrisers Hyderabad,Royal Challengers Bengaluru,TM Head,102,41,9,8,248.78048780487805,Royal Challengers Bengaluru,21.0,140.0,24.142857142857142,125.21156528375374,14,27.0,25.4,0.0,4.0,0.0,3.8,0.8,21.104955790303674,80.89504420969632,80.89504420969632
1426268,2024-04-15,2024,2,Royal Challengers Bengaluru,Sunrisers Hyderabad,V Kohli,42,20,6,2,210.0,Sunrisers Hyderabad,3.0,33.33333333333333,32.0337552742616,116.68735151043334,237,59.6,53.9,30.636363636363637,0.0,0.0,5.8,2.2,34.093815928330606,7.906184071669394,7.906184071669394
1426268,2024-04-15,2024,2,Royal Challengers Bengaluru,Sunrisers Hyderabad,Vijaykumar Vyshak,1,2,0,0,50.0,Sunrisers Hyderabad,0.0,0.0,4.333333333333333,54.166666666666664,3,4.333333333333333,4.333333333333333,0.0,0.0,0.0,0.0,0.3333333333333333,11.972558854274165,-10.972558854274165,10.972558854274165
1426268,2024-04-15,2024,2,Royal Challengers Bengaluru,Sunrisers Hyderabad,WG Jacks,7,4,1,0,175.0,Sunrisers Hyderabad,8.0,133.33333333333331,8.0,133.33333333333331,1,8.0,8.0,0.0,2.0,0.0,2.0,0.0,11.198150841492238,-4.198150841492238,4.198150841492238
1426269,2024-04-16,2024,1,Kolkata Knight Riders,Rajasthan Royals,A Raghuvanshi,30,18,5,0,166.66666666666669,Rajasthan Royals,7.0,116.66666666666667,28.333333333333332,150.0,3,28.333333333333332,28.333333333333332,0.0,0.0,1.0,2.6666666666666665,1.6666666666666667,18.0945024976029,11.9054975023971,11.9054975023971
1426269,2024-04-16,2024,1,Kolkata Knight Riders,Rajasthan Royals,AD Russell,13,10,2,0,130.0,Rajasthan Royals,10.0,111.11111111111111,24.050505050505052,149.85464058958536,99,24.8,23.5,17.0,2.0,0.0,1.8,2.2,28.3647662867128,-15.3647662867128,15.3647662867128
1426269,2024-04-16,2024,2,Rajasthan Royals,Kolkata Knight Riders,Dhruv Jurel,2,4,0,0,50.0,Kolkata Knight Riders,6.0,54.54545454545454,13.333333333333334,137.5887445887446,15,11.6,13.8,0.0,0.0,0.0,0.8,0.4,12.730178691531304,-10.730178691531304,10.730178691531304
1426269,2024-04-16,2024,2,Rajasthan Royals,Kolkata Knight Riders,JC Buttler,107,59,9,6,181.35593220338984,Kolkata Knight Riders,8.0,80.0,33.336633663366335,127.94446333042232,101,28.6,24.6,30.833333333333332,0.0,0.0,2.6,0.8,27.87994309867808,79.12005690132192,79.12005690132192
1426269,2024-04-16,2024,1,Kolkata Knight Riders,Rajasthan Royals,PD Salt,10,13,1,0,76.92307692307693,Rajasthan Royals,89.0,202.27272727272728,29.214285714285715,119.97380770490015,14,38.2,34.5,0.0,14.0,3.0,4.6,1.6,25.8810025019164,-15.881002501916399,15.881002501916399
1426269,2024-04-16,2024,2,Rajasthan Royals,Kolkata Knight Riders,R Ashwin,8,11,1,0,72.72727272727273,Kolkata Knight Riders,16.0,100.0,9.144578313253012,108.73621969243815,83,11.2,11.1,10.666666666666666,1.0,0.0,0.4,0.6,8.466939336915097,-0.4669393369150967,0.4669393369150967
1426269,2024-04-16,2024,2,Rajasthan Royals,Kolkata Knight Riders,R Parag,34,14,4,2,242.85714285714283,Kolkata Knight Riders,23.0,127.77777777777777,17.68,113.90608136368108,50,48.2,32.8,14.4,1.0,1.0,3.4,3.0,29.53946023714628,4.4605397628537204,4.4605397628537204
1426269,2024-04-16,2024,2,Rajasthan Royals,Kolkata Knight Riders,R Powell,26,13,1,3,200.0,Kolkata Knight Riders,11.0,220.00000000000003,16.75,111.30098914565826,16,12.2,20.1,20.5,2.0,0.0,0.8,0.8,18.1158187703118,7.884181229688199,7.884181229688199
1426269,2024-04-16,2024,1,Kolkata Knight Riders,Rajasthan Royals,RK Singh,20,9,1,2,222.22222222222223,Rajasthan Royals,9.0,69.23076923076923,23.87878787878788,136.71040408030987,33,26.0,28.6,20.333333333333332,0.0,0.0,2.0,1.4,21.457473891649965,-1.4574738916499648,1.4574738916499648
1426269,2024-04-16,2024,1,Kolkata Knight Riders,Rajasthan Royals,Ramandeep Singh,1,1,0,0,100.0,Rajasthan Royals,13.0,108.33333333333333,13.571428571428571,149.3452380952381,7,15.4,13.571428571428571,0.0,0.0,1.0,0.8,1.2,10.23348822086009,-9.23348822086009,9.23348822086009
1426269,2024-04-16,2024,2,Rajasthan Royals,Kolkata Knight Riders,SO Hetmyer,0,1,0,0,0.0,Kolkata Knight Riders,27.0,270.0,19.672131147540984,140.82190008510756,61,14.0,17.3,13.0,1.0,3.0,1.0,1.0,19.927740753452806,-19.927740753452806,19.927740753452806
1426269,2024-04-16,2024,1,Kolkata Knight Riders,Rajasthan Royals,SP Narine,109,56,13,6,194.64285714285714,Rajasthan Royals,6.0,100.0,12.505154639175258,120.36459598087059,97,33.4,17.9,12.333333333333334,1.0,0.0,2.6,2.8,23.709497569045,85.290502430955,85.290502430955
1426269,2024-04-16,2024,1,Kolkata Knight Riders,Rajasthan Royals,SS Iyer,11,7,1,1,157.14285714285714,Rajasthan Royals,38.0,100.0,27.443396226415093,109.80943454348554,106,25.8,24.0,35.5,6.0,0.0,2.2,0.8,26.78966795425367,-15.78966795425367,15.78966795425367
1426269,2024-04-16,2024,2,Rajasthan Royals,Kolkata Knight Riders,SV Samson,12,8,2,0,150.0,Kolkata Knight Riders,18.0,128.57142857142858,27.137254901960784,117.88667805793233,153,36.4,38.4,27.210526315789473,1.0,1.0,4.4,1.0,24.875465401551256,-12.875465401551256,12.875465401551256
1426269,2024-04-16,2024,2,Rajasthan Royals,Kolkata Knight Riders,TA Boult,0,1,0,0,0.0,Kolkata Knight Riders,1.0,50.0,3.8333333333333335,87.0179974346641,18,5.4,5.5,0.0,0.0,0.0,0.2,0.4,5.894124241010139,-5.894124241010139,5.894124241010139
1426269,2024-04-16,2024,1,Kolkata Knight Riders,Rajasthan Royals,VR Iyer,8,6,1,0,133.33333333333331,Rajasthan Royals,3.0,37.5,25.525,117.59286254228225,40,17.8,18.4,33.666666666666664,0.0,0.0,1.6,1.0,27.578701961134698,-19.578701961134698,19.578701961134698
1426269,2024-04-16,2024,2,Rajasthan Royals,Kolkata Knight Riders,YBK Jaiswal,19,9,3,1,211.11111111111111,Kolkata Knight Riders,39.0,139.28571428571428,29.627906976744185,122.62216467326353,43,15.6,28.5,40.0,4.0,0.0,2.4,0.0,29.138283235251432,-10.138283235251432,10.138283235251432
1426270,2024-04-17,2024,1,Gujarat Titans,Delhi Capitals,A Manohar,8,14,1,0,57.14285714285714,Delhi Capitals,1.0,50.0,15.928571428571429,112.3336187621902,14,14.8,12.9,13.5,0.0,0.0,0.6,0.8,13.506888017545805,-5.506888017545805,5.506888017545805
1426270,2024-04-17,2024,2,Delhi Capitals,Gujarat Titans,Abishek Porel,15,7,2,1,214.28571428571428,Gujarat Titans,41.0,132.25806451612902,13.777777777777779,119.74303971615801,9,18.2,13.777777777777779,20.0,5.0,0.0,2.0,0.4,18.262706702276116,-3.262706702276116,3.262706702276116
1426270,2024-04-17,2024,1,Gujarat Titans,Delhi Capitals,B Sai Sudharsan,12,8,2,0,150.0,Delhi Capitals,35.0,120.6896551724138,38.578947368421055,133.5994178681126,19,36.2,43.2,62.0,3.0,1.0,4.0,0.4,29.644483654320332,-17.644483654320332,17.644483654320332
1426270,2024-04-17,2024,1,Gujarat Titans,Delhi Capitals,DA Miller,2,6,0,0,33.33333333333333,Delhi Capitals,44.0,162.96296296296296,23.652542372881356,124.77043373692479,118,17.4,18.8,24.285714285714285,4.0,2.0,1.8,0.4,26.476117413909538,-24.476117413909538,24.476117413909538
1426270,2024-04-17,2024,2,Delhi Capitals,Gujarat Titans,J Fraser-McGurk,20,10,2,2,200.0,Gujarat Titans,55.0,157.14285714285714,55.0,157.14285714285714,1,55.0,55.0,0.0,2.0,5.0,2.0,5.0,21.687917515846156,-1.6879175158461557,1.6879175158461557
1426270,2024-04-17,2024,1,Gujarat Titans,Delhi Capitals,M Shahrukh Khan,0,1,0,0,0.0,Delhi Capitals,14.0,175.0,14.193548387096774,139.80203582134115,31,16.8,14.4,7.8,1.0,1.0,1.6,1.0,12.626089392210577,-12.626089392210577,12.626089392210577
1426270,2024-04-17,2024,1,Gujarat Titans,Delhi Capitals,MM Sharma,2,14,0,0,14.285714285714285,Delhi Capitals,0.0,0.0,4.6923076923076925,87.12912087912088,26,1.8,2.8,0.0,0.0,0.0,0.2,0.0,6.287907321171443,-4.287907321171443,4.287907321171443
1426270,2024-04-17,2024,1,Gujarat Titans,Delhi Capitals,Noor Ahmad,1,7,0,0,14.285714285714285,Delhi Capitals,4.0,200.0,3.0,93.33333333333333,4,3.0,3.0,0.0,1.0,0.0,0.5,0.0,7.667864835434696,-6.667864835434696,6.667864835434696
1426270,2024-04-17,2024,2,Delhi Capitals,Gujarat Titans,PP Shaw,7,6,1,0,116.66666666666667,Gujarat Titans,32.0,145.45454545454547,24.6,122.62382387562697,75,31.2,23.8,8.5,6.0,0.0,4.2,1.0,26.007677374905224,-19.007677374905224,19.007677374905224
1426270,2024-04-17,2024,1,Gujarat Titans,Delhi Capitals,R Tewatia,10,14,1,0,71.42857142857143,Delhi Capitals,22.0,200.0,15.21311475409836,131.42623961271082,61,20.6,14.7,19.0,3.0,0.0,2.2,0.8,16.821531413836333,-6.8215314138363325,6.8215314138363325
1426270,2024-04-17,2024,2,Delhi Capitals,Gujarat Titans,RR Pant,16,11,1,1,145.45454545454547,Gujarat Titans,41.0,170.83333333333331,28.72641509433962,134.00416002112547,106,35.2,27.4,43.0,4.0,2.0,2.8,2.2,24.777726397229706,-8.777726397229706,8.777726397229706
1426270,2024-04-17,2024,1,Gujarat Titans,Delhi Capitals,Rashid Khan,31,24,2,1,129.16666666666669,Delhi Capitals,24.0,240.0,8.74074074074074,119.25297824603379,54,5.8,14.6,5.142857142857143,4.0,0.0,0.8,0.0,12.231554266311207,18.768445733688793,18.768445733688793
1426270,2024-04-17,2024,2,Delhi Capitals,Gujarat Titans,SD Hope,19,10,1,2,190.0,Gujarat Titans,11.0,110.00000000000001,22.0,121.0,2,22.0,22.0,0.0,1.0,0.0,1.5,1.0,18.59677556277587,0.4032244372241287,0.4032244372241287
1426270,2024-04-17,2024,1,Gujarat Titans,Delhi Capitals,SH Johnson,1,1,0,0,100.0,Delhi Capitals,0.0,0.0,2.5,50.0,2,2.5,2.5,0.0,0.0,0.0,0.5,0.0,11.35433250027449,-10.35433250027449,10.35433250027449
1426270,2024-04-17,2024,1,Gujarat Titans,Delhi Capitals,Shubman Gill,8,6,2,0,133.33333333333331,Delhi Capitals,72.0,163.63636363636365,32.74193548387097,122.23772486495062,93,44.8,56.9,32.9,6.0,2.0,3.2,1.6,30.911037570288723,-22.911037570288723,22.911037570288723
1426270,2024-04-17,2024,2,Delhi Capitals,Gujarat Titans,Sumit Kumar,9,9,2,0,100.0,Gujarat Titans,7.0,116.66666666666667,4.5,69.44444444444444,2,4.5,4.5,0.0,0.0,1.0,0.0,0.5,9.552720197714105,-0.5527201977141054,0.5527201977141054
1426270,2024-04-17,2024,1,Gujarat Titans,Delhi Capitals,WP Saha,2,10,0,0,20.0,Delhi Capitals,11.0,84.61538461538461,20.82608695652174,116.59026222078688,138,26.0,17.4,25.4,2.0,0.0,3.2,0.6,22.21888841743151,-20.21888841743151,20.21888841743151
1426271,2024-04-18,2024,2,Punjab Kings,Mumbai Indians,Ashutosh Sharma,61,26,2,7,234.6153846153846,Mumbai Indians,31.0,206.66666666666669,31.666666666666668,203.00653594771242,3,31.666666666666668,31.666666666666668,0.0,1.0,3.0,2.3333333333333335,2.0,22.48044411376329,38.51955588623671,38.51955588623671
1426271,2024-04-18,2024,1,Mumbai Indians,Punjab Kings,HH Pandya,10,6,0,1,166.66666666666669,Punjab Kings,2.0,33.33333333333333,19.75,143.09877107719603,124,24.0,19.6,15.4,0.0,0.0,2.0,1.0,23.11822754680745,-13.11822754680745,13.11822754680745
1426271,2024-04-18,2024,2,Punjab Kings,Mumbai Indians,HV Patel,1,4,0,0,25.0,Mumbai Indians,6.0,150.0,7.151515151515151,111.24772138141121,33,5.2,5.7,5.0,0.0,1.0,0.4,0.4,6.552903805458978,-5.552903805458978,5.552903805458978
1426271,2024-04-18,2024,2,Punjab Kings,Mumbai Indians,Harpreet Brar,21,20,2,1,105.0,Mumbai Indians,3.0,100.0,7.904761904761905,114.00363654233624,21,1.6,5.1,9.5,0.0,0.0,0.0,0.0,6.474737236318812,14.525262763681187,14.525262763681187
1426271,2024-04-18,2024,2,Punjab Kings,Mumbai Indians,Harpreet Singh,13,15,2,0,86.66666666666667,Mumbai Indians,41.0,151.85185185185185,16.0,110.78622482131254,6,19.0,16.0,41.0,4.0,2.0,1.6,0.6,19.97784121999301,-6.97784121999301,6.97784121999301
1426271,2024-04-18,2024,1,Mumbai Indians,Punjab Kings,Ishan Kishan,8,8,1,0,100.0,Punjab Kings,23.0,153.33333333333334,27.560439560439562,118.77924649938616,91,36.8,30.3,21.25,3.0,1.0,3.6,2.6,25.620520887348313,-17.620520887348313,17.620520887348313
1426271,2024-04-18,2024,2,Punjab Kings,Mumbai Indians,JM Sharma,9,9,1,0,100.0,Mumbai Indians,29.0,120.83333333333333,21.633333333333333,152.51444215457428,30,19.4,17.6,34.666666666666664,1.0,2.0,0.8,1.4,18.880779539649513,-9.880779539649513,9.880779539649513
1426271,2024-04-18,2024,2,Punjab Kings,Mumbai Indians,K Rabada,8,3,0,1,266.66666666666663,Mumbai Indians,0.0,0.0,7.44,100.22234432234433,25,1.6,5.2,16.0,0.0,0.0,0.0,0.2,6.004951508205863,1.9950484917941367,1.9950484917941367
1426271,2024-04-18,2024,2,Punjab Kings,Mumbai Indians,LS Livingstone,1,2,0,0,50.0,Mumbai Indians,21.0,150.0,25.88888888888889,141.48588130134735,36,22.6,34.8,23.75,2.0,1.0,1.6,1.4,26.92322624167318,-25.92322624167318,25.92322624167318
1426271,2024-04-18,2024,1,Mumbai Indians,Punjab Kings,Mohammad Nabi,0,1,0,0,0.0,Punjab Kings,4.0,57.14285714285714,11.875,158.59194624819625,16,9.8,13.0,0.0,0.0,0.0,1.0,0.4,12.064475427098719,-12.064475427098719,12.064475427098719
1426271,2024-04-18,2024,2,Punjab Kings,Mumbai Indians,P Simran Singh,0,1,0,0,0.0,Mumbai Indians,10.0,71.42857142857143,20.807692307692307,119.9175134225146,26,18.6,25.8,17.5,1.0,0.0,2.0,1.0,21.08996676356404,-21.08996676356404,21.08996676356404
1426271,2024-04-18,2024,1,Mumbai Indians,Punjab Kings,R Shepherd,1,2,0,0,50.0,Punjab Kings,1.0,50.0,16.142857142857142,158.43537414965985,7,16.2,16.142857142857142,26.0,0.0,0.0,1.4,1.4,11.371731801492691,-10.371731801492691,10.371731801492691
1426271,2024-04-18,2024,1,Mumbai Indians,Punjab Kings,RG Sharma,36,25,2,3,144.0,Punjab Kings,105.0,166.66666666666669,26.5327868852459,112.49804379179061,244,43.6,37.3,28.6,11.0,5.0,4.2,2.8,30.10070363713891,5.89929636286109,5.89929636286109
1426271,2024-04-18,2024,2,Punjab Kings,Mumbai Indians,RR Rossouw,1,3,0,0,33.33333333333333,Mumbai Indians,0.0,0.0,18.714285714285715,99.6954696488858,14,31.4,22.3,12.0,0.0,0.0,2.0,2.0,19.878290020976266,-18.878290020976266,18.878290020976266
1426271,2024-04-18,2024,1,Mumbai Indians,Punjab Kings,SA Yadav,78,53,7,3,147.16981132075472,Punjab Kings,0.0,0.0,25.7890625,133.6727143662171,128,29.2,39.0,39.8,0.0,0.0,2.8,1.6,31.432627176050257,46.56737282394974,46.56737282394974
1426271,2024-04-18,2024,2,Punjab Kings,Mumbai Indians,SM Curran,6,7,1,0,85.71428571428571,Mumbai Indians,6.0,60.0,17.595238095238095,128.3509791207374,42,12.6,21.0,33.25,0.0,0.0,1.0,0.4,19.968028396577783,-13.968028396577783,13.968028396577783
1426271,2024-04-18,2024,2,Punjab Kings,Mumbai Indians,Shashank Singh,41,25,2,3,164.0,Mumbai Indians,9.0,100.0,19.545454545454547,159.67709110812558,11,29.2,19.0,0.0,1.0,0.0,3.0,1.4,22.308097506633878,18.691902493366122,18.691902493366122
1426271,2024-04-18,2024,1,Mumbai Indians,Punjab Kings,TH David,14,7,2,1,200.0,Punjab Kings,13.0,260.0,18.82758620689655,150.13684591270797,29,25.6,18.0,22.0,0.0,2.0,1.2,1.8,20.511172455501413,-6.511172455501413,6.511172455501413
1426271,2024-04-18,2024,1,Mumbai Indians,Punjab Kings,Tilak Varma,34,18,2,2,188.88888888888889,Punjab Kings,31.0,155.0,29.483870967741936,139.7032664037914,31,29.8,29.8,21.666666666666668,5.0,0.0,2.2,1.6,25.432242411867936,8.567757588132064,8.567757588132064
1426272,2024-04-19,2024,1,Chennai Super Kings,Lucknow Super Giants,AM Rahane,36,24,5,1,150.0,Lucknow Super Giants,5.0,62.5,27.585365853658537,105.53737057149786,164,24.8,22.6,0.0,1.0,0.0,1.8,1.0,29.23642529879586,6.7635747012041385,6.7635747012041385
1426272,2024-04-19,2024,2,Lucknow Super Giants,Chennai Super Kings,KL Rahul,82,53,9,3,154.7169811320755,Chennai Super Kings,39.0,150.0,37.69827586206897,121.85712697061818,116,29.2,32.3,37.916666666666664,3.0,2.0,2.4,1.2,42.39201200121275,39.60798799878725,39.60798799878725
1426272,2024-04-19,2024,1,Chennai Super Kings,Lucknow Super Giants,MM Ali,30,20,0,3,150.0,Lucknow Super Giants,9.0,300.0,19.884615384615383,119.6514591389283,52,10.0,12.4,27.0,0.0,1.0,0.8,0.6,18.950373034089854,11.049626965910146,11.049626965910146
1426272,2024-04-19,2024,2,Lucknow Super Giants,Chennai Super Kings,MP Stoinis,8,7,1,0,114.28571428571428,Chennai Super Kings,10.0,200.0,20.0,119.39542182240532,80,23.8,29.1,14.0,2.0,0.0,1.6,1.2,21.250427131416505,-13.250427131416505,13.250427131416505
1426272,2024-04-19,2024,1,Chennai Super Kings,Lucknow Super Giants,MS Dhoni,28,9,3,2,311.11111111111114,Lucknow Super Giants,20.0,500.0,23.262443438914026,130.23529835916105,221,11.8,8.9,14.0,0.0,3.0,0.8,1.2,21.260505568677004,6.739494431322996,6.739494431322996
1426272,2024-04-19,2024,2,Lucknow Super Giants,Chennai Super Kings,N Pooran,23,11,3,1,209.0909090909091,Chennai Super Kings,45.0,140.625,22.62121212121212,134.65826116754647,66,31.8,33.3,24.0,2.0,4.0,1.2,3.0,20.211941751645572,2.788058248354428,2.788058248354428
1426272,2024-04-19,2024,2,Lucknow Super Giants,Chennai Super Kings,Q de Kock,54,43,5,1,125.5813953488372,Chennai Super Kings,10.0,125.0,29.941747572815533,117.38457897818424,103,34.0,31.7,25.76923076923077,2.0,0.0,3.8,1.6,29.557964475126038,24.442035524873962,24.442035524873962
1426272,2024-04-19,2024,1,Chennai Super Kings,Lucknow Super Giants,R Ravindra,0,1,0,0,0.0,Lucknow Super Giants,21.0,131.25,22.166666666666668,157.56944444444443,6,19.2,22.166666666666668,0.0,2.0,1.0,2.6,0.8,17.817588564823588,-17.817588564823588,17.817588564823588
1426272,2024-04-19,2024,1,Chennai Super Kings,Lucknow Super Giants,RA Jadeja,57,40,5,1,142.5,Lucknow Super Giants,31.0,134.7826086956522,16.046242774566473,132.6191441444974,173,19.8,19.4,10.0,4.0,0.0,1.6,0.4,19.616249362608535,37.383750637391465,37.383750637391465
1426272,2024-04-19,2024,1,Chennai Super Kings,Lucknow Super Giants,RD Gaikwad,17,13,1,0,130.76923076923077,Lucknow Super Giants,69.0,172.5,35.45614035087719,111.86095187595916,57,41.8,40.6,29.0,5.0,5.0,4.4,1.4,30.436220731849225,-13.436220731849225,13.436220731849225
1426272,2024-04-19,2024,1,Chennai Super Kings,Lucknow Super Giants,S Dube,3,8,0,0,37.5,Lucknow Super Giants,66.0,173.6842105263158,25.433962264150942,129.0394779460666,53,41.6,34.5,38.0,10.0,2.0,3.2,2.8,26.754557514267603,-23.754557514267603,23.754557514267603
1426272,2024-04-19,2024,1,Chennai Super Kings,Lucknow Super Giants,Sameer Rizvi,1,5,0,0,20.0,Lucknow Super Giants,0.0,0.0,7.0,116.66666666666667,2,7.0,7.0,0.0,0.0,0.0,0.0,1.0,11.667879235430023,-10.667879235430023,10.667879235430023
1426273,2024-04-20,2024,2,Delhi Capitals,Sunrisers Hyderabad,A Nortje,0,2,0,0,0.0,Sunrisers Hyderabad,4.0,66.66666666666666,4.083333333333333,103.96825396825398,12,6.4,4.3,2.0,0.0,0.0,0.8,0.0,7.346765115643367,-7.346765115643367,7.346765115643367
1426273,2024-04-20,2024,1,Sunrisers Hyderabad,Delhi Capitals,AK Markram,1,3,0,0,33.33333333333333,Delhi Capitals,32.0,200.0,25.243243243243242,122.45747388963812,37,28.2,22.8,17.666666666666668,2.0,2.0,1.6,0.8,24.932480100929084,-23.932480100929084,23.932480100929084
1426273,2024-04-20,2024,2,Delhi Capitals,Sunrisers Hyderabad,AR Patel,6,8,0,0,75.0,Sunrisers Hyderabad,8.0,114.28571428571428,13.99047619047619,125.84187294821263,105,10.2,12.3,16.416666666666668,1.0,0.0,0.8,0.2,11.802211527063449,-5.802211527063449,5.802211527063449
1426273,2024-04-20,2024,1,Sunrisers Hyderabad,Delhi Capitals,Abdul Samad,13,8,1,1,162.5,Delhi Capitals,37.0,370.0,15.71875,138.74714178498868,32,22.0,22.2,25.25,4.0,3.0,2.8,1.0,17.01585661764347,-4.015856617643468,4.015856617643468
1426273,2024-04-20,2024,1,Sunrisers Hyderabad,Delhi Capitals,Abhishek Sharma,46,12,2,6,383.33333333333337,Delhi Capitals,34.0,154.54545454545453,21.647058823529413,128.104985107896,51,35.8,28.9,14.5,2.0,2.0,2.4,3.2,18.094170040016902,27.905829959983098,27.905829959983098
1426273,2024-04-20,2024,2,Delhi Capitals,Sunrisers Hyderabad,Abishek Porel,42,22,7,1,190.9090909090909,Sunrisers Hyderabad,15.0,214.28571428571428,13.9,129.19730717311364,10,14.8,13.9,0.0,2.0,1.0,1.6,0.2,13.567766210312033,28.432233789687967,28.432233789687967
1426273,2024-04-20,2024,2,Delhi Capitals,Sunrisers Hyderabad,DA Warner,1,3,0,0,33.33333333333333,Sunrisers Hyderabad,8.0,88.88888888888889,35.486486486486484,121.13097252422901,185,27.4,35.2,24.2,1.0,0.0,2.8,1.6,37.19524610668635,-36.19524610668635,36.19524610668635
1426273,2024-04-20,2024,1,Sunrisers Hyderabad,Delhi Capitals,H Klaasen,15,8,0,2,187.5,Delhi Capitals,67.0,216.1290322580645,33.34782608695652,157.6840236266803,23,38.0,48.6,29.0,2.0,7.0,1.8,3.2,20.615698894008933,-5.615698894008933,5.615698894008933
1426273,2024-04-20,2024,2,Delhi Capitals,Sunrisers Hyderabad,J Fraser-McGurk,65,18,5,7,361.11111111111114,Sunrisers Hyderabad,20.0,200.0,37.5,178.57142857142856,2,37.5,37.5,0.0,2.0,2.0,2.0,3.5,20.725280001773125,44.27471999822687,44.27471999822687
1426273,2024-04-20,2024,2,Delhi Capitals,Sunrisers Hyderabad,Kuldeep Yadav,0,1,0,0,0.0,Sunrisers Hyderabad,1.0,50.0,4.892857142857143,70.03274994208209,28,2.2,2.6,2.0,0.0,0.0,0.0,0.0,5.700479084095358,-5.700479084095358,5.700479084095358
1426273,2024-04-20,2024,2,Delhi Capitals,Sunrisers Hyderabad,Lalit Yadav,7,8,1,0,87.5,Sunrisers Hyderabad,3.0,75.0,14.9,95.88140682734505,20,5.8,11.8,0.0,0.0,0.0,0.6,0.0,12.195142047939886,-5.1951420479398855,5.1951420479398855
1426273,2024-04-20,2024,2,Delhi Capitals,Sunrisers Hyderabad,Mukesh Kumar,0,2,0,0,0.0,Sunrisers Hyderabad,6.0,85.71428571428571,2.3333333333333335,61.904761904761905,3,2.3333333333333335,2.3333333333333335,0.0,0.0,0.0,0.0,0.0,4.889226531000369,-4.889226531000369,4.889226531000369
1426273,2024-04-20,2024,1,Sunrisers Hyderabad,Delhi Capitals,Nithish Kumar Reddy,37,27,2,2,137.03703703703704,Delhi Capitals,64.0,172.97297297297297,39.0,173.98648648648648,2,39.0,39.0,0.0,4.0,5.0,2.5,3.0,20.06922306746288,16.93077693253712,16.93077693253712
1426273,2024-04-20,2024,1,Sunrisers Hyderabad,Delhi Capitals,PJ Cummins,1,1,0,0,100.0,Delhi Capitals,3.0,75.0,12.0,121.77664298528269,32,1.0,8.9,6.666666666666667,0.0,0.0,0.0,0.0,13.549060296347678,-12.549060296347678,12.549060296347678
1426273,2024-04-20,2024,2,Delhi Capitals,Sunrisers Hyderabad,PP Shaw,16,5,4,0,320.0,Sunrisers Hyderabad,7.0,116.66666666666667,24.36842105263158,122.54544022814063,76,31.6,24.5,26.375,1.0,0.0,4.2,1.0,25.247401673121235,-9.247401673121235,9.247401673121235
1426273,2024-04-20,2024,2,Delhi Capitals,Sunrisers Hyderabad,RR Pant,44,35,5,1,125.71428571428571,Sunrisers Hyderabad,16.0,145.45454545454547,28.60747663551402,134.11117296910137,107,32.8,26.9,31.0625,1.0,1.0,2.6,2.2,26.816381844953966,17.183618155046034,17.183618155046034
1426273,2024-04-20,2024,1,Sunrisers Hyderabad,Delhi Capitals,Shahbaz Ahmed,59,29,2,5,203.44827586206895,Delhi Capitals,14.0,200.0,13.482758620689655,115.89742515332352,29,14.4,11.2,17.666666666666668,1.0,1.0,0.6,1.0,13.698820007470264,45.30117999252974,45.30117999252974
1426273,2024-04-20,2024,2,Delhi Capitals,Sunrisers Hyderabad,T Stubbs,10,11,0,0,90.9090909090909,Sunrisers Hyderabad,15.0,166.66666666666669,21.6,113.5735991451279,10,36.8,21.6,2.0,0.0,1.0,1.8,3.0,18.84739007089426,-8.84739007089426,8.84739007089426
1426273,2024-04-20,2024,1,Sunrisers Hyderabad,Delhi Capitals,TM Head,89,32,11,6,278.125,Delhi Capitals,102.0,248.78048780487805,29.333333333333332,133.4494934518287,15,47.0,32.6,0.0,9.0,8.0,5.6,2.4,25.89892054741283,63.10107945258717,63.10107945258717
1426274,2024-04-21,2024,1,Kolkata Knight Riders,Royal Challengers Bengaluru,A Raghuvanshi,3,4,0,0,75.0,Royal Challengers Bengaluru,30.0,166.66666666666669,28.75,154.16666666666669,4,28.75,28.75,0.0,5.0,0.0,3.25,1.25,16.453354005898856,-13.453354005898856,13.453354005898856
1426274,2024-04-21,2024,1,Kolkata Knight Riders,Royal Challengers Bengaluru,AD Russell,27,18,4,0,150.0,Royal Challengers Bengaluru,13.0,130.0,23.94,149.6560941836895,100,27.0,24.7,0.0,2.0,0.0,2.2,2.2,27.051578139461185,-0.051578139461184946,0.051578139461184946
1426274,2024-04-21,2024,2,Royal Challengers Bengaluru,Kolkata Knight Riders,C Green,6,4,0,1,150.0,Kolkata Knight Riders,5.0,83.33333333333334,24.761904761904763,130.65120733816616,21,13.6,24.6,17.0,0.0,0.0,1.2,0.4,21.72210648067997,-15.722106480679969,15.722106480679969
1426274,2024-04-21,2024,2,Royal Challengers Bengaluru,Kolkata Knight Riders,F du Plessis,7,7,1,0,100.0,Kolkata Knight Riders,62.0,221.42857142857144,33.57692307692308,120.15789072775554,130,38.8,38.6,28.235294117647058,7.0,4.0,3.2,2.0,26.149135438808038,-19.149135438808038,19.149135438808038
1426274,2024-04-21,2024,2,Royal Challengers Bengaluru,Kolkata Knight Riders,KD Karthik,25,18,3,1,138.88888888888889,Kolkata Knight Riders,83.0,237.14285714285714,20.80263157894737,120.09350244039743,228,37.6,26.7,23.166666666666668,5.0,7.0,2.6,3.2,19.860789342665203,5.139210657334797,5.139210657334797
1426274,2024-04-21,2024,2,Royal Challengers Bengaluru,Kolkata Knight Riders,KV Sharma,20,7,0,3,285.7142857142857,Kolkata Knight Riders,2.0,100.0,8.88888888888889,110.35988566625821,36,5.4,6.2,8.142857142857142,0.0,0.0,0.6,0.2,6.56372383647794,13.43627616352206,13.43627616352206
1426274,2024-04-21,2024,2,Royal Challengers Bengaluru,Kolkata Knight Riders,LH Ferguson,1,1,0,0,100.0,Kolkata Knight Riders,5.0,166.66666666666669,11.166666666666666,125.00534188034187,6,13.2,11.166666666666666,0.0,1.0,0.0,1.2,0.4,13.370744212935351,-12.370744212935351,12.370744212935351
1426274,2024-04-21,2024,2,Royal Challengers Bengaluru,Kolkata Knight Riders,MK Lomror,4,3,1,0,133.33333333333331,Kolkata Knight Riders,19.0,172.72727272727272,16.24137931034483,123.62552026012891,29,14.0,16.3,34.0,0.0,2.0,1.0,1.2,14.570524933308306,-10.570524933308306,10.570524933308306
1426274,2024-04-21,2024,1,Kolkata Knight Riders,Royal Challengers Bengaluru,PD Salt,48,14,7,3,342.85714285714283,Royal Challengers Bengaluru,10.0,76.92307692307693,27.933333333333334,117.10375898611193,15,29.4,26.8,30.0,1.0,0.0,4.2,1.0,23.827627949610307,24.172372050389693,24.172372050389693
1426274,2024-04-21,2024,1,Kolkata Knight Riders,Royal Challengers Bengaluru,RK Singh,24,16,2,1,150.0,Royal Challengers Bengaluru,20.0,222.22222222222223,23.764705882352942,139.22545755507198,34,16.6,28.7,5.0,1.0,2.0,1.0,1.0,24.756535493835532,-0.756535493835532,0.756535493835532
1426274,2024-04-21,2024,2,Royal Challengers Bengaluru,Kolkata Knight Riders,RM Patidar,52,23,3,5,226.08695652173913,Kolkata Knight Riders,9.0,180.0,30.176470588235293,122.45215651416365,17,21.8,35.3,2.0,0.0,1.0,1.2,1.6,26.40955516126181,25.59044483873819,25.59044483873819
1426274,2024-04-21,2024,1,Kolkata Knight Riders,Royal Challengers Bengaluru,Ramandeep Singh,24,9,2,2,266.66666666666663,Royal Challengers Bengaluru,1.0,100.0,12.0,143.17708333333334,8,12.8,12.0,0.0,0.0,0.0,0.6,1.0,10.603064337342595,13.396935662657405,13.396935662657405
1426274,2024-04-21,2024,1,Kolkata Knight Riders,Royal Challengers Bengaluru,SP Narine,10,15,2,0,66.66666666666666,Royal Challengers Bengaluru,109.0,194.64285714285714,13.489795918367347,121.12253742129904,98,54.8,28.4,47.0,13.0,6.0,5.2,4.0,31.088338872380803,-21.088338872380803,21.088338872380803
1426274,2024-04-21,2024,1,Kolkata Knight Riders,Royal Challengers Bengaluru,SS Iyer,50,36,7,1,138.88888888888889,Royal Challengers Bengaluru,11.0,157.14285714285714,27.289719626168225,110.25180297899368,107,28.0,21.7,39.0,1.0,1.0,2.4,1.0,28.120879069277155,21.879120930722845,21.879120930722845
1426274,2024-04-21,2024,2,Royal Challengers Bengaluru,Kolkata Knight Riders,SS Prabhudessai,24,18,3,0,133.33333333333331,Kolkata Knight Riders,6.0,85.71428571428571,11.333333333333334,100.77922077922078,9,7.4,11.333333333333334,10.0,0.0,0.0,0.2,0.4,11.486416481367987,12.513583518632013,12.513583518632013
1426274,2024-04-21,2024,2,Royal Challengers Bengaluru,Kolkata Knight Riders,V Kohli,18,7,1,2,257.14285714285717,Kolkata Knight Riders,42.0,210.0,32.075630252100844,117.07942146207017,238,52.6,58.0,31.466666666666665,6.0,2.0,4.8,2.2,30.944171776536873,-12.944171776536873,12.944171776536873
1426274,2024-04-21,2024,1,Kolkata Knight Riders,Royal Challengers Bengaluru,VR Iyer,16,8,3,0,200.0,Royal Challengers Bengaluru,8.0,133.33333333333331,25.097560975609756,117.9767764640152,41,14.6,18.1,50.0,1.0,0.0,1.2,0.8,27.654917869369942,-11.654917869369942,11.654917869369942
1426274,2024-04-21,2024,2,Royal Challengers Bengaluru,Kolkata Knight Riders,WG Jacks,55,32,4,5,171.875,Kolkata Knight Riders,7.0,175.0,7.5,154.16666666666666,2,7.5,7.5,0.0,1.0,0.0,1.5,0.0,12.773011587425929,42.22698841257407,42.22698841257407
1426275,2024-04-21,2024,1,Punjab Kings,Gujarat Titans,Ashutosh Sharma,3,8,0,0,37.5,Gujarat Titans,61.0,234.6153846153846,39.0,210.90874811463047,4,39.0,39.0,31.0,2.0,7.0,2.25,3.25,18.497271558819225,-15.497271558819225,15.497271558819225
1426275,2024-04-21,2024,2,Gujarat Titans,Punjab Kings,Azmatullah Omarzai,13,10,0,1,130.0,Punjab Kings,11.0,110.00000000000001,14.0,132.27272727272728,2,14.0,14.0,0.0,1.0,0.0,1.0,0.5,11.713737212478298,1.2862627875217019,1.2862627875217019
1426275,2024-04-21,2024,2,Gujarat Titans,Punjab Kings,B Sai Sudharsan,31,34,3,0,91.17647058823529,Punjab Kings,12.0,150.0,37.25,134.41944697470694,20,31.2,42.4,38.0,2.0,0.0,3.8,0.4,31.707759031803466,-0.7077590318034659,0.7077590318034659
1426275,2024-04-21,2024,2,Gujarat Titans,Punjab Kings,DA Miller,4,6,0,0,66.66666666666666,Punjab Kings,2.0,33.33333333333333,23.470588235294116,124.0020547419366,119,16.6,15.8,11.333333333333334,0.0,0.0,1.6,0.4,25.07703098345007,-21.07703098345007,21.07703098345007
1426275,2024-04-21,2024,1,Punjab Kings,Gujarat Titans,HV Patel,0,1,0,0,0.0,Gujarat Titans,1.0,25.0,6.970588235294118,108.71102369372265,34,3.8,5.0,0.0,0.0,0.0,0.4,0.2,7.5152445381794735,-7.5152445381794735,7.5152445381794735
1426275,2024-04-21,2024,1,Punjab Kings,Gujarat Titans,Harpreet Brar,29,12,4,1,241.66666666666666,Gujarat Titans,21.0,105.0,8.5,113.5943803358664,22,5.8,6.6,4.5,2.0,1.0,0.4,0.2,8.387671797742863,20.61232820225714,20.61232820225714
1426275,2024-04-21,2024,1,Punjab Kings,Gujarat Titans,Harpreet Singh,14,19,0,0,73.68421052631578,Gujarat Titans,13.0,86.66666666666667,15.571428571428571,107.34057365636313,7,19.0,15.571428571428571,0.0,2.0,0.0,2.0,0.6,19.492061106286002,-5.492061106286002,5.492061106286002
1426275,2024-04-21,2024,1,Punjab Kings,Gujarat Titans,JM Sharma,13,12,0,1,108.33333333333333,Gujarat Titans,9.0,100.0,21.225806451612904,150.8204278915235,31,15.8,16.4,21.333333333333332,1.0,0.0,0.8,1.0,19.079222165144056,-6.079222165144056,6.079222165144056
1426275,2024-04-21,2024,1,Punjab Kings,Gujarat Titans,K Rabada,1,1,0,0,100.0,Gujarat Titans,8.0,266.66666666666663,7.461538461538462,106.62404902789518,26,2.8,5.6,1.0,0.0,1.0,0.0,0.4,7.961711732507434,-6.961711732507434,6.961711732507434
1426275,2024-04-21,2024,1,Punjab Kings,Gujarat Titans,LS Livingstone,6,9,1,0,66.66666666666666,Gujarat Titans,1.0,50.0,25.216216216216218,139.01328991482444,37,21.0,30.9,47.0,0.0,0.0,1.4,1.4,24.581442503956655,-18.581442503956655,18.581442503956655
1426275,2024-04-21,2024,2,Gujarat Titans,Punjab Kings,M Shahrukh Khan,8,4,0,1,200.0,Punjab Kings,0.0,0.0,13.75,135.43322220192425,32,12.6,12.2,0.0,0.0,0.0,1.0,0.8,12.31071569164327,-4.310715691643271,4.310715691643271
1426275,2024-04-21,2024,1,Punjab Kings,Gujarat Titans,P Simran Singh,35,20,3,3,175.0,Gujarat Titans,0.0,0.0,20.037037037037038,115.47612403649555,27,13.6,24.6,17.5,0.0,0.0,1.6,0.6,20.645063163481414,14.354936836518586,14.354936836518586
1426275,2024-04-21,2024,2,Gujarat Titans,Punjab Kings,R Tewatia,36,18,7,0,200.0,Punjab Kings,10.0,71.42857142857143,15.129032258064516,130.4585352871602,62,18.2,13.7,9.333333333333334,1.0,0.0,2.0,0.6,13.604933117801647,22.395066882198353,22.395066882198353
1426275,2024-04-21,2024,1,Punjab Kings,Gujarat Titans,RR Rossouw,9,7,2,0,128.57142857142858,Gujarat Titans,1.0,33.33333333333333,17.533333333333335,95.27132722784897,15,24.6,21.0,4.0,0.0,0.0,1.8,1.4,21.58213773579392,-12.582137735793921,12.582137735793921
1426275,2024-04-21,2024,2,Gujarat Titans,Punjab Kings,Rashid Khan,3,3,0,0,100.0,Punjab Kings,31.0,129.16666666666669,9.145454545454545,119.43322712640895,55,12.0,17.4,1.5,2.0,1.0,1.2,0.2,10.582858784257033,-7.5828587842570325,7.5828587842570325
1426275,2024-04-21,2024,1,Punjab Kings,Gujarat Titans,SM Curran,20,19,2,0,105.26315789473684,Gujarat Titans,6.0,85.71428571428571,17.325581395348838,127.35942811128504,43,9.2,21.2,13.5,1.0,0.0,0.6,0.4,18.759122593049568,1.2408774069504318,1.2408774069504318
1426275,2024-04-21,2024,1,Punjab Kings,Gujarat Titans,Shashank Singh,8,12,0,0,66.66666666666666,Gujarat Titans,41.0,164.0,21.333333333333332,160.0373335157818,12,33.2,21.6,43.0,2.0,3.0,3.2,1.6,23.154569610361392,-15.154569610361392,15.154569610361392
1426275,2024-04-21,2024,2,Gujarat Titans,Punjab Kings,Shubman Gill,35,29,5,0,120.6896551724138,Punjab Kings,8.0,133.33333333333331,32.47872340425532,122.35576325291214,94,44.8,47.3,46.166666666666664,2.0,0.0,3.6,1.4,36.119291969238745,-1.1192919692387449,1.1192919692387449
1426275,2024-04-21,2024,2,Gujarat Titans,Punjab Kings,WP Saha,13,11,1,0,118.18181818181819,Punjab Kings,2.0,20.0,20.690647482014388,115.89536824797547,139,15.6,17.4,23.25,0.0,0.0,2.2,0.4,23.41617885401683,-10.416178854016831,10.416178854016831
1426276,2024-04-22,2024,1,Mumbai Indians,Rajasthan Royals,G Coetzee,0,1,0,0,0.0,Rajasthan Royals,4.0,44.44444444444444,2.5,38.888888888888886,2,2.5,2.5,4.0,0.0,0.0,0.0,0.0,6.161308380163896,-6.161308380163896,6.161308380163896
1426276,2024-04-22,2024,1,Mumbai Indians,Rajasthan Royals,HH Pandya,10,10,1,0,100.0,Rajasthan Royals,10.0,166.66666666666669,19.672,143.28731424191182,125,21.2,19.8,34.46153846153846,0.0,1.0,1.8,1.0,24.280091129996784,-14.280091129996784,14.280091129996784
1426276,2024-04-22,2024,1,Mumbai Indians,Rajasthan Royals,Ishan Kishan,0,3,0,0,0.0,Rajasthan Royals,8.0,100.0,27.347826086956523,118.57512425482763,92,31.6,28.0,28.6,1.0,0.0,3.4,1.8,26.162927498889637,-26.162927498889637,26.162927498889637
1426276,2024-04-22,2024,2,Rajasthan Royals,Mumbai Indians,JC Buttler,35,25,6,0,140.0,Mumbai Indians,107.0,181.35593220338984,34.05882352941177,128.46810518211808,102,47.8,34.5,55.333333333333336,9.0,6.0,4.0,2.0,35.65296756158044,-0.6529675615804393,0.6529675615804393
1426276,2024-04-22,2024,1,Mumbai Indians,Rajasthan Royals,JJ Bumrah,2,1,0,0,200.0,Rajasthan Royals,8.0,88.88888888888889,2.7083333333333335,67.54208754208754,24,1.8,2.1,4.0,1.0,0.0,0.2,0.0,2.5103890614473805,-0.5103890614473805,0.5103890614473805
1426276,2024-04-22,2024,1,Mumbai Indians,Rajasthan Royals,Mohammad Nabi,23,17,2,1,135.29411764705884,Rajasthan Royals,0.0,0.0,11.176470588235293,149.26300823359648,17,7.6,11.0,17.0,0.0,0.0,0.6,0.4,13.855335075222186,9.144664924777814,9.144664924777814
1426276,2024-04-22,2024,1,Mumbai Indians,Rajasthan Royals,N Wadhera,49,24,3,4,204.16666666666666,Rajasthan Royals,4.0,133.33333333333331,24.1,140.4366319954555,10,22.0,24.1,0.0,1.0,0.0,2.0,1.2,21.682170275317226,27.317829724682774,27.317829724682774
1426276,2024-04-22,2024,1,Mumbai Indians,Rajasthan Royals,PP Chawla,1,1,0,0,100.0,Rajasthan Royals,3.0,50.0,7.463414634146342,105.43879375153445,82,4.6,5.0,6.461538461538462,0.0,0.0,0.2,0.2,6.210956358290078,-5.210956358290078,5.210956358290078
1426276,2024-04-22,2024,1,Mumbai Indians,Rajasthan Royals,RG Sharma,6,5,1,0,120.0,Rajasthan Royals,36.0,144.0,26.571428571428573,112.62662320488535,245,45.6,37.2,20.037037037037038,2.0,3.0,4.4,2.8,24.49006659812642,-18.49006659812642,18.49006659812642
1426276,2024-04-22,2024,1,Mumbai Indians,Rajasthan Royals,SA Yadav,10,8,2,0,125.0,Rajasthan Royals,78.0,147.16981132075472,26.1937984496124,133.77734302477938,129,38.2,44.2,32.42857142857143,7.0,3.0,3.8,1.8,27.695062799717228,-17.695062799717228,17.695062799717228
1426276,2024-04-22,2024,2,Rajasthan Royals,Mumbai Indians,SV Samson,38,27,2,2,140.74074074074073,Mumbai Indians,12.0,150.0,27.038961038961038,118.0952061224912,154,35.8,33.0,25.59090909090909,2.0,0.0,4.2,1.0,24.70462384877266,13.295376151227341,13.295376151227341
1426276,2024-04-22,2024,1,Mumbai Indians,Rajasthan Royals,TH David,3,5,0,0,60.0,Rajasthan Royals,14.0,200.0,18.666666666666668,151.79895104895104,30,26.2,19.4,20.75,2.0,1.0,1.4,2.0,20.55383497292803,-17.55383497292803,17.55383497292803
1426276,2024-04-22,2024,1,Mumbai Indians,Rajasthan Royals,Tilak Varma,65,45,5,3,144.44444444444443,Rajasthan Royals,34.0,188.88888888888889,29.625,141.24031710645068,32,23.8,30.3,39.25,2.0,2.0,2.2,0.8,24.844853268164382,40.155146731835615,40.155146731835615
1426276,2024-04-22,2024,2,Rajasthan Royals,Mumbai Indians,YBK Jaiswal,104,60,9,7,173.33333333333334,Mumbai Indians,19.0,211.11111111111111,29.386363636363637,124.63327709230552,44,18.4,26.9,29.833333333333332,3.0,1.0,2.8,0.2,29.1953647078863,74.8046352921137,74.8046352921137
1426277,2024-04-23,2024,1,Chennai Super Kings,Lucknow Super Giants,AM Rahane,1,3,0,0,33.33333333333333,Lucknow Super Giants,36.0,150.0,27.636363636363637,105.80684105288273,165,26.6,24.1,36.0,5.0,1.0,2.8,0.8,26.14118951594817,-25.14118951594817,25.14118951594817
1426277,2024-04-23,2024,2,Lucknow Super Giants,Chennai Super Kings,D Padikkal,13,18,0,0,72.22222222222221,Chennai Super Kings,3.0,50.0,24.93548387096774,105.12414347108373,62,5.0,12.1,32.42857142857143,0.0,0.0,0.6,0.0,23.32104829864799,-10.321048298647991,10.321048298647991
1426277,2024-04-23,2024,2,Lucknow Super Giants,Chennai Super Kings,DJ Hooda,17,6,2,1,283.33333333333337,Chennai Super Kings,8.0,80.0,15.0,117.03655007881915,91,12.8,9.1,15.555555555555555,1.0,0.0,0.6,0.6,14.525221311597186,2.4747786884028145,2.4747786884028145
1426277,2024-04-23,2024,1,Chennai Super Kings,Lucknow Super Giants,DJ Mitchell,11,10,1,0,110.00000000000001,Lucknow Super Giants,17.0,121.42857142857142,21.0,111.9809320796163,8,22.6,21.0,0.0,1.0,0.0,1.2,0.6,18.430356816329176,-7.430356816329176,7.430356816329176
1426277,2024-04-23,2024,2,Lucknow Super Giants,Chennai Super Kings,KL Rahul,16,14,1,1,114.28571428571428,Chennai Super Kings,82.0,154.7169811320755,38.07692307692308,122.13798042498962,117,42.6,36.6,41.30769230769231,9.0,3.0,4.0,1.6,34.705652831453286,-18.705652831453286,18.705652831453286
1426277,2024-04-23,2024,2,Lucknow Super Giants,Chennai Super Kings,MP Stoinis,124,61,13,6,203.27868852459017,Chennai Super Kings,8.0,114.28571428571428,19.85185185185185,119.33233901331036,81,21.6,25.9,13.142857142857142,1.0,0.0,1.8,0.8,21.649741247343616,102.35025875265639,102.35025875265639
1426277,2024-04-23,2024,1,Chennai Super Kings,Lucknow Super Giants,MS Dhoni,4,1,1,0,400.0,Lucknow Super Giants,28.0,311.11111111111114,23.283783783783782,131.0500542724581,222,17.4,11.5,18.666666666666668,3.0,2.0,1.4,1.6,20.641115607331464,-16.641115607331464,16.641115607331464
1426277,2024-04-23,2024,2,Lucknow Super Giants,Chennai Super Kings,N Pooran,34,15,3,2,226.66666666666666,Chennai Super Kings,23.0,209.0909090909091,22.62686567164179,135.76919621117878,67,28.0,31.2,23.88888888888889,3.0,1.0,1.2,2.6,21.195847842989927,12.804152157010073,12.804152157010073
1426277,2024-04-23,2024,2,Lucknow Super Giants,Chennai Super Kings,Q de Kock,0,3,0,0,0.0,Chennai Super Kings,54.0,125.5813953488372,30.173076923076923,117.46339452020976,104,34.0,30.1,27.785714285714285,5.0,1.0,3.8,1.4,27.229651948082243,-27.229651948082243,27.229651948082243
1426277,2024-04-23,2024,1,Chennai Super Kings,Lucknow Super Giants,RA Jadeja,16,19,2,0,84.21052631578947,Lucknow Super Giants,57.0,142.5,16.2816091954023,132.6759306724026,174,28.2,23.9,25.666666666666668,5.0,1.0,2.4,0.4,17.356766715462083,-1.3567667154620828,1.3567667154620828
1426277,2024-04-23,2024,1,Chennai Super Kings,Lucknow Super Giants,RD Gaikwad,108,60,12,3,180.0,Lucknow Super Giants,17.0,130.76923076923077,35.13793103448276,112.18695668446384,58,36.0,40.6,25.0,1.0,0.0,3.6,1.2,34.10081119142616,73.89918880857384,73.89918880857384
1426277,2024-04-23,2024,1,Chennai Super Kings,Lucknow Super Giants,S Dube,66,27,3,7,244.44444444444446,Lucknow Super Giants,3.0,37.5,25.01851851851852,127.34430242854685,54,32.0,30.0,26.333333333333332,0.0,0.0,2.8,1.8,26.134779499416247,39.86522050058375,39.86522050058375
1426278,2024-04-24,2024,1,Delhi Capitals,Gujarat Titans,AR Patel,66,43,5,4,153.48837209302326,Gujarat Titans,6.0,75.0,13.915094339622641,125.36223263738043,106,7.2,10.2,23.666666666666668,0.0,0.0,0.4,0.0,12.08924072135366,53.91075927864634,53.91075927864634
1426278,2024-04-24,2024,2,Gujarat Titans,Delhi Capitals,Azmatullah Omarzai,1,2,0,0,50.0,Delhi Capitals,13.0,130.0,13.666666666666666,131.51515151515153,3,13.666666666666666,13.666666666666666,0.0,0.0,1.0,0.6666666666666666,0.6666666666666666,11.53482577977096,-10.53482577977096,10.53482577977096
1426278,2024-04-24,2024,2,Gujarat Titans,Delhi Capitals,B Sai Sudharsan,65,39,7,2,166.66666666666669,Delhi Capitals,31.0,91.17647058823529,36.95238095238095,132.3602576229702,21,28.4,40.8,37.0,3.0,0.0,3.6,0.2,33.690306164418146,31.309693835581854,31.309693835581854
1426278,2024-04-24,2024,2,Gujarat Titans,Delhi Capitals,DA Miller,55,23,6,3,239.1304347826087,Delhi Capitals,4.0,66.66666666666666,23.308333333333334,123.52425984130937,120,16.6,16.2,21.5,0.0,0.0,1.6,0.4,25.353057469359193,29.646942530640807,29.646942530640807
1426278,2024-04-24,2024,1,Delhi Capitals,Gujarat Titans,J Fraser-McGurk,23,14,2,2,164.28571428571428,Gujarat Titans,65.0,361.11111111111114,46.666666666666664,239.41798941798945,3,46.666666666666664,46.666666666666664,20.0,5.0,7.0,3.0,4.666666666666667,18.060708346262594,4.939291653737406,4.939291653737406
1426278,2024-04-24,2024,2,Gujarat Titans,Delhi Capitals,M Shahrukh Khan,8,5,0,1,160.0,Delhi Capitals,8.0,200.0,13.575757575757576,137.38979122610837,33,13.8,10.7,6.5,0.0,1.0,1.0,1.0,11.508589460706744,-3.5085894607067445,3.5085894607067445
1426278,2024-04-24,2024,1,Delhi Capitals,Gujarat Titans,PP Shaw,11,7,2,0,157.14285714285714,Gujarat Titans,16.0,320.0,24.25974025974026,125.10978516024271,77,26.2,24.6,8.0,4.0,0.0,4.2,0.6,23.523038716364933,-12.523038716364933,12.523038716364933
1426278,2024-04-24,2024,2,Gujarat Titans,Delhi Capitals,R Sai Kishore,13,6,0,2,216.66666666666666,Delhi Capitals,0.0,0.0,0.0,0.0,0,0.0,0.0,0.0,0.0,0.0,0.0,0.0,8.804088696142328,4.195911303857672,4.195911303857672
1426278,2024-04-24,2024,2,Gujarat Titans,Delhi Capitals,R Tewatia,4,5,0,0,80.0,Delhi Capitals,36.0,200.0,15.46031746031746,131.5623680603799,63,24.2,15.9,17.714285714285715,7.0,0.0,3.2,0.6,23.02234223908367,-19.02234223908367,19.02234223908367
1426278,2024-04-24,2024,1,Delhi Capitals,Gujarat Titans,RR Pant,88,43,5,8,204.6511627906977,Gujarat Titans,44.0,125.71428571428571,28.75,134.03342401303829,108,31.4,30.0,29.5,5.0,1.0,2.8,1.8,26.30876077141718,61.691239228582816,61.691239228582816
1426278,2024-04-24,2024,2,Gujarat Titans,Delhi Capitals,Rashid Khan,21,10,3,1,210.0,Delhi Capitals,3.0,100.0,9.035714285714286,119.08620521343735,56,11.8,9.8,8.375,0.0,0.0,1.2,0.2,7.6891961377870715,13.310803862212929,13.310803862212929
1426278,2024-04-24,2024,1,Delhi Capitals,Gujarat Titans,SD Hope,5,6,1,0,83.33333333333334,Gujarat Titans,19.0,190.0,21.0,144.0,3,21.0,21.0,19.0,1.0,2.0,1.3333333333333333,1.3333333333333333,19.225436110027278,-14.225436110027278,14.225436110027278
1426278,2024-04-24,2024,2,Gujarat Titans,Delhi Capitals,Shubman Gill,6,5,1,0,120.0,Delhi Capitals,35.0,120.6896551724138,32.50526315789474,122.33822527311742,95,44.6,46.6,30.636363636363637,5.0,0.0,4.2,1.2,28.59118917596532,-22.59118917596532,22.59118917596532
1426278,2024-04-24,2024,1,Delhi Capitals,Gujarat Titans,T Stubbs,26,7,3,2,371.42857142857144,Gujarat Titans,10.0,90.9090909090909,20.545454545454547,111.51318930548818,11,30.0,22.6,0.0,0.0,0.0,1.4,2.4,20.32198011685846,5.678019883141541,5.678019883141541
1426278,2024-04-24,2024,2,Gujarat Titans,Delhi Capitals,WP Saha,39,25,5,1,156.0,Delhi Capitals,13.0,118.18181818181819,20.635714285714286,115.9117000332172,140,14.4,18.7,21.5,1.0,0.0,1.6,0.4,22.286779836335118,16.713220163664882,16.713220163664882
1426279,2024-04-25,2024,2,Sunrisers Hyderabad,Royal Challengers Bengaluru,AK Markram,7,8,1,0,87.5,Royal Challengers Bengaluru,1.0,33.33333333333333,24.605263157894736,120.11210176973536,38,20.0,20.1,32.0,0.0,0.0,1.2,0.6,23.303699749607922,-16.303699749607922,16.303699749607922
1426279,2024-04-25,2024,2,Sunrisers Hyderabad,Royal Challengers Bengaluru,Abdul Samad,10,6,0,1,166.66666666666669,Royal Challengers Bengaluru,13.0,162.5,15.636363636363637,139.46692536726175,33,23.8,22.6,37.0,1.0,1.0,2.8,1.2,14.482015071302818,-4.482015071302818,4.482015071302818
1426279,2024-04-25,2024,2,Sunrisers Hyderabad,Royal Challengers Bengaluru,Abhishek Sharma,31,13,3,2,238.46153846153845,Royal Challengers Bengaluru,46.0,383.33333333333337,22.115384615384617,133.0132225737698,52,32.4,28.0,34.0,2.0,6.0,2.2,3.0,18.39869953472608,12.60130046527392,12.60130046527392
1426279,2024-04-25,2024,2,Sunrisers Hyderabad,Royal Challengers Bengaluru,B Kumar,13,13,3,0,100.0,Royal Challengers Bengaluru,6.0,75.0,4.737704918032787,87.84680255991732,61,8.4,6.8,0.0,0.0,0.0,0.8,0.0,6.387270819645832,6.612729180354168,6.612729180354168
1426279,2024-04-25,2024,1,Royal Challengers Bengaluru,Sunrisers Hyderabad,C Green,37,20,5,0,185.0,Sunrisers Hyderabad,6.0,150.0,23.90909090909091,131.53069791370405,22,11.2,24.9,82.0,0.0,1.0,1.0,0.6,24.438877152520828,12.561122847479172,12.561122847479172
1426279,2024-04-25,2024,1,Royal Challengers Bengaluru,Sunrisers Hyderabad,F du Plessis,25,12,3,1,208.33333333333334,Sunrisers Hyderabad,7.0,100.0,33.37404580152672,120.00401369929939,131,38.6,33.8,32.11764705882353,1.0,0.0,3.4,1.8,29.209731077101207,-4.209731077101207,4.209731077101207
1426279,2024-04-25,2024,2,Sunrisers Hyderabad,Royal Challengers Bengaluru,H Klaasen,7,2,0,1,350.0,Royal Challengers Bengaluru,15.0,187.5,32.583333333333336,158.9263559755686,24,25.0,45.4,67.0,0.0,2.0,1.0,2.2,20.99346135001527,-13.99346135001527,13.99346135001527
1426279,2024-04-25,2024,2,Sunrisers Hyderabad,Royal Challengers Bengaluru,JD Unadkat,8,10,1,0,80.0,Royal Challengers Bengaluru,6.0,600.0,7.782608695652174,120.65262671400778,23,9.8,11.5,0.0,0.0,1.0,0.8,0.6,11.360962293209619,-3.360962293209619,3.360962293209619
1426279,2024-04-25,2024,1,Royal Challengers Bengaluru,Sunrisers Hyderabad,KD Karthik,11,6,2,0,183.33333333333331,Sunrisers Hyderabad,25.0,138.88888888888889,20.820960698689955,120.17557836375329,229,37.0,28.1,17.166666666666668,3.0,1.0,2.6,3.0,16.397760653090664,-5.397760653090664,5.397760653090664
1426279,2024-04-25,2024,1,Royal Challengers Bengaluru,Sunrisers Hyderabad,MK Lomror,7,4,1,0,175.0,Sunrisers Hyderabad,4.0,133.33333333333331,15.833333333333334,123.94911402923573,30,14.6,13.3,19.666666666666668,1.0,0.0,1.2,1.2,13.481582170281518,-6.481582170281518,6.481582170281518
1426279,2024-04-25,2024,2,Sunrisers Hyderabad,Royal Challengers Bengaluru,Nithish Kumar Reddy,13,13,0,1,100.0,Royal Challengers Bengaluru,37.0,137.03703703703704,38.333333333333336,161.67000333667,3,38.333333333333336,38.333333333333336,0.0,2.0,2.0,2.3333333333333335,2.6666666666666665,14.598167793049067,-1.5981677930490665,1.5981677930490665
1426279,2024-04-25,2024,2,Sunrisers Hyderabad,Royal Challengers Bengaluru,PJ Cummins,31,15,1,3,206.66666666666669,Royal Challengers Bengaluru,1.0,100.0,11.666666666666666,121.1167447130014,33,1.2,8.0,0.0,0.0,0.0,0.0,0.0,14.493673048421497,16.5063269515785,16.5063269515785
1426279,2024-04-25,2024,1,Royal Challengers Bengaluru,Sunrisers Hyderabad,RM Patidar,50,20,2,5,250.0,Sunrisers Hyderabad,52.0,226.08695652173913,31.38888888888889,128.2096454034734,18,28.6,35.7,28.5,3.0,5.0,1.6,2.4,26.41760270786981,23.58239729213019,23.58239729213019
1426279,2024-04-25,2024,2,Sunrisers Hyderabad,Royal Challengers Bengaluru,Shahbaz Ahmed,40,37,1,1,108.10810810810811,Royal Challengers Bengaluru,59.0,203.44827586206895,15.0,118.81578684361504,30,25.8,17.0,0.0,2.0,5.0,1.0,2.0,22.92516878569675,17.07483121430325,17.07483121430325
1426279,2024-04-25,2024,1,Royal Challengers Bengaluru,Sunrisers Hyderabad,Swapnil Singh,12,6,1,1,200.0,Sunrisers Hyderabad,2.0,50.0,3.5,52.205882352941174,4,3.5,3.5,0.0,0.0,0.0,0.0,0.0,5.6789411020878955,6.3210588979121045,6.3210588979121045
1426279,2024-04-25,2024,2,Sunrisers Hyderabad,Royal Challengers Bengaluru,TM Head,1,3,0,0,33.33333333333333,Royal Challengers Bengaluru,89.0,278.125,33.0625,142.49171261108938,16,52.4,41.5,102.0,11.0,6.0,6.0,3.0,33.09355031075703,-32.09355031075703,32.09355031075703
1426279,2024-04-25,2024,1,Royal Challengers Bengaluru,Sunrisers Hyderabad,V Kohli,51,43,4,1,118.6046511627907,Sunrisers Hyderabad,18.0,257.14285714285717,32.01673640167364,117.66546094190609,239,39.6,58.0,31.130434782608695,1.0,2.0,4.2,1.8,37.357866171640104,13.642133828359896,13.642133828359896
1426279,2024-04-25,2024,1,Royal Challengers Bengaluru,Sunrisers Hyderabad,WG Jacks,6,9,0,0,66.66666666666666,Sunrisers Hyderabad,55.0,171.875,23.333333333333332,160.06944444444443,3,23.333333333333332,23.333333333333332,7.0,4.0,5.0,2.3333333333333335,1.6666666666666667,16.37357987637632,-10.373579876376319,10.373579876376319
1426280,2024-04-26,2024,1,Kolkata Knight Riders,Punjab Kings,AD Russell,24,12,2,2,200.0,Punjab Kings,27.0,150.0,23.97029702970297,149.6594991917718,101,31.0,24.0,39.25,4.0,0.0,3.0,2.0,28.567324121117164,-4.567324121117164,4.567324121117164
1426280,2024-04-26,2024,2,Punjab Kings,Kolkata Knight Riders,JM Bairstow,108,48,8,9,225.0,Kolkata Knight Riders,15.0,78.94736842105263,30.822222222222223,129.19984343745512,45,17.4,26.9,43.0,1.0,0.0,2.0,0.6,25.71674454807097,82.28325545192902,82.28325545192902
1426280,2024-04-26,2024,2,Punjab Kings,Kolkata Knight Riders,P Simran Singh,54,20,4,5,270.0,Kolkata Knight Riders,35.0,175.0,20.571428571428573,117.60197674947786,28,16.8,17.8,13.0,3.0,3.0,2.0,0.8,18.1998480586681,35.800151941331904,35.800151941331904
1426280,2024-04-26,2024,1,Kolkata Knight Riders,Punjab Kings,PD Salt,75,36,6,6,208.33333333333334,Punjab Kings,48.0,342.85714285714283,29.1875,131.21334547805137,16,33.0,29.9,23.5,7.0,3.0,5.2,1.2,21.425816606612102,53.5741833933879,53.5741833933879
1426280,2024-04-26,2024,1,Kolkata Knight Riders,Punjab Kings,RK Singh,5,4,1,0,125.0,Punjab Kings,24.0,150.0,23.771428571428572,139.53330162492708,35,16.8,26.5,12.5,2.0,1.0,0.8,1.2,24.258758304900528,-19.258758304900528,19.258758304900528
1426280,2024-04-26,2024,2,Punjab Kings,Kolkata Knight Riders,RR Rossouw,26,16,1,2,162.5,Kolkata Knight Riders,9.0,128.57142857142858,17.0,97.3525835618227,16,19.4,18.9,0.0,2.0,0.0,1.8,1.2,17.581776571351337,8.418223428648663,8.418223428648663
1426280,2024-04-26,2024,1,Kolkata Knight Riders,Punjab Kings,Ramandeep Singh,6,3,0,1,200.0,Punjab Kings,24.0,266.66666666666663,13.333333333333334,156.89814814814815,9,15.0,13.333333333333334,0.0,2.0,2.0,0.6,1.4,10.269881217054765,-4.269881217054765,4.269881217054765
1426280,2024-04-26,2024,1,Kolkata Knight Riders,Punjab Kings,SP Narine,71,32,9,4,221.875,Punjab Kings,10.0,66.66666666666666,13.454545454545455,120.57247812074719,99,47.4,29.4,3.3333333333333335,2.0,0.0,5.2,3.0,29.748128133698035,41.25187186630197,41.25187186630197
1426280,2024-04-26,2024,1,Kolkata Knight Riders,Punjab Kings,SS Iyer,28,10,1,3,280.0,Punjab Kings,50.0,138.88888888888889,27.5,110.51696118186308,108,30.2,26.1,26.0,7.0,1.0,3.4,0.8,27.399233574321006,0.6007664256789944,0.6007664256789944
1426280,2024-04-26,2024,2,Punjab Kings,Kolkata Knight Riders,Shashank Singh,68,28,2,8,242.85714285714283,Kolkata Knight Riders,8.0,66.66666666666666,20.307692307692307,152.85497452738832,13,33.0,21.4,11.0,0.0,0.0,3.0,1.6,23.20104534402876,44.798954655971244,44.798954655971244
1426280,2024-04-26,2024,1,Kolkata Knight Riders,Punjab Kings,VR Iyer,39,23,3,2,169.56521739130434,Punjab Kings,16.0,200.0,24.88095238095238,119.92971035772912,42,16.4,19.0,28.75,3.0,0.0,1.6,0.8,27.828093144935192,11.171906855064808,11.171906855064808
1426281,2024-04-27,2024,1,Delhi Capitals,Mumbai Indians,AR Patel,11,6,0,1,183.33333333333331,Mumbai Indians,66.0,153.48837209302326,14.401869158878505,125.6250937537883,107,17.4,16.0,16.3125,5.0,4.0,1.2,0.8,20.17251096432403,-9.17251096432403,9.17251096432403
1426281,2024-04-27,2024,1,Delhi Capitals,Mumbai Indians,Abishek Porel,36,27,3,1,133.33333333333331,Mumbai Indians,42.0,190.9090909090909,16.454545454545453,134.80746933092973,11,21.4,16.1,21.0,7.0,1.0,3.0,0.4,17.78423221930721,18.21576778069279,18.21576778069279
1426281,2024-04-27,2024,2,Mumbai Indians,Delhi Capitals,HH Pandya,46,24,4,3,191.66666666666669,Delhi Capitals,10.0,100.0,19.595238095238095,142.94376412888076,126,16.4,20.0,20.272727272727273,1.0,0.0,0.8,1.0,24.67846231227681,21.32153768772319,21.32153768772319
1426281,2024-04-27,2024,2,Mumbai Indians,Delhi Capitals,Ishan Kishan,20,14,4,0,142.85714285714286,Delhi Capitals,0.0,0.0,27.053763440860216,117.30012291875421,93,28.4,22.1,46.22222222222222,0.0,0.0,3.0,1.6,26.972757152967908,-6.972757152967908,6.972757152967908
1426281,2024-04-27,2024,1,Delhi Capitals,Mumbai Indians,J Fraser-McGurk,84,26,11,6,323.0769230769231,Mumbai Indians,23.0,164.28571428571428,40.75,220.63492063492066,4,40.75,40.75,0.0,2.0,2.0,2.75,4.0,17.462055065601884,66.53794493439811,66.53794493439811
1426281,2024-04-27,2024,2,Mumbai Indians,Delhi Capitals,L Wood,9,3,0,1,300.0,Delhi Capitals,0.0,0.0,0.0,0.0,0,0.0,0.0,0.0,0.0,0.0,0.0,0.0,8.088391775826109,0.9116082241738912,0.9116082241738912
1426281,2024-04-27,2024,2,Mumbai Indians,Delhi Capitals,Mohammad Nabi,7,4,0,1,175.0,Delhi Capitals,23.0,135.29411764705884,11.833333333333334,148.4869587565666,18,9.4,10.2,18.5,2.0,1.0,0.6,0.6,11.18389866855814,-4.18389866855814,4.18389866855814
1426281,2024-04-27,2024,2,Mumbai Indians,Delhi Capitals,N Wadhera,4,2,1,0,200.0,Delhi Capitals,49.0,204.16666666666666,26.363636363636363,146.23027151102016,11,21.4,26.9,0.0,3.0,4.0,1.8,1.4,22.56512367791419,-18.56512367791419,18.56512367791419
1426281,2024-04-27,2024,2,Mumbai Indians,Delhi Capitals,PP Chawla,10,4,1,1,250.0,Delhi Capitals,1.0,100.0,7.385542168674699,105.37326611597379,83,1.2,3.7,13.0,0.0,0.0,0.0,0.0,8.48609934153116,1.51390065846884,1.51390065846884
1426281,2024-04-27,2024,2,Mumbai Indians,Delhi Capitals,RG Sharma,8,7,1,0,114.28571428571428,Delhi Capitals,6.0,120.0,26.48780487804878,112.65659628128824,246,46.8,32.2,29.545454545454547,1.0,0.0,4.6,2.8,25.36874989442268,-17.36874989442268,17.36874989442268
1426281,2024-04-27,2024,1,Delhi Capitals,Mumbai Indians,RR Pant,29,19,2,2,152.63157894736844,Mumbai Indians,88.0,204.6511627906977,29.293577981651374,134.68129317613605,109,38.0,38.1,24.866666666666667,5.0,8.0,3.0,2.4,29.814262111444993,-0.814262111444993,0.814262111444993
1426281,2024-04-27,2024,2,Mumbai Indians,Delhi Capitals,SA Yadav,26,13,3,2,200.0,Delhi Capitals,10.0,125.0,26.06923076923077,133.70982500151186,130,28.0,36.9,22.0,2.0,0.0,2.8,1.4,27.194127581312493,-1.1941275813124932,1.1941275813124932
1426281,2024-04-27,2024,1,Delhi Capitals,Mumbai Indians,SD Hope,41,17,0,5,241.17647058823528,Mumbai Indians,5.0,83.33333333333334,17.0,128.83333333333334,4,17.0,17.0,0.0,1.0,0.0,1.25,1.0,14.008146160645714,26.991853839354285,26.991853839354285
1426281,2024-04-27,2024,1,Delhi Capitals,Mumbai Indians,T Stubbs,48,25,6,2,192.0,Mumbai Indians,26.0,371.42857142857144,21.0,133.17280448241178,12,35.2,25.0,71.0,3.0,2.0,2.0,2.8,21.83776842933976,26.16223157066024,26.16223157066024
1426281,2024-04-27,2024,2,Mumbai Indians,Delhi Capitals,TH David,37,17,2,3,217.6470588235294,Delhi Capitals,3.0,60.0,18.161290322580644,148.837694563501,31,18.4,19.2,26.0,0.0,0.0,1.0,1.4,17.654195875491645,19.345804124508355,19.345804124508355
1426281,2024-04-27,2024,2,Mumbai Indians,Delhi Capitals,Tilak Varma,63,32,4,4,196.875,Delhi Capitals,65.0,144.44444444444443,30.696969696969695,141.33741187426867,33,30.4,34.2,22.5,5.0,3.0,3.2,1.0,24.49274367671227,38.507256323287734,38.507256323287734
1426282,2024-04-27,2024,1,Lucknow Super Giants,Rajasthan Royals,A Badoni,18,13,1,0,138.46153846153845,Rajasthan Royals,29.0,107.40740740740742,17.655172413793103,117.70873133454037,29,22.4,21.9,1.75,2.0,1.0,2.0,0.4,20.243225067054837,-2.243225067054837,2.243225067054837
1426282,2024-04-27,2024,1,Lucknow Super Giants,Rajasthan Royals,DJ Hooda,50,31,7,0,161.29032258064515,Rajasthan Royals,17.0,283.33333333333337,15.021739130434783,118.84412380984648,92,15.2,10.6,22.125,2.0,1.0,1.0,0.8,14.15595484330599,35.84404515669401,35.84404515669401
1426282,2024-04-27,2024,2,Rajasthan Royals,Lucknow Super Giants,Dhruv Jurel,52,34,5,2,152.94117647058823,Lucknow Super Giants,2.0,50.0,12.625,132.11444805194805,16,10.0,10.6,10.0,0.0,0.0,0.8,0.2,12.020152126784053,39.979847873215945,39.979847873215945
1426282,2024-04-27,2024,2,Rajasthan Royals,Lucknow Super Giants,JC Buttler,34,18,4,1,188.88888888888889,Lucknow Super Giants,35.0,140.0,34.067961165048544,128.58006532598102,103,52.6,28.5,16.5,6.0,0.0,5.2,2.0,30.58188960608329,3.4181103939167095,3.4181103939167095
1426282,2024-04-27,2024,1,Lucknow Super Giants,Rajasthan Royals,KH Pandya,15,11,1,0,136.36363636363635,Rajasthan Royals,7.0,87.5,15.564356435643564,122.67828852091223,101,11.6,12.4,12.0,0.0,0.0,0.8,0.4,13.06918170502141,1.9308182949785895,1.9308182949785895
1426282,2024-04-27,2024,1,Lucknow Super Giants,Rajasthan Royals,KL Rahul,76,47,8,2,161.70212765957444,Rajasthan Royals,16.0,114.28571428571428,37.889830508474574,122.07143579669066,118,41.8,31.4,42.46666666666667,1.0,1.0,4.2,1.4,41.535906317634506,34.464093682365494,34.464093682365494
1426282,2024-04-27,2024,1,Lucknow Super Giants,Rajasthan Royals,MP Stoinis,0,4,0,0,0.0,Rajasthan Royals,124.0,203.27868852459017,21.121951219512194,120.35607498296014,82,41.6,29.4,19.181818181818183,13.0,6.0,4.2,1.6,33.2659754400324,-33.2659754400324,33.2659754400324
1426282,2024-04-27,2024,1,Lucknow Super Giants,Rajasthan Royals,N Pooran,11,11,1,0,100.0,Rajasthan Royals,34.0,226.66666666666666,22.794117647058822,137.10592371787712,68,26.8,33.8,21.0,3.0,2.0,1.6,2.0,20.383805441939085,-9.383805441939085,9.383805441939085
1426282,2024-04-27,2024,1,Lucknow Super Giants,Rajasthan Royals,Q de Kock,8,3,2,0,266.66666666666663,Rajasthan Royals,0.0,0.0,29.885714285714286,116.34469552477918,105,17.8,27.2,36.3,0.0,0.0,2.2,0.4,33.009956302388446,-25.009956302388446,25.009956302388446
1426282,2024-04-27,2024,2,Rajasthan Royals,Lucknow Super Giants,R Parag,14,11,0,1,127.27272727272727,Lucknow Super Giants,34.0,242.85714285714283,18.0,116.43453354982739,51,38.2,35.7,21.25,4.0,2.0,2.8,2.2,24.938936528669394,-10.938936528669394,10.938936528669394
1426282,2024-04-27,2024,2,Rajasthan Royals,Lucknow Super Giants,SV Samson,71,33,7,4,215.15151515151513,Lucknow Super Giants,38.0,140.74074074074073,27.10967741935484,118.24130634583474,155,41.0,32.0,32.25,2.0,2.0,4.0,1.4,24.136674087383376,46.863325912616624,46.863325912616624
1426282,2024-04-27,2024,2,Rajasthan Royals,Lucknow Super Giants,YBK Jaiswal,24,18,3,1,133.33333333333331,Lucknow Super Giants,104.0,173.33333333333334,31.044444444444444,125.71550056432835,45,37.2,27.5,36.333333333333336,9.0,7.0,4.2,1.6,28.268243541639144,-4.268243541639144,4.268243541639144
1426283,2024-04-28,2024,1,Gujarat Titans,Royal Challengers Bengaluru,B Sai Sudharsan,84,48,8,4,175.0,Royal Challengers Bengaluru,65.0,166.66666666666669,38.22727272727273,133.91963985222912,22,34.8,43.0,0.0,7.0,2.0,3.8,0.6,27.19402929523272,56.805970704767276,56.805970704767276
1426283,2024-04-28,2024,1,Gujarat Titans,Royal Challengers Bengaluru,DA Miller,26,19,2,1,136.8421052631579,Royal Challengers Bengaluru,55.0,239.1304347826087,23.570247933884296,124.47968277470854,121,25.2,19.6,0.0,6.0,3.0,2.6,1.0,22.41725018975564,3.5827498102443585,3.5827498102443585
1426283,2024-04-28,2024,2,Royal Challengers Bengaluru,Gujarat Titans,F du Plessis,24,12,1,3,200.0,Gujarat Titans,25.0,208.33333333333334,33.31060606060606,120.67317521167844,132,39.8,29.2,24.0,3.0,1.0,3.4,2.0,32.50756163543344,-8.50756163543344,8.50756163543344
1426283,2024-04-28,2024,1,Gujarat Titans,Royal Challengers Bengaluru,M Shahrukh Khan,58,30,3,5,193.33333333333334,Royal Challengers Bengaluru,8.0,160.0,13.411764705882353,138.05479736651694,34,14.2,10.8,0.0,0.0,1.0,1.0,1.0,11.712461184183702,46.2875388158163,46.2875388158163
1426283,2024-04-28,2024,1,Gujarat Titans,Royal Challengers Bengaluru,Shubman Gill,16,19,1,0,84.21052631578947,Royal Challengers Bengaluru,6.0,120.0,32.229166666666664,122.31386875985578,96,28.0,34.3,0.0,1.0,0.0,3.2,0.4,30.31970296029943,-14.31970296029943,14.31970296029943
1426283,2024-04-28,2024,2,Royal Challengers Bengaluru,Gujarat Titans,V Kohli,70,44,6,3,159.0909090909091,Gujarat Titans,51.0,118.6046511627907,32.09583333333333,117.6693742344931,240,45.4,53.1,77.33333333333333,4.0,1.0,4.6,1.8,35.87006276877152,34.12993723122848,34.12993723122848
1426283,2024-04-28,2024,2,Royal Challengers Bengaluru,Gujarat Titans,WG Jacks,100,40,5,10,250.0,Gujarat Titans,6.0,66.66666666666666,19.0,136.71875,4,19.0,19.0,0.0,0.0,0.0,1.75,1.25,18.1056902820753,81.8943097179247,81.8943097179247
1426283,2024-04-28,2024,1,Gujarat Titans,Royal Challengers Bengaluru,WP Saha,5,4,1,0,125.0,Royal Challengers Bengaluru,39.0,156.0,20.76595744680851,116.19601421737877,141,18.0,21.4,0.0,5.0,1.0,1.8,0.6,20.48165149321266,-15.48165149321266,15.48165149321266
1426284,2024-04-28,2024,2,Sunrisers Hyderabad,Chennai Super Kings,AK Markram,32,25,4,0,128.0,Chennai Super Kings,7.0,87.5,24.153846153846153,119.27589403204983,39,18.0,19.8,23.0,1.0,0.0,1.4,0.6,25.61074187273003,6.389258127269969,6.389258127269969
1426284,2024-04-28,2024,1,Chennai Super Kings,Sunrisers Hyderabad,AM Rahane,9,12,1,0,75.0,Sunrisers Hyderabad,1.0,33.33333333333333,27.47590361445783,105.37025365698184,166,24.4,22.1,24.68421052631579,0.0,0.0,2.6,0.8,29.475772230781622,-20.475772230781622,20.475772230781622
1426284,2024-04-28,2024,2,Sunrisers Hyderabad,Chennai Super Kings,Abdul Samad,19,18,1,1,105.55555555555556,Chennai Super Kings,10.0,166.66666666666669,15.470588235294118,140.2669177584207,34,22.8,20.8,13.0,0.0,1.0,2.6,1.2,14.229985053433653,4.770014946566347,4.770014946566347
1426284,2024-04-28,2024,2,Sunrisers Hyderabad,Chennai Super Kings,Abhishek Sharma,15,9,1,1,166.66666666666669,Chennai Super Kings,31.0,238.46153846153845,22.28301886792453,135.00281343957676,53,32.8,30.4,33.714285714285715,3.0,2.0,2.4,3.0,17.887278203365234,-2.887278203365234,2.887278203365234
1426284,2024-04-28,2024,2,Sunrisers Hyderabad,Chennai Super Kings,Anmolpreet Singh,0,1,0,0,0.0,Chennai Super Kings,5.0,125.0,19.142857142857142,119.67695796267223,7,22.0,19.142857142857142,16.0,1.0,0.0,3.2,0.4,17.51679832589592,-17.51679832589592,17.51679832589592
1426284,2024-04-28,2024,2,Sunrisers Hyderabad,Chennai Super Kings,B Kumar,4,3,0,0,133.33333333333331,Chennai Super Kings,13.0,100.0,4.870967741935484,88.04282187346703,62,10.6,7.6,8.75,3.0,0.0,1.4,0.0,9.176912508482735,-5.176912508482735,5.176912508482735
1426284,2024-04-28,2024,1,Chennai Super Kings,Sunrisers Hyderabad,DJ Mitchell,52,32,7,1,162.5,Sunrisers Hyderabad,11.0,110.00000000000001,19.88888888888889,111.76082851521448,9,20.0,19.88888888888889,13.0,1.0,0.0,1.0,0.6,17.78986452859059,34.21013547140941,34.21013547140941
1426284,2024-04-28,2024,2,Sunrisers Hyderabad,Chennai Super Kings,H Klaasen,20,21,0,1,95.23809523809523,Chennai Super Kings,7.0,350.0,31.56,166.56930173654587,25,21.6,39.7,11.333333333333334,0.0,1.0,0.8,2.0,21.998748619003848,-1.9987486190038481,1.9987486190038481
1426284,2024-04-28,2024,2,Sunrisers Hyderabad,Chennai Super Kings,JD Unadkat,1,2,0,0,50.0,Chennai Super Kings,8.0,80.0,7.791666666666667,118.9587672675908,24,8.6,11.2,15.0,1.0,0.0,0.6,0.4,8.808925593762508,-7.808925593762508,7.808925593762508
1426284,2024-04-28,2024,1,Chennai Super Kings,Sunrisers Hyderabad,MS Dhoni,5,2,1,0,250.0,Sunrisers Hyderabad,4.0,400.0,23.19730941704036,132.25610784074306,223,10.8,9.9,25.736842105263158,1.0,0.0,0.8,1.0,22.23117904984254,-17.23117904984254,17.23117904984254
1426284,2024-04-28,2024,2,Sunrisers Hyderabad,Chennai Super Kings,Nithish Kumar Reddy,15,15,0,0,100.0,Chennai Super Kings,13.0,100.0,32.0,146.2525025025025,4,32.0,32.0,14.0,0.0,1.0,1.75,2.25,21.6088012630236,-6.608801263023601,6.608801263023601
1426284,2024-04-28,2024,2,Sunrisers Hyderabad,Chennai Super Kings,PJ Cummins,5,7,1,0,71.42857142857143,Chennai Super Kings,31.0,206.66666666666669,12.235294117647058,123.6329188881092,34,7.4,10.0,27.666666666666668,1.0,3.0,0.2,0.6,14.048353254037563,-9.048353254037563,9.048353254037563
1426284,2024-04-28,2024,1,Chennai Super Kings,Sunrisers Hyderabad,RD Gaikwad,98,54,10,3,181.4814814814815,Sunrisers Hyderabad,108.0,180.0,36.3728813559322,113.3363302999814,59,57.4,43.5,49.333333333333336,12.0,3.0,6.0,1.8,30.84059302866485,67.15940697133516,67.15940697133516
1426284,2024-04-28,2024,1,Chennai Super Kings,Sunrisers Hyderabad,S Dube,39,20,1,4,195.0,Sunrisers Hyderabad,66.0,244.44444444444446,25.763636363636362,129.47339591974497,55,41.6,34.4,13.6,3.0,7.0,3.2,3.2,25.676778716680946,13.323221283319054,13.323221283319054
1426284,2024-04-28,2024,2,Sunrisers Hyderabad,Chennai Super Kings,Shahbaz Ahmed,7,5,1,0,140.0,Chennai Super Kings,40.0,108.10810810810811,15.806451612903226,118.47037785214707,31,30.6,19.0,18.0,1.0,1.0,1.0,1.8,15.35219172234322,-8.35219172234322,8.35219172234322
1426284,2024-04-28,2024,2,Sunrisers Hyderabad,Chennai Super Kings,TM Head,13,7,1,1,185.71428571428572,Chennai Super Kings,1.0,33.33333333333333,31.176470588235293,136.07063147710375,17,48.8,41.4,31.0,0.0,0.0,5.4,3.0,30.160931710016776,-17.160931710016776,17.160931710016776
1426285,2024-04-29,2024,1,Delhi Capitals,Kolkata Knight Riders,AR Patel,15,21,2,0,71.42857142857143,Kolkata Knight Riders,11.0,183.33333333333331,14.37037037037037,126.15942930545077,108,18.2,15.0,9.1875,0.0,1.0,1.2,1.0,14.642601898446864,0.35739810155313556,0.35739810155313556
1426285,2024-04-29,2024,1,Delhi Capitals,Kolkata Knight Riders,Abishek Porel,18,15,2,1,120.0,Kolkata Knight Riders,36.0,133.33333333333331,18.083333333333332,134.68462466446337,12,26.8,19.0,0.0,3.0,1.0,3.4,0.6,22.831500874056086,-4.831500874056086,4.831500874056086
1426285,2024-04-29,2024,1,Delhi Capitals,Kolkata Knight Riders,J Fraser-McGurk,12,6,1,1,200.0,Kolkata Knight Riders,84.0,323.0769230769231,49.4,241.12332112332115,5,49.4,49.4,0.0,11.0,6.0,4.4,4.4,15.843171969432923,-3.843171969432923,3.843171969432923
1426285,2024-04-29,2024,1,Delhi Capitals,Kolkata Knight Riders,Kuldeep Yadav,35,26,5,1,134.6153846153846,Kolkata Knight Riders,0.0,0.0,4.724137931034483,67.61782753028616,29,2.2,2.5,0.0,0.0,0.0,0.0,0.0,5.924689935560486,29.075310064439513,29.075310064439513
1426285,2024-04-29,2024,1,Delhi Capitals,Kolkata Knight Riders,Kumar Kushagra,1,3,0,0,33.33333333333333,Kolkata Knight Riders,0.0,0.0,0.0,0.0,1,0.0,0.0,0.0,0.0,0.0,0.0,0.0,7.64904628981975,-6.64904628981975,6.64904628981975
1426285,2024-04-29,2024,1,Delhi Capitals,Kolkata Knight Riders,LB Williams,1,2,0,0,50.0,Kolkata Knight Riders,0.0,0.0,0.0,0.0,0,0.0,0.0,0.0,0.0,0.0,0.0,0.0,10.008331459324564,-9.008331459324564,9.008331459324564
1426285,2024-04-29,2024,2,Kolkata Knight Riders,Delhi Capitals,PD Salt,68,33,7,5,206.06060606060606,Delhi Capitals,75.0,208.33333333333334,31.88235294117647,135.7498153518915,17,44.4,35.3,18.0,6.0,6.0,5.6,2.4,25.274166752998962,42.725833247001034,42.725833247001034
1426285,2024-04-29,2024,1,Delhi Capitals,Kolkata Knight Riders,PP Shaw,13,7,3,0,185.71428571428572,Kolkata Knight Riders,11.0,157.14285714285714,24.08974358974359,125.52046557027622,78,26.4,25.7,41.5,2.0,0.0,4.2,0.6,26.860635623323695,-13.860635623323695,13.860635623323695
1426285,2024-04-29,2024,2,Kolkata Knight Riders,Delhi Capitals,RK Singh,11,11,1,0,100.0,Delhi Capitals,5.0,125.0,23.25,139.12959880201242,36,16.8,24.9,18.333333333333332,1.0,0.0,1.0,1.2,20.005197515453172,-9.005197515453172,9.005197515453172
1426285,2024-04-29,2024,1,Delhi Capitals,Kolkata Knight Riders,RR Pant,27,20,2,1,135.0,Kolkata Knight Riders,29.0,152.63157894736844,29.29090909090909,134.84447759223818,110,43.6,37.1,22.75,2.0,2.0,3.4,2.8,30.12895083020984,-3.1289508302098383,3.1289508302098383
1426285,2024-04-29,2024,1,Delhi Capitals,Kolkata Knight Riders,Rasikh Salam,8,10,1,0,80.0,Kolkata Knight Riders,1.0,20.0,4.333333333333333,87.22222222222223,3,4.333333333333333,4.333333333333333,1.0,0.0,0.0,0.3333333333333333,0.0,12.50764100861038,-4.5076410086103795,4.5076410086103795
1426285,2024-04-29,2024,1,Delhi Capitals,Kolkata Knight Riders,SD Hope,6,3,0,1,200.0,Kolkata Knight Riders,41.0,241.17647058823528,21.8,151.30196078431374,5,21.8,21.8,0.0,0.0,5.0,1.0,1.8,16.716296934805268,-10.716296934805268,10.716296934805268
1426285,2024-04-29,2024,2,Kolkata Knight Riders,Delhi Capitals,SP Narine,15,9,3,0,166.66666666666669,Delhi Capitals,71.0,221.875,14.03,121.58550333953971,100,44.6,36.4,20.11111111111111,9.0,4.0,5.6,2.4,28.630323735800896,-13.630323735800896,13.630323735800896
1426285,2024-04-29,2024,2,Kolkata Knight Riders,Delhi Capitals,SS Iyer,33,23,3,1,143.47826086956522,Delhi Capitals,28.0,280.0,27.504587155963304,112.07185144624965,109,32.2,28.3,38.0,1.0,3.0,3.6,1.0,25.37092749234369,7.629072507656311,7.629072507656311
1426285,2024-04-29,2024,1,Delhi Capitals,Kolkata Knight Riders,T Stubbs,4,7,0,0,57.14285714285714,Kolkata Knight Riders,48.0,192.0,23.076923076923077,137.6979733683801,13,34.0,29.3,54.0,6.0,2.0,2.4,2.4,20.514721364325652,-16.514721364325652,16.514721364325652
1426285,2024-04-29,2024,2,Kolkata Knight Riders,Delhi Capitals,VR Iyer,26,23,2,1,113.04347826086956,Delhi Capitals,39.0,169.56521739130434,25.209302325581394,121.08402447478902,43,14.2,21.8,16.333333333333332,3.0,2.0,1.6,0.4,26.87792615751241,-0.8779261575124089,0.8779261575124089
1426286,2024-04-30,2024,2,Lucknow Super Giants,Mumbai Indians,A Badoni,6,6,1,0,100.0,Mumbai Indians,18.0,138.46153846153845,17.666666666666668,118.40049157210699,30,24.4,17.8,7.5,1.0,0.0,2.2,0.4,19.699232295297833,-13.699232295297833,13.699232295297833
1426286,2024-04-30,2024,2,Lucknow Super Giants,Mumbai Indians,AA Kulkarni,0,1,0,0,0.0,Mumbai Indians,0.0,0.0,0.0,0.0,0,0.0,0.0,0.0,0.0,0.0,0.0,0.0,15.025706888703784,-15.025706888703784,15.025706888703784
1426286,2024-04-30,2024,2,Lucknow Super Giants,Mumbai Indians,AJ Turner,5,9,0,0,55.55555555555556,Mumbai Indians,3.0,42.857142857142854,0.75,10.714285714285714,4,0.75,0.75,0.0,0.0,0.0,0.0,0.0,5.312702695601416,-0.3127026956014163,0.3127026956014163
1426286,2024-04-30,2024,2,Lucknow Super Giants,Mumbai Indians,DJ Hooda,18,18,2,0,100.0,Mumbai Indians,50.0,161.29032258064515,15.397849462365592,119.30053454931742,93,22.2,15.4,14.538461538461538,7.0,0.0,2.4,0.6,17.66314753382934,0.33685246617066156,0.33685246617066156
1426286,2024-04-30,2024,1,Mumbai Indians,Lucknow Super Giants,G Coetzee,1,2,0,0,50.0,Lucknow Super Giants,0.0,0.0,1.6666666666666667,25.925925925925924,3,1.6666666666666667,1.6666666666666667,0.0,0.0,0.0,0.0,0.0,6.736841087958155,-5.736841087958155,5.736841087958155
1426286,2024-04-30,2024,1,Mumbai Indians,Lucknow Super Giants,HH Pandya,0,1,0,0,0.0,Lucknow Super Giants,46.0,191.66666666666669,19.80314960629921,143.3274090307531,127,17.8,21.8,33.75,4.0,3.0,1.0,1.4,24.666645667852997,-24.666645667852997,24.666645667852997
1426286,2024-04-30,2024,1,Mumbai Indians,Lucknow Super Giants,Ishan Kishan,32,35,3,0,91.42857142857143,Lucknow Super Giants,20.0,142.85714285714286,26.97872340425532,117.57200610958813,94,24.0,22.7,23.75,4.0,0.0,3.0,1.2,29.316435444873203,2.6835645551267966,2.6835645551267966
1426286,2024-04-30,2024,2,Lucknow Super Giants,Mumbai Indians,KH Pandya,1,1,0,0,100.0,Mumbai Indians,15.0,136.36363636363635,15.558823529411764,122.81245859780168,102,14.0,13.9,14.75,1.0,0.0,1.0,0.4,12.806353696149499,-11.806353696149499,11.806353696149499
1426286,2024-04-30,2024,2,Lucknow Super Giants,Mumbai Indians,KL Rahul,28,22,3,1,127.27272727272727,Mumbai Indians,76.0,161.70212765957444,38.21008403361345,122.40446682074851,119,50.4,37.8,51.23529411764706,8.0,2.0,5.2,1.8,30.5101625041258,-2.5101625041258018,2.5101625041258018
1426286,2024-04-30,2024,2,Lucknow Super Giants,Mumbai Indians,MP Stoinis,62,45,7,2,137.77777777777777,Mumbai Indians,0.0,0.0,20.867469879518072,118.90600179039434,83,30.0,29.4,20.833333333333332,0.0,0.0,3.4,1.2,21.31151437607495,40.68848562392505,40.68848562392505
1426286,2024-04-30,2024,1,Mumbai Indians,Lucknow Super Giants,Mohammad Nabi,1,2,0,0,50.0,Lucknow Super Giants,7.0,175.0,11.578947368421053,149.88238197990518,19,7.4,10.3,0.0,0.0,1.0,0.4,0.4,12.775338754658952,-11.775338754658952,11.775338754658952
1426286,2024-04-30,2024,2,Lucknow Super Giants,Mumbai Indians,N Pooran,14,14,1,0,100.0,Mumbai Indians,11.0,100.0,22.6231884057971,136.5681567074731,69,22.6,29.1,16.571428571428573,1.0,0.0,1.8,1.4,22.414699761657907,-8.414699761657907,8.414699761657907
1426286,2024-04-30,2024,1,Mumbai Indians,Lucknow Super Giants,N Wadhera,46,41,4,2,112.19512195121952,Lucknow Super Giants,4.0,200.0,24.5,150.71108221843517,12,19.2,26.7,19.5,1.0,0.0,1.8,1.2,23.365062994233803,22.634937005766197,22.634937005766197
1426286,2024-04-30,2024,1,Mumbai Indians,Lucknow Super Giants,RG Sharma,4,5,1,0,80.0,Lucknow Super Giants,8.0,114.28571428571428,26.412955465587043,112.66319190073938,247,38.6,31.9,23.25,1.0,0.0,3.6,2.2,25.759637952446734,-21.759637952446734,21.759637952446734
1426286,2024-04-30,2024,1,Mumbai Indians,Lucknow Super Giants,SA Yadav,10,6,0,1,166.66666666666669,Lucknow Super Giants,26.0,200.0,26.068702290076335,134.21585687172933,131,33.2,29.2,21.0,3.0,2.0,3.4,1.8,27.985956994649218,-17.985956994649218,17.985956994649218
1426286,2024-04-30,2024,1,Mumbai Indians,Lucknow Super Giants,TH David,35,17,3,1,205.88235294117646,Lucknow Super Giants,37.0,217.6470588235294,18.75,150.9879871966269,32,22.4,19.7,22.5,2.0,3.0,1.2,2.0,19.46449621224005,15.53550378775995,15.53550378775995
1426286,2024-04-30,2024,1,Mumbai Indians,Lucknow Super Giants,Tilak Varma,7,11,1,0,63.63636363636363,Lucknow Super Giants,63.0,196.875,31.647058823529413,142.97087034855488,34,41.8,37.9,30.0,4.0,4.0,3.8,1.8,24.403771683109298,-17.403771683109298,17.403771683109298
1426287,2024-05-01,2024,1,Chennai Super Kings,Punjab Kings,AM Rahane,29,24,5,0,120.83333333333333,Punjab Kings,9.0,75.0,27.365269461077844,105.18839585065261,167,17.2,21.4,12.0,1.0,0.0,1.8,0.4,28.053606261001576,0.9463937389984238,0.9463937389984238
1426287,2024-05-01,2024,1,Chennai Super Kings,Punjab Kings,DJ Mitchell,1,1,0,0,100.0,Punjab Kings,52.0,162.5,23.1,116.83474566369304,10,23.6,23.1,0.0,7.0,1.0,2.2,0.4,21.962306016797946,-20.962306016797946,20.962306016797946
1426287,2024-05-01,2024,2,Punjab Kings,Chennai Super Kings,JM Bairstow,46,30,7,1,153.33333333333334,Chennai Super Kings,108.0,225.0,32.5,131.28245553664087,46,37.4,32.1,16.166666666666668,8.0,9.0,3.2,2.4,29.262929971561267,16.737070028438733,16.737070028438733
1426287,2024-05-01,2024,1,Chennai Super Kings,Punjab Kings,MM Ali,15,9,1,1,166.66666666666669,Punjab Kings,30.0,150.0,20.07547169811321,120.22407311743909,53,11.4,13.1,14.0,0.0,3.0,0.4,0.8,19.47086686448374,-4.470866864483739,4.470866864483739
1426287,2024-05-01,2024,1,Chennai Super Kings,Punjab Kings,MS Dhoni,14,11,1,1,127.27272727272727,Punjab Kings,5.0,250.0,23.116071428571427,132.78175021645401,224,11.6,10.2,15.0,1.0,0.0,1.0,1.0,19.579503245836783,-5.579503245836783,5.579503245836783
1426287,2024-05-01,2024,2,Punjab Kings,Chennai Super Kings,P Simran Singh,13,10,1,1,130.0,Chennai Super Kings,54.0,270.0,21.724137931034484,122.85708099949585,29,20.6,21.0,42.0,4.0,5.0,1.8,1.6,18.677736402049437,-5.677736402049437,5.677736402049437
1426287,2024-05-01,2024,1,Chennai Super Kings,Punjab Kings,RA Jadeja,2,4,0,0,50.0,Punjab Kings,16.0,84.21052631578947,16.28,132.3989855046505,175,26.4,23.4,12.0,2.0,0.0,2.8,0.2,18.26608180146387,-16.26608180146387,16.26608180146387
1426287,2024-05-01,2024,1,Chennai Super Kings,Punjab Kings,RD Gaikwad,62,47,5,2,131.91489361702128,Punjab Kings,98.0,181.4814814814815,37.4,114.47208281967306,60,71.8,47.3,17.0,10.0,3.0,7.4,2.2,27.73927064101418,34.26072935898582,34.26072935898582
1426287,2024-05-01,2024,2,Punjab Kings,Chennai Super Kings,RR Rossouw,43,23,5,2,186.95652173913044,Chennai Super Kings,26.0,162.5,17.529411764705884,101.1847845287743,17,23.6,21.5,12.5,1.0,2.0,1.8,1.6,19.865991087848244,23.134008912151756,23.134008912151756
1426287,2024-05-01,2024,1,Chennai Super Kings,Punjab Kings,S Dube,0,1,0,0,0.0,Punjab Kings,39.0,195.0,26.0,130.64351384974955,56,40.4,38.2,29.0,1.0,4.0,3.0,3.2,25.576411391919134,-25.576411391919134,25.576411391919134
1426287,2024-05-01,2024,2,Punjab Kings,Chennai Super Kings,SM Curran,26,18,3,0,144.44444444444443,Chennai Super Kings,20.0,105.26315789473684,17.386363636363637,126.85724015181803,44,13.2,21.2,11.666666666666666,2.0,0.0,1.0,0.4,18.709724383208567,7.290275616791433,7.290275616791433
1426287,2024-05-01,2024,1,Chennai Super Kings,Punjab Kings,Sameer Rizvi,21,23,1,0,91.30434782608695,Punjab Kings,1.0,20.0,5.0,84.44444444444444,3,5.0,5.0,0.0,0.0,0.0,0.0,0.6666666666666666,12.145140397932014,8.854859602067986,8.854859602067986
1426287,2024-05-01,2024,2,Punjab Kings,Chennai Super Kings,Shashank Singh,25,26,1,1,96.15384615384616,Chennai Super Kings,68.0,242.85714285714283,23.714285714285715,159.2837008366565,14,34.4,27.4,15.0,2.0,8.0,2.2,2.4,19.633971355872244,5.366028644127756,5.366028644127756
1426288,2024-05-02,2024,1,Sunrisers Hyderabad,Rajasthan Royals,Abhishek Sharma,12,10,0,1,120.0,Rajasthan Royals,15.0,166.66666666666669,22.14814814814815,135.58918109193027,54,28.4,31.4,21.25,1.0,1.0,2.0,2.4,20.477544133455233,-8.477544133455233,8.477544133455233
1426288,2024-05-02,2024,1,Sunrisers Hyderabad,Rajasthan Royals,Anmolpreet Singh,5,5,1,0,100.0,Rajasthan Royals,0.0,0.0,16.75,104.71733821733821,8,21.0,16.75,19.0,0.0,0.0,3.0,0.4,20.94578054240919,-15.945780542409189,15.945780542409189
1426288,2024-05-02,2024,2,Rajasthan Royals,Sunrisers Hyderabad,Dhruv Jurel,1,3,0,0,33.33333333333333,Sunrisers Hyderabad,52.0,152.94117647058823,14.941176470588236,133.33954972363276,17,16.4,12.4,0.0,5.0,2.0,1.6,0.4,14.979271422441016,-13.979271422441016,13.979271422441016
1426288,2024-05-02,2024,1,Sunrisers Hyderabad,Rajasthan Royals,H Klaasen,42,19,3,3,221.0526315789474,Rajasthan Royals,20.0,95.23809523809523,31.115384615384617,163.82579379429777,26,23.6,31.3,16.0,0.0,1.0,0.6,2.2,20.820206857882145,21.179793142117855,21.179793142117855
1426288,2024-05-02,2024,2,Rajasthan Royals,Sunrisers Hyderabad,JC Buttler,0,1,0,0,0.0,Sunrisers Hyderabad,34.0,188.88888888888889,34.06730769230769,129.15995786023976,104,56.8,31.9,31.75,4.0,1.0,5.6,2.2,29.444146984649613,-29.444146984649613,29.444146984649613
1426288,2024-05-02,2024,1,Sunrisers Hyderabad,Rajasthan Royals,Nithish Kumar Reddy,76,42,3,8,180.95238095238096,Rajasthan Royals,15.0,100.0,28.6,137.002002002002,5,28.6,28.6,0.0,0.0,0.0,1.4,1.8,23.10314051353252,52.89685948646748,52.89685948646748
1426288,2024-05-02,2024,2,Rajasthan Royals,Sunrisers Hyderabad,R Ashwin,2,2,0,0,100.0,Sunrisers Hyderabad,8.0,72.72727272727273,9.130952380952381,108.30754175237668,84,12.6,11.9,8.2,1.0,0.0,0.6,0.6,7.70306889534248,-5.70306889534248,5.70306889534248
1426288,2024-05-02,2024,2,Rajasthan Royals,Sunrisers Hyderabad,R Parag,77,48,8,4,160.41666666666669,Sunrisers Hyderabad,14.0,127.27272727272727,17.923076923076923,116.64296035219084,52,30.2,35.6,16.0,0.0,1.0,1.8,1.8,22.784654589637377,54.21534541036262,54.21534541036262
1426288,2024-05-02,2024,2,Rajasthan Royals,Sunrisers Hyderabad,R Powell,27,15,3,1,180.0,Sunrisers Hyderabad,26.0,200.0,17.294117647058822,116.51857801944307,17,8.8,19.4,67.0,1.0,3.0,0.8,0.6,21.98755013100022,5.012449868999781,5.012449868999781
1426288,2024-05-02,2024,2,Rajasthan Royals,Sunrisers Hyderabad,SO Hetmyer,13,9,1,1,144.44444444444443,Sunrisers Hyderabad,0.0,0.0,19.35483870967742,138.55057911599292,62,13.0,16.5,25.0,0.0,0.0,1.0,1.0,18.03045064957544,-5.030450649575439,5.030450649575439
1426288,2024-05-02,2024,2,Rajasthan Royals,Sunrisers Hyderabad,SV Samson,0,3,0,0,0.0,Sunrisers Hyderabad,71.0,215.15151515151513,27.391025641025642,118.86252563305065,156,41.4,38.7,37.666666666666664,7.0,4.0,3.8,1.8,25.286179941647024,-25.286179941647024,25.286179941647024
1426288,2024-05-02,2024,1,Sunrisers Hyderabad,Rajasthan Royals,TM Head,58,44,6,3,131.8181818181818,Rajasthan Royals,13.0,185.71428571428572,30.166666666666668,138.8286122680583,18,45.2,41.5,0.0,1.0,1.0,5.0,3.0,26.44257255557085,31.55742744442915,31.55742744442915
1426288,2024-05-02,2024,2,Rajasthan Royals,Sunrisers Hyderabad,YBK Jaiswal,67,39,7,2,171.7948717948718,Sunrisers Hyderabad,24.0,133.33333333333331,30.891304347826086,125.88110562452412,46,42.0,29.9,31.4,3.0,1.0,4.8,1.8,28.591247452677436,38.408752547322564,38.408752547322564
1426289,2024-05-03,2024,1,Kolkata Knight Riders,Mumbai Indians,A Raghuvanshi,13,6,0,2,216.66666666666666,Mumbai Indians,3.0,75.0,23.6,138.33333333333334,5,23.6,23.6,0.0,0.0,0.0,2.6,1.0,17.079103053753695,-4.079103053753695,4.079103053753695
1426289,2024-05-03,2024,1,Kolkata Knight Riders,Mumbai Indians,AD Russell,7,2,0,1,350.0,Mumbai Indians,24.0,200.0,23.970588235294116,150.1530335134211,102,23.0,24.0,17.23076923076923,2.0,2.0,2.8,1.0,24.20385496931495,-17.20385496931495,17.20385496931495
1426289,2024-05-03,2024,2,Mumbai Indians,Kolkata Knight Riders,G Coetzee,8,7,0,1,114.28571428571428,Kolkata Knight Riders,1.0,50.0,1.5,31.944444444444443,4,1.5,1.5,0.0,0.0,0.0,0.0,0.0,4.164995620268757,3.8350043797312434,3.8350043797312434
1426289,2024-05-03,2024,2,Mumbai Indians,Kolkata Knight Riders,HH Pandya,1,3,0,0,33.33333333333333,Kolkata Knight Riders,0.0,0.0,19.6484375,142.20766364770034,128,13.6,19.7,32.666666666666664,0.0,0.0,1.0,0.8,22.67000457441124,-21.67000457441124,21.67000457441124
1426289,2024-05-03,2024,2,Mumbai Indians,Kolkata Knight Riders,Ishan Kishan,13,7,1,1,185.71428571428572,Kolkata Knight Riders,32.0,91.42857142857143,27.03157894736842,117.29681206031427,95,16.6,24.4,29.142857142857142,3.0,0.0,2.2,0.2,25.589788755363372,-12.589788755363372,12.589788755363372
1426289,2024-05-03,2024,2,Mumbai Indians,Kolkata Knight Riders,JJ Bumrah,1,1,0,0,100.0,Kolkata Knight Riders,2.0,200.0,2.68,72.84040404040405,25,2.2,2.2,0.0,0.0,0.0,0.2,0.0,2.072283470836399,-1.0722834708363989,1.0722834708363989
1426289,2024-05-03,2024,1,Kolkata Knight Riders,Mumbai Indians,MA Starc,0,2,0,0,0.0,Mumbai Indians,0.0,0.0,7.357142857142857,99.10224959549036,14,1.8,6.7,5.0,0.0,0.0,0.2,0.0,4.961366876976805,-4.961366876976805,4.961366876976805
1426289,2024-05-03,2024,1,Kolkata Knight Riders,Mumbai Indians,MK Pandey,42,30,2,2,140.0,Mumbai Indians,0.0,0.0,24.0062893081761,105.95283243445888,159,12.6,18.2,30.666666666666668,0.0,0.0,0.6,0.4,26.758007543016667,15.241992456983333,15.241992456983333
1426289,2024-05-03,2024,2,Mumbai Indians,Kolkata Knight Riders,N Wadhera,6,11,1,0,54.54545454545454,Kolkata Knight Riders,46.0,112.19512195121952,26.153846153846153,147.74831604403397,13,25.2,31.3,6.0,4.0,2.0,2.2,1.6,23.551681251550253,-17.551681251550253,17.551681251550253
1426289,2024-05-03,2024,2,Mumbai Indians,Kolkata Knight Riders,Naman Dhir,11,11,2,0,100.0,Kolkata Knight Riders,0.0,0.0,16.666666666666668,138.0952380952381,3,16.666666666666668,16.666666666666668,0.0,0.0,0.0,1.6666666666666667,1.0,13.273896865739944,-2.2738968657399443,2.2738968657399443
1426289,2024-05-03,2024,1,Kolkata Knight Riders,Mumbai Indians,PD Salt,5,3,1,0,166.66666666666669,Mumbai Indians,68.0,206.06060606060606,33.888888888888886,139.65597039126453,18,58.0,39.5,0.0,7.0,5.0,7.0,3.4,24.108600317148568,-19.108600317148568,19.108600317148568
1426289,2024-05-03,2024,2,Mumbai Indians,Kolkata Knight Riders,PP Chawla,0,1,0,0,0.0,Kolkata Knight Riders,10.0,250.0,7.416666666666667,107.09501294792649,84,2.8,4.3,8.142857142857142,1.0,1.0,0.2,0.2,9.548041675724889,-9.548041675724889,9.548041675724889
1426289,2024-05-03,2024,2,Mumbai Indians,Kolkata Knight Riders,RG Sharma,11,12,0,1,91.66666666666666,Kolkata Knight Riders,4.0,80.0,26.322580645161292,112.53148548178478,248,31.8,31.5,33.54838709677419,1.0,0.0,3.2,1.6,25.331525697891863,-14.331525697891863,14.331525697891863
1426289,2024-05-03,2024,1,Kolkata Knight Riders,Mumbai Indians,RK Singh,9,8,2,0,112.5,Mumbai Indians,11.0,100.0,22.91891891891892,138.0720420776337,37,13.8,24.4,12.5,1.0,0.0,1.0,0.6,21.3782028288475,-12.378202828847499,12.378202828847499
1426289,2024-05-03,2024,1,Kolkata Knight Riders,Mumbai Indians,Ramandeep Singh,2,4,0,0,50.0,Mumbai Indians,6.0,200.0,12.6,161.20833333333331,10,9.2,12.6,0.0,0.0,1.0,0.4,0.8,10.625616060031716,-8.625616060031716,8.625616060031716
1426289,2024-05-03,2024,2,Mumbai Indians,Kolkata Knight Riders,SA Yadav,56,34,6,2,164.70588235294116,Kolkata Knight Riders,10.0,166.66666666666669,25.946969696969695,134.4616963398728,132,24.8,29.5,38.0,0.0,1.0,2.4,1.2,26.77504892037826,29.22495107962174,29.22495107962174
1426289,2024-05-03,2024,1,Kolkata Knight Riders,Mumbai Indians,SP Narine,8,8,0,1,100.0,Mumbai Indians,15.0,166.66666666666669,14.03960396039604,122.03185149129345,101,42.2,37.3,4.3,3.0,0.0,5.6,2.0,27.967512797418518,-19.967512797418518,19.967512797418518
1426289,2024-05-03,2024,1,Kolkata Knight Riders,Mumbai Indians,SS Iyer,6,4,1,0,150.0,Mumbai Indians,33.0,143.47826086956522,27.554545454545455,112.35736425918888,110,32.0,30.1,23.4375,3.0,1.0,3.6,1.2,26.943702044444027,-20.943702044444027,20.943702044444027
1426289,2024-05-03,2024,2,Mumbai Indians,Kolkata Knight Riders,TH David,24,20,1,1,120.0,Kolkata Knight Riders,35.0,205.88235294117646,19.242424242424242,152.65145282524963,33,20.4,21.9,18.5,3.0,1.0,1.4,1.4,17.09976293125399,6.900237068746009,6.900237068746009
1426289,2024-05-03,2024,2,Mumbai Indians,Kolkata Knight Riders,Tilak Varma,4,6,0,0,66.66666666666666,Kolkata Knight Riders,7.0,63.63636363636363,30.942857142857143,140.704170156778,35,40.0,34.3,24.666666666666668,1.0,0.0,3.4,1.8,26.447346582009903,-22.447346582009903,22.447346582009903
1426289,2024-05-03,2024,1,Kolkata Knight Riders,Mumbai Indians,VR Iyer,70,52,6,3,134.6153846153846,Mumbai Indians,26.0,113.04347826086956,25.227272727272727,120.90128478810902,44,18.4,18.7,62.5,2.0,1.0,1.8,0.6,27.860129444860977,42.13987055513903,42.13987055513903
1426290,2024-05-04,2024,1,Gujarat Titans,Royal Challengers Bengaluru,B Sai Sudharsan,6,14,0,0,42.857142857142854,Royal Challengers Bengaluru,84.0,175.0,40.21739130434783,135.7057424673496,23,45.4,41.8,84.0,8.0,4.0,4.6,1.4,32.62894598962626,-26.62894598962626,26.62894598962626
1426290,2024-05-04,2024,2,Royal Challengers Bengaluru,Gujarat Titans,C Green,1,2,0,0,50.0,Gujarat Titans,37.0,185.0,24.47826086956522,133.8554501783256,23,18.0,28.2,22.0,5.0,0.0,2.0,0.6,23.408884906614823,-22.408884906614823,22.408884906614823
1426290,2024-05-04,2024,1,Gujarat Titans,Royal Challengers Bengaluru,DA Miller,30,20,3,2,150.0,Royal Challengers Bengaluru,26.0,136.8421052631579,23.59016393442623,124.58101410658107,122,26.2,18.1,26.0,2.0,1.0,2.4,1.2,25.532130730548328,4.467869269451672,4.467869269451672
1426290,2024-05-04,2024,2,Royal Challengers Bengaluru,Gujarat Titans,F du Plessis,64,23,10,3,278.2608695652174,Gujarat Titans,24.0,200.0,33.2406015037594,121.26961750331995,133,35.8,28.8,24.0,1.0,3.0,3.2,2.2,33.403294629951425,30.596705370048575,30.596705370048575
1426290,2024-05-04,2024,2,Royal Challengers Bengaluru,Gujarat Titans,GJ Maxwell,4,3,1,0,133.33333333333331,Gujarat Titans,0.0,0.0,21.841269841269842,125.36104474256841,126,6.4,17.0,28.0,0.0,0.0,0.6,0.2,20.13183221379945,-16.13183221379945,16.13183221379945
1426290,2024-05-04,2024,2,Royal Challengers Bengaluru,Gujarat Titans,KD Karthik,21,12,3,0,175.0,Gujarat Titans,11.0,183.33333333333331,20.778260869565216,120.45017729840363,230,35.2,26.2,1.3333333333333333,2.0,0.0,3.0,2.4,17.224822017312903,3.7751779826870973,3.7751779826870973
1426290,2024-05-04,2024,1,Gujarat Titans,Royal Challengers Bengaluru,M Shahrukh Khan,37,24,5,1,154.16666666666669,Royal Challengers Bengaluru,58.0,193.33333333333334,14.685714285714285,139.63418410842598,35,17.6,16.0,58.0,3.0,5.0,0.8,1.6,14.01718138983436,22.98281861016564,22.98281861016564
1426290,2024-05-04,2024,1,Gujarat Titans,Royal Challengers Bengaluru,MJ Suthar,1,2,0,0,50.0,Royal Challengers Bengaluru,0.0,0.0,0.0,0.0,0,0.0,0.0,0.0,0.0,0.0,0.0,0.0,9.37147214482193,-8.37147214482193,8.37147214482193
1426290,2024-05-04,2024,1,Gujarat Titans,Royal Challengers Bengaluru,MM Sharma,0,1,0,0,0.0,Royal Challengers Bengaluru,2.0,14.285714285714285,4.592592592592593,84.43121693121692,27,1.4,2.6,0.0,0.0,0.0,0.0,0.0,6.848248229511929,-6.848248229511929,6.848248229511929
1426290,2024-05-04,2024,1,Gujarat Titans,Royal Challengers Bengaluru,R Tewatia,35,21,5,1,166.66666666666669,Royal Challengers Bengaluru,4.0,80.0,15.28125,130.75670605943645,64,20.4,16.0,0.0,0.0,0.0,2.6,0.4,16.800854406445062,18.199145593554938,18.199145593554938
1426290,2024-05-04,2024,2,Royal Challengers Bengaluru,Gujarat Titans,RM Patidar,2,3,0,0,66.66666666666666,Gujarat Titans,50.0,250.0,32.36842105263158,134.61966406644848,19,38.0,38.1,52.0,2.0,5.0,2.0,3.4,26.823240066150014,-24.823240066150014,24.823240066150014
1426290,2024-05-04,2024,1,Gujarat Titans,Royal Challengers Bengaluru,Rashid Khan,18,14,2,1,128.57142857142858,Royal Challengers Bengaluru,21.0,210.0,9.24561403508772,120.68118406934197,57,15.8,11.9,0.0,3.0,1.0,1.8,0.4,11.297520422718389,6.702479577281611,6.702479577281611
1426290,2024-05-04,2024,1,Gujarat Titans,Royal Challengers Bengaluru,Shubman Gill,2,7,0,0,28.57142857142857,Royal Challengers Bengaluru,16.0,84.21052631578947,32.06185567010309,121.92105079651489,97,27.4,32.0,16.0,1.0,0.0,3.0,0.4,30.191892734979806,-28.191892734979806,28.191892734979806
1426290,2024-05-04,2024,2,Royal Challengers Bengaluru,Gujarat Titans,Swapnil Singh,15,9,2,1,166.66666666666669,Gujarat Titans,12.0,200.0,5.2,81.76470588235294,5,5.2,5.2,2.0,1.0,1.0,0.2,0.2,9.118897042116513,5.881102957883487,5.881102957883487
1426290,2024-05-04,2024,2,Royal Challengers Bengaluru,Gujarat Titans,V Kohli,42,27,2,4,155.55555555555557,Gujarat Titans,70.0,159.0909090909091,32.25311203319502,117.84124782310896,241,36.8,50.0,75.5,6.0,3.0,3.4,1.6,33.2478217460272,8.7521782539728,8.7521782539728
1426290,2024-05-04,2024,1,Gujarat Titans,Royal Challengers Bengaluru,V Shankar,10,7,2,0,142.85714285714286,Royal Challengers Bengaluru,16.0,160.0,19.385964912280702,121.44695826379419,57,13.4,17.5,0.0,3.0,0.0,1.0,0.4,19.564098768179743,-9.564098768179743,9.564098768179743
1426290,2024-05-04,2024,2,Royal Challengers Bengaluru,Gujarat Titans,WG Jacks,1,3,0,0,33.33333333333333,Gujarat Titans,100.0,250.0,35.2,159.375,5,35.2,35.2,100.0,5.0,10.0,2.4,3.0,26.83474867919917,-25.83474867919917,25.83474867919917
1426290,2024-05-04,2024,1,Gujarat Titans,Royal Challengers Bengaluru,WP Saha,1,7,0,0,14.285714285714285,Royal Challengers Bengaluru,5.0,125.0,20.654929577464788,116.25801411725638,142,14.0,20.7,5.0,1.0,0.0,1.8,0.2,22.0374494890205,-21.0374494890205,21.0374494890205
1426291,2024-05-05,2024,1,Chennai Super Kings,Punjab Kings,AM Rahane,9,7,1,0,128.57142857142858,Punjab Kings,29.0,120.83333333333333,27.375,105.2815204785257,168,16.0,22.6,20.5,5.0,0.0,2.4,0.2,31.10216993867484,-22.10216993867484,22.10216993867484
1426291,2024-05-05,2024,2,Punjab Kings,Chennai Super Kings,Ashutosh Sharma,3,10,0,0,30.0,Chennai Super Kings,3.0,37.5,31.8,176.22699849170436,5,31.8,31.8,0.0,0.0,0.0,1.8,2.6,20.23189882858055,-17.23189882858055,17.23189882858055
1426291,2024-05-05,2024,1,Chennai Super Kings,Punjab Kings,DJ Mitchell,30,19,2,1,157.89473684210526,Punjab Kings,1.0,100.0,21.09090909090909,115.30431423972095,11,21.2,21.6,1.0,0.0,0.0,2.0,0.4,23.113331551206937,6.886668448793063,6.886668448793063
1426291,2024-05-05,2024,2,Punjab Kings,Chennai Super Kings,HV Patel,12,13,1,1,92.3076923076923,Chennai Super Kings,0.0,0.0,6.771428571428571,105.60499444533058,35,1.6,4.0,6.833333333333333,0.0,0.0,0.0,0.2,7.27680281625651,4.72319718374349,4.72319718374349
1426291,2024-05-05,2024,2,Punjab Kings,Chennai Super Kings,Harpreet Brar,17,13,2,0,130.76923076923077,Chennai Super Kings,29.0,241.66666666666666,9.391304347826088,119.1627406111186,23,11.2,8.2,0.0,4.0,1.0,1.2,0.4,12.492859899599091,4.507140100400909,4.507140100400909
1426291,2024-05-05,2024,2,Punjab Kings,Chennai Super Kings,JM Bairstow,7,6,1,0,116.66666666666667,Chennai Super Kings,46.0,153.33333333333334,32.787234042553195,131.75162314933647,47,38.2,30.1,20.428571428571427,7.0,1.0,4.0,2.0,25.946934121965764,-18.946934121965764,18.946934121965764
1426291,2024-05-05,2024,2,Punjab Kings,Chennai Super Kings,JM Sharma,0,1,0,0,0.0,Chennai Super Kings,13.0,108.33333333333333,20.96875,149.49270618658008,32,17.2,17.2,23.5,0.0,1.0,0.6,1.2,18.732433527495523,-18.732433527495523,18.732433527495523
1426291,2024-05-05,2024,2,Punjab Kings,Chennai Super Kings,K Rabada,11,10,0,1,110.00000000000001,Chennai Super Kings,1.0,100.0,7.222222222222222,106.37871387871388,27,3.0,3.2,8.0,0.0,0.0,0.0,0.4,6.279567898503168,4.720432101496832,4.720432101496832
1426291,2024-05-05,2024,1,Chennai Super Kings,Punjab Kings,MJ Santner,11,11,1,0,100.0,Punjab Kings,1.0,100.0,7.0,114.33479532163743,8,2.6,7.0,9.0,0.0,0.0,0.2,0.0,7.99717562457202,3.0028243754279798,3.0028243754279798
1426291,2024-05-05,2024,1,Chennai Super Kings,Punjab Kings,MM Ali,17,20,2,0,85.0,Punjab Kings,15.0,166.66666666666669,19.98148148148148,121.0841211461285,54,12.4,12.7,14.2,1.0,1.0,0.2,1.0,19.562251702477553,-2.5622517024775533,2.5622517024775533
1426291,2024-05-05,2024,1,Chennai Super Kings,Punjab Kings,MS Dhoni,0,1,0,0,0.0,Punjab Kings,14.0,127.27272727272727,23.075555555555557,132.75726567003744,225,14.2,11.1,14.8,1.0,1.0,1.2,1.2,16.14894429911146,-16.14894429911146,16.14894429911146
1426291,2024-05-05,2024,2,Punjab Kings,Chennai Super Kings,P Simran Singh,30,23,2,2,130.43478260869566,Chennai Super Kings,13.0,130.0,21.433333333333334,123.09517829951265,30,22.4,22.1,27.5,1.0,1.0,1.8,1.8,19.798343649247194,10.201656350752806,10.201656350752806
1426291,2024-05-05,2024,1,Chennai Super Kings,Punjab Kings,RA Jadeja,43,26,3,2,165.3846153846154,Punjab Kings,2.0,50.0,16.198863636363637,131.93080945064682,176,25.4,21.6,10.0,0.0,0.0,2.6,0.2,20.472390349920154,22.527609650079846,22.527609650079846
1426291,2024-05-05,2024,2,Punjab Kings,Chennai Super Kings,RD Chahar,16,10,2,1,160.0,Chennai Super Kings,0.0,0.0,5.4,73.42261904761905,20,6.2,7.7,3.5,0.0,0.0,0.6,0.2,7.533747780001625,8.466252219998374,8.466252219998374
1426291,2024-05-05,2024,1,Chennai Super Kings,Punjab Kings,RD Gaikwad,32,21,4,1,152.38095238095238,Punjab Kings,62.0,131.91489361702128,37.80327868852459,114.75803053766238,61,70.8,50.9,24.5,5.0,2.0,6.6,2.6,29.327131045954534,2.672868954045466,2.672868954045466
1426291,2024-05-05,2024,1,Chennai Super Kings,Punjab Kings,RJ Gleeson,2,2,0,0,100.0,Punjab Kings,0.0,0.0,0.0,0.0,0,0.0,0.0,0.0,0.0,0.0,0.0,0.0,10.027858439624833,-8.027858439624833,8.027858439624833
1426291,2024-05-05,2024,2,Punjab Kings,Chennai Super Kings,RR Rossouw,0,3,0,0,0.0,Chennai Super Kings,43.0,186.95652173913044,18.944444444444443,105.94988104046075,18,15.8,24.4,18.6,5.0,2.0,1.6,0.8,17.82607478490389,-17.82607478490389,17.82607478490389
1426291,2024-05-05,2024,1,Chennai Super Kings,Punjab Kings,S Dube,0,1,0,0,0.0,Punjab Kings,0.0,0.0,25.54385964912281,128.3515223787013,57,34.8,35.0,23.2,0.0,0.0,2.8,2.6,27.117219215612245,-27.117219215612245,27.117219215612245
1426291,2024-05-05,2024,2,Punjab Kings,Chennai Super Kings,SM Curran,7,11,0,0,63.63636363636363,Chennai Super Kings,26.0,144.44444444444443,17.57777777777778,127.24806691387639,45,17.4,22.7,15.25,3.0,0.0,1.6,0.4,18.40946063285271,-11.40946063285271,11.40946063285271
1426291,2024-05-05,2024,1,Chennai Super Kings,Punjab Kings,SN Thakur,17,11,2,1,154.54545454545453,Punjab Kings,3.0,42.857142857142854,8.9375,106.32681249230704,32,5.0,11.7,5.5,0.0,0.0,0.4,0.0,9.338191375496608,7.661808624503392,7.661808624503392
1426291,2024-05-05,2024,2,Punjab Kings,Chennai Super Kings,Shashank Singh,27,20,4,0,135.0,Chennai Super Kings,25.0,96.15384615384616,23.8,155.07504385780248,15,30.2,28.8,20.0,1.0,1.0,1.2,2.4,24.374504844624326,2.625495155375674,2.625495155375674
1426291,2024-05-05,2024,1,Chennai Super Kings,Punjab Kings,TU Deshpande,0,1,0,0,0.0,Punjab Kings,0.0,0.0,7.0,85.18518518518518,3,7.0,7.0,0.0,0.0,0.0,0.6666666666666666,0.3333333333333333,10.880316388347685,-10.880316388347685,10.880316388347685
1426292,2024-05-05,2024,2,Lucknow Super Giants,Kolkata Knight Riders,A Badoni,15,12,0,1,125.0,Kolkata Knight Riders,6.0,100.0,17.29032258064516,117.80692732784547,31,25.6,16.3,23.0,1.0,0.0,2.4,0.4,19.10042348549394,-4.100423485493941,4.100423485493941
1426292,2024-05-05,2024,1,Kolkata Knight Riders,Lucknow Super Giants,A Raghuvanshi,32,26,3,1,123.07692307692308,Lucknow Super Giants,13.0,216.66666666666666,21.833333333333332,151.38888888888889,6,15.4,21.833333333333332,7.0,0.0,2.0,1.6,0.8,16.33784705760284,15.66215294239716,15.66215294239716
1426292,2024-05-05,2024,2,Lucknow Super Giants,Kolkata Knight Riders,AA Kulkarni,9,7,2,0,128.57142857142858,Kolkata Knight Riders,0.0,0.0,0.0,0.0,1,0.0,0.0,0.0,0.0,0.0,0.0,0.0,9.49422642478068,-0.49422642478067935,0.49422642478067935
1426292,2024-05-05,2024,1,Kolkata Knight Riders,Lucknow Super Giants,AD Russell,12,8,1,1,150.0,Lucknow Super Giants,7.0,350.0,23.805825242718445,152.0932953239704,103,16.2,20.5,19.0,0.0,1.0,2.0,0.6,25.448218917988534,-13.448218917988534,13.448218917988534
1426292,2024-05-05,2024,2,Lucknow Super Giants,Kolkata Knight Riders,AJ Turner,16,9,0,2,177.77777777777777,Kolkata Knight Riders,5.0,55.55555555555556,1.6,19.68253968253968,5,1.6,1.6,0.0,0.0,0.0,0.0,0.0,4.745495121469061,11.25450487853094,11.25450487853094
1426292,2024-05-05,2024,2,Lucknow Super Giants,Kolkata Knight Riders,DJ Hooda,5,3,1,0,166.66666666666669,Kolkata Knight Riders,18.0,100.0,15.425531914893616,119.09520971368639,94,20.6,16.1,11.9,2.0,0.0,2.4,0.2,18.377693985908977,-13.377693985908977,13.377693985908977
1426292,2024-05-05,2024,2,Lucknow Super Giants,Kolkata Knight Riders,KH Pandya,5,6,0,0,83.33333333333334,Kolkata Knight Riders,1.0,100.0,15.41747572815534,122.59097841724049,103,5.6,14.0,13.615384615384615,0.0,0.0,0.2,0.0,14.08002781616459,-9.08002781616459,9.08002781616459
1426292,2024-05-05,2024,2,Lucknow Super Giants,Kolkata Knight Riders,KL Rahul,25,21,3,0,119.04761904761905,Kolkata Knight Riders,28.0,127.27272727272727,38.125,122.44503565784834,120,48.2,40.6,37.69230769230769,3.0,1.0,4.8,1.8,33.84738742429084,-8.847387424290837,8.847387424290837
1426292,2024-05-05,2024,2,Lucknow Super Giants,Kolkata Knight Riders,MP Stoinis,36,21,4,2,171.42857142857142,Kolkata Knight Riders,62.0,137.77777777777777,21.357142857142858,119.13066579024414,84,40.8,31.6,11.181818181818182,7.0,2.0,4.6,1.6,24.7349030367194,11.265096963280602,11.265096963280602
1426292,2024-05-05,2024,2,Lucknow Super Giants,Kolkata Knight Riders,N Pooran,10,8,0,1,125.0,Kolkata Knight Riders,14.0,100.0,22.5,136.0457544687949,70,25.4,30.5,23.0,1.0,0.0,2.0,1.4,22.30284726097367,-12.302847260973671,12.302847260973671
1426292,2024-05-05,2024,1,Kolkata Knight Riders,Lucknow Super Giants,PD Salt,32,14,5,1,228.57142857142856,Lucknow Super Giants,5.0,166.66666666666669,32.36842105263158,141.07758598470673,19,41.2,39.7,89.0,1.0,0.0,4.4,2.8,33.609973623981936,-1.6099736239819364,1.6099736239819364
1426292,2024-05-05,2024,1,Kolkata Knight Riders,Lucknow Super Giants,RK Singh,16,11,2,0,145.45454545454547,Lucknow Super Giants,9.0,112.5,22.55263157894737,137.39909360190651,38,13.8,19.9,37.666666666666664,2.0,0.0,1.4,0.6,23.21253224777414,-7.2125322477741385,7.2125322477741385
1426292,2024-05-05,2024,1,Kolkata Knight Riders,Lucknow Super Giants,Ramandeep Singh,25,6,1,3,416.6666666666667,Lucknow Super Giants,2.0,50.0,11.636363636363637,151.09848484848484,11,9.2,12.2,0.0,0.0,0.0,0.4,0.8,11.134385249804469,13.865614750195531,13.865614750195531
1426292,2024-05-05,2024,2,Lucknow Super Giants,Kolkata Knight Riders,Ravi Bishnoi,2,3,0,0,66.66666666666666,Kolkata Knight Riders,0.0,0.0,2.3333333333333335,71.72619047619048,12,2.8,2.1,1.5,0.0,0.0,0.2,0.0,1.9397989023362925,0.060201097663707515,0.060201097663707515
1426292,2024-05-05,2024,1,Kolkata Knight Riders,Lucknow Super Giants,SP Narine,81,39,6,7,207.6923076923077,Lucknow Super Giants,8.0,100.0,13.980392156862745,121.81585294726115,102,42.6,38.0,12.5,0.0,1.0,5.4,2.2,28.015330919398522,52.98466908060148,52.98466908060148
1426292,2024-05-05,2024,1,Kolkata Knight Riders,Lucknow Super Giants,SS Iyer,23,15,3,0,153.33333333333334,Lucknow Super Giants,6.0,150.0,27.36036036036036,112.69648710370069,111,25.6,25.7,31.333333333333332,1.0,0.0,2.6,1.2,27.757834596974142,-4.757834596974142,4.757834596974142
1426292,2024-05-05,2024,1,Kolkata Knight Riders,Lucknow Super Giants,VR Iyer,1,1,0,0,100.0,Lucknow Super Giants,70.0,134.6153846153846,26.22222222222222,121.20604256204848,45,31.8,24.8,12.0,6.0,3.0,3.0,1.2,25.179155885765233,-24.179155885765233,24.179155885765233
1426292,2024-05-05,2024,2,Lucknow Super Giants,Kolkata Knight Riders,Yudhvir Singh,7,7,0,1,100.0,Kolkata Knight Riders,1.0,100.0,0.5,50.0,2,0.5,0.5,0.0,0.0,0.0,0.0,0.0,5.073429405135589,1.926570594864411,1.926570594864411
1426293,2024-05-06,2024,1,Sunrisers Hyderabad,Mumbai Indians,Abdul Samad,3,4,0,0,75.0,Mumbai Indians,19.0,105.55555555555556,15.571428571428571,139.27516455262457,35,20.8,20.6,9.5,1.0,1.0,2.2,1.2,17.299863757550806,-14.299863757550806,14.299863757550806
1426293,2024-05-06,2024,1,Sunrisers Hyderabad,Mumbai Indians,Abhishek Sharma,11,16,0,1,68.75,Mumbai Indians,12.0,120.0,21.963636363636365,135.30574143571334,55,27.6,31.5,16.875,0.0,1.0,1.6,2.4,20.031004612859935,-9.031004612859935,9.031004612859935
1426293,2024-05-06,2024,1,Sunrisers Hyderabad,Mumbai Indians,H Klaasen,2,4,0,0,50.0,Mumbai Indians,42.0,221.0526315789474,31.51851851851852,165.94530630484036,27,30.2,33.7,33.5,3.0,3.0,1.0,2.8,22.98909833324801,-20.98909833324801,20.98909833324801
1426293,2024-05-06,2024,2,Mumbai Indians,Sunrisers Hyderabad,Ishan Kishan,9,7,2,0,128.57142857142858,Sunrisers Hyderabad,13.0,185.71428571428572,26.885416666666668,118.00949407754314,96,14.6,25.7,31.333333333333332,1.0,1.0,1.8,0.2,27.951715338525943,-18.951715338525943,18.951715338525943
1426293,2024-05-06,2024,1,Sunrisers Hyderabad,Mumbai Indians,M Jansen,17,12,1,1,141.66666666666669,Mumbai Indians,1.0,100.0,4.454545454545454,81.41873278236913,11,2.0,4.9,13.0,0.0,0.0,0.0,0.0,4.658654461026381,12.34134553897362,12.34134553897362
1426293,2024-05-06,2024,1,Sunrisers Hyderabad,Mumbai Indians,MA Agarwal,5,6,1,0,83.33333333333334,Mumbai Indians,16.0,94.11764705882352,22.016528925619834,117.30106167469549,121,32.0,27.3,24.333333333333332,2.0,0.0,3.4,1.2,22.786743462690797,-17.786743462690797,17.786743462690797
1426293,2024-05-06,2024,2,Mumbai Indians,Sunrisers Hyderabad,Naman Dhir,0,9,0,0,0.0,Sunrisers Hyderabad,11.0,100.0,15.25,128.57142857142856,4,15.25,15.25,30.0,2.0,0.0,1.75,0.75,14.150650893210837,-14.150650893210837,14.150650893210837
1426293,2024-05-06,2024,1,Sunrisers Hyderabad,Mumbai Indians,Nithish Kumar Reddy,20,15,2,0,133.33333333333331,Mumbai Indians,76.0,180.95238095238096,36.5,144.3270651603985,6,41.0,36.5,0.0,3.0,8.0,1.8,3.2,24.802876477055484,-4.802876477055484,4.802876477055484
1426293,2024-05-06,2024,1,Sunrisers Hyderabad,Mumbai Indians,PJ Cummins,35,16,2,2,218.75,Mumbai Indians,5.0,71.42857142857143,12.028571428571428,122.14136610355098,35,8.4,4.9,22.285714285714285,1.0,0.0,0.4,0.6,13.182073636259823,21.817926363740177,21.817926363740177
1426293,2024-05-06,2024,2,Mumbai Indians,Sunrisers Hyderabad,RG Sharma,4,5,1,0,80.0,Sunrisers Hyderabad,11.0,91.66666666666666,26.26104417670683,112.44769102871201,249,13.0,28.3,19.772727272727273,0.0,1.0,1.0,0.8,25.345914958920815,-21.345914958920815,21.345914958920815
1426293,2024-05-06,2024,2,Mumbai Indians,Sunrisers Hyderabad,SA Yadav,102,51,12,6,200.0,Sunrisers Hyderabad,56.0,164.70588235294116,26.172932330827066,134.6890962347079,133,36.0,32.6,20.75,6.0,2.0,3.6,1.6,25.04017338548547,76.95982661451453,76.95982661451453
1426293,2024-05-06,2024,1,Sunrisers Hyderabad,Mumbai Indians,Sanvir Singh,8,7,0,0,114.28571428571428,Mumbai Indians,4.0,133.33333333333331,5.5,125.0,2,5.5,5.5,4.0,1.0,0.0,0.5,0.5,9.627508989148017,-1.6275089891480174,1.6275089891480174
1426293,2024-05-06,2024,1,Sunrisers Hyderabad,Mumbai Indians,Shahbaz Ahmed,10,12,0,0,83.33333333333334,Mumbai Indians,7.0,140.0,15.53125,119.14317854426747,32,27.6,18.5,1.0,1.0,0.0,1.0,1.6,18.73329902269156,-8.733299022691561,8.733299022691561
1426293,2024-05-06,2024,1,Sunrisers Hyderabad,Mumbai Indians,TM Head,48,28,7,1,171.42857142857142,Mumbai Indians,58.0,131.8181818181818,31.63157894736842,138.4596422443806,19,52.6,39.8,37.0,6.0,3.0,5.4,3.6,27.73004590361364,20.26995409638636,20.26995409638636
1426293,2024-05-06,2024,2,Mumbai Indians,Sunrisers Hyderabad,Tilak Varma,37,32,6,0,115.625,Sunrisers Hyderabad,4.0,66.66666666666666,30.194444444444443,138.64757283760824,36,34.6,32.2,36.333333333333336,0.0,0.0,2.4,1.8,26.06124910627651,10.93875089372349,10.93875089372349
1426294,2024-05-07,2024,1,Delhi Capitals,Rajasthan Royals,AR Patel,15,10,1,1,150.0,Rajasthan Royals,15.0,71.42857142857143,14.376146788990825,125.65731134327757,109,21.2,16.4,9.454545454545455,2.0,0.0,1.6,1.0,18.280169339329415,-3.280169339329415,3.280169339329415
1426294,2024-05-07,2024,1,Delhi Capitals,Rajasthan Royals,Abishek Porel,65,36,7,3,180.55555555555557,Rajasthan Royals,18.0,120.0,18.076923076923077,133.55503815181234,13,30.4,20.7,8.0,2.0,1.0,3.8,0.8,23.205890228446354,41.79410977155365,41.79410977155365
1426294,2024-05-07,2024,2,Rajasthan Royals,Delhi Capitals,Avesh Khan,7,3,1,0,233.33333333333334,Delhi Capitals,0.0,0.0,4.428571428571429,148.57142857142858,7,4.4,4.428571428571429,0.0,0.0,0.0,0.0,0.6,7.832460412124081,-0.8324604121240808,0.8324604121240808
1426294,2024-05-07,2024,2,Rajasthan Royals,Delhi Capitals,D Ferreira,1,3,0,0,33.33333333333333,Delhi Capitals,0.0,0.0,0.0,0.0,0,0.0,0.0,0.0,0.0,0.0,0.0,0.0,8.158127683738067,-7.158127683738067,7.158127683738067
1426294,2024-05-07,2024,1,Delhi Capitals,Rajasthan Royals,Gulbadin Naib,19,15,1,1,126.66666666666666,Rajasthan Royals,0.0,0.0,0.0,0.0,0,0.0,0.0,0.0,0.0,0.0,0.0,0.0,10.967054469588314,8.032945530411686,8.032945530411686
1426294,2024-05-07,2024,1,Delhi Capitals,Rajasthan Royals,J Fraser-McGurk,50,20,7,3,250.0,Rajasthan Royals,12.0,200.0,43.166666666666664,234.2694342694343,6,40.8,43.166666666666664,0.0,1.0,1.0,4.2,3.6,18.874913763693307,31.125086236306693,31.125086236306693
1426294,2024-05-07,2024,2,Rajasthan Royals,Delhi Capitals,JC Buttler,19,17,2,1,111.76470588235294,Delhi Capitals,0.0,0.0,33.74285714285714,127.92986302347556,105,36.8,31.9,35.714285714285715,0.0,0.0,3.8,1.4,27.42890834543018,-8.42890834543018,8.42890834543018
1426294,2024-05-07,2024,1,Delhi Capitals,Rajasthan Royals,Kuldeep Yadav,5,2,1,0,250.0,Rajasthan Royals,35.0,134.6153846153846,5.733333333333333,69.85107943312278,30,9.2,5.7,1.5,5.0,1.0,1.0,0.2,5.909935323700468,-0.9099353237004681,0.9099353237004681
1426294,2024-05-07,2024,2,Rajasthan Royals,Delhi Capitals,R Ashwin,2,3,0,0,66.66666666666666,Delhi Capitals,2.0,100.0,9.047058823529412,108.20980596705459,85,11.4,9.1,24.5,0.0,0.0,0.4,0.6,8.12797372995457,-6.1279737299545705,6.1279737299545705
1426294,2024-05-07,2024,2,Rajasthan Royals,Delhi Capitals,R Parag,27,22,1,3,122.72727272727273,Delhi Capitals,77.0,160.41666666666669,19.037735849056602,117.46887933925643,53,44.8,42.9,19.875,8.0,4.0,3.2,2.6,29.706809869508852,-2.7068098695088523,2.7068098695088523
1426294,2024-05-07,2024,2,Rajasthan Royals,Delhi Capitals,R Powell,13,10,1,1,130.0,Delhi Capitals,27.0,180.0,17.833333333333332,120.04532368502957,18,14.0,18.6,0.0,3.0,1.0,1.4,0.8,17.72096043049123,-4.720960430491228,4.720960430491228
1426294,2024-05-07,2024,1,Delhi Capitals,Rajasthan Royals,RR Pant,15,13,0,1,115.38461538461537,Rajasthan Royals,27.0,135.0,29.27027027027027,134.8458786950108,111,40.8,38.0,38.5,2.0,1.0,3.0,2.6,30.617932221581075,-15.617932221581075,15.617932221581075
1426294,2024-05-07,2024,1,Delhi Capitals,Rajasthan Royals,Rasikh Salam,9,3,2,0,300.0,Rajasthan Royals,8.0,80.0,5.25,85.41666666666667,4,5.25,5.25,0.0,1.0,0.0,0.5,0.0,11.409781332185453,-2.409781332185453,2.409781332185453
1426294,2024-05-07,2024,2,Rajasthan Royals,Delhi Capitals,SB Dubey,25,12,2,2,208.33333333333334,Delhi Capitals,8.0,133.33333333333331,8.0,133.33333333333331,1,8.0,8.0,0.0,1.0,0.0,1.0,0.0,8.840713339853483,16.159286660146517,16.159286660146517
1426294,2024-05-07,2024,1,Delhi Capitals,Rajasthan Royals,SD Hope,1,1,0,0,100.0,Rajasthan Royals,6.0,200.0,19.166666666666668,159.41830065359477,6,16.4,19.166666666666668,0.0,0.0,1.0,0.6,1.6,17.67423907426017,-16.67423907426017,16.67423907426017
1426294,2024-05-07,2024,2,Rajasthan Royals,Delhi Capitals,SV Samson,86,45,8,6,191.11111111111111,Delhi Capitals,0.0,0.0,27.21656050955414,118.10543948252167,157,27.8,38.5,19.555555555555557,0.0,0.0,2.4,1.4,29.45975830267928,56.540241697320724,56.540241697320724
1426294,2024-05-07,2024,1,Delhi Capitals,Rajasthan Royals,T Stubbs,41,20,3,3,204.99999999999997,Rajasthan Royals,4.0,57.14285714285714,21.714285714285715,131.94403649512847,14,20.6,27.7,44.0,0.0,0.0,1.8,1.0,21.367402787290505,19.632597212709495,19.632597212709495
1426294,2024-05-07,2024,2,Rajasthan Royals,Delhi Capitals,TA Boult,2,3,0,0,66.66666666666666,Delhi Capitals,0.0,0.0,3.6315789473684212,82.43810283283968,19,3.2,5.3,2.0,0.0,0.0,0.2,0.2,4.029125361455096,-2.0291253614550957,2.0291253614550957
1426294,2024-05-07,2024,2,Rajasthan Royals,Delhi Capitals,YBK Jaiswal,4,2,1,0,200.0,Delhi Capitals,67.0,171.7948717948718,31.659574468085108,126.8579942664464,47,50.6,31.6,24.6,7.0,2.0,5.2,2.2,29.905129232281208,-25.905129232281208,25.905129232281208
1426295,2024-05-08,2024,1,Lucknow Super Giants,Sunrisers Hyderabad,A Badoni,55,30,9,0,183.33333333333331,Sunrisers Hyderabad,15.0,125.0,17.21875,118.0317108488503,32,24.6,15.3,19.0,0.0,1.0,1.8,0.6,20.21961446840642,34.78038553159358,34.78038553159358
1426295,2024-05-08,2024,2,Sunrisers Hyderabad,Lucknow Super Giants,Abhishek Sharma,75,28,8,6,267.85714285714283,Lucknow Super Giants,11.0,68.75,21.767857142857142,134.11724605293276,56,23.0,29.4,10.0,0.0,1.0,1.2,2.2,21.399911913488754,53.60008808651125,53.60008808651125
1426295,2024-05-08,2024,1,Lucknow Super Giants,Sunrisers Hyderabad,KH Pandya,24,21,0,2,114.28571428571428,Sunrisers Hyderabad,5.0,83.33333333333334,15.317307692307692,122.21350106066446,104,6.2,9.6,17.615384615384617,0.0,0.0,0.2,0.0,14.01106121627216,9.98893878372784,9.98893878372784
1426295,2024-05-08,2024,1,Lucknow Super Giants,Sunrisers Hyderabad,KL Rahul,29,33,1,1,87.87878787878788,Sunrisers Hyderabad,25.0,119.04761904761905,38.01652892561984,122.41695783462329,121,45.4,37.3,35.666666666666664,3.0,0.0,4.8,1.4,38.926465701838595,-9.926465701838595,9.926465701838595
1426295,2024-05-08,2024,1,Lucknow Super Giants,Sunrisers Hyderabad,MP Stoinis,3,5,0,0,60.0,Sunrisers Hyderabad,36.0,171.42857142857142,21.529411764705884,119.74593526834211,85,46.0,34.9,17.666666666666668,4.0,2.0,5.0,2.0,22.855544562780093,-19.855544562780093,19.855544562780093
1426295,2024-05-08,2024,1,Lucknow Super Giants,Sunrisers Hyderabad,N Pooran,48,26,6,1,184.6153846153846,Sunrisers Hyderabad,10.0,125.0,22.323943661971832,135.89018046219215,71,18.4,25.1,32.166666666666664,0.0,1.0,1.6,0.8,21.704735449119315,26.295264550880685,26.295264550880685
1426295,2024-05-08,2024,1,Lucknow Super Giants,Sunrisers Hyderabad,Q de Kock,2,5,0,0,40.0,Sunrisers Hyderabad,8.0,266.66666666666663,29.67924528301887,117.76282732800453,106,18.2,26.4,33.416666666666664,2.0,0.0,2.6,0.2,29.844782151424308,-27.844782151424308,27.844782151424308
1426295,2024-05-08,2024,2,Sunrisers Hyderabad,Lucknow Super Giants,TM Head,89,30,8,8,296.6666666666667,Lucknow Super Giants,48.0,171.42857142857142,32.45,140.1080887035901,20,41.8,44.4,0.0,7.0,1.0,5.0,2.2,25.89669409996824,63.103305900031756,63.103305900031756
1426296,2024-05-09,2024,2,Punjab Kings,Royal Challengers Bengaluru,Arshdeep Singh,4,3,1,0,133.33333333333331,Royal Challengers Bengaluru,2.0,100.0,2.5,56.96078431372549,10,2.6,2.5,0.0,0.0,0.0,0.4,0.0,3.498474169739362,0.501525830260638,0.501525830260638
1426296,2024-05-09,2024,2,Punjab Kings,Royal Challengers Bengaluru,Ashutosh Sharma,8,5,0,1,160.0,Royal Challengers Bengaluru,3.0,30.0,27.0,151.8558320764203,6,26.2,27.0,0.0,0.0,0.0,1.2,2.4,20.320604640075377,-12.320604640075377,12.320604640075377
1426296,2024-05-09,2024,1,Royal Challengers Bengaluru,Punjab Kings,C Green,46,27,5,1,170.37037037037038,Punjab Kings,1.0,50.0,23.5,130.36147308756205,24,11.6,18.3,31.0,0.0,0.0,1.2,0.2,20.365956916983215,25.634043083016785,25.634043083016785
1426296,2024-05-09,2024,1,Royal Challengers Bengaluru,Punjab Kings,F du Plessis,9,7,2,0,128.57142857142858,Punjab Kings,64.0,278.2608695652174,33.47014925373134,122.44119401124456,134,36.4,31.7,49.5,10.0,3.0,4.4,2.2,32.53905519240488,-23.53905519240488,23.53905519240488
1426296,2024-05-09,2024,2,Punjab Kings,Royal Challengers Bengaluru,HV Patel,0,1,0,0,0.0,Royal Challengers Bengaluru,12.0,92.3076923076923,6.916666666666667,105.2356249415073,36,3.8,4.3,0.0,1.0,1.0,0.2,0.4,8.095090974655141,-8.095090974655141,8.095090974655141
1426296,2024-05-09,2024,2,Punjab Kings,Royal Challengers Bengaluru,JM Bairstow,27,16,4,1,168.75,Royal Challengers Bengaluru,7.0,116.66666666666667,32.25,131.43735322261418,48,35.2,28.0,8.0,1.0,0.0,3.4,2.0,26.518840744950893,0.48115925504910706,0.48115925504910706
1426296,2024-05-09,2024,2,Punjab Kings,Royal Challengers Bengaluru,JM Sharma,5,4,1,0,125.0,Royal Challengers Bengaluru,0.0,0.0,20.333333333333332,144.96262418092613,33,14.0,17.2,27.0,0.0,0.0,0.6,0.8,20.043735874879417,-15.043735874879417,15.043735874879417
1426296,2024-05-09,2024,1,Royal Challengers Bengaluru,Punjab Kings,KD Karthik,18,6,1,2,300.0,Punjab Kings,21.0,175.0,20.77922077922078,120.68632371702526,231,38.6,28.3,16.833333333333332,3.0,0.0,3.6,2.4,17.741499141997796,0.2585008580022041,0.2585008580022041
1426296,2024-05-09,2024,2,Punjab Kings,Royal Challengers Bengaluru,LS Livingstone,0,2,0,0,0.0,Royal Challengers Bengaluru,6.0,66.66666666666666,24.710526315789473,137.10943140829397,38,14.6,23.3,17.0,1.0,0.0,1.2,0.8,24.088975492218232,-24.088975492218232,24.088975492218232
1426296,2024-05-09,2024,1,Royal Challengers Bengaluru,Punjab Kings,MK Lomror,0,2,0,0,0.0,Punjab Kings,7.0,175.0,15.548387096774194,125.59591680248619,31,12.6,13.7,18.25,1.0,0.0,1.0,1.0,13.120267628615576,-13.120267628615576,13.120267628615576
1426296,2024-05-09,2024,2,Punjab Kings,Royal Challengers Bengaluru,P Simran Singh,6,4,1,0,150.0,Royal Challengers Bengaluru,30.0,130.43478260869566,21.70967741935484,123.33193972884115,31,26.4,22.5,25.0,2.0,2.0,2.0,2.2,19.394705296872328,-13.394705296872328,13.394705296872328
1426296,2024-05-09,2024,2,Punjab Kings,Royal Challengers Bengaluru,RD Chahar,5,5,1,0,100.0,Royal Challengers Bengaluru,16.0,160.0,5.904761904761905,77.5453514739229,21,8.6,9.3,0.0,2.0,1.0,0.8,0.4,7.912567204755876,-2.9125672047558764,2.9125672047558764
1426296,2024-05-09,2024,1,Royal Challengers Bengaluru,Punjab Kings,RM Patidar,55,23,3,6,239.1304347826087,Punjab Kings,2.0,66.66666666666666,30.85,131.22201419645938,20,32.6,27.1,25.0,0.0,0.0,1.6,3.0,26.064707628081734,28.935292371918266,28.935292371918266
1426296,2024-05-09,2024,2,Punjab Kings,Royal Challengers Bengaluru,RR Rossouw,61,27,9,3,225.9259259259259,Royal Challengers Bengaluru,0.0,0.0,17.94736842105263,100.37357151201545,19,15.8,23.6,0.0,0.0,0.0,1.6,0.8,20.503171066552653,40.49682893344735,40.49682893344735
1426296,2024-05-09,2024,2,Punjab Kings,Royal Challengers Bengaluru,SM Curran,22,16,2,0,137.5,Royal Challengers Bengaluru,7.0,63.63636363636363,17.347826086956523,125.86520379914786,46,13.0,18.5,23.0,0.0,0.0,1.2,0.0,17.375675783802272,4.624324216197728,4.624324216197728
1426296,2024-05-09,2024,2,Punjab Kings,Royal Challengers Bengaluru,Shashank Singh,37,19,4,2,194.73684210526315,Royal Challengers Bengaluru,27.0,135.0,24.0,153.82035361668983,16,33.8,31.5,21.0,4.0,0.0,1.8,2.4,24.30094028406933,12.69905971593067,12.69905971593067
1426296,2024-05-09,2024,1,Royal Challengers Bengaluru,Punjab Kings,Swapnil Singh,1,1,0,0,100.0,Punjab Kings,15.0,166.66666666666669,6.833333333333333,95.91503267973856,6,8.2,6.833333333333333,0.0,2.0,1.0,0.6,0.4,6.684657120114441,-5.684657120114441,5.684657120114441
1426296,2024-05-09,2024,1,Royal Challengers Bengaluru,Punjab Kings,V Kohli,92,47,7,6,195.74468085106383,Punjab Kings,42.0,155.55555555555557,32.29338842975206,117.99709206993724,242,44.6,52.1,42.833333333333336,2.0,4.0,3.8,2.4,37.57670107235207,54.42329892764793,54.42329892764793
1426296,2024-05-09,2024,1,Royal Challengers Bengaluru,Punjab Kings,WG Jacks,12,7,1,1,171.42857142857142,Punjab Kings,1.0,33.33333333333333,29.5,138.36805555555554,6,33.8,29.5,0.0,0.0,0.0,2.0,3.0,22.980639567264596,-10.980639567264596,10.980639567264596
1426297,2024-05-10,2024,2,Chennai Super Kings,Gujarat Titans,AM Rahane,1,5,0,0,20.0,Gujarat Titans,9.0,128.57142857142858,27.266272189349113,105.41933058558429,169,16.8,20.8,18.666666666666668,1.0,0.0,2.4,0.2,30.21881099632304,-29.21881099632304,29.21881099632304
1426297,2024-05-10,2024,1,Gujarat Titans,Chennai Super Kings,B Sai Sudharsan,103,51,5,8,201.96078431372547,Chennai Super Kings,6.0,42.857142857142854,38.791666666666664,131.83705081692435,24,39.6,37.9,51.666666666666664,0.0,0.0,4.0,1.2,33.48495636802022,69.51504363197978,69.51504363197978
1426297,2024-05-10,2024,1,Gujarat Titans,Chennai Super Kings,DA Miller,16,11,1,0,145.45454545454547,Chennai Super Kings,30.0,150.0,23.642276422764226,124.78767252847878,123,23.4,20.4,27.785714285714285,3.0,2.0,2.2,1.2,23.947499391370474,-7.947499391370474,7.947499391370474
1426297,2024-05-10,2024,2,Chennai Super Kings,Gujarat Titans,DJ Mitchell,63,34,7,3,185.29411764705884,Gujarat Titans,30.0,157.89473684210526,21.833333333333332,118.85351612325297,12,22.2,22.9,24.0,2.0,1.0,2.2,0.4,19.22944911988745,43.77055088011255,43.77055088011255
1426297,2024-05-10,2024,1,Gujarat Titans,Chennai Super Kings,M Shahrukh Khan,2,3,0,0,66.66666666666666,Chennai Super Kings,37.0,154.16666666666669,15.305555555555555,140.03786417948822,36,22.2,19.5,15.75,5.0,1.0,1.6,1.6,16.77822017423617,-14.778220174236171,14.778220174236171
1426297,2024-05-10,2024,2,Chennai Super Kings,Gujarat Titans,MJ Santner,0,2,0,0,0.0,Gujarat Titans,11.0,100.0,7.444444444444445,112.74204028589993,9,3.0,7.444444444444445,1.0,1.0,0.0,0.2,0.0,9.019004784924775,-9.019004784924775,9.019004784924775
1426297,2024-05-10,2024,2,Chennai Super Kings,Gujarat Titans,MM Ali,56,36,4,4,155.55555555555557,Gujarat Titans,17.0,85.0,19.927272727272726,120.4280462161989,55,14.4,13.7,13.5,2.0,0.0,0.6,1.0,20.13399760820717,35.86600239179283,35.86600239179283
1426297,2024-05-10,2024,2,Chennai Super Kings,Gujarat Titans,MS Dhoni,26,11,1,3,236.36363636363637,Gujarat Titans,0.0,0.0,22.97345132743363,132.16984414052402,226,10.2,11.0,5.5,0.0,0.0,1.2,0.6,17.597061653058926,8.402938346941074,8.402938346941074
1426297,2024-05-10,2024,2,Chennai Super Kings,Gujarat Titans,R Ravindra,1,2,0,0,50.0,Gujarat Titans,0.0,0.0,19.0,135.0595238095238,7,10.0,19.0,46.0,0.0,0.0,1.4,0.2,19.564713939652794,-18.564713939652794,18.564713939652794
1426297,2024-05-10,2024,2,Chennai Super Kings,Gujarat Titans,RA Jadeja,18,10,2,1,180.0,Gujarat Titans,43.0,165.3846153846154,16.350282485875706,132.11981400394606,177,29.8,23.9,13.4,3.0,2.0,2.8,0.6,16.43145309235885,1.5685469076411493,1.5685469076411493
1426297,2024-05-10,2024,2,Chennai Super Kings,Gujarat Titans,RD Gaikwad,0,3,0,0,0.0,Gujarat Titans,32.0,152.38095238095238,37.70967741935484,115.36485185771545,62,63.4,52.6,58.333333333333336,4.0,1.0,6.4,1.8,28.649648645389558,-28.649648645389558,28.649648645389558
1426297,2024-05-10,2024,2,Chennai Super Kings,Gujarat Titans,S Dube,21,13,2,1,161.53846153846155,Gujarat Titans,0.0,0.0,25.103448275862068,126.1385650963099,58,21.6,31.6,20.333333333333332,0.0,0.0,0.8,2.2,23.972236534511364,-2.9722365345113637,2.9722365345113637
1426297,2024-05-10,2024,2,Chennai Super Kings,Gujarat Titans,SN Thakur,3,4,0,0,75.0,Gujarat Titans,17.0,154.54545454545453,9.181818181818182,107.78798346361454,33,5.8,13.0,0.6666666666666666,2.0,1.0,0.6,0.2,12.11453373563475,-9.11453373563475,9.11453373563475
1426297,2024-05-10,2024,1,Gujarat Titans,Chennai Super Kings,Shubman Gill,104,55,9,6,189.0909090909091,Chennai Super Kings,2.0,28.57142857142857,31.755102040816325,120.9685036309528,98,13.4,29.1,24.857142857142858,0.0,0.0,1.8,0.0,32.24388504371111,71.75611495628888,71.75611495628888
1426298,2024-05-11,2024,2,Mumbai Indians,Kolkata Knight Riders,A Kamboj,2,2,0,0,100.0,Kolkata Knight Riders,0.0,0.0,0.0,0.0,0,0.0,0.0,0.0,0.0,0.0,0.0,0.0,8.141677938725595,-6.141677938725595,6.141677938725595
1426298,2024-05-11,2024,1,Kolkata Knight Riders,Mumbai Indians,AD Russell,24,14,2,2,171.42857142857142,Mumbai Indians,12.0,150.0,23.692307692307693,152.07316748431683,104,16.6,20.7,16.5,1.0,1.0,1.8,0.8,22.856986047685456,1.1430139523145435,1.1430139523145435
1426298,2024-05-11,2024,2,Mumbai Indians,Kolkata Knight Riders,HH Pandya,2,4,0,0,50.0,Kolkata Knight Riders,1.0,33.33333333333333,19.503875968992247,141.3636765909998,129,13.4,18.7,30.23076923076923,0.0,0.0,1.0,0.8,22.013060017794167,-20.013060017794167,20.013060017794167
1426298,2024-05-11,2024,2,Mumbai Indians,Kolkata Knight Riders,Ishan Kishan,40,22,5,2,181.8181818181818,Kolkata Knight Riders,9.0,128.57142857142858,26.701030927835053,118.11838000016053,97,14.8,23.2,27.125,2.0,0.0,2.0,0.2,26.71702436364612,13.282975636353878,13.282975636353878
1426298,2024-05-11,2024,1,Kolkata Knight Riders,Mumbai Indians,MA Starc,2,2,0,0,100.0,Mumbai Indians,0.0,0.0,6.866666666666666,92.49543295579102,15,1.6,3.8,2.5,0.0,0.0,0.2,0.0,5.827843907969456,-3.8278439079694557,3.8278439079694557
1426298,2024-05-11,2024,1,Kolkata Knight Riders,Mumbai Indians,N Rana,33,23,4,1,143.47826086956522,Mumbai Indians,9.0,81.81818181818183,26.03,118.86405300388837,100,29.4,27.2,22.5,1.0,0.0,3.2,0.4,26.604659993604947,6.3953400063950525,6.3953400063950525
1426298,2024-05-11,2024,2,Mumbai Indians,Kolkata Knight Riders,N Wadhera,3,3,0,0,100.0,Kolkata Knight Riders,6.0,54.54545454545454,24.714285714285715,141.09096879413542,14,21.8,27.9,6.0,1.0,0.0,2.0,1.2,23.10796080065693,-20.10796080065693,20.10796080065693
1426298,2024-05-11,2024,2,Mumbai Indians,Kolkata Knight Riders,Naman Dhir,17,6,1,2,283.33333333333337,Kolkata Knight Riders,0.0,0.0,12.2,102.85714285714285,5,12.2,12.2,11.0,0.0,0.0,1.4,0.6,19.242568268304044,-2.242568268304044,2.242568268304044
1426298,2024-05-11,2024,1,Kolkata Knight Riders,Mumbai Indians,PD Salt,6,5,0,1,120.0,Mumbai Indians,32.0,228.57142857142856,32.35,145.45227811404283,20,45.6,37.5,5.0,5.0,1.0,5.2,3.0,23.431927431805196,-17.431927431805196,17.431927431805196
1426298,2024-05-11,2024,2,Mumbai Indians,Kolkata Knight Riders,PP Chawla,1,2,0,0,50.0,Kolkata Knight Riders,0.0,0.0,7.329411764705882,105.83507161912736,85,2.8,3.9,7.125,0.0,0.0,0.2,0.2,7.095955602543199,-6.095955602543199,6.095955602543199
1426298,2024-05-11,2024,2,Mumbai Indians,Kolkata Knight Riders,RG Sharma,19,23,1,1,82.6086956521739,Kolkata Knight Riders,4.0,80.0,26.172,112.31790026459716,250,6.6,26.1,32.84375,1.0,0.0,0.8,0.2,26.651539903440618,-7.651539903440618,7.651539903440618
1426298,2024-05-11,2024,1,Kolkata Knight Riders,Mumbai Indians,RK Singh,20,12,0,2,166.66666666666669,Mumbai Indians,16.0,145.45454545454547,22.384615384615383,137.60564364941007,39,13.0,14.8,11.8,2.0,0.0,1.6,0.2,19.64754882408111,0.3524511759188904,0.3524511759188904
1426298,2024-05-11,2024,1,Kolkata Knight Riders,Mumbai Indians,Ramandeep Singh,17,8,1,1,212.5,Mumbai Indians,25.0,416.6666666666667,12.75,173.22916666666666,12,11.6,13.5,2.0,1.0,3.0,0.6,1.2,9.015154996401536,7.984845003598464,7.984845003598464
1426298,2024-05-11,2024,2,Mumbai Indians,Kolkata Knight Riders,SA Yadav,11,14,1,0,78.57142857142857,Kolkata Knight Riders,102.0,200.0,26.738805970149254,135.17649103892649,134,40.8,39.5,39.63636363636363,12.0,6.0,4.6,2.2,27.335545659319838,-16.335545659319838,16.335545659319838
1426298,2024-05-11,2024,1,Kolkata Knight Riders,Mumbai Indians,SP Narine,0,1,0,0,0.0,Mumbai Indians,81.0,207.6923076923077,14.631067961165048,122.64960493507715,103,37.0,45.9,4.636363636363637,6.0,7.0,4.0,2.4,26.610312353574678,-26.610312353574678,26.610312353574678
1426298,2024-05-11,2024,1,Kolkata Knight Riders,Mumbai Indians,SS Iyer,7,10,1,0,70.0,Mumbai Indians,23.0,153.33333333333334,27.321428571428573,113.05931608789385,112,28.0,28.0,22.41176470588235,3.0,0.0,3.0,1.0,27.26690327250119,-20.26690327250119,20.26690327250119
1426298,2024-05-11,2024,2,Mumbai Indians,Kolkata Knight Riders,TH David,0,3,0,0,0.0,Kolkata Knight Riders,24.0,120.0,19.38235294117647,151.69111597744816,34,22.6,24.1,20.333333333333332,1.0,1.0,1.6,1.2,18.882009622337108,-18.882009622337108,18.882009622337108
1426298,2024-05-11,2024,2,Mumbai Indians,Kolkata Knight Riders,Tilak Varma,32,17,5,1,188.23529411764704,Kolkata Knight Riders,37.0,115.625,30.37837837837838,138.0253411392945,37,35.2,29.5,19.5,6.0,0.0,3.2,1.4,26.448525964536294,5.5514740354637055,5.5514740354637055
1426298,2024-05-11,2024,1,Kolkata Knight Riders,Mumbai Indians,VR Iyer,42,21,6,2,200.0,Mumbai Indians,1.0,100.0,25.67391304347826,120.74504163678657,46,30.4,22.5,64.0,0.0,0.0,2.8,1.2,27.26508395942146,14.73491604057854,14.73491604057854
1426299,2024-05-12,2024,2,Chennai Super Kings,Rajasthan Royals,DJ Mitchell,22,13,4,0,169.23076923076923,Rajasthan Royals,63.0,185.29411764705884,25.0,123.96433162508418,13,31.4,27.0,0.0,7.0,3.0,3.4,1.0,22.776166718647346,-0.776166718647346,0.776166718647346
1426299,2024-05-12,2024,1,Rajasthan Royals,Chennai Super Kings,Dhruv Jurel,28,18,1,2,155.55555555555557,Chennai Super Kings,1.0,33.33333333333333,14.166666666666666,127.78364881306058,18,12.6,12.3,19.0,0.0,0.0,1.0,0.4,13.456753276106094,14.543246723893906,14.543246723893906
1426299,2024-05-12,2024,1,Rajasthan Royals,Chennai Super Kings,JC Buttler,21,25,2,0,84.0,Chennai Super Kings,19.0,111.76470588235294,33.60377358490566,127.77736154101214,106,39.0,33.8,38.44444444444444,2.0,1.0,4.2,1.6,29.631971580665727,-8.631971580665727,8.631971580665727
1426299,2024-05-12,2024,2,Chennai Super Kings,Rajasthan Royals,MM Ali,10,13,0,0,76.92307692307693,Rajasthan Royals,56.0,155.55555555555557,20.571428571428573,121.05532316868741,56,25.4,17.4,27.0,4.0,4.0,1.4,1.8,21.448877023625784,-11.448877023625784,11.448877023625784
1426299,2024-05-12,2024,1,Rajasthan Royals,Chennai Super Kings,R Ashwin,1,1,0,0,100.0,Chennai Super Kings,2.0,66.66666666666666,8.965116279069768,107.72674620774775,86,11.4,8.3,14.5,0.0,0.0,0.4,0.6,6.951044824369534,-5.951044824369534,5.951044824369534
1426299,2024-05-12,2024,1,Rajasthan Royals,Chennai Super Kings,R Parag,47,35,1,3,134.28571428571428,Chennai Super Kings,27.0,122.72727272727273,19.185185185185187,117.56625699459006,54,35.0,43.6,8.75,1.0,3.0,2.8,2.2,21.881054143618954,25.118945856381046,25.118945856381046
1426299,2024-05-12,2024,2,Chennai Super Kings,Rajasthan Royals,R Ravindra,27,18,1,2,150.0,Rajasthan Royals,1.0,50.0,16.75,124.42708333333333,8,9.8,16.75,0.0,0.0,0.0,1.4,0.2,17.211680874702825,9.788319125297175,9.788319125297175
1426299,2024-05-12,2024,2,Chennai Super Kings,Rajasthan Royals,RA Jadeja,5,6,0,0,83.33333333333334,Rajasthan Royals,18.0,180.0,16.359550561797754,132.38880381291267,178,27.2,23.5,16.0,2.0,1.0,2.4,0.8,16.476852679202704,-11.476852679202704,11.476852679202704
1426299,2024-05-12,2024,2,Chennai Super Kings,Rajasthan Royals,RD Gaikwad,42,41,1,2,102.4390243902439,Rajasthan Royals,0.0,0.0,37.111111111111114,113.53366373298981,63,60.0,48.0,28.0,0.0,0.0,6.2,1.8,35.17634582771958,6.8236541722804205,6.8236541722804205
1426299,2024-05-12,2024,2,Chennai Super Kings,Rajasthan Royals,S Dube,18,11,2,1,163.63636363636365,Rajasthan Royals,21.0,161.53846153846155,25.033898305084747,126.73856334109212,59,25.2,28.6,30.0,2.0,1.0,1.2,2.4,24.132508982386327,-6.132508982386327,6.132508982386327
1426299,2024-05-12,2024,1,Rajasthan Royals,Chennai Super Kings,SB Dubey,0,1,0,0,0.0,Chennai Super Kings,25.0,208.33333333333334,16.5,170.83333333333331,2,16.5,16.5,0.0,2.0,2.0,1.5,1.0,13.734235017890057,-13.734235017890057,13.734235017890057
1426299,2024-05-12,2024,1,Rajasthan Royals,Chennai Super Kings,SV Samson,15,19,0,0,78.94736842105263,Chennai Super Kings,86.0,191.11111111111111,27.588607594936708,118.56750069536086,158,41.4,38.9,15.285714285714286,8.0,6.0,3.8,2.4,24.26823700583037,-9.268237005830368,9.268237005830368
1426299,2024-05-12,2024,2,Chennai Super Kings,Rajasthan Royals,Sameer Rizvi,15,8,3,0,187.5,Rajasthan Royals,21.0,91.30434782608695,9.0,86.15942028985508,4,9.0,9.0,0.0,1.0,0.0,0.25,0.5,9.763930957075637,5.236069042924363,5.236069042924363
1426299,2024-05-12,2024,1,Rajasthan Royals,Chennai Super Kings,YBK Jaiswal,24,21,3,1,114.28571428571428,Chennai Super Kings,4.0,200.0,31.083333333333332,128.3817860525621,48,43.6,29.6,40.4,1.0,0.0,4.6,2.2,31.068093177596026,-7.068093177596026,7.068093177596026
1426300,2024-05-12,2024,2,Delhi Capitals,Royal Challengers Bengaluru,AR Patel,57,39,5,3,146.15384615384613,Royal Challengers Bengaluru,15.0,150.0,14.381818181818181,125.87860851288414,110,22.6,16.4,0.0,1.0,1.0,1.6,1.2,17.051363606121807,39.94863639387819,39.94863639387819
1426300,2024-05-12,2024,2,Delhi Capitals,Royal Challengers Bengaluru,Abishek Porel,2,3,0,0,66.66666666666666,Royal Challengers Bengaluru,65.0,180.55555555555557,21.428571428571427,136.91221796636543,14,35.2,26.7,0.0,7.0,3.0,4.2,1.4,21.58277695632133,-19.58277695632133,19.58277695632133
1426300,2024-05-12,2024,1,Royal Challengers Bengaluru,Delhi Capitals,C Green,32,24,1,2,133.33333333333331,Delhi Capitals,46.0,170.37037037037038,24.4,131.96182897887437,25,19.0,18.8,17.0,5.0,1.0,2.0,0.4,21.993636390152528,10.006363609847472,10.006363609847472
1426300,2024-05-12,2024,2,Delhi Capitals,Royal Challengers Bengaluru,DA Warner,1,2,0,0,50.0,Royal Challengers Bengaluru,1.0,33.33333333333333,35.30107526881721,120.65894220599839,186,17.8,35.3,0.0,0.0,0.0,1.8,1.0,32.79326157284382,-31.793261572843818,31.793261572843818
1426300,2024-05-12,2024,1,Royal Challengers Bengaluru,Delhi Capitals,F du Plessis,6,7,1,0,85.71428571428571,Delhi Capitals,9.0,128.57142857142858,33.28888888888889,122.4866031561348,135,25.8,32.3,27.6,2.0,0.0,3.4,1.4,29.531958037759804,-23.531958037759804,23.531958037759804
1426300,2024-05-12,2024,2,Delhi Capitals,Royal Challengers Bengaluru,I Sharma,0,4,0,0,0.0,Royal Challengers Bengaluru,1.0,33.33333333333333,2.85,104.0,20,3.6,2.4,0.0,0.0,0.0,0.4,0.2,4.975902967009487,-4.975902967009487,4.975902967009487
1426300,2024-05-12,2024,2,Delhi Capitals,Royal Challengers Bengaluru,J Fraser-McGurk,21,8,2,2,262.5,Royal Challengers Bengaluru,50.0,250.0,44.142857142857146,236.51665794522938,7,46.8,44.142857142857146,0.0,7.0,3.0,5.2,3.8,18.521145066422257,2.4788549335777432,2.4788549335777432
1426300,2024-05-12,2024,1,Royal Challengers Bengaluru,Delhi Capitals,KD Karthik,0,2,0,0,0.0,Delhi Capitals,18.0,300.0,20.767241379310345,121.45922749410705,232,31.6,30.1,15.0,1.0,2.0,2.8,2.0,19.63019731582384,-19.63019731582384,19.63019731582384
1426300,2024-05-12,2024,1,Royal Challengers Bengaluru,Delhi Capitals,KV Sharma,6,4,1,0,150.0,Delhi Capitals,20.0,285.7142857142857,9.18918918918919,115.09919377566436,37,5.6,8.0,0.0,0.0,3.0,0.0,0.6,8.691021585960875,-2.6910215859608755,2.6910215859608755
1426300,2024-05-12,2024,2,Delhi Capitals,Royal Challengers Bengaluru,Kuldeep Yadav,6,10,0,0,60.0,Royal Challengers Bengaluru,5.0,250.0,5.709677419354839,75.6623349352801,31,8.2,6.2,0.0,1.0,0.0,1.2,0.2,5.866743138924409,0.13325686107559065,0.13325686107559065
1426300,2024-05-12,2024,2,Delhi Capitals,Royal Challengers Bengaluru,Kumar Kushagra,2,3,0,0,66.66666666666666,Royal Challengers Bengaluru,1.0,33.33333333333333,0.5,16.666666666666664,2,0.5,0.5,0.0,0.0,0.0,0.0,0.0,5.777322160095175,-3.777322160095175,3.777322160095175
1426300,2024-05-12,2024,1,Royal Challengers Bengaluru,Delhi Capitals,MK Lomror,13,8,0,1,162.5,Delhi Capitals,0.0,0.0,15.0625,121.6710444024085,32,6.0,8.3,21.6,0.0,0.0,0.4,0.4,12.069472600483275,0.9305273995167251,0.9305273995167251
1426300,2024-05-12,2024,2,Delhi Capitals,Royal Challengers Bengaluru,Mukesh Kumar,3,7,0,0,42.857142857142854,Royal Challengers Bengaluru,0.0,0.0,1.75,46.42857142857143,4,1.75,1.75,0.0,0.0,0.0,0.0,0.0,4.834929834713053,-1.8349298347130532,1.8349298347130532
1426300,2024-05-12,2024,1,Royal Challengers Bengaluru,Delhi Capitals,RM Patidar,52,32,3,3,162.5,Delhi Capitals,55.0,239.1304347826087,32.0,136.36051041484745,21,33.6,26.8,31.0,3.0,6.0,1.6,3.4,28.491652086569367,23.508347913430633,23.508347913430633
1426300,2024-05-12,2024,2,Delhi Capitals,Royal Challengers Bengaluru,Rasikh Salam,10,12,1,0,83.33333333333334,Royal Challengers Bengaluru,9.0,300.0,6.0,128.33333333333334,5,6.0,6.0,0.0,2.0,0.0,0.8,0.0,10.866919718936153,-0.8669197189361526,0.8669197189361526
1426300,2024-05-12,2024,2,Delhi Capitals,Royal Challengers Bengaluru,SD Hope,29,23,4,0,126.08695652173914,Royal Challengers Bengaluru,1.0,100.0,16.571428571428573,150.92997198879553,7,14.4,16.571428571428573,0.0,0.0,0.0,0.4,1.6,15.142011533819183,13.857988466180817,13.857988466180817
1426300,2024-05-12,2024,1,Royal Challengers Bengaluru,Delhi Capitals,Swapnil Singh,0,1,0,0,0.0,Delhi Capitals,1.0,100.0,6.0,96.49859943977592,7,8.0,6.0,0.0,0.0,0.0,0.6,0.4,5.404699318049457,-5.404699318049457,5.404699318049457
1426300,2024-05-12,2024,2,Delhi Capitals,Royal Challengers Bengaluru,T Stubbs,3,4,0,0,75.0,Royal Challengers Bengaluru,41.0,204.99999999999997,23.0,136.8144340621199,15,25.8,31.3,0.0,3.0,3.0,2.4,1.4,20.139609552796887,-17.139609552796887,17.139609552796887
1426300,2024-05-12,2024,1,Royal Challengers Bengaluru,Delhi Capitals,V Kohli,27,13,1,3,207.6923076923077,Delhi Capitals,92.0,195.74468085106383,32.53909465020576,118.31704099496245,243,54.6,53.6,29.88888888888889,7.0,6.0,4.0,3.2,33.725869728561975,-6.725869728561975,6.725869728561975
1426300,2024-05-12,2024,1,Royal Challengers Bengaluru,Delhi Capitals,WG Jacks,41,29,3,2,141.3793103448276,Delhi Capitals,12.0,171.42857142857142,27.0,143.0909863945578,7,34.8,27.0,0.0,1.0,1.0,2.0,3.2,23.340599575983113,17.659400424016887,17.659400424016887
1426302,2024-05-14,2024,2,Lucknow Super Giants,Delhi Capitals,A Badoni,6,9,0,0,66.66666666666666,Delhi Capitals,55.0,183.33333333333331,18.363636363636363,120.01054789383464,33,24.6,20.7,27.666666666666668,9.0,0.0,2.6,0.4,17.32101728209381,-11.321017282093809,11.321017282093809
1426302,2024-05-14,2024,1,Delhi Capitals,Lucknow Super Giants,AR Patel,14,10,2,0,140.0,Lucknow Super Giants,57.0,146.15384615384613,14.765765765765765,126.06126831145136,111,32.8,20.0,29.0,5.0,3.0,2.6,1.8,21.739685191410434,-7.739685191410434,7.739685191410434
1426302,2024-05-14,2024,1,Delhi Capitals,Lucknow Super Giants,Abishek Porel,58,33,5,4,175.75757575757575,Lucknow Super Giants,2.0,66.66666666666666,20.133333333333333,132.2291812130522,15,32.6,23.7,0.0,0.0,0.0,3.8,1.2,23.30558097306575,34.69441902693425,34.69441902693425
1426302,2024-05-14,2024,2,Lucknow Super Giants,Delhi Capitals,Arshad Khan,58,33,3,5,175.75757575757575,Delhi Capitals,20.0,125.0,9.5,97.91666666666667,4,9.5,9.5,20.0,2.0,0.0,0.5,0.25,10.014759152305503,47.9852408476945,47.9852408476945
1426302,2024-05-14,2024,2,Lucknow Super Giants,Delhi Capitals,DJ Hooda,0,2,0,0,0.0,Delhi Capitals,5.0,166.66666666666669,15.31578947368421,119.59596189213882,95,19.6,16.5,14.5,1.0,0.0,2.6,0.2,19.877004077258952,-19.877004077258952,19.877004077258952
1426302,2024-05-14,2024,1,Delhi Capitals,Lucknow Super Giants,J Fraser-McGurk,0,2,0,0,0.0,Lucknow Super Giants,21.0,262.5,41.25,239.76457570207572,8,38.0,41.25,55.0,2.0,2.0,4.6,2.8,18.930279101741398,-18.930279101741398,18.930279101741398
1426302,2024-05-14,2024,2,Lucknow Super Giants,Delhi Capitals,KH Pandya,18,18,2,0,100.0,Delhi Capitals,24.0,114.28571428571428,15.4,122.13799832947447,105,10.4,11.1,14.090909090909092,0.0,2.0,0.2,0.4,13.419086866350698,4.580913133649302,4.580913133649302
1426302,2024-05-14,2024,2,Lucknow Super Giants,Delhi Capitals,KL Rahul,5,3,1,0,166.66666666666669,Delhi Capitals,29.0,87.87878787878788,37.942622950819676,122.13385808088694,122,34.8,38.7,27.4,1.0,1.0,3.2,1.0,53.97136787500633,-48.97136787500633,48.97136787500633
1426302,2024-05-14,2024,2,Lucknow Super Giants,Delhi Capitals,MP Stoinis,5,7,1,0,71.42857142857143,Delhi Capitals,3.0,60.0,21.313953488372093,119.05121509080324,86,45.0,33.3,16.8,0.0,0.0,4.8,2.0,21.410539832353685,-16.410539832353685,16.410539832353685
1426302,2024-05-14,2024,2,Lucknow Super Giants,Delhi Capitals,N Pooran,61,27,6,4,225.9259259259259,Delhi Capitals,48.0,184.6153846153846,22.680555555555557,136.56691940876428,72,23.4,25.7,22.857142857142858,6.0,1.0,2.2,0.8,19.380356104685948,41.619643895314056,41.619643895314056
1426302,2024-05-14,2024,2,Lucknow Super Giants,Delhi Capitals,Naveen-ul-Haq,2,4,0,0,50.0,Delhi Capitals,1.0,20.0,5.333333333333333,65.0,3,5.333333333333333,5.333333333333333,0.0,0.0,0.0,0.6666666666666666,0.0,11.347092821156856,-9.347092821156856,9.347092821156856
1426302,2024-05-14,2024,2,Lucknow Super Giants,Delhi Capitals,Q de Kock,12,8,2,0,150.0,Delhi Capitals,2.0,40.0,29.42056074766355,117.03607193241571,107,14.8,23.8,31.272727272727273,0.0,0.0,1.8,0.2,33.53731445269037,-21.537314452690367,21.537314452690367
1426302,2024-05-14,2024,1,Delhi Capitals,Lucknow Super Giants,RR Pant,33,23,5,0,143.47826086956522,Lucknow Super Giants,15.0,115.38461538461537,29.142857142857142,134.6721174154537,112,40.6,36.7,41.333333333333336,0.0,1.0,2.8,2.6,31.171086415321298,1.828913584678702,1.828913584678702
1426302,2024-05-14,2024,2,Lucknow Super Giants,Delhi Capitals,Ravi Bishnoi,2,2,0,0,100.0,Delhi Capitals,2.0,66.66666666666666,2.3076923076923075,71.33699633699634,13,2.2,2.2,0.0,0.0,0.0,0.2,0.0,1.9991333124023205,0.0008666875976794941,0.0008666875976794941
1426302,2024-05-14,2024,1,Delhi Capitals,Lucknow Super Giants,SD Hope,38,27,3,2,140.74074074074073,Lucknow Super Giants,29.0,126.08695652173914,18.125,147.82459505541348,8,16.4,18.125,11.0,4.0,0.0,1.0,1.2,15.80524099556905,22.19475900443095,22.19475900443095
1426302,2024-05-14,2024,1,Delhi Capitals,Lucknow Super Giants,T Stubbs,57,25,3,4,227.99999999999997,Lucknow Super Giants,3.0,75.0,21.75,132.9510319332374,16,24.4,27.2,15.0,0.0,0.0,2.4,1.4,21.01827374251099,35.981726257489015,35.981726257489015
1426302,2024-05-14,2024,2,Lucknow Super Giants,Delhi Capitals,Yudhvir Singh,14,7,1,1,200.0,Delhi Capitals,7.0,100.0,2.6666666666666665,66.66666666666667,3,2.6666666666666665,2.6666666666666665,0.0,0.0,1.0,0.0,0.3333333333333333,5.484353346082759,8.51564665391724,8.51564665391724
1426303,2024-05-15,2024,2,Punjab Kings,Rajasthan Royals,Ashutosh Sharma,17,11,1,1,154.54545454545453,Rajasthan Royals,8.0,160.0,24.285714285714285,153.0192846369317,7,21.2,24.285714285714285,31.0,0.0,1.0,0.6,2.2,21.886160247331265,-4.886160247331265,4.886160247331265
1426303,2024-05-15,2024,1,Rajasthan Royals,Punjab Kings,Avesh Khan,3,2,0,0,150.0,Punjab Kings,7.0,233.33333333333334,4.75,159.16666666666666,8,4.4,4.75,2.0,1.0,0.0,0.2,0.4,7.4169026129507465,-4.4169026129507465,4.4169026129507465
1426303,2024-05-15,2024,1,Rajasthan Royals,Punjab Kings,D Ferreira,7,8,0,0,87.5,Punjab Kings,1.0,33.33333333333333,1.0,33.33333333333333,1,1.0,1.0,0.0,0.0,0.0,0.0,0.0,8.477378079334938,-1.4773780793349385,1.4773780793349385
1426303,2024-05-15,2024,1,Rajasthan Royals,Punjab Kings,Dhruv Jurel,0,1,0,0,0.0,Punjab Kings,28.0,155.55555555555557,14.894736842105264,129.24532811529716,19,17.8,14.2,16.0,1.0,2.0,1.2,0.8,11.831272123030631,-11.831272123030631,11.831272123030631
1426303,2024-05-15,2024,2,Punjab Kings,Rajasthan Royals,JM Bairstow,14,22,1,0,63.63636363636363,Rajasthan Royals,27.0,168.75,32.142857142857146,132.19883580990776,49,40.6,28.4,28.666666666666668,4.0,1.0,4.2,2.2,25.391836985116253,-11.391836985116253,11.391836985116253
1426303,2024-05-15,2024,2,Punjab Kings,Rajasthan Royals,JM Sharma,22,20,0,2,110.00000000000001,Rajasthan Royals,5.0,125.0,19.88235294117647,144.37548817560477,34,11.2,13.3,34.5,1.0,0.0,0.6,0.6,18.790383613498957,3.209616386501043,3.209616386501043
1426303,2024-05-15,2024,2,Punjab Kings,Rajasthan Royals,P Simran Singh,6,4,1,0,150.0,Rajasthan Royals,6.0,150.0,21.21875,124.16531661231487,32,27.6,20.6,24.0,1.0,0.0,2.2,2.2,20.351227433809232,-14.351227433809232,14.351227433809232
1426303,2024-05-15,2024,1,Rajasthan Royals,Punjab Kings,R Ashwin,28,19,3,1,147.36842105263156,Punjab Kings,1.0,100.0,8.873563218390805,107.63793303294605,87,5.8,8.1,0.0,0.0,0.0,0.4,0.0,10.388358049444431,17.61164195055557,17.61164195055557
1426303,2024-05-15,2024,1,Rajasthan Royals,Punjab Kings,R Parag,48,34,6,0,141.1764705882353,Punjab Kings,47.0,134.28571428571428,19.69090909090909,117.87024712715596,55,39.8,44.0,15.333333333333334,1.0,3.0,2.8,2.6,23.681441446698418,24.318558553301582,24.318558553301582
1426303,2024-05-15,2024,1,Rajasthan Royals,Punjab Kings,R Powell,4,5,1,0,80.0,Punjab Kings,13.0,130.0,17.57894736842105,120.56925401739643,19,16.2,13.2,6.5,1.0,1.0,1.6,1.0,20.52294705242256,-16.52294705242256,16.52294705242256
1426303,2024-05-15,2024,2,Punjab Kings,Rajasthan Royals,RR Rossouw,22,13,5,0,169.23076923076923,Rajasthan Royals,61.0,225.9259259259259,20.1,106.65118923271098,20,27.8,26.2,14.0,9.0,3.0,3.4,1.4,23.95076745394247,-1.9507674539424684,1.9507674539424684
1426303,2024-05-15,2024,2,Punjab Kings,Rajasthan Royals,SM Curran,63,41,5,3,153.65853658536585,Rajasthan Royals,22.0,137.5,17.4468085106383,126.11275265448513,47,16.2,14.4,18.0,2.0,0.0,1.6,0.0,22.326635041118784,40.673364958881216,40.673364958881216
1426303,2024-05-15,2024,1,Rajasthan Royals,Punjab Kings,SV Samson,18,15,3,0,120.0,Punjab Kings,15.0,78.94736842105263,27.50943396226415,118.31831747350985,159,42.0,38.9,34.666666666666664,0.0,0.0,3.4,2.4,27.193334828486247,-9.193334828486247,9.193334828486247
1426303,2024-05-15,2024,2,Punjab Kings,Rajasthan Royals,Shashank Singh,0,2,0,0,0.0,Rajasthan Royals,37.0,194.73684210526315,24.764705882352942,156.22720588072355,17,33.0,33.1,9.0,4.0,2.0,2.2,2.2,23.348796999462653,-23.348796999462653,23.348796999462653
1426303,2024-05-15,2024,1,Rajasthan Royals,Punjab Kings,T Kohler-Cadmore,18,23,2,1,78.26086956521739,Punjab Kings,0.0,0.0,0.0,0.0,0,0.0,0.0,0.0,0.0,0.0,0.0,0.0,9.928997989950188,8.071002010049812,8.071002010049812
1426303,2024-05-15,2024,1,Rajasthan Royals,Punjab Kings,TA Boult,12,9,2,0,133.33333333333331,Punjab Kings,2.0,66.66666666666666,3.55,81.64953102453102,20,3.6,5.0,1.0,0.0,0.0,0.2,0.2,3.555071389326758,8.444928610673243,8.444928610673243
1426303,2024-05-15,2024,1,Rajasthan Royals,Punjab Kings,YBK Jaiswal,4,4,1,0,100.0,Punjab Kings,24.0,114.28571428571428,30.93877551020408,128.09411111854482,49,44.6,31.5,43.4,3.0,1.0,4.6,2.2,28.690356685505723,-24.690356685505723,24.690356685505723
1426305,2024-05-17,2024,1,Lucknow Super Giants,Mumbai Indians,A Badoni,22,10,1,2,220.00000000000003,Mumbai Indians,6.0,66.66666666666666,18.0,118.44161021068263,34,20.0,21.2,7.0,0.0,0.0,2.2,0.2,18.885993601620804,3.114006398379196,3.114006398379196
1426305,2024-05-17,2024,1,Lucknow Super Giants,Mumbai Indians,Arshad Khan,0,1,0,0,0.0,Mumbai Indians,58.0,175.75757575757575,19.2,113.4848484848485,5,19.2,19.2,0.0,3.0,5.0,1.0,1.2,17.183776864541844,-17.183776864541844,17.183776864541844
1426305,2024-05-17,2024,2,Mumbai Indians,Lucknow Super Giants,D Brevis,23,20,1,2,114.99999999999999,Lucknow Super Giants,0.0,0.0,23.0,112.23745455324404,9,18.0,23.0,17.0,0.0,0.0,0.6,1.2,18.81554893477763,4.184451065222369,4.184451065222369
1426305,2024-05-17,2024,1,Lucknow Super Giants,Mumbai Indians,D Padikkal,0,1,0,0,0.0,Mumbai Indians,13.0,72.22222222222221,24.746031746031747,104.60189075284784,63,7.6,10.7,25.333333333333332,0.0,0.0,0.6,0.0,23.101512816282746,-23.101512816282746,23.101512816282746
1426305,2024-05-17,2024,1,Lucknow Super Giants,Mumbai Indians,DJ Hooda,11,9,1,0,122.22222222222223,Mumbai Indians,0.0,0.0,15.15625,118.35017062242905,96,18.0,15.4,14.785714285714286,0.0,0.0,2.4,0.2,20.889068963821508,-9.889068963821508,9.889068963821508
1426305,2024-05-17,2024,2,Mumbai Indians,Lucknow Super Giants,HH Pandya,16,13,1,1,123.07692307692308,Lucknow Super Giants,2.0,50.0,19.369230769230768,140.66087907876135,130,11.8,16.5,27.0,0.0,0.0,1.0,0.6,21.441997729692957,-5.441997729692957,5.441997729692957
1426305,2024-05-17,2024,2,Mumbai Indians,Lucknow Super Giants,Ishan Kishan,14,15,1,0,93.33333333333333,Lucknow Super Giants,40.0,181.8181818181818,26.836734693877553,118.76837797789544,98,22.8,25.6,25.4,5.0,2.0,3.0,0.6,27.340842851788008,-13.340842851788008,13.340842851788008
1426305,2024-05-17,2024,1,Lucknow Super Giants,Mumbai Indians,KH Pandya,12,7,1,1,171.42857142857142,Mumbai Indians,18.0,100.0,15.424528301886792,121.92914928863037,106,12.6,12.1,12.0,2.0,0.0,0.6,0.4,12.840442264692369,-0.8404422646923688,0.8404422646923688
1426305,2024-05-17,2024,1,Lucknow Super Giants,Mumbai Indians,KL Rahul,55,41,3,3,134.14634146341464,Mumbai Indians,5.0,166.66666666666669,37.67479674796748,122.49591343524288,123,32.6,37.2,49.94444444444444,1.0,0.0,3.2,0.8,45.27085862806584,9.729141371934162,9.729141371934162
1426305,2024-05-17,2024,1,Lucknow Super Giants,Mumbai Indians,MP Stoinis,28,22,5,0,127.27272727272727,Mumbai Indians,5.0,71.42857142857143,21.126436781609197,118.50382838204197,87,21.2,31.4,24.0,1.0,0.0,2.4,0.8,22.775059298051268,5.224940701948732,5.224940701948732
1426305,2024-05-17,2024,1,Lucknow Super Giants,Mumbai Indians,N Pooran,75,29,5,8,258.62068965517244,Mumbai Indians,61.0,225.9259259259259,23.205479452054796,137.79101538845143,73,28.8,27.8,16.25,6.0,4.0,2.8,1.2,20.412380188639215,54.58761981136078,54.58761981136078
1426305,2024-05-17,2024,2,Mumbai Indians,Lucknow Super Giants,N Wadhera,1,3,0,0,33.33333333333333,Lucknow Super Giants,3.0,100.0,23.266666666666666,138.35157087452637,15,21.6,21.8,28.333333333333332,0.0,0.0,1.8,1.2,19.014086976007732,-18.014086976007732,18.014086976007732
1426305,2024-05-17,2024,2,Mumbai Indians,Lucknow Super Giants,Naman Dhir,62,27,4,5,229.62962962962962,Lucknow Super Giants,17.0,283.33333333333337,13.0,132.93650793650795,6,11.6,13.0,0.0,1.0,2.0,1.0,0.8,13.110098424960748,48.889901575039254,48.889901575039254
1426305,2024-05-17,2024,2,Mumbai Indians,Lucknow Super Giants,R Shepherd,1,1,0,0,100.0,Lucknow Super Giants,1.0,50.0,14.25,144.88095238095238,8,11.2,14.25,8.0,0.0,0.0,1.0,1.0,11.868830189178233,-10.868830189178233,10.868830189178233
1426305,2024-05-17,2024,2,Mumbai Indians,Lucknow Super Giants,RG Sharma,68,38,10,3,178.94736842105263,Lucknow Super Giants,19.0,82.6086956521739,26.143426294820717,112.19953689960744,251,9.2,28.0,19.4,1.0,1.0,0.8,0.4,27.248461714260785,40.751538285739215,40.751538285739215
1426305,2024-05-17,2024,2,Mumbai Indians,Lucknow Super Giants,SA Yadav,0,3,0,0,0.0,Lucknow Super Giants,11.0,78.57142857142857,26.622222222222224,134.75719427990796,135,41.0,34.5,18.8,1.0,0.0,4.4,2.2,28.426974445902538,-28.426974445902538,28.426974445902538
1426306,2024-05-18,2024,2,Chennai Super Kings,Royal Challengers Bengaluru,AM Rahane,33,22,3,1,150.0,Royal Challengers Bengaluru,1.0,20.0,27.111764705882354,104.91686393508085,170,9.8,18.2,27.0,0.0,0.0,1.4,0.0,28.585669343611656,4.414330656388344,4.414330656388344
1426306,2024-05-18,2024,1,Royal Challengers Bengaluru,Chennai Super Kings,C Green,38,17,3,3,223.52941176470588,Chennai Super Kings,32.0,133.33333333333331,24.692307692307693,132.01457914635355,26,24.4,19.0,12.0,1.0,2.0,2.2,0.8,22.25762793633734,15.74237206366266,15.74237206366266
1426306,2024-05-18,2024,2,Chennai Super Kings,Royal Challengers Bengaluru,DJ Mitchell,4,6,0,0,66.66666666666666,Royal Challengers Bengaluru,22.0,169.23076923076923,24.785714285714285,127.19764859691884,14,33.6,26.8,22.0,4.0,0.0,4.0,1.0,24.20277860666511,-20.20277860666511,20.20277860666511
1426306,2024-05-18,2024,1,Royal Challengers Bengaluru,Chennai Super Kings,F du Plessis,54,39,3,3,138.46153846153845,Chennai Super Kings,6.0,85.71428571428571,33.088235294117645,122.2162184690624,136,25.6,32.1,35.75,1.0,0.0,3.4,1.4,29.286010911198208,24.713989088801792,24.713989088801792
1426306,2024-05-18,2024,1,Royal Challengers Bengaluru,Chennai Super Kings,GJ Maxwell,16,5,2,1,320.0,Chennai Super Kings,4.0,133.33333333333331,21.700787401574804,125.42381866847995,127,6.6,10.6,28.0,1.0,0.0,0.8,0.2,19.73998341052714,-3.7399834105271417,3.7399834105271417
1426306,2024-05-18,2024,1,Royal Challengers Bengaluru,Chennai Super Kings,KD Karthik,14,6,1,1,233.33333333333334,Chennai Super Kings,0.0,0.0,20.678111587982833,120.93794325593493,233,15.0,26.3,23.766666666666666,0.0,0.0,1.8,0.6,21.20391248607789,-7.20391248607789,7.20391248607789
1426306,2024-05-18,2024,2,Chennai Super Kings,Royal Challengers Bengaluru,MJ Santner,3,4,0,0,75.0,Royal Challengers Bengaluru,0.0,0.0,6.7,101.46783625730994,10,2.8,6.7,0.0,0.0,0.0,0.2,0.0,5.921587712487662,-2.9215877124876624,2.9215877124876624
1426306,2024-05-18,2024,1,Royal Challengers Bengaluru,Chennai Super Kings,MK Lomror,0,1,0,0,0.0,Chennai Super Kings,13.0,162.5,15.0,122.90828548112339,33,8.6,9.5,21.0,0.0,1.0,0.4,0.6,13.117179715173345,-13.117179715173345,13.117179715173345
1426306,2024-05-18,2024,2,Chennai Super Kings,Royal Challengers Bengaluru,MS Dhoni,25,12,3,1,208.33333333333334,Royal Challengers Bengaluru,26.0,236.36363636363637,22.986784140969164,132.62884763049365,227,9.8,13.6,0.0,1.0,3.0,0.8,0.8,17.944618546820884,7.055381453179116,7.055381453179116
1426306,2024-05-18,2024,2,Chennai Super Kings,Royal Challengers Bengaluru,R Ravindra,61,36,5,3,169.44444444444443,Royal Challengers Bengaluru,27.0,150.0,17.88888888888889,127.2685185185185,9,12.8,17.88888888888889,37.0,1.0,2.0,1.2,0.6,16.43992201676306,44.56007798323694,44.56007798323694
1426306,2024-05-18,2024,2,Chennai Super Kings,Royal Challengers Bengaluru,RA Jadeja,42,22,3,3,190.9090909090909,Royal Challengers Bengaluru,5.0,83.33333333333334,16.29608938547486,132.1147509052055,179,16.8,22.5,25.0,0.0,0.0,1.4,0.6,17.68921715284634,24.31078284715366,24.31078284715366
1426306,2024-05-18,2024,2,Chennai Super Kings,Royal Challengers Bengaluru,RD Gaikwad,0,1,0,0,0.0,Royal Challengers Bengaluru,42.0,102.4390243902439,37.1875,113.36030999325939,64,46.8,52.1,15.0,1.0,2.0,4.0,1.6,32.026491268412926,-32.026491268412926,32.026491268412926
1426306,2024-05-18,2024,1,Royal Challengers Bengaluru,Chennai Super Kings,RM Patidar,41,23,2,4,178.26086956521738,Chennai Super Kings,52.0,162.5,32.90909090909091,137.54866903235438,22,42.2,32.0,10.5,3.0,3.0,2.2,3.8,28.42039284383859,12.579607156161408,12.579607156161408
1426306,2024-05-18,2024,2,Chennai Super Kings,Royal Challengers Bengaluru,S Dube,7,15,0,0,46.666666666666664,Royal Challengers Bengaluru,18.0,163.63636363636365,24.916666666666668,127.35352667934666,60,15.6,28.6,34.0,2.0,1.0,1.0,1.2,23.77079873833149,-16.77079873833149,16.77079873833149
1426306,2024-05-18,2024,2,Chennai Super Kings,Royal Challengers Bengaluru,SN Thakur,1,2,0,0,50.0,Royal Challengers Bengaluru,3.0,75.0,9.0,106.82363100880235,34,6.4,12.5,0.0,0.0,0.0,0.6,0.2,11.173983145066405,-10.173983145066405,10.173983145066405
1426306,2024-05-18,2024,1,Royal Challengers Bengaluru,Chennai Super Kings,V Kohli,47,29,3,4,162.06896551724137,Chennai Super Kings,27.0,207.6923076923077,32.51639344262295,118.68333307159091,244,56.4,48.0,32.45161290322581,1.0,3.0,4.0,3.4,33.40872873585346,13.591271264146542,13.591271264146542
1426307,2024-05-19,2024,2,Sunrisers Hyderabad,Punjab Kings,Abdul Samad,11,8,0,1,137.5,Punjab Kings,3.0,75.0,15.222222222222221,137.48974331505167,36,16.4,19.2,13.0,0.0,0.0,1.2,1.2,11.192603139297573,-0.19260313929757267,0.19260313929757267
1426307,2024-05-19,2024,2,Sunrisers Hyderabad,Punjab Kings,Abhishek Sharma,66,28,5,6,235.71428571428572,Punjab Kings,75.0,267.85714285714283,22.70175438596491,136.463560031954,57,28.8,30.6,30.0,8.0,6.0,2.4,2.2,20.89574030594325,45.10425969405675,45.10425969405675
1426307,2024-05-19,2024,1,Punjab Kings,Sunrisers Hyderabad,Ashutosh Sharma,2,3,0,0,66.66666666666666,Sunrisers Hyderabad,17.0,154.54545454545453,23.375,153.21005587549706,8,18.4,23.375,33.0,1.0,1.0,0.6,1.8,22.017802280368006,-20.017802280368006,20.017802280368006
1426307,2024-05-19,2024,1,Punjab Kings,Sunrisers Hyderabad,Atharva Taide,46,27,5,2,170.37037037037038,Sunrisers Hyderabad,15.0,125.0,25.125,130.58473389355743,8,33.6,25.125,0.0,2.0,0.0,3.6,1.0,23.251885796951637,22.748114203048363,22.748114203048363
1426307,2024-05-19,2024,2,Sunrisers Hyderabad,Punjab Kings,H Klaasen,42,26,3,2,161.53846153846155,Punjab Kings,2.0,50.0,30.464285714285715,161.8044025082389,28,17.2,27.6,9.0,0.0,0.0,0.6,1.4,20.556788652813268,21.443211347186732,21.443211347186732
1426307,2024-05-19,2024,1,Punjab Kings,Sunrisers Hyderabad,JM Sharma,32,15,2,2,213.33333333333334,Sunrisers Hyderabad,22.0,110.00000000000001,19.942857142857143,143.3933313705875,35,9.8,14.6,13.25,0.0,2.0,0.4,0.6,16.870600114031063,15.129399885968937,15.129399885968937
1426307,2024-05-19,2024,2,Sunrisers Hyderabad,Punjab Kings,Nithish Kumar Reddy,37,25,1,3,148.0,Punjab Kings,20.0,133.33333333333331,34.142857142857146,142.75653204224633,7,32.2,34.142857142857146,64.0,2.0,0.0,1.4,2.2,25.54447673896141,11.45552326103859,11.45552326103859
1426307,2024-05-19,2024,1,Punjab Kings,Sunrisers Hyderabad,P Simran Singh,71,45,7,4,157.77777777777777,Sunrisers Hyderabad,6.0,150.0,20.757575757575758,124.94818580588107,33,21.8,19.3,9.0,1.0,0.0,1.8,1.6,19.209669408641698,51.7903305913583,51.7903305913583
1426307,2024-05-19,2024,2,Sunrisers Hyderabad,Punjab Kings,RA Tripathi,33,17,4,2,194.11764705882354,Punjab Kings,11.0,78.57142857142857,23.617977528089888,126.14059146987661,89,13.4,18.0,35.666666666666664,1.0,0.0,1.4,0.4,24.61521495635236,8.38478504364764,8.38478504364764
1426307,2024-05-19,2024,1,Punjab Kings,Sunrisers Hyderabad,RR Rossouw,49,23,3,4,213.0434782608696,Sunrisers Hyderabad,22.0,169.23076923076923,20.19047619047619,109.6311692326185,21,30.4,24.9,14.0,5.0,0.0,4.0,1.4,21.671868238518293,27.328131761481707,27.328131761481707
1426307,2024-05-19,2024,2,Sunrisers Hyderabad,Punjab Kings,Sanvir Singh,6,4,1,0,150.0,Punjab Kings,8.0,114.28571428571428,6.333333333333333,121.42857142857143,3,6.333333333333333,6.333333333333333,0.0,0.0,0.0,0.3333333333333333,0.3333333333333333,9.597150672034026,-3.597150672034026,3.597150672034026
1426307,2024-05-19,2024,2,Sunrisers Hyderabad,Punjab Kings,Shahbaz Ahmed,3,6,0,0,50.0,Punjab Kings,10.0,83.33333333333334,15.363636363636363,118.05803171969372,33,26.0,19.0,8.8,0.0,0.0,1.0,1.4,18.218982578093172,-15.218982578093172,15.218982578093172
1426307,2024-05-19,2024,1,Punjab Kings,Sunrisers Hyderabad,Shashank Singh,2,4,0,0,50.0,Sunrisers Hyderabad,0.0,0.0,23.38888888888889,147.5479166651278,18,31.4,32.2,46.0,0.0,0.0,2.2,2.2,22.749995470724357,-20.749995470724357,20.749995470724357
1426307,2024-05-19,2024,1,Punjab Kings,Sunrisers Hyderabad,Shivam Singh,2,3,0,0,66.66666666666666,Sunrisers Hyderabad,0.0,0.0,0.0,0.0,0,0.0,0.0,0.0,0.0,0.0,0.0,0.0,8.741002496777497,-6.741002496777497,6.741002496777497
1426307,2024-05-19,2024,2,Sunrisers Hyderabad,Punjab Kings,TM Head,0,1,0,0,0.0,Punjab Kings,89.0,296.6666666666667,35.142857142857146,147.56325908278427,21,41.8,47.1,21.0,8.0,8.0,4.4,2.6,24.389758766885258,-24.389758766885258,24.389758766885258
1426309,2024-05-21,2024,1,Sunrisers Hyderabad,Kolkata Knight Riders,Abdul Samad,16,12,0,2,133.33333333333331,Kolkata Knight Riders,11.0,137.5,15.108108108108109,137.49002052275296,37,11.2,16.6,17.5,0.0,1.0,0.4,0.8,11.832961477808638,4.167038522191362,4.167038522191362
1426309,2024-05-21,2024,1,Sunrisers Hyderabad,Kolkata Knight Riders,Abhishek Sharma,3,4,0,0,75.0,Kolkata Knight Riders,66.0,235.71428571428572,23.448275862068964,138.17477944027004,58,35.8,34.3,18.142857142857142,5.0,6.0,2.8,3.0,18.06198773651798,-15.061987736517981,15.061987736517981
1426309,2024-05-21,2024,1,Sunrisers Hyderabad,Kolkata Knight Riders,B Kumar,0,4,0,0,0.0,Kolkata Knight Riders,4.0,133.33333333333331,4.857142857142857,88.7617188807665,63,10.4,7.2,4.583333333333333,0.0,0.0,1.2,0.0,7.446598435351734,-7.446598435351734,7.446598435351734
1426309,2024-05-21,2024,1,Sunrisers Hyderabad,Kolkata Knight Riders,H Klaasen,32,20,3,1,160.0,Kolkata Knight Riders,42.0,161.53846153846155,30.862068965517242,161.79523212997074,29,22.6,23.8,33.25,3.0,2.0,1.2,1.4,21.926123375147146,10.073876624852854,10.073876624852854
1426309,2024-05-21,2024,1,Sunrisers Hyderabad,Kolkata Knight Riders,Nithish Kumar Reddy,9,10,1,0,90.0,Kolkata Knight Riders,37.0,148.0,34.5,143.41196553696554,8,32.2,34.5,0.0,1.0,3.0,1.2,2.4,25.34407767244915,-16.34407767244915,16.34407767244915
1426309,2024-05-21,2024,1,Sunrisers Hyderabad,Kolkata Knight Riders,PJ Cummins,30,24,2,2,125.0,Kolkata Knight Riders,35.0,218.75,12.666666666666666,124.82493926734122,36,15.0,8.0,1.5,2.0,2.0,0.8,1.0,11.698629792576135,18.301370207423865,18.301370207423865
1426309,2024-05-21,2024,1,Sunrisers Hyderabad,Kolkata Knight Riders,RA Tripathi,55,34,7,1,161.76470588235296,Kolkata Knight Riders,33.0,194.11764705882354,23.72222222222222,126.89589208753158,90,16.0,19.2,29.818181818181817,4.0,2.0,1.4,0.8,24.174078186055954,30.825921813944046,30.825921813944046
1426309,2024-05-21,2024,2,Kolkata Knight Riders,Sunrisers Hyderabad,Rahmanullah Gurbaz,23,14,2,2,164.28571428571428,Sunrisers Hyderabad,10.0,66.66666666666666,20.636363636363637,94.18943459641133,11,8.8,20.5,0.0,0.0,0.0,0.4,0.6,19.43258913308726,3.5674108669127413,3.5674108669127413
1426309,2024-05-21,2024,2,Kolkata Knight Riders,Sunrisers Hyderabad,SP Narine,21,16,4,0,131.25,Sunrisers Hyderabad,0.0,0.0,14.490384615384615,121.47028181070141,104,35.0,41.2,7.714285714285714,0.0,0.0,3.6,2.4,30.42622996270741,-9.42622996270741,9.42622996270741
1426309,2024-05-21,2024,2,Kolkata Knight Riders,Sunrisers Hyderabad,SS Iyer,58,24,5,4,241.66666666666666,Sunrisers Hyderabad,7.0,70.0,27.141592920353983,112.6782601933107,113,19.4,24.8,26.3125,1.0,0.0,1.8,0.8,26.65259325934925,31.34740674065075,31.34740674065075
1426309,2024-05-21,2024,1,Sunrisers Hyderabad,Kolkata Knight Riders,Sanvir Singh,0,1,0,0,0.0,Kolkata Knight Riders,6.0,150.0,6.25,128.57142857142856,4,6.25,6.25,0.0,1.0,0.0,0.5,0.25,10.48805259792712,-10.48805259792712,10.48805259792712
1426309,2024-05-21,2024,1,Sunrisers Hyderabad,Kolkata Knight Riders,Shahbaz Ahmed,0,1,0,0,0.0,Kolkata Knight Riders,3.0,50.0,15.0,116.0563249044086,34,23.8,19.1,11.8,0.0,0.0,0.8,1.2,17.039744310931795,-17.039744310931795,17.039744310931795
1426309,2024-05-21,2024,1,Sunrisers Hyderabad,Kolkata Knight Riders,TM Head,0,2,0,0,0.0,Kolkata Knight Riders,0.0,0.0,33.54545454545455,140.85583821538498,22,41.6,45.2,75.0,0.0,0.0,4.4,2.6,35.16257690758122,-35.16257690758122,35.16257690758122
1426309,2024-05-21,2024,1,Sunrisers Hyderabad,Kolkata Knight Riders,V Viyaskanth,7,5,0,0,140.0,Kolkata Knight Riders,0.0,0.0,0.0,0.0,0,0.0,0.0,0.0,0.0,0.0,0.0,0.0,11.502835017401486,-4.502835017401486,4.502835017401486
1426309,2024-05-21,2024,2,Kolkata Knight Riders,Sunrisers Hyderabad,VR Iyer,51,28,5,4,182.14285714285714,Sunrisers Hyderabad,42.0,200.0,26.02127659574468,122.43131734664216,47,35.6,26.0,7.5,6.0,2.0,3.4,1.6,25.589086752623086,25.410913247376914,25.410913247376914
1426310,2024-05-22,2024,1,Royal Challengers Bengaluru,Rajasthan Royals,C Green,27,21,2,1,128.57142857142858,Rajasthan Royals,38.0,223.52941176470588,25.185185185185187,135.4040173914777,27,30.8,21.0,24.5,3.0,3.0,2.8,1.2,22.630857401170672,4.3691425988293275,4.3691425988293275
1426310,2024-05-22,2024,2,Rajasthan Royals,Royal Challengers Bengaluru,Dhruv Jurel,8,8,1,0,100.0,Royal Challengers Bengaluru,0.0,0.0,14.15,122.78306170953229,20,16.6,14.1,2.0,0.0,0.0,1.2,0.8,12.607263739944013,-4.607263739944013,4.607263739944013
1426310,2024-05-22,2024,1,Royal Challengers Bengaluru,Rajasthan Royals,F du Plessis,17,14,2,1,121.42857142857142,Rajasthan Royals,54.0,138.46153846153845,33.24087591240876,122.33479744710966,137,31.4,35.6,33.3125,3.0,3.0,3.4,1.8,27.89904116744686,-10.89904116744686,10.89904116744686
1426310,2024-05-22,2024,1,Royal Challengers Bengaluru,Rajasthan Royals,GJ Maxwell,0,1,0,0,0.0,Rajasthan Royals,16.0,320.0,21.65625,126.94394508513246,128,4.2,6.8,24.533333333333335,2.0,1.0,0.6,0.2,22.199170244438534,-22.199170244438534,22.199170244438534
1426310,2024-05-22,2024,1,Royal Challengers Bengaluru,Rajasthan Royals,KD Karthik,11,13,1,0,84.61538461538461,Rajasthan Royals,14.0,233.33333333333334,20.64957264957265,121.41826543575287,234,12.8,24.9,22.5,1.0,1.0,1.4,0.6,19.324401913054274,-8.324401913054274,8.324401913054274
1426310,2024-05-22,2024,1,Royal Challengers Bengaluru,Rajasthan Royals,KV Sharma,5,4,1,0,125.0,Rajasthan Royals,6.0,150.0,9.105263157894736,116.01763604472583,38,6.0,7.8,3.2,1.0,0.0,0.2,0.6,7.362742289759152,-2.3627422897591517,2.3627422897591517
1426310,2024-05-22,2024,1,Royal Challengers Bengaluru,Rajasthan Royals,MK Lomror,32,17,2,2,188.23529411764704,Rajasthan Royals,0.0,0.0,14.558823529411764,119.29333590814917,34,4.8,9.4,5.666666666666667,0.0,0.0,0.4,0.2,12.971597566418854,19.028402433581146,19.028402433581146
1426310,2024-05-22,2024,2,Rajasthan Royals,Royal Challengers Bengaluru,R Parag,36,26,2,2,138.46153846153845,Royal Challengers Bengaluru,48.0,141.1764705882353,20.196428571428573,118.28642968896095,56,42.6,40.4,4.0,6.0,0.0,3.2,2.2,25.78447672613383,10.215523273866172,10.215523273866172
1426310,2024-05-22,2024,2,Rajasthan Royals,Royal Challengers Bengaluru,R Powell,16,8,2,1,200.0,Royal Challengers Bengaluru,4.0,80.0,16.9,118.54079131652661,20,16.2,13.3,0.0,1.0,0.0,1.6,1.0,18.81523293641296,-2.8152329364129614,2.8152329364129614
1426310,2024-05-22,2024,1,Royal Challengers Bengaluru,Rajasthan Royals,RM Patidar,34,22,2,2,154.54545454545453,Rajasthan Royals,41.0,178.26086956521738,33.26086956521739,139.31876470769626,23,40.0,34.3,37.0,2.0,4.0,2.0,3.6,28.913641637342103,5.086358362657897,5.086358362657897
1426310,2024-05-22,2024,2,Rajasthan Royals,Royal Challengers Bengaluru,SO Hetmyer,26,14,3,1,185.71428571428572,Royal Challengers Bengaluru,13.0,144.44444444444443,19.253968253968253,138.64413253390484,63,12.8,17.1,11.0,1.0,1.0,1.0,1.0,18.732951983737376,7.267048016262624,7.267048016262624
1426310,2024-05-22,2024,2,Rajasthan Royals,Royal Challengers Bengaluru,SV Samson,17,13,0,1,130.76923076923077,Royal Challengers Bengaluru,18.0,120.0,27.45,118.32882798930041,160,38.0,39.5,69.0,3.0,0.0,3.6,2.0,23.59934537503654,-6.599345375036538,6.599345375036538
1426310,2024-05-22,2024,1,Royal Challengers Bengaluru,Rajasthan Royals,Swapnil Singh,9,4,0,1,225.0,Rajasthan Royals,0.0,0.0,5.25,84.43627450980392,8,6.0,5.25,0.0,0.0,0.0,0.6,0.4,4.421258544184299,4.578741455815701,4.578741455815701
1426310,2024-05-22,2024,2,Rajasthan Royals,Royal Challengers Bengaluru,T Kohler-Cadmore,20,15,4,0,133.33333333333331,Royal Challengers Bengaluru,18.0,78.26086956521739,18.0,78.26086956521739,1,18.0,18.0,0.0,2.0,1.0,2.0,1.0,17.480620548829773,2.519379451170227,2.519379451170227
1426310,2024-05-22,2024,1,Royal Challengers Bengaluru,Rajasthan Royals,V Kohli,33,24,3,1,137.5,Rajasthan Royals,47.0,162.06896551724137,32.57551020408163,118.8604172856548,245,55.6,50.5,25.20689655172414,3.0,4.0,3.8,4.0,37.93018703965752,-4.930187039657518,4.930187039657518
1426310,2024-05-22,2024,2,Rajasthan Royals,Royal Challengers Bengaluru,YBK Jaiswal,45,30,8,0,150.0,Royal Challengers Bengaluru,4.0,100.0,30.4,127.5322288961739,50,24.6,30.9,0.0,1.0,0.0,3.0,0.8,28.963354503848684,16.036645496151316,16.036645496151316
1426311,2024-05-24,2024,1,Sunrisers Hyderabad,Rajasthan Royals,AK Markram,1,2,0,0,50.0,Rajasthan Royals,32.0,128.0,24.35,119.49399668124859,40,14.4,21.2,29.666666666666668,4.0,0.0,1.4,0.4,24.7273258973283,-23.7273258973283,23.7273258973283
1426311,2024-05-24,2024,1,Sunrisers Hyderabad,Rajasthan Royals,Abdul Samad,0,1,0,0,0.0,Rajasthan Royals,16.0,133.33333333333331,15.131578947368421,137.38063401776824,38,11.8,17.8,15.75,0.0,2.0,0.2,1.0,13.284308506572607,-13.284308506572607,13.284308506572607
1426311,2024-05-24,2024,1,Sunrisers Hyderabad,Rajasthan Royals,Abhishek Sharma,12,5,1,1,240.0,Rajasthan Royals,3.0,75.0,23.10169491525424,137.10402046670615,59,33.4,30.9,19.4,0.0,0.0,2.6,2.8,20.617127935511064,-8.617127935511064,8.617127935511064
1426311,2024-05-24,2024,2,Rajasthan Royals,Sunrisers Hyderabad,Dhruv Jurel,56,35,7,2,160.0,Sunrisers Hyderabad,8.0,100.0,13.857142857142858,121.69815400907837,21,17.8,13.9,1.0,1.0,0.0,1.4,0.8,14.723831790680405,41.27616820931959,41.27616820931959
1426311,2024-05-24,2024,1,Sunrisers Hyderabad,Rajasthan Royals,H Klaasen,50,34,0,4,147.05882352941177,Rajasthan Royals,32.0,160.0,30.9,161.73539105897171,30,27.6,24.6,24.666666666666668,3.0,1.0,1.8,1.4,20.411974697687832,29.588025302312168,29.588025302312168
1426311,2024-05-24,2024,1,Sunrisers Hyderabad,Rajasthan Royals,JD Unadkat,5,2,1,0,250.0,Rajasthan Royals,1.0,50.0,7.52,116.20041657688716,25,5.0,8.9,0.0,0.0,0.0,0.4,0.2,9.068109944860437,-4.068109944860437,4.068109944860437
1426311,2024-05-24,2024,1,Sunrisers Hyderabad,Rajasthan Royals,Nithish Kumar Reddy,5,10,0,0,50.0,Rajasthan Royals,9.0,90.0,31.666666666666668,137.47730269952493,9,31.4,31.666666666666668,76.0,1.0,0.0,1.4,2.2,24.855080586662414,-19.855080586662414,19.855080586662414
1426311,2024-05-24,2024,1,Sunrisers Hyderabad,Rajasthan Royals,PJ Cummins,5,5,1,0,100.0,Rajasthan Royals,30.0,125.0,13.135135135135135,124.82967063849416,37,20.4,10.7,9.25,2.0,2.0,1.2,1.4,11.674651283601369,-6.674651283601369,6.674651283601369
1426311,2024-05-24,2024,2,Rajasthan Royals,Sunrisers Hyderabad,R Ashwin,0,3,0,0,0.0,Sunrisers Hyderabad,28.0,147.36842105263156,9.090909090909092,108.08941585135157,88,8.2,9.7,7.166666666666667,3.0,1.0,0.8,0.2,7.6138487808051964,-7.6138487808051964,7.6138487808051964
1426311,2024-05-24,2024,2,Rajasthan Royals,Sunrisers Hyderabad,R Parag,6,10,0,0,60.0,Sunrisers Hyderabad,36.0,138.46153846153845,20.473684210526315,118.64037896567282,57,47.0,38.6,24.714285714285715,2.0,2.0,3.6,2.4,28.32899023005623,-22.32899023005623,22.32899023005623
1426311,2024-05-24,2024,2,Rajasthan Royals,Sunrisers Hyderabad,R Powell,6,12,0,0,50.0,Sunrisers Hyderabad,16.0,200.0,16.857142857142858,122.41980125383486,21,17.2,14.7,47.0,2.0,1.0,1.6,1.2,17.66433384598182,-11.664333845981819,11.664333845981819
1426311,2024-05-24,2024,1,Sunrisers Hyderabad,Rajasthan Royals,RA Tripathi,37,15,5,2,246.66666666666669,Rajasthan Royals,55.0,161.76470588235296,24.065934065934066,127.27906586549665,91,26.8,23.2,23.833333333333332,7.0,1.0,2.8,1.0,23.971359265751925,13.028640734248075,13.028640734248075
1426311,2024-05-24,2024,2,Rajasthan Royals,Sunrisers Hyderabad,SO Hetmyer,4,9,0,0,44.44444444444444,Sunrisers Hyderabad,26.0,185.71428571428572,19.359375,139.37960367734829,64,15.8,19.0,23.8,3.0,1.0,1.2,1.2,19.02032517380251,-15.020325173802512,15.020325173802512
1426311,2024-05-24,2024,2,Rajasthan Royals,Sunrisers Hyderabad,SV Samson,10,11,1,0,90.9090909090909,Sunrisers Hyderabad,17.0,130.76923076923077,27.385093167701864,118.40609757178444,161,27.2,34.3,35.95454545454545,0.0,1.0,2.2,1.4,25.508229095394693,-15.508229095394693,15.508229095394693
1426311,2024-05-24,2024,1,Sunrisers Hyderabad,Rajasthan Royals,Shahbaz Ahmed,18,18,0,1,100.0,Rajasthan Royals,0.0,0.0,14.571428571428571,112.74042990713978,35,12.0,18.9,19.0,0.0,0.0,0.4,0.2,14.570526153211683,3.4294738467883175,3.4294738467883175
1426311,2024-05-24,2024,2,Rajasthan Royals,Sunrisers Hyderabad,T Kohler-Cadmore,10,16,1,0,62.5,Sunrisers Hyderabad,20.0,133.33333333333331,19.0,105.79710144927535,2,19.0,19.0,0.0,4.0,0.0,3.0,0.5,19.82899975127487,-9.828999751274871,9.828999751274871
1426311,2024-05-24,2024,2,Rajasthan Royals,Sunrisers Hyderabad,TA Boult,0,3,0,0,0.0,Sunrisers Hyderabad,12.0,133.33333333333331,3.9523809523809526,84.11066446780733,21,6.0,6.1,0.0,2.0,0.0,0.6,0.2,6.108141661835328,-6.108141661835328,6.108141661835328
1426311,2024-05-24,2024,1,Sunrisers Hyderabad,Rajasthan Royals,TM Head,34,28,3,1,121.42857142857142,Rajasthan Royals,0.0,0.0,32.08695652173913,134.7316713364552,23,39.0,42.1,58.0,0.0,0.0,4.2,2.4,33.647416584304146,0.35258341569585383,0.35258341569585383
1426311,2024-05-24,2024,2,Rajasthan Royals,Sunrisers Hyderabad,YBK Jaiswal,42,21,4,3,200.0,Sunrisers Hyderabad,45.0,150.0,30.686274509803923,127.97277342762148,51,28.8,35.4,37.333333333333336,8.0,0.0,4.0,0.6,28.953112244117207,13.046887755882793,13.046887755882793
1426312,2024-05-26,2024,1,Sunrisers Hyderabad,Kolkata Knight Riders,AK Markram,20,23,3,0,86.95652173913044,Kolkata Knight Riders,1.0,50.0,23.78048780487805,117.79902115243765,41,14.6,20.0,37.833333333333336,0.0,0.0,1.4,0.4,24.265799095389525,-4.265799095389525,4.265799095389525
1426312,2024-05-26,2024,1,Sunrisers Hyderabad,Kolkata Knight Riders,Abdul Samad,4,4,0,0,100.0,Kolkata Knight Riders,0.0,0.0,14.743589743589743,133.8580536583383,39,9.8,16.3,17.285714285714285,0.0,0.0,0.2,0.8,15.297177006672745,-11.297177006672745,11.297177006672745
1426312,2024-05-26,2024,1,Sunrisers Hyderabad,Kolkata Knight Riders,Abhishek Sharma,2,5,0,0,40.0,Kolkata Knight Riders,12.0,240.0,22.916666666666668,138.81895345892772,60,33.4,30.5,16.25,1.0,1.0,2.8,2.8,19.105641121065734,-17.105641121065734,17.105641121065734
1426312,2024-05-26,2024,1,Sunrisers Hyderabad,Kolkata Knight Riders,B Kumar,0,1,0,0,0.0,Kolkata Knight Riders,0.0,0.0,4.78125,87.37481702325452,64,10.0,6.6,4.230769230769231,0.0,0.0,1.2,0.0,5.954943058164624,-5.954943058164624,5.954943058164624
1426312,2024-05-26,2024,1,Sunrisers Hyderabad,Kolkata Knight Riders,H Klaasen,16,17,1,0,94.11764705882352,Kolkata Knight Riders,50.0,147.05882352941177,31.516129032258064,161.26195339672785,31,33.6,28.6,33.0,0.0,4.0,1.8,2.0,22.071023481292798,-6.071023481292798,6.071023481292798
1426312,2024-05-26,2024,1,Sunrisers Hyderabad,Kolkata Knight Riders,JD Unadkat,4,11,0,0,36.36363636363637,Kolkata Knight Riders,5.0,250.0,7.423076923076923,121.34655440085304,26,5.8,8.8,8.4,1.0,0.0,0.6,0.2,7.762953757704404,-3.7629537577044037,3.7629537577044037
1426312,2024-05-26,2024,1,Sunrisers Hyderabad,Kolkata Knight Riders,Nithish Kumar Reddy,13,10,1,1,130.0,Kolkata Knight Riders,5.0,50.0,29.0,128.72957242957244,10,29.4,29.0,9.0,0.0,0.0,1.4,2.2,22.863222983091436,-9.863222983091436,9.863222983091436
1426312,2024-05-26,2024,1,Sunrisers Hyderabad,Kolkata Knight Riders,PJ Cummins,24,19,2,1,126.3157894736842,Kolkata Knight Riders,5.0,100.0,12.921052631578947,124.17625825327063,38,21.2,11.2,11.0,1.0,0.0,1.4,1.4,13.645642757012814,10.354357242987186,10.354357242987186
1426312,2024-05-26,2024,1,Sunrisers Hyderabad,Kolkata Knight Riders,RA Tripathi,9,13,1,0,69.23076923076923,Kolkata Knight Riders,37.0,246.66666666666669,24.206521739130434,128.57675717855287,92,31.2,25.9,31.916666666666668,5.0,2.0,3.4,1.2,23.19470684508721,-14.194706845087211,14.194706845087211
1426312,2024-05-26,2024,2,Kolkata Knight Riders,Sunrisers Hyderabad,Rahmanullah Gurbaz,39,32,5,2,121.875,Sunrisers Hyderabad,23.0,164.28571428571428,20.833333333333332,100.03079123718658,12,13.4,17.1,7.666666666666667,2.0,2.0,0.8,1.0,19.24002212497121,19.75997787502879,19.75997787502879
1426312,2024-05-26,2024,2,Kolkata Knight Riders,Sunrisers Hyderabad,SP Narine,6,2,0,1,300.0,Sunrisers Hyderabad,21.0,131.25,14.552380952380952,121.56342198393283,105,25.0,34.8,8.6,4.0,0.0,2.6,1.6,27.0578736689607,-21.0578736689607,21.0578736689607
1426312,2024-05-26,2024,2,Kolkata Knight Riders,Sunrisers Hyderabad,SS Iyer,6,3,1,0,200.0,Sunrisers Hyderabad,58.0,241.66666666666666,27.412280701754387,113.80973744307698,114,25.4,28.8,28.176470588235293,5.0,4.0,2.6,1.0,25.255204653110873,-19.255204653110873,19.255204653110873
1426312,2024-05-26,2024,1,Sunrisers Hyderabad,Kolkata Knight Riders,Shahbaz Ahmed,8,7,0,1,114.28571428571428,Kolkata Knight Riders,18.0,100.0,14.666666666666666,112.3865290763859,36,7.6,19.1,9.833333333333334,0.0,1.0,0.2,0.2,14.432826355387567,-6.432826355387567,6.432826355387567
1426312,2024-05-26,2024,1,Sunrisers Hyderabad,Kolkata Knight Riders,TM Head,0,1,0,0,0.0,Kolkata Knight Riders,34.0,121.42857142857142,32.166666666666664,134.17737550696003,24,34.2,43.4,37.5,3.0,1.0,3.6,2.0,31.51051958587357,-31.51051958587357,31.51051958587357
1426312,2024-05-26,2024,2,Kolkata Knight Riders,Sunrisers Hyderabad,VR Iyer,52,26,4,3,200.0,Sunrisers Hyderabad,51.0,182.14285714285714,26.541666666666668,123.6753077590633,48,38.0,26.1,13.714285714285714,5.0,4.0,3.8,2.0,24.726362637531725,27.273637362468275,27.273637362468275
1473438,2025-03-22,2025,1,Kolkata Knight Riders,Royal Challengers Bengaluru,A Raghuvanshi,30,22,2,1,136.36363636363635,Royal Challengers Bengaluru,32.0,123.07692307692308,23.285714285714285,147.34432234432234,7,17.0,23.285714285714285,3.0,3.0,1.0,1.6,0.8,17.273123327068117,12.726876672931883,12.726876672931883
1473438,2025-03-22,2025,1,Kolkata Knight Riders,Royal Challengers Bengaluru,AD Russell,4,3,1,0,133.33333333333331,Royal Challengers Bengaluru,24.0,171.42857142857142,23.695238095238096,152.2575046647383,105,18.8,22.9,27.0,2.0,2.0,1.8,1.2,23.341779647697578,-19.341779647697578,19.341779647697578
1473438,2025-03-22,2025,1,Kolkata Knight Riders,Royal Challengers Bengaluru,AM Rahane,56,31,6,4,180.64516129032256,Royal Challengers Bengaluru,33.0,150.0,27.146198830409357,105.18050800563594,171,16.2,20.3,30.0,3.0,1.0,2.0,0.2,28.495265986396674,27.504734013603326,27.504734013603326
1473438,2025-03-22,2025,2,Royal Challengers Bengaluru,Kolkata Knight Riders,D Padikkal,10,10,1,0,100.0,Kolkata Knight Riders,0.0,0.0,24.359375,102.96748620983459,64,5.8,10.5,21.571428571428573,0.0,0.0,0.2,0.0,23.736054465968433,-13.736054465968433,13.736054465968433
1473438,2025-03-22,2025,1,Kolkata Knight Riders,Royal Challengers Bengaluru,Harshit Rana,5,6,1,0,83.33333333333334,Royal Challengers Bengaluru,0.0,0.0,0.6666666666666666,66.66666666666667,3,0.6666666666666666,0.6666666666666666,0.0,0.0,0.0,0.0,0.0,4.504801153353393,0.4951988466466073,0.4951988466466073
1473438,2025-03-22,2025,2,Royal Challengers Bengaluru,Kolkata Knight Riders,LS Livingstone,15,5,2,1,300.0,Kolkata Knight Riders,0.0,0.0,24.076923076923077,133.59380496192748,39,11.2,21.8,13.333333333333334,0.0,0.0,1.0,0.6,23.606107284352856,-8.606107284352856,8.606107284352856
1473438,2025-03-22,2025,2,Royal Challengers Bengaluru,Kolkata Knight Riders,PD Salt,56,31,9,2,180.64516129032256,Kolkata Knight Riders,6.0,120.0,31.095238095238095,144.24026487051697,21,37.2,35.1,5.0,0.0,1.0,3.8,2.6,24.304391528097227,31.695608471902773,31.695608471902773
1473438,2025-03-22,2025,1,Kolkata Knight Riders,Royal Challengers Bengaluru,Q de Kock,4,5,1,0,80.0,Royal Challengers Bengaluru,12.0,150.0,29.25925925925926,117.34129348859705,108,15.2,24.6,81.0,2.0,0.0,1.8,0.2,30.418873456397304,-26.418873456397304,26.418873456397304
1473438,2025-03-22,2025,1,Kolkata Knight Riders,Royal Challengers Bengaluru,RK Singh,12,10,1,0,120.0,Royal Challengers Bengaluru,20.0,166.66666666666669,22.325,138.3321692248415,40,12.2,14.5,14.5,0.0,2.0,1.2,0.4,18.00911731400839,-6.009117314008389,6.009117314008389
1473438,2025-03-22,2025,2,Royal Challengers Bengaluru,Kolkata Knight Riders,RM Patidar,34,16,5,1,212.5,Kolkata Knight Riders,34.0,154.54545454545453,33.291666666666664,139.95321011760285,24,36.8,37.4,18.666666666666668,2.0,2.0,2.0,3.0,25.61069466221709,8.389305337782911,8.389305337782911
1473438,2025-03-22,2025,1,Kolkata Knight Riders,Royal Challengers Bengaluru,Ramandeep Singh,6,9,0,0,66.66666666666666,Royal Challengers Bengaluru,17.0,212.5,13.076923076923077,176.25,13,14.8,13.8,24.0,1.0,1.0,0.8,1.4,8.920519395725833,-2.920519395725833,2.920519395725833
1473438,2025-03-22,2025,1,Kolkata Knight Riders,Royal Challengers Bengaluru,SH Johnson,1,1,0,0,100.0,Royal Challengers Bengaluru,1.0,100.0,2.0,66.66666666666667,3,2.0,2.0,0.0,0.0,0.0,0.3333333333333333,0.0,5.888980148762866,-4.888980148762866,4.888980148762866
1473438,2025-03-22,2025,1,Kolkata Knight Riders,Royal Challengers Bengaluru,SP Narine,44,26,5,3,169.23076923076923,Royal Challengers Bengaluru,6.0,300.0,14.471698113207546,123.24678592748063,106,23.2,32.7,28.5,0.0,1.0,2.0,1.8,23.567887593794083,20.432112406205917,20.432112406205917
1473438,2025-03-22,2025,2,Royal Challengers Bengaluru,Kolkata Knight Riders,V Kohli,59,36,4,3,163.88888888888889,Kolkata Knight Riders,33.0,137.5,32.577235772357724,118.93618794709522,246,48.2,42.5,31.032258064516128,3.0,1.0,3.2,3.6,26.92653245130571,32.07346754869429,32.07346754869429
1473438,2025-03-22,2025,1,Kolkata Knight Riders,Royal Challengers Bengaluru,VR Iyer,6,7,1,0,85.71428571428571,Royal Challengers Bengaluru,52.0,200.0,27.06122448979592,125.23295453949059,49,43.2,30.8,33.0,4.0,3.0,4.2,2.4,25.263217083501,-19.263217083501,19.263217083501
1473439,2025-03-23,2025,1,Sunrisers Hyderabad,Rajasthan Royals,A Manohar,0,1,0,0,0.0,Rajasthan Royals,8.0,57.14285714285714,15.4,108.65423465423466,15,15.8,12.5,23.666666666666668,1.0,0.0,0.8,0.8,12.948638405005614,-12.948638405005614,12.948638405005614
1473439,2025-03-23,2025,1,Sunrisers Hyderabad,Rajasthan Royals,Abhishek Sharma,24,11,5,0,218.18181818181816,Rajasthan Royals,2.0,40.0,22.57377049180328,137.19897061533874,61,31.6,27.3,18.166666666666668,0.0,0.0,2.8,2.6,20.254986563176296,3.7450134368237045,3.7450134368237045
1473439,2025-03-23,2025,1,Sunrisers Hyderabad,Rajasthan Royals,Aniket Verma,7,3,0,1,233.33333333333334,Rajasthan Royals,0.0,0.0,0.0,0.0,0,0.0,0.0,0.0,0.0,0.0,0.0,0.0,13.82610432613522,-6.826104326135219,6.826104326135219
1473439,2025-03-23,2025,2,Rajasthan Royals,Sunrisers Hyderabad,Dhruv Jurel,70,35,5,6,200.0,Sunrisers Hyderabad,56.0,160.0,15.772727272727273,123.43914700866571,22,18.6,17.5,28.5,7.0,2.0,1.8,0.8,14.602978602767474,55.39702139723253,55.39702139723253
1473439,2025-03-23,2025,1,Sunrisers Hyderabad,Rajasthan Royals,H Klaasen,34,14,5,1,242.85714285714283,Rajasthan Royals,16.0,94.11764705882352,31.03125,159.16369382366832,32,28.4,29.3,31.0,1.0,0.0,1.4,1.4,22.938772616377467,11.061227383622533,11.061227383622533
1473439,2025-03-23,2025,1,Sunrisers Hyderabad,Rajasthan Royals,Ishan Kishan,106,46,11,6,230.43478260869566,Rajasthan Royals,14.0,93.33333333333333,26.707070707070706,118.51145833502106,99,21.6,22.8,26.0,1.0,0.0,2.4,0.6,26.807208214817873,79.19279178518212,79.19279178518212
1473439,2025-03-23,2025,2,Rajasthan Royals,Sunrisers Hyderabad,JC Archer,1,1,0,0,100.0,Sunrisers Hyderabad,3.0,150.0,8.652173913043478,134.09655561829476,23,5.6,7.7,8.5,0.0,0.0,0.2,0.2,9.885202782081388,-8.885202782081388,8.885202782081388
1473439,2025-03-23,2025,2,Rajasthan Royals,Sunrisers Hyderabad,N Rana,11,8,2,0,137.5,Sunrisers Hyderabad,33.0,143.47826086956522,26.099009900990097,119.10775803226139,101,25.8,30.1,34.125,4.0,1.0,2.8,0.4,25.837945148212995,-14.837945148212995,14.837945148212995
1473439,2025-03-23,2025,1,Sunrisers Hyderabad,Rajasthan Royals,Nithish Kumar Reddy,30,15,4,1,200.0,Rajasthan Royals,13.0,130.0,27.545454545454547,128.84506584506585,11,16.8,28.9,40.5,1.0,1.0,1.0,0.8,22.18374146565151,7.8162585343484885,7.8162585343484885
1473439,2025-03-23,2025,1,Sunrisers Hyderabad,Rajasthan Royals,PJ Cummins,0,1,0,0,0.0,Rajasthan Royals,24.0,126.3157894736842,13.205128205128204,124.23111802815303,39,19.8,13.6,8.4,2.0,1.0,1.6,1.0,15.113695817353467,-15.113695817353467,15.113695817353467
1473439,2025-03-23,2025,2,Rajasthan Royals,Sunrisers Hyderabad,R Parag,4,2,1,0,200.0,Sunrisers Hyderabad,6.0,60.0,20.224137931034484,117.6293379490233,58,32.8,38.8,22.375,0.0,0.0,2.0,1.6,21.256603018873058,-17.256603018873058,17.256603018873058
1473439,2025-03-23,2025,2,Rajasthan Royals,Sunrisers Hyderabad,SB Dubey,34,10,1,4,340.0,Sunrisers Hyderabad,0.0,0.0,11.0,113.88888888888887,3,11.0,11.0,0.0,0.0,0.0,1.0,0.6666666666666666,12.656777230262994,21.343222769737004,21.343222769737004
1473439,2025-03-23,2025,2,Rajasthan Royals,Sunrisers Hyderabad,SO Hetmyer,42,23,1,4,182.6086956521739,Sunrisers Hyderabad,4.0,44.44444444444444,19.123076923076923,137.9190627660728,65,14.0,15.9,22.0,0.0,0.0,1.0,1.0,17.881811874523724,24.118188125476276,24.118188125476276
1473439,2025-03-23,2025,2,Rajasthan Royals,Sunrisers Hyderabad,SV Samson,66,36,7,4,183.33333333333331,Sunrisers Hyderabad,10.0,90.9090909090909,27.27777777777778,118.23636296275548,162,29.2,28.5,34.82608695652174,1.0,0.0,2.4,1.4,26.110650277542923,39.88934972245708,39.88934972245708
1473439,2025-03-23,2025,1,Sunrisers Hyderabad,Rajasthan Royals,TM Head,67,29,9,3,231.0344827586207,Rajasthan Royals,0.0,0.0,30.88,128.81028048668162,25,24.6,33.2,46.0,0.0,0.0,2.2,1.8,24.82768638701733,42.17231361298267,42.17231361298267
1473439,2025-03-23,2025,2,Rajasthan Royals,Sunrisers Hyderabad,YBK Jaiswal,1,5,0,0,20.0,Sunrisers Hyderabad,42.0,200.0,30.903846153846153,129.3579124001672,52,23.8,37.2,38.0,4.0,3.0,3.4,0.8,28.867808593270002,-27.867808593270002,27.867808593270002
1473440,2025-03-23,2025,2,Chennai Super Kings,Mumbai Indians,DJ Hooda,3,5,0,0,60.0,Mumbai Indians,11.0,122.22222222222223,15.11340206185567,118.39008868015885,97,16.8,16.0,14.533333333333333,1.0,0.0,2.2,0.0,19.444495824230668,-16.444495824230668,16.444495824230668
1473440,2025-03-23,2025,1,Mumbai Indians,Chennai Super Kings,DL Chahar,28,15,2,2,186.66666666666666,Chennai Super Kings,1.0,50.0,6.666666666666667,91.25,12,1.8,6.6,0.0,0.0,0.0,0.0,0.0,6.292783248802524,21.707216751197475,21.707216751197475
1473440,2025-03-23,2025,1,Mumbai Indians,Chennai Super Kings,MJ Santner,11,13,1,0,84.61538461538461,Chennai Super Kings,3.0,75.0,6.363636363636363,99.06166932482724,11,3.2,6.0,0.0,0.0,0.0,0.2,0.0,6.449857087884872,4.550142912115128,4.550142912115128
1473440,2025-03-23,2025,2,Chennai Super Kings,Mumbai Indians,MS Dhoni,0,2,0,0,0.0,Mumbai Indians,25.0,208.33333333333334,22.99561403508772,132.96088484848858,228,14.0,12.4,21.333333333333332,3.0,1.0,1.2,1.0,18.036192808819997,-18.036192808819997,18.036192808819997
1473440,2025-03-23,2025,1,Mumbai Indians,Chennai Super Kings,Naman Dhir,17,12,1,0,141.66666666666669,Chennai Super Kings,62.0,229.62962962962962,20.0,146.7498110355253,7,18.0,20.0,0.0,4.0,5.0,1.4,1.4,18.65181674269565,-1.651816742695651,1.651816742695651
1473440,2025-03-23,2025,1,Mumbai Indians,Chennai Super Kings,PVSN Raju,1,1,0,0,100.0,Chennai Super Kings,0.0,0.0,0.0,0.0,0,0.0,0.0,0.0,0.0,0.0,0.0,0.0,10.048547947662739,-9.048547947662739,9.048547947662739
1473440,2025-03-23,2025,1,Mumbai Indians,Chennai Super Kings,R Minz,3,9,0,0,33.33333333333333,Chennai Super Kings,0.0,0.0,0.0,0.0,0,0.0,0.0,0.0,0.0,0.0,0.0,0.0,10.048547947662739,-7.048547947662739,7.048547947662739
1473440,2025-03-23,2025,2,Chennai Super Kings,Mumbai Indians,R Ravindra,65,45,2,4,144.44444444444443,Mumbai Indians,61.0,169.44444444444443,22.2,131.48611111111111,10,22.0,22.2,21.0,5.0,3.0,1.6,1.2,17.950961366453594,47.0490386335464,47.0490386335464
1473440,2025-03-23,2025,2,Chennai Super Kings,Mumbai Indians,RA Jadeja,17,18,1,0,94.44444444444444,Mumbai Indians,42.0,190.9090909090909,16.43888888888889,132.44138612744933,180,22.0,24.2,13.478260869565217,3.0,3.0,1.6,1.2,15.181345158469009,1.818654841530991,1.818654841530991
1473440,2025-03-23,2025,2,Chennai Super Kings,Mumbai Indians,RA Tripathi,2,3,0,0,66.66666666666666,Mumbai Indians,9.0,69.23076923076923,24.043010752688172,127.9386282758885,93,29.0,24.8,22.7,1.0,0.0,3.6,1.0,24.867670326859596,-22.867670326859596,22.867670326859596
1473440,2025-03-23,2025,2,Chennai Super Kings,Mumbai Indians,RD Gaikwad,53,26,6,3,203.84615384615384,Mumbai Indians,0.0,0.0,36.61538461538461,111.61630522413232,65,27.2,49.5,29.75,0.0,0.0,2.0,1.0,35.3119542642994,17.688045735700598,17.688045735700598
1473440,2025-03-23,2025,1,Mumbai Indians,Chennai Super Kings,RD Rickelton,13,7,3,0,185.71428571428572,Chennai Super Kings,0.0,0.0,0.0,0.0,0,0.0,0.0,0.0,0.0,0.0,0.0,0.0,10.048547947662739,2.9514520523372614,2.9514520523372614
1473440,2025-03-23,2025,1,Mumbai Indians,Chennai Super Kings,RG Sharma,0,4,0,0,0.0,Chennai Super Kings,68.0,178.94736842105263,26.30952380952381,112.46440924691476,252,21.2,29.9,26.352941176470587,10.0,3.0,2.6,1.0,23.582213129446444,-23.582213129446444,23.582213129446444
1473440,2025-03-23,2025,2,Chennai Super Kings,Mumbai Indians,S Dube,9,7,0,1,128.57142857142858,Mumbai Indians,7.0,46.666666666666664,24.62295081967213,126.03079126930272,61,9.2,24.8,21.9,0.0,0.0,0.8,0.4,24.748095504450887,-15.748095504450887,15.748095504450887
1473440,2025-03-23,2025,1,Mumbai Indians,Chennai Super Kings,SA Yadav,29,26,2,1,111.53846153846155,Chennai Super Kings,0.0,0.0,26.426470588235293,133.7663325572616,136,35.8,34.5,22.666666666666668,0.0,0.0,3.8,1.8,28.47930761900324,0.5206923809967599,0.5206923809967599
1473440,2025-03-23,2025,2,Chennai Super Kings,Mumbai Indians,SM Curran,4,9,0,0,44.44444444444444,Mumbai Indians,63.0,153.65853658536585,18.395833333333332,126.68662315304516,48,27.6,18.4,27.8,5.0,3.0,2.4,0.6,20.148223904320552,-16.148223904320552,16.148223904320552
1473440,2025-03-23,2025,1,Mumbai Indians,Chennai Super Kings,TA Boult,1,2,0,0,50.0,Chennai Super Kings,0.0,0.0,3.772727272727273,80.28745244654336,22,3.0,5.8,2.3333333333333335,0.0,0.0,0.4,0.0,3.583846723777257,-2.583846723777257,2.583846723777257
1473440,2025-03-23,2025,1,Mumbai Indians,Chennai Super Kings,Tilak Varma,31,24,2,2,129.16666666666669,Chennai Super Kings,32.0,188.23529411764704,30.42105263157895,139.3466556913564,38,28.6,29.5,34.5,5.0,1.0,3.2,1.0,25.316587075975523,5.683412924024477,5.683412924024477
1473440,2025-03-23,2025,1,Mumbai Indians,Chennai Super Kings,WG Jacks,11,7,2,0,157.14285714285714,Chennai Super Kings,41.0,141.3793103448276,28.75,142.87702688834153,8,32.0,28.75,0.0,3.0,2.0,1.8,2.6,23.212847420899006,-12.212847420899006,12.212847420899006
1473441,2025-03-24,2025,1,Lucknow Super Giants,Delhi Capitals,A Badoni,4,5,0,0,80.0,Delhi Capitals,22.0,220.00000000000003,18.114285714285714,121.34327849037743,35,20.8,22.6,22.25,1.0,2.0,2.2,0.6,18.004195303058072,-14.004195303058072,14.004195303058072
1473441,2025-03-24,2025,1,Lucknow Super Giants,Delhi Capitals,AK Markram,15,13,1,1,115.38461538461537,Delhi Capitals,20.0,86.95652173913044,23.69047619047619,117.06467592831129,42,12.2,20.2,13.5,3.0,0.0,1.6,0.0,23.075434649312555,-8.075434649312555,8.075434649312555
1473441,2025-03-24,2025,2,Delhi Capitals,Lucknow Super Giants,AR Patel,22,11,3,1,200.0,Lucknow Super Giants,14.0,140.0,14.758928571428571,126.18572127295626,112,22.4,19.9,24.0,2.0,0.0,2.0,1.0,20.14458117988303,1.8554188201169701,1.8554188201169701
1473441,2025-03-24,2025,2,Delhi Capitals,Lucknow Super Giants,Abishek Porel,0,2,0,0,0.0,Lucknow Super Giants,58.0,175.75757575757575,22.5,134.9497058720849,16,35.8,28.6,58.0,5.0,4.0,3.4,1.8,20.385814953472526,-20.385814953472526,20.385814953472526
1473441,2025-03-24,2025,2,Delhi Capitals,Lucknow Super Giants,Ashutosh Sharma,66,31,5,5,212.9032258064516,Lucknow Super Giants,2.0,66.66666666666666,21.0,143.59412374118256,9,6.6,21.0,0.0,0.0,0.0,0.2,0.4,18.675124426206107,47.32487557379389,47.32487557379389
1473441,2025-03-24,2025,1,Lucknow Super Giants,Delhi Capitals,DA Miller,27,18,1,2,150.0,Delhi Capitals,16.0,145.45454545454547,23.580645161290324,124.95434085852771,124,26.2,21.4,25.22222222222222,1.0,0.0,2.4,1.2,23.557610639504,3.4423893604960014,3.4423893604960014
1473441,2025-03-24,2025,2,Delhi Capitals,Lucknow Super Giants,F du Plessis,29,18,3,2,161.11111111111111,Lucknow Super Giants,17.0,121.42857142857142,33.1231884057971,122.32823059190285,138,30.0,32.9,47.6,2.0,1.0,3.6,1.4,29.687575143188155,-0.6875751431881554,0.6875751431881554
1473441,2025-03-24,2025,2,Delhi Capitals,Lucknow Super Giants,J Fraser-McGurk,1,2,0,0,50.0,Lucknow Super Giants,0.0,0.0,36.666666666666664,213.12406729073396,9,33.4,36.666666666666664,27.5,0.0,0.0,4.2,2.4,29.272219467200113,-28.272219467200113,28.272219467200113
1473441,2025-03-24,2025,2,Delhi Capitals,Lucknow Super Giants,Kuldeep Yadav,5,5,1,0,100.0,Lucknow Super Giants,6.0,60.0,5.71875,75.1728869685526,32,9.4,6.1,11.0,0.0,0.0,1.2,0.2,5.424603262779157,-0.42460326277915694,0.42460326277915694
1473441,2025-03-24,2025,2,Delhi Capitals,Lucknow Super Giants,MA Starc,2,5,0,0,40.0,Lucknow Super Giants,2.0,100.0,6.5625,92.96446839605407,16,1.8,3.4,0.0,0.0,0.0,0.2,0.0,7.571616070241098,-5.571616070241098,5.571616070241098
1473441,2025-03-24,2025,2,Delhi Capitals,Lucknow Super Giants,MM Sharma,1,2,0,0,50.0,Lucknow Super Giants,0.0,0.0,4.428571428571429,81.4158163265306,28,0.8,2.4,0.0,0.0,0.0,0.0,0.0,6.213591103715618,-5.213591103715618,5.213591103715618
1473441,2025-03-24,2025,1,Lucknow Super Giants,Delhi Capitals,MR Marsh,72,36,6,6,200.0,Delhi Capitals,0.0,0.0,18.47222222222222,106.91193237797282,36,12.8,18.5,0.0,0.0,0.0,1.8,0.6,19.84652641656374,52.15347358343626,52.15347358343626
1473441,2025-03-24,2025,1,Lucknow Super Giants,Delhi Capitals,N Pooran,75,30,6,7,250.0,Delhi Capitals,75.0,258.62068965517244,23.905405405405407,139.4238488244882,74,41.6,32.1,27.625,5.0,8.0,3.6,2.8,24.10673428005398,50.893265719946015,50.893265719946015
1473441,2025-03-24,2025,1,Lucknow Super Giants,Delhi Capitals,RR Pant,0,6,0,0,0.0,Delhi Capitals,33.0,143.47826086956522,29.17699115044248,134.75004788849893,113,38.4,34.9,0.0,5.0,0.0,2.8,2.4,30.043794785527492,-30.043794785527492,30.043794785527492
1473441,2025-03-24,2025,1,Lucknow Super Giants,Delhi Capitals,Ravi Bishnoi,0,2,0,0,0.0,Delhi Capitals,2.0,100.0,2.2857142857142856,73.3843537414966,14,1.8,2.4,2.0,0.0,0.0,0.0,0.0,2.3992687602754956,-2.3992687602754956,2.3992687602754956
1473441,2025-03-24,2025,1,Lucknow Super Giants,Delhi Capitals,SN Thakur,0,2,0,0,0.0,Delhi Capitals,1.0,50.0,8.771428571428572,105.20009869426514,35,5.0,5.8,0.0,0.0,0.0,0.4,0.2,8.76898138204876,-8.76898138204876,8.76898138204876
1473441,2025-03-24,2025,2,Delhi Capitals,Lucknow Super Giants,Sameer Rizvi,4,4,1,0,100.0,Lucknow Super Giants,15.0,187.5,10.2,106.42753623188405,5,10.2,10.2,1.0,3.0,0.0,0.8,0.4,12.130955924214282,-8.130955924214282,8.130955924214282
1473441,2025-03-24,2025,1,Lucknow Super Giants,Delhi Capitals,Shahbaz Ahmed,9,8,1,0,112.5,Delhi Capitals,8.0,114.28571428571428,14.486486486486486,112.43785840636775,37,7.8,17.7,28.0,0.0,1.0,0.0,0.4,14.226771890038709,-5.226771890038709,5.226771890038709
1473441,2025-03-24,2025,2,Delhi Capitals,Lucknow Super Giants,T Stubbs,34,22,1,3,154.54545454545453,Lucknow Super Giants,57.0,227.99999999999997,23.823529411764707,138.5421477018705,17,30.6,32.9,36.0,3.0,4.0,2.4,1.8,22.025708644736667,11.974291355263333,11.974291355263333
1473441,2025-03-24,2025,2,Delhi Capitals,Lucknow Super Giants,V Nigam,39,15,5,2,260.0,Lucknow Super Giants,0.0,0.0,0.0,0.0,0,0.0,0.0,0.0,0.0,0.0,0.0,0.0,7.550923059990662,31.449076940009338,31.449076940009338
1473442,2025-03-25,2025,2,Gujarat Titans,Punjab Kings,Arshad Khan,1,1,0,0,100.0,Punjab Kings,0.0,0.0,16.0,94.57070707070709,6,16.2,16.0,0.0,0.0,0.0,1.0,1.0,17.780960326361484,-16.780960326361484,16.780960326361484
1473442,2025-03-25,2025,1,Punjab Kings,Gujarat Titans,Azmatullah Omarzai,16,15,2,1,106.66666666666667,Gujarat Titans,1.0,50.0,10.5,111.13636363636364,4,10.5,10.5,0.0,0.0,0.0,0.5,0.5,12.454970323417232,3.545029676582768,3.545029676582768
1473442,2025-03-25,2025,2,Gujarat Titans,Punjab Kings,B Sai Sudharsan,74,41,5,6,180.4878048780488,Punjab Kings,103.0,201.96078431372547,41.36,134.64200015679637,25,57.8,44.5,36.6,5.0,8.0,4.6,2.8,25.400490253983673,48.599509746016324,48.599509746016324
1473442,2025-03-25,2025,1,Punjab Kings,Gujarat Titans,GJ Maxwell,0,1,0,0,0.0,Gujarat Titans,0.0,0.0,21.488372093023255,125.95988349532523,129,4.2,6.3,22.0,0.0,0.0,0.6,0.2,21.144671875525297,-21.144671875525297,21.144671875525297
1473442,2025-03-25,2025,2,Gujarat Titans,Punjab Kings,JC Buttler,54,33,4,2,163.63636363636365,Punjab Kings,21.0,84.0,33.48598130841121,127.36822732100268,107,21.8,34.8,18.5,2.0,0.0,2.8,0.4,33.17260703022856,20.827392969771438,20.827392969771438
1473442,2025-03-25,2025,2,Gujarat Titans,Punjab Kings,M Shahrukh Khan,6,1,0,1,600.0,Punjab Kings,2.0,66.66666666666666,14.945945945945946,138.05485884130385,37,22.6,17.6,8.0,0.0,0.0,1.6,1.6,13.764382860943751,-7.764382860943751,7.764382860943751
1473442,2025-03-25,2025,1,Punjab Kings,Gujarat Titans,MP Stoinis,20,15,1,2,133.33333333333331,Gujarat Titans,28.0,127.27272727272727,21.204545454545453,118.6034749603452,88,26.8,28.4,16.0,5.0,0.0,3.4,0.8,21.907221126937717,-1.907221126937717,1.907221126937717
1473442,2025-03-25,2025,1,Punjab Kings,Gujarat Titans,P Simran Singh,5,8,1,0,62.5,Gujarat Titans,71.0,157.77777777777777,22.235294117647058,125.91376204034863,34,25.2,22.9,23.333333333333332,7.0,4.0,2.4,1.4,22.788233450276504,-17.788233450276504,17.788233450276504
1473442,2025-03-25,2025,1,Punjab Kings,Gujarat Titans,Priyansh Arya,47,23,7,2,204.34782608695653,Gujarat Titans,0.0,0.0,0.0,0.0,0,0.0,0.0,0.0,0.0,0.0,0.0,0.0,13.206517288857137,33.793482711142865,33.793482711142865
1473442,2025-03-25,2025,2,Gujarat Titans,Punjab Kings,R Tewatia,6,2,0,1,300.0,Punjab Kings,35.0,166.66666666666669,15.584615384615384,131.30916699185536,65,21.4,19.1,13.142857142857142,5.0,1.0,3.2,0.2,21.38852224156918,-15.38852224156918,15.38852224156918
1473442,2025-03-25,2025,2,Gujarat Titans,Punjab Kings,SE Rutherford,46,28,4,3,164.28571428571428,Punjab Kings,5.0,50.0,11.777777777777779,116.33903133903134,9,12.6,11.777777777777779,0.0,0.0,0.0,0.2,0.8,12.472327749809024,33.527672250190975,33.527672250190975
1473442,2025-03-25,2025,1,Punjab Kings,Gujarat Titans,SS Iyer,97,42,5,9,230.95238095238093,Gujarat Titans,6.0,200.0,27.22608695652174,114.55921798705023,115,20.0,26.0,12.0,1.0,0.0,2.2,0.8,28.678172007738286,68.32182799226172,68.32182799226172
1473442,2025-03-25,2025,1,Punjab Kings,Gujarat Titans,Shashank Singh,44,16,6,2,275.0,Gujarat Titans,2.0,50.0,22.263157894736842,142.4138157880158,19,18.2,26.3,31.333333333333332,0.0,0.0,1.8,0.6,22.931982243575657,21.068017756424343,21.068017756424343
1473442,2025-03-25,2025,2,Gujarat Titans,Punjab Kings,Shubman Gill,33,14,2,3,235.71428571428572,Punjab Kings,104.0,189.0909090909091,32.484848484848484,121.65660873660892,99,32.6,38.7,44.57142857142857,9.0,6.0,3.2,1.2,34.5189742133304,-1.5189742133304023,1.5189742133304023
1473443,2025-03-26,2025,2,Kolkata Knight Riders,Rajasthan Royals,A Raghuvanshi,22,17,2,0,129.41176470588235,Rajasthan Royals,30.0,136.36363636363635,24.125,145.9717365967366,8,21.6,24.125,30.0,2.0,1.0,2.0,0.8,20.4524909277641,1.5475090722359006,1.5475090722359006
1473443,2025-03-26,2025,2,Kolkata Knight Riders,Rajasthan Royals,AM Rahane,18,15,1,1,120.0,Rajasthan Royals,56.0,180.64516129032256,27.313953488372093,105.61925598984922,172,25.6,21.4,11.8,6.0,4.0,3.0,1.0,28.29228083620355,-10.292280836203549,10.292280836203549
1473443,2025-03-26,2025,1,Rajasthan Royals,Kolkata Knight Riders,Dhruv Jurel,33,28,5,0,117.85714285714286,Kolkata Knight Riders,70.0,200.0,18.130434782608695,126.76787974741937,23,32.4,22.5,2.0,5.0,6.0,2.8,2.0,23.331056713939937,9.668943286060063,9.668943286060063
1473443,2025-03-26,2025,1,Rajasthan Royals,Kolkata Knight Riders,JC Archer,16,7,0,2,228.57142857142856,Kolkata Knight Riders,1.0,100.0,8.333333333333334,132.6758658008658,24,5.4,7.2,11.25,0.0,0.0,0.2,0.2,9.43249073280647,6.567509267193531,6.567509267193531
1473443,2025-03-26,2025,1,Rajasthan Royals,Kolkata Knight Riders,M Theekshana,1,1,0,0,100.0,Kolkata Knight Riders,0.0,0.0,3.5,87.5,2,3.5,3.5,0.0,0.0,0.0,0.0,0.5,6.385712921673332,-5.385712921673332,5.385712921673332
1473443,2025-03-26,2025,2,Kolkata Knight Riders,Rajasthan Royals,MM Ali,5,12,0,0,41.66666666666667,Rajasthan Royals,10.0,76.92307692307693,20.385964912280702,120.28107323455389,57,25.6,17.8,24.875,0.0,0.0,1.4,1.6,21.749636653775642,-16.749636653775642,16.749636653775642
1473443,2025-03-26,2025,1,Rajasthan Royals,Kolkata Knight Riders,N Rana,8,9,0,0,88.88888888888889,Kolkata Knight Riders,11.0,137.5,25.95098039215686,119.28807412998432,102,23.6,28.5,50.0,2.0,0.0,2.8,0.4,27.233323834401848,-19.233323834401848,19.233323834401848
1473443,2025-03-26,2025,1,Rajasthan Royals,Kolkata Knight Riders,PWH de Silva,4,4,0,0,100.0,Kolkata Knight Riders,12.0,150.0,5.142857142857143,89.68334297281665,14,6.6,6.0,3.0,2.0,0.0,0.6,0.0,5.7657464417183535,-1.7657464417183535,1.7657464417183535
1473443,2025-03-26,2025,2,Kolkata Knight Riders,Rajasthan Royals,Q de Kock,97,61,8,6,159.01639344262296,Rajasthan Royals,4.0,80.0,29.027522935779817,116.99871281438973,109,5.2,19.6,33.72727272727273,1.0,0.0,1.0,0.0,30.361793118770525,66.63820688122948,66.63820688122948
1473443,2025-03-26,2025,1,Rajasthan Royals,Kolkata Knight Riders,R Parag,25,15,0,3,166.66666666666669,Kolkata Knight Riders,4.0,200.0,19.949152542372882,119.02545086514154,59,28.2,31.6,17.666666666666668,1.0,0.0,2.0,1.0,21.985581279463897,3.014418720536103,3.014418720536103
1473443,2025-03-26,2025,1,Rajasthan Royals,Kolkata Knight Riders,SB Dubey,9,12,1,0,75.0,Kolkata Knight Riders,34.0,340.0,16.75,170.41666666666666,4,16.75,16.75,0.0,1.0,4.0,1.0,1.5,12.21390291949707,-3.2139029194970696,3.2139029194970696
1473443,2025-03-26,2025,1,Rajasthan Royals,Kolkata Knight Riders,SO Hetmyer,7,8,1,0,87.5,Kolkata Knight Riders,42.0,182.6086956521739,19.46969696969697,138.59617841586223,66,17.0,15.5,11.375,1.0,4.0,1.0,1.2,18.29391839233793,-11.293918392337929,11.293918392337929
1473443,2025-03-26,2025,1,Rajasthan Royals,Kolkata Knight Riders,SV Samson,13,11,2,0,118.18181818181819,Kolkata Knight Riders,66.0,183.33333333333331,27.515337423312882,118.63573087913939,163,25.2,33.3,26.45,7.0,4.0,2.2,1.0,23.901344812706427,-10.901344812706427,10.901344812706427
1473443,2025-03-26,2025,1,Rajasthan Royals,Kolkata Knight Riders,TU Deshpande,2,1,0,0,200.0,Kolkata Knight Riders,0.0,0.0,5.25,63.888888888888886,4,5.25,5.25,1.0,0.0,0.0,0.5,0.25,11.367744654307417,-9.367744654307417,9.367744654307417
1473443,2025-03-26,2025,1,Rajasthan Royals,Kolkata Knight Riders,YBK Jaiswal,29,24,2,2,120.83333333333333,Kolkata Knight Riders,1.0,20.0,30.339622641509433,127.29455556242822,53,23.2,33.4,34.75,0.0,0.0,3.2,0.8,31.992700119432982,-2.992700119432982,2.992700119432982
1473444,2025-03-27,2025,2,Lucknow Super Giants,Sunrisers Hyderabad,A Badoni,6,6,1,0,100.0,Sunrisers Hyderabad,4.0,80.0,17.72222222222222,120.19485408786694,36,20.4,23.0,37.0,0.0,0.0,2.0,0.6,20.15902856310582,-14.15902856310582,14.15902856310582
1473444,2025-03-27,2025,1,Sunrisers Hyderabad,Lucknow Super Giants,A Manohar,2,6,0,0,33.33333333333333,Lucknow Super Giants,0.0,0.0,14.4375,101.86334498834499,16,7.4,12.3,9.0,0.0,0.0,0.2,0.2,12.816913992302966,-10.816913992302966,10.816913992302966
1473444,2025-03-27,2025,2,Lucknow Super Giants,Sunrisers Hyderabad,AK Markram,1,4,0,0,25.0,Sunrisers Hyderabad,15.0,115.38461538461537,23.488372093023255,117.0256047528765,43,15.0,17.5,27.0,1.0,1.0,1.8,0.2,21.46089486874158,-20.46089486874158,20.46089486874158
1473444,2025-03-27,2025,2,Lucknow Super Giants,Sunrisers Hyderabad,Abdul Samad,22,8,2,2,275.0,Sunrisers Hyderabad,4.0,100.0,14.475,133.01160231687984,40,6.8,13.8,0.0,0.0,0.0,0.0,0.6,13.611785644184145,8.388214355815855,8.388214355815855
1473444,2025-03-27,2025,1,Sunrisers Hyderabad,Lucknow Super Giants,Abhishek Sharma,6,6,1,0,100.0,Lucknow Super Giants,24.0,218.18181818181816,22.596774193548388,138.5051455760884,62,21.4,25.1,31.666666666666668,5.0,0.0,2.2,1.4,20.367446465824216,-14.367446465824216,14.367446465824216
1473444,2025-03-27,2025,1,Sunrisers Hyderabad,Lucknow Super Giants,Aniket Verma,36,13,0,5,276.9230769230769,Lucknow Super Giants,7.0,233.33333333333334,7.0,233.33333333333334,1,7.0,7.0,0.0,0.0,1.0,0.0,1.0,10.071339097440381,25.92866090255962,25.92866090255962
1473444,2025-03-27,2025,2,Lucknow Super Giants,Sunrisers Hyderabad,DA Miller,13,7,2,0,185.71428571428572,Sunrisers Hyderabad,27.0,150.0,23.608,125.1547061316595,125,30.8,23.7,18.2,1.0,2.0,2.6,1.6,22.004053802511162,-9.004053802511162,9.004053802511162
1473444,2025-03-27,2025,1,Sunrisers Hyderabad,Lucknow Super Giants,H Klaasen,26,17,2,1,152.94117647058823,Lucknow Super Giants,34.0,242.85714285714283,31.12121212121212,161.69985894589485,33,34.8,26.0,47.0,5.0,1.0,2.4,1.6,20.406743385811723,5.593256614188277,5.593256614188277
1473444,2025-03-27,2025,1,Sunrisers Hyderabad,Lucknow Super Giants,HV Patel,12,11,0,0,109.09090909090908,Lucknow Super Giants,0.0,0.0,6.72972972972973,102.3914188620071,37,3.8,4.3,0.0,0.0,0.0,0.2,0.4,5.955884940874081,6.044115059125919,6.044115059125919
1473444,2025-03-27,2025,1,Sunrisers Hyderabad,Lucknow Super Giants,Ishan Kishan,0,1,0,0,0.0,Lucknow Super Giants,106.0,230.43478260869566,27.5,119.6306915777578,100,36.4,26.5,23.5,11.0,6.0,4.0,1.8,23.81674590889408,-23.81674590889408,23.81674590889408
1473444,2025-03-27,2025,2,Lucknow Super Giants,Sunrisers Hyderabad,MR Marsh,52,31,7,2,167.74193548387098,Sunrisers Hyderabad,72.0,200.0,19.91891891891892,109.42782609748706,37,26.6,25.5,23.8,6.0,6.0,3.0,1.8,24.09649608622905,27.90350391377095,27.90350391377095
1473444,2025-03-27,2025,1,Sunrisers Hyderabad,Lucknow Super Giants,Mohammed Shami,1,3,0,0,33.33333333333333,Lucknow Super Giants,5.0,100.0,3.217391304347826,71.73913043478261,23,3.6,2.8,0.0,1.0,0.0,0.2,0.0,3.3671024826284706,-2.3671024826284706,2.3671024826284706
1473444,2025-03-27,2025,2,Lucknow Super Giants,Sunrisers Hyderabad,N Pooran,70,26,6,6,269.2307692307692,Sunrisers Hyderabad,75.0,250.0,24.586666666666666,140.89819750682835,75,53.8,39.6,34.42857142857143,6.0,7.0,4.6,4.2,28.475306625051903,41.5246933749481,41.5246933749481
1473444,2025-03-27,2025,1,Sunrisers Hyderabad,Lucknow Super Giants,Nithish Kumar Reddy,32,28,2,0,114.28571428571428,Lucknow Super Giants,30.0,200.0,27.75,134.77464369131036,12,18.8,25.5,0.0,4.0,1.0,1.4,1.0,23.508760393460655,8.491239606539345,8.491239606539345
1473444,2025-03-27,2025,1,Sunrisers Hyderabad,Lucknow Super Giants,PJ Cummins,18,4,0,3,450.0,Lucknow Super Giants,0.0,0.0,12.875,121.12534007744921,40,18.8,13.6,0.0,0.0,0.0,1.4,1.0,18.14856473147275,-0.1485647314727494,0.1485647314727494
1473444,2025-03-27,2025,2,Lucknow Super Giants,Sunrisers Hyderabad,RR Pant,15,15,0,1,100.0,Sunrisers Hyderabad,0.0,0.0,28.92105263157895,133.56802992456474,114,20.8,29.4,31.823529411764707,0.0,0.0,1.8,0.8,30.475943773271712,-15.475943773271712,15.475943773271712
1473444,2025-03-27,2025,1,Sunrisers Hyderabad,Lucknow Super Giants,Simarjeet Singh,3,4,0,0,75.0,Lucknow Super Giants,3.0,100.0,2.3333333333333335,88.88888888888887,3,2.3333333333333335,2.3333333333333335,0.0,0.0,0.0,0.0,0.0,5.154727018425896,-2.1547270184258958,2.1547270184258958
1473444,2025-03-27,2025,1,Sunrisers Hyderabad,Lucknow Super Giants,TM Head,47,27,5,3,174.07407407407408,Lucknow Super Giants,67.0,231.0344827586207,32.26923076923077,132.74198057406392,26,20.2,31.0,89.0,9.0,3.0,2.4,0.8,26.139617738556012,20.860382261443988,20.860382261443988
1473445,2025-03-28,2025,1,Royal Challengers Bengaluru,Chennai Super Kings,B Kumar,0,2,0,0,0.0,Chennai Super Kings,0.0,0.0,4.707692307692308,86.0305890690506,65,4.6,6.5,7.8,0.0,0.0,0.6,0.0,5.834055036065458,-5.834055036065458,5.834055036065458
1473445,2025-03-28,2025,1,Royal Challengers Bengaluru,Chennai Super Kings,D Padikkal,27,14,2,2,192.85714285714286,Chennai Super Kings,10.0,100.0,24.138461538461538,102.92183257583713,65,6.6,10.3,30.0,1.0,0.0,0.4,0.0,22.255580522375922,4.744419477624078,4.744419477624078
1473445,2025-03-28,2025,2,Chennai Super Kings,Royal Challengers Bengaluru,DJ Hooda,4,9,1,0,44.44444444444444,Royal Challengers Bengaluru,3.0,60.0,14.989795918367347,117.79427144872867,98,7.4,14.8,0.0,0.0,0.0,0.8,0.0,12.862353451684791,-8.862353451684791,8.862353451684791
1473445,2025-03-28,2025,1,Royal Challengers Bengaluru,Chennai Super Kings,JM Sharma,12,6,1,1,200.0,Chennai Super Kings,32.0,213.33333333333334,20.27777777777778,145.33610920288598,36,14.4,15.1,15.666666666666666,2.0,2.0,0.6,1.0,18.407901816785827,-6.407901816785827,6.407901816785827
1473445,2025-03-28,2025,1,Royal Challengers Bengaluru,Chennai Super Kings,KH Pandya,0,3,0,0,0.0,Chennai Super Kings,12.0,171.42857142857142,15.392523364485982,122.39176071049897,107,12.0,13.0,13.9,1.0,1.0,0.6,0.6,11.878750395389018,-11.878750395389018,11.878750395389018
1473445,2025-03-28,2025,1,Royal Challengers Bengaluru,Chennai Super Kings,LS Livingstone,10,9,0,1,111.11111111111111,Chennai Super Kings,15.0,300.0,23.85,137.75395983787928,40,8.6,22.9,39.666666666666664,2.0,1.0,1.0,0.4,23.25644226535126,-13.25644226535126,13.25644226535126
1473445,2025-03-28,2025,2,Chennai Super Kings,Royal Challengers Bengaluru,MS Dhoni,30,16,3,2,187.5,Royal Challengers Bengaluru,0.0,0.0,22.895196506550217,132.3802696308096,229,13.0,12.3,25.0,0.0,0.0,1.0,1.0,17.999265615360393,12.000734384639607,12.000734384639607
1473445,2025-03-28,2025,2,Chennai Super Kings,Royal Challengers Bengaluru,Noor Ahmad,0,2,0,0,0.0,Royal Challengers Bengaluru,1.0,14.285714285714285,2.6,77.52380952380952,5,2.6,2.6,0.0,0.0,0.0,0.4,0.0,4.734446340508264,-4.734446340508264,4.734446340508264
1473445,2025-03-28,2025,1,Royal Challengers Bengaluru,Chennai Super Kings,PD Salt,32,16,5,1,200.0,Chennai Super Kings,56.0,180.64516129032256,32.22727272727273,145.89503288959907,22,33.4,38.9,6.666666666666667,9.0,2.0,4.4,1.8,25.33048257397397,6.6695174260260295,6.6695174260260295
1473445,2025-03-28,2025,2,Chennai Super Kings,Royal Challengers Bengaluru,R Ashwin,11,8,1,0,137.5,Royal Challengers Bengaluru,0.0,0.0,8.98876404494382,106.87492803279706,89,6.6,9.6,0.0,0.0,0.0,0.6,0.2,8.238342415240238,2.761657584759762,2.761657584759762
1473445,2025-03-28,2025,2,Chennai Super Kings,Royal Challengers Bengaluru,R Ravindra,41,31,5,0,132.25806451612902,Royal Challengers Bengaluru,65.0,144.44444444444443,26.09090909090909,132.6641414141414,11,30.8,25.0,49.0,2.0,4.0,1.6,1.8,24.92932483698309,16.07067516301691,16.07067516301691
1473445,2025-03-28,2025,2,Chennai Super Kings,Royal Challengers Bengaluru,RA Jadeja,25,19,2,1,131.57894736842107,Royal Challengers Bengaluru,17.0,94.44444444444444,16.441988950276244,132.2314582728471,181,25.0,25.2,33.5,1.0,0.0,1.8,1.2,17.98647676462577,7.01352323537423,7.01352323537423
1473445,2025-03-28,2025,2,Chennai Super Kings,Royal Challengers Bengaluru,RA Tripathi,5,3,1,0,166.66666666666669,Royal Challengers Bengaluru,2.0,66.66666666666666,23.80851063829787,127.28679889706702,94,27.2,20.3,0.0,0.0,0.0,3.4,1.0,26.990974725556427,-21.990974725556427,21.990974725556427
1473445,2025-03-28,2025,2,Chennai Super Kings,Royal Challengers Bengaluru,RD Gaikwad,0,4,0,0,0.0,Royal Challengers Bengaluru,53.0,203.84615384615384,36.86363636363637,113.01372717295084,66,25.4,48.1,7.5,6.0,3.0,2.2,1.2,30.50020833410778,-30.50020833410778,30.50020833410778
1473445,2025-03-28,2025,1,Royal Challengers Bengaluru,Chennai Super Kings,RM Patidar,51,32,4,3,159.375,Chennai Super Kings,34.0,212.5,33.32,142.85508171289874,25,43.2,37.9,20.666666666666668,5.0,1.0,3.0,3.2,25.68914737151852,25.31085262848148,25.31085262848148
1473445,2025-03-28,2025,2,Chennai Super Kings,Royal Challengers Bengaluru,S Dube,19,15,2,1,126.66666666666666,Royal Challengers Bengaluru,9.0,128.57142857142858,24.370967741935484,126.07176929030476,62,11.0,22.9,20.5,0.0,1.0,0.8,0.6,22.950892124908982,-3.9508921249089823,3.9508921249089823
1473445,2025-03-28,2025,2,Chennai Super Kings,Royal Challengers Bengaluru,SM Curran,8,13,0,0,61.53846153846154,Royal Challengers Bengaluru,4.0,44.44444444444444,18.102040816326532,125.00821134266555,49,24.4,18.8,22.5,0.0,0.0,2.0,0.6,18.531232458393394,-10.531232458393394,10.531232458393394
1473445,2025-03-28,2025,1,Royal Challengers Bengaluru,Chennai Super Kings,TH David,22,8,1,3,275.0,Chennai Super Kings,0.0,0.0,18.82857142857143,147.35708409237822,35,19.8,23.0,12.6,0.0,0.0,1.2,1.0,18.55900272561341,3.4409972743865893,3.4409972743865893
1473445,2025-03-28,2025,1,Royal Challengers Bengaluru,Chennai Super Kings,V Kohli,31,30,2,1,103.33333333333334,Chennai Super Kings,59.0,163.88888888888889,32.68421052631579,119.11818268775026,247,51.6,48.1,32.90625,4.0,3.0,3.6,3.4,30.315395411345563,0.6846045886544374,0.6846045886544374
1473446,2025-03-29,2025,1,Gujarat Titans,Mumbai Indians,B Sai Sudharsan,63,41,4,2,153.65853658536585,Mumbai Indians,74.0,180.4878048780488,42.61538461538461,136.40530033838303,26,66.4,47.4,34.0,5.0,6.0,5.0,4.0,26.387331939991196,36.6126680600088,36.6126680600088
1473446,2025-03-29,2025,2,Mumbai Indians,Gujarat Titans,HH Pandya,11,17,1,0,64.70588235294117,Gujarat Titans,16.0,123.07692307692308,19.34351145038168,140.5266504069916,131,13.0,14.7,11.0,1.0,1.0,1.0,0.8,22.83799791849016,-11.83799791849016,11.83799791849016
1473446,2025-03-29,2025,1,Gujarat Titans,Mumbai Indians,JC Buttler,39,24,5,1,162.5,Mumbai Indians,54.0,163.63636363636365,33.675925925925924,127.70404339799677,108,25.6,39.1,53.3,4.0,2.0,2.4,0.8,37.823404526216,1.1765954737839976,1.1765954737839976
1473446,2025-03-29,2025,1,Gujarat Titans,Mumbai Indians,K Rabada,7,5,0,1,140.0,Mumbai Indians,11.0,110.00000000000001,7.357142857142857,106.50804552590266,28,4.0,3.1,14.666666666666666,0.0,1.0,0.0,0.4,7.596478229479309,-0.5964782294793087,0.5964782294793087
1473446,2025-03-29,2025,1,Gujarat Titans,Mumbai Indians,M Shahrukh Khan,9,7,0,1,128.57142857142858,Mumbai Indians,6.0,600.0,14.710526315789474,150.2113099244274,38,22.2,18.0,15.0,0.0,1.0,1.6,1.6,15.960009991193182,-6.960009991193182,6.960009991193182
1473446,2025-03-29,2025,2,Mumbai Indians,Gujarat Titans,MJ Santner,18,9,1,2,200.0,Gujarat Titans,11.0,84.61538461538461,6.75,97.85781226570701,12,5.2,4.9,0.6666666666666666,1.0,0.0,0.4,0.0,7.565065564191164,10.434934435808836,10.434934435808836
1473446,2025-03-29,2025,2,Mumbai Indians,Gujarat Titans,Naman Dhir,18,11,3,0,163.63636363636365,Gujarat Titans,17.0,141.66666666666669,19.625,146.114417989418,8,21.4,19.625,20.0,1.0,0.0,1.6,1.4,20.651494265240494,-2.651494265240494,2.651494265240494
1473446,2025-03-29,2025,2,Mumbai Indians,Gujarat Titans,R Minz,3,6,0,0,50.0,Gujarat Titans,3.0,33.33333333333333,3.0,33.33333333333333,1,3.0,3.0,0.0,0.0,0.0,0.0,0.0,11.280948907779484,-8.280948907779484,8.280948907779484
1473446,2025-03-29,2025,1,Gujarat Titans,Mumbai Indians,R Sai Kishore,1,1,0,0,100.0,Mumbai Indians,13.0,216.66666666666666,13.0,216.66666666666666,1,13.0,13.0,0.0,0.0,2.0,0.0,2.0,6.246049879791501,-5.246049879791501,5.246049879791501
1473446,2025-03-29,2025,2,Mumbai Indians,Gujarat Titans,RD Rickelton,6,9,1,0,66.66666666666666,Gujarat Titans,13.0,185.71428571428572,13.0,185.71428571428572,1,13.0,13.0,0.0,3.0,0.0,3.0,0.0,19.426813352714625,-13.426813352714625,13.426813352714625
1473446,2025-03-29,2025,2,Mumbai Indians,Gujarat Titans,RG Sharma,8,4,2,0,200.0,Gujarat Titans,0.0,0.0,26.205533596837945,112.01988589020759,253,20.4,26.1,25.0,0.0,0.0,2.4,1.0,26.825921074493596,-18.825921074493596,18.825921074493596
1473446,2025-03-29,2025,1,Gujarat Titans,Mumbai Indians,Rashid Khan,6,4,0,1,150.0,Mumbai Indians,18.0,128.57142857142858,9.39655172413793,120.8172227676538,58,19.4,10.7,9.25,2.0,1.0,2.2,0.6,9.921261108058657,-3.9212611080586566,3.9212611080586566
1473446,2025-03-29,2025,2,Mumbai Indians,Gujarat Titans,SA Yadav,48,28,1,4,171.42857142857142,Gujarat Titans,29.0,111.53846153846155,26.445255474452555,133.60408532354774,137,39.6,32.2,50.0,2.0,1.0,4.2,1.8,26.413850741142134,21.586149258857866,21.586149258857866
1473446,2025-03-29,2025,1,Gujarat Titans,Mumbai Indians,SE Rutherford,18,11,0,2,163.63636363636365,Mumbai Indians,46.0,164.28571428571428,15.2,121.13369963369965,10,19.6,15.2,0.0,4.0,3.0,1.0,1.2,19.802129844265448,-1.8021298442654476,1.8021298442654476
1473446,2025-03-29,2025,1,Gujarat Titans,Mumbai Indians,Shubman Gill,38,27,4,1,140.74074074074073,Mumbai Indians,33.0,235.71428571428572,32.49,122.79718550638569,100,32.2,38.4,36.666666666666664,2.0,3.0,2.6,1.8,27.817718405874746,10.182281594125254,10.182281594125254
1473446,2025-03-29,2025,2,Mumbai Indians,Gujarat Titans,Tilak Varma,39,36,3,1,108.33333333333333,Gujarat Titans,31.0,129.16666666666669,30.435897435897434,139.085630331749,39,22.2,32.0,22.75,2.0,2.0,2.8,0.6,26.512122959154205,12.487877040845795,12.487877040845795
1473447,2025-03-30,2025,1,Sunrisers Hyderabad,Delhi Capitals,A Manohar,4,6,0,0,66.66666666666666,Delhi Capitals,2.0,33.33333333333333,13.705882352941176,97.83216783216783,17,2.6,12.5,11.666666666666666,0.0,0.0,0.2,0.0,14.41133965150071,-10.41133965150071,10.41133965150071
1473447,2025-03-30,2025,1,Sunrisers Hyderabad,Delhi Capitals,Abhishek Sharma,1,1,0,0,100.0,Delhi Capitals,6.0,100.0,22.333333333333332,137.89395278916638,63,9.4,22.6,19.0,1.0,0.0,1.4,0.2,19.346156121535522,-18.346156121535522,18.346156121535522
1473447,2025-03-30,2025,2,Delhi Capitals,Sunrisers Hyderabad,Abishek Porel,34,18,2,2,188.88888888888889,Sunrisers Hyderabad,0.0,0.0,21.176470588235293,127.01148787960932,17,28.6,27.7,42.0,0.0,0.0,2.8,1.6,21.34984782062019,12.650152179379809,12.650152179379809
1473447,2025-03-30,2025,1,Sunrisers Hyderabad,Delhi Capitals,Aniket Verma,74,41,5,6,180.4878048780488,Delhi Capitals,36.0,276.9230769230769,21.5,255.12820512820514,2,21.5,21.5,0.0,0.0,5.0,0.0,3.0,18.144696717852693,55.855303282147304,55.855303282147304
1473447,2025-03-30,2025,2,Delhi Capitals,Sunrisers Hyderabad,F du Plessis,50,27,3,3,185.1851851851852,Sunrisers Hyderabad,29.0,161.11111111111111,33.093525179856115,122.60724412081804,139,23.0,29.7,31.72222222222222,3.0,2.0,2.2,1.2,28.241899990866003,21.758100009133997,21.758100009133997
1473447,2025-03-30,2025,1,Sunrisers Hyderabad,Delhi Capitals,H Klaasen,32,17,2,2,188.23529411764704,Delhi Capitals,26.0,152.94117647058823,30.970588235294116,161.44225063779754,34,31.6,27.1,25.5,2.0,1.0,2.2,1.4,21.35835735679307,10.641642643206929,10.641642643206929
1473447,2025-03-30,2025,1,Sunrisers Hyderabad,Delhi Capitals,HV Patel,5,9,0,0,55.55555555555556,Delhi Capitals,12.0,109.09090909090908,6.868421052631579,102.56772123645187,38,5.0,5.1,6.0,0.0,0.0,0.2,0.2,5.901265330820502,-0.9012653308205021,0.9012653308205021
1473447,2025-03-30,2025,1,Sunrisers Hyderabad,Delhi Capitals,Ishan Kishan,2,5,0,0,40.0,Delhi Capitals,0.0,0.0,27.22772277227723,118.44622928490872,101,33.8,24.2,43.6,0.0,0.0,3.8,1.6,26.00712282421834,-24.00712282421834,24.00712282421834
1473447,2025-03-30,2025,2,Delhi Capitals,Sunrisers Hyderabad,J Fraser-McGurk,38,32,4,2,118.75,Sunrisers Hyderabad,1.0,50.0,33.1,196.81166056166057,10,16.8,33.1,65.0,0.0,0.0,2.0,1.2,20.648171420377846,17.351828579622154,17.351828579622154
1473447,2025-03-30,2025,2,Delhi Capitals,Sunrisers Hyderabad,KL Rahul,15,5,2,1,300.0,Sunrisers Hyderabad,55.0,134.14634146341464,37.814516129032256,122.5898684999862,124,28.4,39.4,35.15384615384615,3.0,3.0,2.2,1.0,44.49100208598073,-29.491002085980732,29.491002085980732
1473447,2025-03-30,2025,1,Sunrisers Hyderabad,Delhi Capitals,Mohammed Shami,1,1,0,0,100.0,Delhi Capitals,1.0,33.33333333333333,3.125,70.13888888888889,24,2.0,2.2,0.0,0.0,0.0,0.2,0.0,2.780981920926292,-1.7809819209262918,1.7809819209262918
1473447,2025-03-30,2025,1,Sunrisers Hyderabad,Delhi Capitals,Nithish Kumar Reddy,0,2,0,0,0.0,Delhi Capitals,32.0,114.28571428571428,28.076923076923077,133.1985721985722,13,17.8,25.0,37.0,2.0,0.0,1.6,0.4,22.836064008501243,-22.836064008501243,22.836064008501243
1473447,2025-03-30,2025,1,Sunrisers Hyderabad,Delhi Capitals,PJ Cummins,2,7,0,0,28.57142857142857,Delhi Capitals,18.0,450.0,13.0,129.14667324629193,41,15.4,15.2,5.25,0.0,3.0,1.0,1.2,14.095383004213597,-12.095383004213597,12.095383004213597
1473447,2025-03-30,2025,1,Sunrisers Hyderabad,Delhi Capitals,PWA Mulder,9,11,1,0,81.81818181818183,Delhi Capitals,0.0,0.0,0.0,0.0,0,0.0,0.0,0.0,0.0,0.0,0.0,0.0,10.877622131575334,-1.8776221315753343,1.8776221315753343
1473447,2025-03-30,2025,2,Delhi Capitals,Sunrisers Hyderabad,T Stubbs,21,14,3,0,150.0,Sunrisers Hyderabad,34.0,154.54545454545453,24.38888888888889,139.43122030429183,18,27.8,30.9,6.0,1.0,3.0,1.4,2.0,22.775954064414567,-1.7759540644145666,1.7759540644145666
1473447,2025-03-30,2025,1,Sunrisers Hyderabad,Delhi Capitals,TM Head,22,12,4,0,183.33333333333331,Delhi Capitals,47.0,174.07407407407408,32.81481481481482,134.27279885184205,27,29.6,35.6,89.0,5.0,3.0,3.4,1.4,30.243742077628117,-8.243742077628117,8.243742077628117
1473448,2025-03-30,2025,1,Rajasthan Royals,Chennai Super Kings,Dhruv Jurel,3,7,0,0,42.857142857142854,Chennai Super Kings,33.0,117.85714285714286,18.75,126.39659904365787,24,33.4,25.6,22.0,5.0,0.0,3.6,1.6,26.838958194248494,-23.838958194248494,23.838958194248494
1473448,2025-03-30,2025,2,Chennai Super Kings,Rajasthan Royals,J Overton,11,4,0,1,275.0,Rajasthan Royals,0.0,0.0,0.0,0.0,0,0.0,0.0,0.0,0.0,0.0,0.0,0.0,8.320985534543883,2.6790144654561168,2.6790144654561168
1473448,2025-03-30,2025,1,Rajasthan Royals,Chennai Super Kings,JC Archer,0,2,0,0,0.0,Chennai Super Kings,16.0,228.57142857142856,8.64,136.51168831168832,25,5.4,7.2,16.75,0.0,2.0,0.0,0.4,11.717404300273742,-11.717404300273742,11.717404300273742
1473448,2025-03-30,2025,1,Rajasthan Royals,Chennai Super Kings,K Kartikeya,1,1,0,0,100.0,Chennai Super Kings,6.0,85.71428571428571,4.5,72.85714285714286,2,4.5,4.5,0.0,1.0,0.0,0.5,0.0,9.031589913759227,-8.031589913759227,8.031589913759227
1473448,2025-03-30,2025,1,Rajasthan Royals,Chennai Super Kings,M Theekshana,2,4,0,0,50.0,Chennai Super Kings,1.0,100.0,2.6666666666666665,91.66666666666667,3,2.6666666666666665,2.6666666666666665,0.0,0.0,0.0,0.0,0.3333333333333333,4.403492984430532,-2.4034929844305317,2.4034929844305317
1473448,2025-03-30,2025,2,Chennai Super Kings,Rajasthan Royals,MS Dhoni,16,11,1,1,145.45454545454547,Rajasthan Royals,30.0,187.5,22.92608695652174,132.61992063241476,230,16.2,15.2,23.041666666666668,3.0,2.0,1.4,1.2,18.053312372328126,-2.0533123723281257,2.0533123723281257
1473448,2025-03-30,2025,1,Rajasthan Royals,Chennai Super Kings,N Rana,81,36,10,5,225.0,Chennai Super Kings,8.0,88.88888888888889,25.776699029126213,118.992936409197,103,13.8,24.5,25.818181818181817,0.0,0.0,1.6,0.2,27.19078104194869,53.80921895805131,53.80921895805131
1473448,2025-03-30,2025,1,Rajasthan Royals,Chennai Super Kings,PWH de Silva,4,5,0,0,80.0,Chennai Super Kings,4.0,100.0,5.066666666666666,90.37112010796221,15,7.0,5.6,2.5,0.0,0.0,0.6,0.0,6.133080854879921,-2.133080854879921,2.133080854879921
1473448,2025-03-30,2025,1,Rajasthan Royals,Chennai Super Kings,R Parag,37,28,2,2,132.14285714285714,Chennai Super Kings,25.0,166.66666666666669,20.033333333333335,119.8194711285003,60,23.8,31.8,16.4,0.0,3.0,1.8,1.0,19.92792651745968,17.07207348254032,17.07207348254032
1473448,2025-03-30,2025,2,Chennai Super Kings,Rajasthan Royals,R Ravindra,0,4,0,0,0.0,Rajasthan Royals,41.0,132.25806451612902,27.333333333333332,132.63030167264037,12,39.0,24.5,27.0,5.0,0.0,2.6,1.8,24.782667876581037,-24.782667876581037,24.782667876581037
1473448,2025-03-30,2025,2,Chennai Super Kings,Rajasthan Royals,RA Jadeja,32,22,2,1,145.45454545454547,Rajasthan Royals,25.0,131.57894736842107,16.48901098901099,132.2278730480975,182,21.4,25.6,15.3125,2.0,1.0,1.6,1.0,19.41111892234531,12.58888107765469,12.58888107765469
1473448,2025-03-30,2025,2,Chennai Super Kings,Rajasthan Royals,RA Tripathi,23,19,3,1,121.05263157894737,Rajasthan Royals,5.0,166.66666666666669,23.610526315789475,127.70132382095753,95,21.6,18.8,25.714285714285715,1.0,0.0,2.8,0.6,25.53300125918452,-2.5330012591845197,2.5330012591845197
1473448,2025-03-30,2025,2,Chennai Super Kings,Rajasthan Royals,RD Gaikwad,63,44,7,1,143.1818181818182,Rajasthan Royals,0.0,0.0,36.3134328358209,111.32695512559336,67,19.0,41.2,30.0,0.0,0.0,1.4,1.0,32.18605266868311,30.81394733131689,30.81394733131689
1473448,2025-03-30,2025,2,Chennai Super Kings,Rajasthan Royals,S Dube,18,10,1,2,180.0,Rajasthan Royals,19.0,126.66666666666666,24.285714285714285,126.08121210580255,63,14.8,18.2,26.0,2.0,1.0,1.2,0.8,23.813705711552725,-5.813705711552725,5.813705711552725
1473448,2025-03-30,2025,1,Rajasthan Royals,Chennai Super Kings,SO Hetmyer,19,16,1,1,118.75,Chennai Super Kings,7.0,87.5,19.28358208955224,137.83354888726728,67,18.4,15.7,18.166666666666668,1.0,0.0,1.2,1.2,18.840230734009303,0.15976926599069685,0.15976926599069685
1473448,2025-03-30,2025,1,Rajasthan Royals,Chennai Super Kings,SV Samson,20,16,1,1,125.0,Chennai Super Kings,13.0,118.18181818181819,27.426829268292682,118.63296311878987,164,24.8,33.4,15.266666666666667,2.0,0.0,2.6,1.0,25.88506507065397,-5.885065070653969,5.885065070653969
1473448,2025-03-30,2025,1,Rajasthan Royals,Chennai Super Kings,TU Deshpande,1,2,0,0,50.0,Chennai Super Kings,2.0,200.0,4.6,91.11111111111111,5,4.6,4.6,0.0,0.0,0.0,0.4,0.2,7.835536294470471,-6.835536294470471,6.835536294470471
1473448,2025-03-30,2025,2,Chennai Super Kings,Rajasthan Royals,V Shankar,9,6,0,1,150.0,Rajasthan Royals,10.0,142.85714285714286,19.224137931034484,121.81609937747261,58,13.0,17.9,17.625,2.0,0.0,1.4,0.2,19.687268038664442,-10.687268038664442,10.687268038664442
1473448,2025-03-30,2025,1,Rajasthan Royals,Chennai Super Kings,YBK Jaiswal,4,3,1,0,133.33333333333331,Chennai Super Kings,29.0,120.83333333333333,30.314814814814813,127.17490329892645,54,24.2,34.4,37.666666666666664,2.0,2.0,3.0,1.0,29.293224804852994,-25.293224804852994,25.293224804852994
1473449,2025-03-31,2025,1,Kolkata Knight Riders,Mumbai Indians,A Raghuvanshi,26,16,3,1,162.5,Mumbai Indians,22.0,129.41176470588235,23.88888888888889,144.131739719975,9,20.0,23.88888888888889,13.0,2.0,0.0,1.4,0.8,19.621273302653762,6.378726697346238,6.378726697346238
1473449,2025-03-31,2025,1,Kolkata Knight Riders,Mumbai Indians,AD Russell,5,11,1,0,45.45454545454545,Mumbai Indians,4.0,133.33333333333331,23.50943396226415,152.0789747465175,106,14.2,22.6,17.0,1.0,0.0,1.2,1.2,24.045596053953172,-19.045596053953172,19.045596053953172
1473449,2025-03-31,2025,1,Kolkata Knight Riders,Mumbai Indians,AM Rahane,11,7,1,1,157.14285714285714,Mumbai Indians,18.0,120.0,27.260115606936417,105.70238167776917,173,23.4,19.7,28.48,1.0,1.0,2.2,1.2,28.78687558285079,-17.78687558285079,17.78687558285079
1473449,2025-03-31,2025,1,Kolkata Knight Riders,Mumbai Indians,Harshit Rana,4,7,0,0,57.14285714285714,Mumbai Indians,5.0,83.33333333333334,1.75,70.83333333333334,4,1.75,1.75,0.0,1.0,0.0,0.25,0.0,5.557132386474473,-1.557132386474473,1.557132386474473
1473449,2025-03-31,2025,1,Kolkata Knight Riders,Mumbai Indians,MK Pandey,19,14,2,1,135.71428571428572,Mumbai Indians,42.0,140.0,24.11875,106.16562723174351,160,14.2,20.2,31.12,2.0,2.0,0.6,0.8,25.881377959766684,-6.881377959766684,6.881377959766684
1473449,2025-03-31,2025,1,Kolkata Knight Riders,Mumbai Indians,Q de Kock,1,3,0,0,33.33333333333333,Mumbai Indians,97.0,159.01639344262296,29.645454545454545,117.38069172919185,110,24.6,21.2,17.625,8.0,6.0,2.6,1.2,28.72841888484074,-27.72841888484074,27.72841888484074
1473449,2025-03-31,2025,2,Mumbai Indians,Kolkata Knight Riders,RD Rickelton,62,40,4,5,155.0,Kolkata Knight Riders,6.0,66.66666666666666,9.5,126.19047619047619,2,9.5,9.5,0.0,1.0,0.0,2.0,0.0,16.020570955112884,45.97942904488711,45.97942904488711
1473449,2025-03-31,2025,2,Mumbai Indians,Kolkata Knight Riders,RG Sharma,13,11,0,1,118.18181818181819,Kolkata Knight Riders,8.0,200.0,26.133858267716537,112.36626429221465,254,19.8,16.4,32.42424242424242,2.0,0.0,2.8,0.8,28.928096337305607,-15.928096337305607,15.928096337305607
1473449,2025-03-31,2025,1,Kolkata Knight Riders,Mumbai Indians,RK Singh,17,14,1,1,121.42857142857142,Mumbai Indians,12.0,120.0,22.073170731707318,137.88504314618683,41,13.6,15.2,13.166666666666666,1.0,0.0,1.2,0.4,19.73581475909596,-2.735814759095959,2.735814759095959
1473449,2025-03-31,2025,1,Kolkata Knight Riders,Mumbai Indians,Ramandeep Singh,22,12,1,2,183.33333333333331,Mumbai Indians,6.0,66.66666666666666,12.571428571428571,168.42261904761904,14,11.2,13.1,9.5,0.0,0.0,0.4,1.0,10.445703612196521,11.554296387803479,11.554296387803479
1473449,2025-03-31,2025,2,Mumbai Indians,Kolkata Knight Riders,SA Yadav,27,9,3,2,300.0,Kolkata Knight Riders,48.0,171.42857142857142,26.60144927536232,133.87817580256964,138,38.0,37.0,37.25,1.0,4.0,3.2,2.2,27.404279161751603,-0.40427916175160306,0.40427916175160306
1473449,2025-03-31,2025,1,Kolkata Knight Riders,Mumbai Indians,SH Johnson,1,3,0,0,33.33333333333333,Mumbai Indians,1.0,100.0,1.75,75.0,4,1.75,1.75,0.0,0.0,0.0,0.25,0.0,4.79715923321755,-3.79715923321755,3.79715923321755
1473449,2025-03-31,2025,1,Kolkata Knight Riders,Mumbai Indians,SP Narine,0,2,0,0,0.0,Mumbai Indians,44.0,169.23076923076923,14.74766355140187,123.6765427807824,107,30.4,36.5,4.25,5.0,3.0,3.0,2.2,25.183116999113043,-25.183116999113043,25.183116999113043
1473449,2025-03-31,2025,1,Kolkata Knight Riders,Mumbai Indians,VR Iyer,3,9,0,0,33.33333333333333,Mumbai Indians,6.0,85.71428571428571,26.64,124.4425811629865,50,30.4,31.1,60.333333333333336,1.0,0.0,3.2,1.8,25.457270415525347,-22.457270415525347,22.457270415525347
1473449,2025-03-31,2025,2,Mumbai Indians,Kolkata Knight Riders,WG Jacks,16,17,0,1,94.11764705882352,Kolkata Knight Riders,11.0,157.14285714285714,26.77777777777778,144.46211913884326,9,33.0,26.77777777777778,55.0,2.0,0.0,2.2,2.6,23.707824501591777,-7.707824501591777,7.707824501591777
1473450,2025-04-01,2025,1,Lucknow Super Giants,Punjab Kings,A Badoni,41,33,1,3,124.24242424242425,Punjab Kings,6.0,100.0,17.405405405405407,119.6490472206273,37,18.6,21.6,15.0,1.0,0.0,2.2,0.4,21.29868011270811,19.70131988729189,19.70131988729189
1473450,2025-04-01,2025,1,Lucknow Super Giants,Punjab Kings,AK Markram,28,18,4,1,155.55555555555557,Punjab Kings,1.0,25.0,22.977272727272727,114.93411373576568,44,13.8,15.9,24.75,0.0,0.0,1.6,0.2,23.434822193576164,4.565177806423836,4.565177806423836
1473450,2025-04-01,2025,1,Lucknow Super Giants,Punjab Kings,Abdul Samad,27,12,2,2,225.0,Punjab Kings,22.0,275.0,14.658536585365853,136.47473396768765,41,10.6,13.5,12.333333333333334,2.0,2.0,0.4,1.0,13.194596473947998,13.805403526052002,13.805403526052002
1473450,2025-04-01,2025,1,Lucknow Super Giants,Punjab Kings,Avesh Khan,0,0,0,0,0.0,Punjab Kings,3.0,150.0,4.555555555555555,158.14814814814815,9,4.6,4.555555555555555,2.5,0.0,0.0,0.2,0.4,5.186891994333324,-5.186891994333324,5.186891994333324
1473450,2025-04-01,2025,1,Lucknow Super Giants,Punjab Kings,DA Miller,19,18,3,0,105.55555555555556,Punjab Kings,13.0,185.71428571428572,23.523809523809526,125.63533771564857,126,22.4,23.8,9.5,2.0,0.0,1.8,1.0,22.591076891601976,-3.5910768916019755,3.5910768916019755
1473450,2025-04-01,2025,1,Lucknow Super Giants,Punjab Kings,MR Marsh,0,1,0,0,0.0,Punjab Kings,52.0,167.74193548387098,20.763157894736842,110.96240792344454,38,33.0,28.2,28.666666666666668,7.0,2.0,4.0,1.8,22.201988039072468,-22.201988039072468,22.201988039072468
1473450,2025-04-01,2025,1,Lucknow Super Giants,Punjab Kings,N Pooran,44,30,5,2,146.66666666666666,Punjab Kings,70.0,269.2307692307692,25.18421052631579,142.58678397688018,76,65.8,42.1,25.4,6.0,6.0,5.8,5.2,28.583309346534,15.416690653465999,15.416690653465999
1473450,2025-04-01,2025,2,Punjab Kings,Lucknow Super Giants,N Wadhera,43,25,3,4,172.0,Lucknow Super Giants,1.0,33.33333333333333,21.875,131.78793102820183,16,12.0,16.7,21.5,0.0,0.0,1.2,0.4,18.564870305009695,24.435129694990305,24.435129694990305
1473450,2025-04-01,2025,2,Punjab Kings,Lucknow Super Giants,P Simran Singh,69,34,9,3,202.94117647058823,Lucknow Super Giants,5.0,62.5,21.742857142857144,124.10194026776725,35,23.6,23.0,10.666666666666666,1.0,0.0,2.4,1.2,20.561856872111832,48.43814312788817,48.43814312788817
1473450,2025-04-01,2025,2,Punjab Kings,Lucknow Super Giants,Priyansh Arya,8,9,1,0,88.88888888888889,Lucknow Super Giants,47.0,204.34782608695653,47.0,204.34782608695653,1,47.0,47.0,0.0,7.0,2.0,7.0,2.0,21.30857118905311,-13.308571189053112,13.308571189053112
1473450,2025-04-01,2025,1,Lucknow Super Giants,Punjab Kings,RR Pant,2,5,0,0,40.0,Punjab Kings,15.0,100.0,28.8,133.2761340121772,115,18.0,30.8,13.5,0.0,1.0,1.4,0.6,29.25246890926548,-27.25246890926548,27.25246890926548
1473450,2025-04-01,2025,1,Lucknow Super Giants,Punjab Kings,SN Thakur,3,3,0,0,100.0,Punjab Kings,0.0,0.0,8.527777777777779,102.27787373053555,36,4.8,5.8,9.333333333333334,0.0,0.0,0.4,0.2,8.619965829641231,-5.619965829641231,5.619965829641231
1473450,2025-04-01,2025,2,Punjab Kings,Lucknow Super Giants,SS Iyer,52,30,3,4,173.33333333333334,Lucknow Super Giants,97.0,230.95238095238093,27.82758620689655,115.56260732295826,116,38.2,31.9,29.25,5.0,9.0,3.0,2.6,24.25876116638729,27.74123883361271,27.74123883361271
1473451,2025-04-02,2025,1,Royal Challengers Bengaluru,Gujarat Titans,B Kumar,1,2,0,0,50.0,Gujarat Titans,0.0,0.0,4.636363636363637,84.72709529527711,66,3.4,5.9,27.0,0.0,0.0,0.6,0.0,5.890506754215269,-4.890506754215269,4.890506754215269
1473451,2025-04-02,2025,2,Gujarat Titans,Royal Challengers Bengaluru,B Sai Sudharsan,49,36,7,1,136.11111111111111,Royal Challengers Bengaluru,63.0,153.65853658536585,43.370370370370374,137.04430908827126,27,66.0,50.4,45.0,4.0,2.0,4.4,4.0,27.64799351474197,21.35200648525803,21.35200648525803
1473451,2025-04-02,2025,1,Royal Challengers Bengaluru,Gujarat Titans,D Padikkal,4,3,1,0,133.33333333333331,Gujarat Titans,27.0,192.85714285714286,24.181818181818183,104.28448879222056,66,10.6,12.6,12.5,2.0,2.0,0.6,0.4,25.965189230245944,-21.965189230245944,21.965189230245944
1473451,2025-04-02,2025,2,Gujarat Titans,Royal Challengers Bengaluru,JC Buttler,73,39,5,6,187.17948717948718,Royal Challengers Bengaluru,39.0,162.5,33.72477064220183,128.02327235764818,109,26.6,41.7,100.0,5.0,1.0,2.6,0.8,37.3380954276755,35.6619045723245,35.6619045723245
1473451,2025-04-02,2025,1,Royal Challengers Bengaluru,Gujarat Titans,JM Sharma,33,21,5,1,157.14285714285714,Gujarat Titans,12.0,200.0,20.054054054054053,146.81351165686203,37,14.2,15.7,19.25,1.0,1.0,0.8,1.0,18.84041857765443,14.159581422345571,14.159581422345571
1473451,2025-04-02,2025,1,Royal Challengers Bengaluru,Gujarat Titans,KH Pandya,5,5,1,0,100.0,Gujarat Titans,0.0,0.0,15.25,121.25850366688324,108,11.8,8.7,10.2,0.0,0.0,0.6,0.6,11.44826740273512,-6.4482674027351194,6.4482674027351194
1473451,2025-04-02,2025,1,Royal Challengers Bengaluru,Gujarat Titans,LS Livingstone,54,40,1,5,135.0,Gujarat Titans,10.0,111.11111111111111,23.51219512195122,137.1041342591776,41,6.4,14.5,33.333333333333336,0.0,1.0,0.6,0.4,21.166790378090976,32.83320962190902,32.83320962190902
1473451,2025-04-02,2025,1,Royal Challengers Bengaluru,Gujarat Titans,PD Salt,14,13,1,1,107.6923076923077,Gujarat Titans,32.0,200.0,32.21739130434783,148.24742276396432,23,26.2,42.1,0.0,5.0,1.0,4.0,1.0,20.59029658719891,-6.59029658719891,6.59029658719891
1473451,2025-04-02,2025,1,Royal Challengers Bengaluru,Gujarat Titans,RM Patidar,12,12,2,0,100.0,Gujarat Titans,51.0,159.375,34.0,143.49046318547954,26,42.4,38.0,27.0,4.0,3.0,3.2,2.6,26.730609424245237,-14.730609424245237,14.730609424245237
1473451,2025-04-02,2025,2,Gujarat Titans,Royal Challengers Bengaluru,SE Rutherford,30,18,1,3,166.66666666666669,Royal Challengers Bengaluru,18.0,163.63636363636365,15.454545454545455,124.99757817939636,11,21.4,16.8,0.0,0.0,2.0,1.0,1.4,14.911337982503726,15.088662017496274,15.088662017496274
1473451,2025-04-02,2025,2,Gujarat Titans,Royal Challengers Bengaluru,Shubman Gill,14,14,1,1,100.0,Royal Challengers Bengaluru,38.0,140.74074074074073,32.54455445544554,122.97484446910207,101,38.6,33.3,9.0,4.0,1.0,3.2,2.0,29.199187924484093,-15.199187924484093,15.199187924484093
1473451,2025-04-02,2025,1,Royal Challengers Bengaluru,Gujarat Titans,TH David,32,18,3,2,177.77777777777777,Gujarat Titans,22.0,275.0,18.916666666666668,150.9027206453677,36,23.6,21.0,12.4,1.0,3.0,1.4,1.6,18.928985873363626,13.071014126636374,13.071014126636374
1473451,2025-04-02,2025,1,Royal Challengers Bengaluru,Gujarat Titans,V Kohli,7,6,1,0,116.66666666666667,Gujarat Titans,31.0,103.33333333333334,32.67741935483871,119.05453410164374,248,39.4,47.0,68.8,2.0,1.0,2.6,2.4,33.3406852016941,-26.3406852016941,26.3406852016941
1473452,2025-04-03,2025,1,Kolkata Knight Riders,Sunrisers Hyderabad,A Raghuvanshi,50,32,5,2,156.25,Sunrisers Hyderabad,26.0,162.5,24.1,145.9685657479775,10,24.6,24.1,0.0,3.0,1.0,2.0,1.0,21.307697897088424,28.692302102911576,28.692302102911576
1473452,2025-04-03,2025,1,Kolkata Knight Riders,Sunrisers Hyderabad,AD Russell,1,2,0,0,50.0,Sunrisers Hyderabad,5.0,45.45454545454545,23.33644859813084,151.08248475313457,107,10.4,16.7,20.333333333333332,1.0,0.0,1.0,0.8,25.495224797968273,-24.495224797968273,24.495224797968273
1473452,2025-04-03,2025,1,Kolkata Knight Riders,Sunrisers Hyderabad,AM Rahane,38,27,1,4,140.74074074074073,Sunrisers Hyderabad,11.0,157.14285714285714,27.166666666666668,105.99801659423521,174,23.8,20.3,23.9,1.0,1.0,2.2,1.4,29.85043751624503,8.14956248375497,8.14956248375497
1473452,2025-04-03,2025,2,Sunrisers Hyderabad,Kolkata Knight Riders,Abhishek Sharma,2,6,0,0,33.33333333333333,Kolkata Knight Riders,1.0,100.0,22.0,137.30185977683564,64,9.0,21.2,14.666666666666666,0.0,0.0,1.4,0.2,19.08630807720258,-17.08630807720258,17.08630807720258
1473452,2025-04-03,2025,2,Sunrisers Hyderabad,Kolkata Knight Riders,Aniket Verma,6,6,1,0,100.0,Kolkata Knight Riders,74.0,180.4878048780488,39.0,230.24807171148635,3,39.0,39.0,0.0,5.0,6.0,1.6666666666666667,4.0,22.747164811727,-16.747164811727,16.747164811727
1473452,2025-04-03,2025,2,Sunrisers Hyderabad,Kolkata Knight Riders,H Klaasen,33,21,2,2,157.14285714285714,Kolkata Knight Riders,32.0,188.23529411764704,31.0,162.2077661657933,35,31.6,29.6,30.166666666666668,2.0,2.0,2.0,1.6,21.60641957174285,11.393580428257149,11.393580428257149
1473452,2025-04-03,2025,2,Sunrisers Hyderabad,Kolkata Knight Riders,HV Patel,3,5,0,0,60.0,Kolkata Knight Riders,5.0,55.55555555555556,6.82051282051282,101.36228109078787,39,5.8,4.8,8.166666666666666,0.0,0.0,0.2,0.2,5.79574860556064,-2.7957486055606404,2.7957486055606404
1473452,2025-04-03,2025,2,Sunrisers Hyderabad,Kolkata Knight Riders,Ishan Kishan,2,5,0,0,40.0,Kolkata Knight Riders,2.0,40.0,26.980392156862745,117.6771486056449,102,32.4,23.6,28.555555555555557,0.0,0.0,3.4,1.6,25.54169331111557,-23.54169331111557,23.54169331111557
1473452,2025-04-03,2025,2,Sunrisers Hyderabad,Kolkata Knight Riders,Mohammed Shami,2,4,0,0,50.0,Kolkata Knight Riders,1.0,100.0,3.04,71.33333333333333,25,1.6,2.3,2.0,0.0,0.0,0.2,0.0,3.1821889833738397,-1.1821889833738397,1.1821889833738397
1473452,2025-04-03,2025,2,Sunrisers Hyderabad,Kolkata Knight Riders,Nithish Kumar Reddy,19,15,2,1,126.66666666666666,Kolkata Knight Riders,0.0,0.0,26.071428571428573,123.68438847010275,14,16.0,23.7,11.0,0.0,0.0,1.4,0.4,23.502521429526475,-4.502521429526475,4.502521429526475
1473452,2025-04-03,2025,2,Sunrisers Hyderabad,Kolkata Knight Riders,PHKD Mendis,27,20,1,2,135.0,Kolkata Knight Riders,0.0,0.0,0.0,0.0,0,0.0,0.0,0.0,0.0,0.0,0.0,0.0,8.643344060993906,18.356655939006096,18.356655939006096
1473452,2025-04-03,2025,2,Sunrisers Hyderabad,Kolkata Knight Riders,PJ Cummins,14,15,2,0,93.33333333333333,Kolkata Knight Riders,2.0,28.57142857142857,12.738095238095237,126.75202456355707,42,9.8,15.1,14.25,0.0,0.0,0.6,0.8,14.352563530275777,-0.352563530275777,0.352563530275777
1473452,2025-04-03,2025,1,Kolkata Knight Riders,Sunrisers Hyderabad,Q de Kock,1,6,0,0,16.666666666666664,Sunrisers Hyderabad,1.0,33.33333333333333,29.38738738738739,116.62350832022017,111,23.2,20.7,31.0,0.0,0.0,2.2,1.2,30.534858546737173,-29.534858546737173,29.534858546737173
1473452,2025-04-03,2025,1,Kolkata Knight Riders,Sunrisers Hyderabad,RK Singh,32,17,4,1,188.23529411764704,Sunrisers Hyderabad,17.0,121.42857142857142,21.952380952380953,137.4932223910055,42,14.8,14.3,32.4,1.0,1.0,1.2,0.6,20.29452932778645,11.70547067221355,11.70547067221355
1473452,2025-04-03,2025,1,Kolkata Knight Riders,Sunrisers Hyderabad,SP Narine,7,7,0,1,100.0,Sunrisers Hyderabad,0.0,0.0,14.61111111111111,122.53138960688626,108,14.2,25.6,8.4375,0.0,0.0,1.8,0.8,21.051109712871575,-14.051109712871575,14.051109712871575
1473452,2025-04-03,2025,2,Sunrisers Hyderabad,Kolkata Knight Riders,Simarjeet Singh,0,1,0,0,0.0,Kolkata Knight Riders,3.0,75.0,2.5,85.41666666666666,4,2.5,2.5,0.0,0.0,0.0,0.0,0.0,4.049281070149526,-4.049281070149526,4.049281070149526
1473452,2025-04-03,2025,2,Sunrisers Hyderabad,Kolkata Knight Riders,TM Head,4,2,1,0,200.0,Kolkata Knight Riders,22.0,183.33333333333331,32.42857142857143,136.0249607976096,28,34.0,36.5,25.0,4.0,0.0,4.2,1.4,25.285721322002153,-21.285721322002153,21.285721322002153
1473452,2025-04-03,2025,1,Kolkata Knight Riders,Sunrisers Hyderabad,VR Iyer,60,29,7,3,206.89655172413794,Sunrisers Hyderabad,3.0,33.33333333333333,26.176470588235293,122.65612532318937,51,30.8,30.6,18.5,0.0,0.0,3.2,1.8,26.186512039322213,33.81348796067779,33.81348796067779
1473453,2025-04-04,2025,1,Lucknow Super Giants,Mumbai Indians,A Badoni,30,19,4,0,157.89473684210526,Mumbai Indians,41.0,124.24242424242425,18.026315789473685,119.76992556330616,38,15.8,20.2,10.75,1.0,3.0,0.6,1.0,18.233554063378737,11.766445936621263,11.766445936621263
1473453,2025-04-04,2025,1,Lucknow Super Giants,Mumbai Indians,AK Markram,53,38,2,4,139.4736842105263,Mumbai Indians,28.0,155.55555555555557,23.08888888888889,115.83681244287212,45,13.0,13.7,24.2,4.0,1.0,1.6,0.4,21.89026924964569,31.10973075035431,31.10973075035431
1473453,2025-04-04,2025,1,Lucknow Super Giants,Mumbai Indians,Abdul Samad,4,2,1,0,200.0,Mumbai Indians,27.0,225.0,14.952380952380953,138.5824783970284,42,13.8,12.5,8.2,2.0,2.0,0.8,1.2,11.288230662894955,-7.288230662894955,7.288230662894955
1473453,2025-04-04,2025,1,Lucknow Super Giants,Mumbai Indians,Akash Deep,0,1,0,0,0.0,Mumbai Indians,2.0,100.0,6.333333333333333,104.16666666666667,3,6.333333333333333,6.333333333333333,2.0,0.0,0.0,0.6666666666666666,0.3333333333333333,9.503908768116936,-9.503908768116936,9.503908768116936
1473453,2025-04-04,2025,1,Lucknow Super Giants,Mumbai Indians,Avesh Khan,2,1,0,0,200.0,Mumbai Indians,0.0,0.0,4.1,142.33333333333331,10,2.2,4.1,0.0,0.0,0.0,0.2,0.0,8.489791752924662,-6.489791752924662,6.489791752924662
1473453,2025-04-04,2025,1,Lucknow Super Giants,Mumbai Indians,DA Miller,27,14,3,1,192.85714285714286,Mumbai Indians,19.0,105.55555555555556,23.488188976377952,125.47722919470297,127,21.0,23.6,23.5,3.0,0.0,2.0,0.8,23.96171679639053,3.0382832036094705,3.0382832036094705
1473453,2025-04-04,2025,2,Mumbai Indians,Lucknow Super Giants,HH Pandya,28,16,2,1,175.0,Lucknow Super Giants,11.0,64.70588235294117,19.28030303030303,139.95225064900634,132,6.0,11.9,25.166666666666668,1.0,0.0,0.4,0.2,23.443402447046633,4.556597552953367,4.556597552953367
1473453,2025-04-04,2025,2,Mumbai Indians,Lucknow Super Giants,MJ Santner,2,2,0,0,100.0,Lucknow Super Giants,18.0,200.0,7.615384615384615,105.7149036298834,13,8.6,5.6,1.0,1.0,2.0,0.6,0.4,7.3533677043046906,-5.3533677043046906,5.3533677043046906
1473453,2025-04-04,2025,1,Lucknow Super Giants,Mumbai Indians,MR Marsh,60,31,9,2,193.5483870967742,Mumbai Indians,0.0,0.0,20.23076923076923,108.11721797668955,39,28.4,21.9,19.0,0.0,0.0,3.0,1.8,22.345916293186722,37.65408370681328,37.65408370681328
1473453,2025-04-04,2025,1,Lucknow Super Giants,Mumbai Indians,N Pooran,12,6,1,1,200.0,Mumbai Indians,44.0,146.66666666666666,25.428571428571427,142.63976946635796,77,65.0,44.2,22.77777777777778,5.0,2.0,5.6,5.4,31.603023806133614,-19.603023806133614,19.603023806133614
1473453,2025-04-04,2025,2,Mumbai Indians,Lucknow Super Giants,Naman Dhir,46,24,4,3,191.66666666666669,Lucknow Super Giants,18.0,163.63636363636365,19.444444444444443,148.06130083907863,9,22.8,19.444444444444443,62.0,3.0,0.0,1.8,1.4,24.438270091574363,21.561729908425637,21.561729908425637
1473453,2025-04-04,2025,2,Mumbai Indians,Lucknow Super Giants,RD Rickelton,10,5,2,0,200.0,Lucknow Super Giants,62.0,155.0,27.0,135.7936507936508,3,27.0,27.0,0.0,4.0,5.0,2.6666666666666665,1.6666666666666667,24.04259439762437,-14.04259439762437,14.04259439762437
1473453,2025-04-04,2025,1,Lucknow Super Giants,Mumbai Indians,RR Pant,2,6,0,0,33.33333333333333,Mumbai Indians,2.0,40.0,28.56896551724138,132.47202940862397,116,13.0,26.9,25.125,0.0,0.0,1.0,0.4,30.997317528143935,-28.997317528143935,28.997317528143935
1473453,2025-04-04,2025,2,Mumbai Indians,Lucknow Super Giants,SA Yadav,67,43,9,1,155.8139534883721,Lucknow Super Giants,27.0,300.0,26.60431654676259,135.07329683996122,139,23.0,31.9,15.666666666666666,3.0,2.0,1.4,1.4,25.892345891740927,41.10765410825907,41.10765410825907
1473453,2025-04-04,2025,1,Lucknow Super Giants,Mumbai Indians,SN Thakur,5,2,1,0,250.0,Mumbai Indians,3.0,100.0,8.378378378378379,102.21630957565621,37,4.8,4.9,9.285714285714286,0.0,0.0,0.4,0.2,9.955008329723343,-4.955008329723343,4.955008329723343
1473453,2025-04-04,2025,2,Mumbai Indians,Lucknow Super Giants,Tilak Varma,25,23,2,0,108.69565217391303,Lucknow Super Giants,39.0,108.33333333333333,30.65,138.3168229067886,40,28.6,34.3,24.25,3.0,1.0,3.2,0.8,26.292846479213768,-1.2928464792137682,1.2928464792137682
1473453,2025-04-04,2025,2,Mumbai Indians,Lucknow Super Giants,WG Jacks,5,7,0,0,71.42857142857143,Lucknow Super Giants,16.0,94.11764705882352,25.7,139.4276719308413,10,16.2,25.7,0.0,0.0,1.0,1.2,0.8,23.49923945563576,-18.49923945563576,18.49923945563576
1473454,2025-04-05,2025,1,Delhi Capitals,Chennai Super Kings,AR Patel,21,14,2,1,150.0,Chennai Super Kings,22.0,200.0,14.823008849557523,126.83894497850532,113,24.6,21.4,11.285714285714286,3.0,1.0,2.6,1.0,20.647642098749397,0.3523579012506026,0.3523579012506026
1473454,2025-04-05,2025,1,Delhi Capitals,Chennai Super Kings,Abishek Porel,33,20,4,1,165.0,Chennai Super Kings,34.0,188.88888888888889,21.88888888888889,130.44912126901374,18,31.8,31.1,9.0,2.0,2.0,2.8,1.8,19.995995391068476,13.004004608931524,13.004004608931524
1473454,2025-04-05,2025,1,Delhi Capitals,Chennai Super Kings,Ashutosh Sharma,1,1,0,0,100.0,Chennai Super Kings,66.0,212.9032258064516,25.5,150.52503394770946,10,19.2,25.5,3.0,5.0,5.0,1.2,1.4,19.257482427734466,-18.257482427734466,18.257482427734466
1473454,2025-04-05,2025,2,Chennai Super Kings,Delhi Capitals,DP Conway,13,14,1,0,92.85714285714286,Delhi Capitals,47.0,188.0,42.0,112.06157595882577,22,42.8,49.1,61.333333333333336,4.0,2.0,4.6,1.0,35.99293845118732,-22.99293845118732,22.99293845118732
1473454,2025-04-05,2025,1,Delhi Capitals,Chennai Super Kings,J Fraser-McGurk,0,5,0,0,0.0,Chennai Super Kings,38.0,118.75,33.54545454545455,189.71514596514598,11,22.0,31.4,0.0,4.0,2.0,2.6,1.4,21.378861080784322,-21.378861080784322,21.378861080784322
1473454,2025-04-05,2025,1,Delhi Capitals,Chennai Super Kings,KL Rahul,77,51,6,3,150.98039215686273,Chennai Super Kings,15.0,300.0,37.632,124.00914955198631,125,25.8,37.0,39.5,2.0,1.0,2.0,1.0,43.87758810426647,33.12241189573353,33.12241189573353
1473454,2025-04-05,2025,2,Chennai Super Kings,Delhi Capitals,MS Dhoni,30,26,1,1,115.38461538461537,Delhi Capitals,16.0,145.45454545454547,22.896103896103895,132.6754817788309,231,19.4,14.8,18.5,1.0,1.0,1.6,1.4,16.76184239316962,13.23815760683038,13.23815760683038
1473454,2025-04-05,2025,2,Chennai Super Kings,Delhi Capitals,R Ravindra,3,5,0,0,60.0,Delhi Capitals,0.0,0.0,25.23076923076923,122.42797077474496,13,38.8,24.3,2.0,0.0,0.0,2.6,1.8,26.52549132595948,-23.52549132595948,23.52549132595948
1473454,2025-04-05,2025,2,Chennai Super Kings,Delhi Capitals,RA Jadeja,2,3,0,0,66.66666666666666,Delhi Capitals,32.0,145.45454545454547,16.57377049180328,132.3001499464934,183,24.2,25.7,19.875,2.0,1.0,1.6,1.0,23.300600363063282,-21.300600363063282,21.300600363063282
1473454,2025-04-05,2025,2,Chennai Super Kings,Delhi Capitals,RD Gaikwad,5,4,1,0,125.0,Delhi Capitals,63.0,143.1818181818182,36.705882352941174,111.79540899406726,68,31.6,45.8,29.75,7.0,1.0,2.8,1.2,26.06168575968201,-21.06168575968201,21.06168575968201
1473454,2025-04-05,2025,2,Chennai Super Kings,Delhi Capitals,S Dube,18,15,1,1,120.0,Delhi Capitals,18.0,180.0,24.1875,126.92369316664939,64,14.2,19.7,18.875,1.0,2.0,1.0,1.0,24.167364099856254,-6.167364099856254,6.167364099856254
1473454,2025-04-05,2025,1,Delhi Capitals,Chennai Super Kings,Sameer Rizvi,20,15,1,1,133.33333333333331,Chennai Super Kings,4.0,100.0,9.166666666666666,105.35628019323671,6,8.2,9.166666666666666,0.0,1.0,0.0,1.0,0.0,10.624368643009515,9.375631356990485,9.375631356990485
1473454,2025-04-05,2025,1,Delhi Capitals,Chennai Super Kings,T Stubbs,24,12,2,1,200.0,Chennai Super Kings,21.0,150.0,24.210526315789473,139.98747186722383,19,31.2,25.9,6.25,3.0,0.0,2.0,2.0,22.774425706930273,1.2255742930697267,1.2255742930697267
1473454,2025-04-05,2025,1,Delhi Capitals,Chennai Super Kings,V Nigam,1,2,0,0,50.0,Chennai Super Kings,39.0,260.0,39.0,260.0,1,39.0,39.0,0.0,5.0,2.0,5.0,2.0,17.25711787418188,-16.25711787418188,16.25711787418188
1473454,2025-04-05,2025,2,Chennai Super Kings,Delhi Capitals,V Shankar,69,53,5,1,130.18867924528303,Delhi Capitals,9.0,150.0,19.050847457627118,122.2937926083629,59,12.0,15.9,14.0,0.0,1.0,1.0,0.4,19.146386437833776,49.853613562166224,49.853613562166224
1473455,2025-04-05,2025,2,Punjab Kings,Rajasthan Royals,Arshdeep Singh,1,5,0,0,20.0,Rajasthan Royals,4.0,133.33333333333331,2.6363636363636362,63.90374331550802,11,3.4,2.9,0.0,1.0,0.0,0.6,0.0,4.167020154858445,-3.167020154858445,3.167020154858445
1473455,2025-04-05,2025,1,Rajasthan Royals,Punjab Kings,Dhruv Jurel,13,5,1,1,260.0,Punjab Kings,3.0,42.857142857142854,18.12,123.05502079619725,25,34.0,25.3,12.0,0.0,0.0,3.6,1.6,28.612139995054523,-15.612139995054523,15.612139995054523
1473455,2025-04-05,2025,2,Punjab Kings,Rajasthan Royals,GJ Maxwell,30,21,3,1,142.85714285714286,Rajasthan Royals,0.0,0.0,21.323076923076922,124.99096131459196,130,4.0,5.2,23.0,0.0,0.0,0.6,0.2,22.380168248566232,7.619831751433768,7.619831751433768
1473455,2025-04-05,2025,2,Punjab Kings,Rajasthan Royals,LH Ferguson,4,1,1,0,400.0,Rajasthan Royals,1.0,100.0,9.714285714285714,121.43315018315018,7,9.6,9.714285714285714,0.0,0.0,0.0,1.0,0.4,11.653054203565636,-7.653054203565636,7.653054203565636
1473455,2025-04-05,2025,2,Punjab Kings,Rajasthan Royals,M Jansen,3,6,0,0,50.0,Rajasthan Royals,17.0,141.66666666666669,5.5,86.43939393939394,12,5.0,6.6,3.0,1.0,1.0,0.2,0.2,6.030344103269674,-3.030344103269674,3.030344103269674
1473455,2025-04-05,2025,2,Punjab Kings,Rajasthan Royals,MP Stoinis,1,7,0,0,14.285714285714285,Rajasthan Royals,20.0,133.33333333333331,21.191011235955056,118.768978987008,89,18.4,29.6,17.583333333333332,1.0,2.0,2.2,0.8,22.523544724963998,-21.523544724963998,21.523544724963998
1473455,2025-04-05,2025,1,Rajasthan Royals,Punjab Kings,N Rana,12,7,2,0,171.42857142857142,Punjab Kings,81.0,225.0,26.307692307692307,120.01223509757011,104,28.4,32.2,21.2,10.0,5.0,3.4,1.2,24.5574346901388,-12.557434690138798,12.557434690138798
1473455,2025-04-05,2025,2,Punjab Kings,Rajasthan Royals,N Wadhera,62,41,4,3,151.21951219512195,Rajasthan Royals,43.0,172.0,23.11764705882353,134.1533468500723,17,19.8,19.5,49.0,3.0,4.0,1.6,1.2,18.643026439908972,43.35697356009103,43.35697356009103
1473455,2025-04-05,2025,2,Punjab Kings,Rajasthan Royals,P Simran Singh,17,16,2,0,106.25,Rajasthan Royals,69.0,202.94117647058823,23.055555555555557,126.29191905117894,36,31.4,28.9,19.5,9.0,3.0,3.8,1.4,21.586806644969226,-4.586806644969226,4.586806644969226
1473455,2025-04-05,2025,2,Punjab Kings,Rajasthan Royals,Priyansh Arya,0,1,0,0,0.0,Rajasthan Royals,8.0,88.88888888888889,27.5,146.6183574879227,2,27.5,27.5,0.0,1.0,0.0,4.0,1.0,19.81625077548419,-19.81625077548419,19.81625077548419
1473455,2025-04-05,2025,1,Rajasthan Royals,Punjab Kings,R Parag,43,25,3,3,172.0,Punjab Kings,37.0,132.14285714285714,20.311475409836067,120.02149385004712,61,21.6,32.1,20.0,2.0,2.0,1.0,1.4,21.32521769530464,21.67478230469536,21.67478230469536
1473455,2025-04-05,2025,1,Rajasthan Royals,Punjab Kings,SO Hetmyer,20,12,2,1,166.66666666666669,Punjab Kings,19.0,118.75,19.279411764705884,137.55290846245452,68,19.6,16.2,31.2,1.0,1.0,1.2,1.2,20.636695434629438,-0.6366954346294378,0.6366954346294378
1473455,2025-04-05,2025,2,Punjab Kings,Rajasthan Royals,SS Iyer,10,5,2,0,200.0,Rajasthan Royals,52.0,173.33333333333334,28.034188034188034,116.05637421193583,117,44.0,36.0,33.27272727272727,3.0,4.0,3.0,3.4,26.33687878508279,-16.33687878508279,16.33687878508279
1473455,2025-04-05,2025,1,Rajasthan Royals,Punjab Kings,SV Samson,38,26,6,0,146.15384615384613,Punjab Kings,20.0,125.0,27.381818181818183,118.67155122110024,165,25.2,31.6,32.285714285714285,1.0,1.0,2.2,1.2,26.279628478320003,11.720371521679997,11.720371521679997
1473455,2025-04-05,2025,2,Punjab Kings,Rajasthan Royals,Shashank Singh,10,13,0,0,76.92307692307693,Rajasthan Royals,44.0,275.0,23.35,149.043124998615,20,22.0,26.1,4.5,6.0,2.0,2.8,0.8,18.58067846662459,-8.58067846662459,8.58067846662459
1473455,2025-04-05,2025,2,Punjab Kings,Rajasthan Royals,Suryansh Shedge,2,4,0,0,50.0,Rajasthan Royals,0.0,0.0,0.0,0.0,0,0.0,0.0,0.0,0.0,0.0,0.0,0.0,10.956161959974777,-8.956161959974777,8.956161959974777
1473455,2025-04-05,2025,1,Rajasthan Royals,Punjab Kings,YBK Jaiswal,67,45,3,5,148.88888888888889,Punjab Kings,4.0,133.33333333333331,29.836363636363636,127.2868747540975,55,24.2,24.4,36.833333333333336,1.0,0.0,3.0,1.0,29.970438924664595,37.02956107533541,37.02956107533541
1473457,2025-04-06,2025,1,Sunrisers Hyderabad,Gujarat Titans,Abhishek Sharma,18,16,4,0,112.5,Gujarat Titans,2.0,33.33333333333333,21.692307692307693,135.70234398539716,65,7.0,20.2,35.25,0.0,0.0,1.2,0.0,19.368885707779523,-1.3688857077795227,1.3688857077795227
1473457,2025-04-06,2025,1,Sunrisers Hyderabad,Gujarat Titans,Aniket Verma,18,14,2,0,128.57142857142858,Gujarat Titans,6.0,100.0,30.75,197.68605378361477,4,30.75,30.75,0.0,1.0,0.0,1.5,3.0,23.643432882472645,-5.643432882472645,5.643432882472645
1473457,2025-04-06,2025,2,Gujarat Titans,Sunrisers Hyderabad,B Sai Sudharsan,5,9,0,0,55.55555555555556,Sunrisers Hyderabad,49.0,136.11111111111111,43.57142857142857,137.01098058908696,28,59.0,52.2,34.333333333333336,7.0,1.0,4.2,3.4,26.191326033173183,-21.191326033173183,21.191326033173183
1473457,2025-04-06,2025,1,Sunrisers Hyderabad,Gujarat Titans,H Klaasen,27,19,2,1,142.10526315789474,Gujarat Titans,33.0,157.14285714285714,31.055555555555557,162.0670742484895,36,28.2,30.9,44.0,2.0,2.0,2.4,1.2,19.166343129428313,7.833656870571687,7.833656870571687
1473457,2025-04-06,2025,1,Sunrisers Hyderabad,Gujarat Titans,Ishan Kishan,17,14,2,0,121.42857142857142,Gujarat Titans,2.0,40.0,26.737864077669904,116.92300153180369,103,24.8,23.8,22.25,0.0,0.0,2.4,1.2,27.986283595355115,-10.986283595355115,10.986283595355115
1473457,2025-04-06,2025,2,Gujarat Titans,Sunrisers Hyderabad,JC Buttler,0,3,0,0,0.0,Sunrisers Hyderabad,73.0,187.17948717948718,34.08181818181818,128.56105612875578,110,41.2,39.0,29.307692307692307,5.0,6.0,3.6,2.0,29.73553618986407,-29.73553618986407,29.73553618986407
1473457,2025-04-06,2025,1,Sunrisers Hyderabad,Gujarat Titans,Mohammed Shami,6,2,1,0,300.0,Gujarat Titans,2.0,50.0,3.0,70.51282051282051,26,1.8,2.4,0.0,0.0,0.0,0.2,0.0,3.285133565721303,2.714866434278697,2.714866434278697
1473457,2025-04-06,2025,1,Sunrisers Hyderabad,Gujarat Titans,Nithish Kumar Reddy,31,34,3,0,91.17647058823529,Gujarat Titans,19.0,126.66666666666666,25.6,123.88320701654035,15,18.8,24.1,0.0,2.0,1.0,1.8,0.6,23.387101513976834,7.612898486023166,7.612898486023166
1473457,2025-04-06,2025,1,Sunrisers Hyderabad,Gujarat Titans,PHKD Mendis,1,5,0,0,20.0,Gujarat Titans,27.0,135.0,27.0,135.0,1,27.0,27.0,0.0,1.0,2.0,1.0,2.0,21.40624710687723,-20.40624710687723,20.40624710687723
1473457,2025-04-06,2025,1,Sunrisers Hyderabad,Gujarat Titans,PJ Cummins,22,9,3,1,244.44444444444446,Gujarat Titans,14.0,93.33333333333333,12.767441860465116,125.97484569773792,43,11.6,16.4,2.0,2.0,0.0,0.8,0.8,13.931684417865855,8.068315582134145,8.068315582134145
1473457,2025-04-06,2025,2,Gujarat Titans,Sunrisers Hyderabad,SE Rutherford,35,16,6,1,218.75,Sunrisers Hyderabad,30.0,166.66666666666669,16.666666666666668,128.47000222000221,12,25.4,18.7,9.0,1.0,3.0,1.2,1.8,18.347673016654767,16.652326983345233,16.652326983345233
1473457,2025-04-06,2025,2,Gujarat Titans,Sunrisers Hyderabad,Shubman Gill,61,43,9,0,141.86046511627907,Sunrisers Hyderabad,14.0,100.0,32.36274509803921,122.74960089587559,102,38.2,32.8,33.166666666666664,1.0,1.0,3.2,2.2,26.191330659940373,34.80866934005962,34.80866934005962
1473457,2025-04-06,2025,1,Sunrisers Hyderabad,Gujarat Titans,Simarjeet Singh,0,2,0,0,0.0,Gujarat Titans,0.0,0.0,2.0,68.33333333333333,5,2.0,2.0,0.0,0.0,0.0,0.0,0.0,4.683854316790173,-4.683854316790173,4.683854316790173
1473457,2025-04-06,2025,1,Sunrisers Hyderabad,Gujarat Titans,TM Head,8,5,2,0,160.0,Gujarat Titans,4.0,200.0,31.448275862068964,138.2309966321748,29,28.0,31.1,19.0,1.0,0.0,3.8,1.2,27.5181301943788,-19.5181301943788,19.5181301943788
1473457,2025-04-06,2025,2,Gujarat Titans,Sunrisers Hyderabad,Washington Sundar,49,29,5,2,168.9655172413793,Sunrisers Hyderabad,0.0,0.0,9.947368421052632,106.07748937735087,38,11.8,10.0,7.0,0.0,0.0,1.2,0.0,8.952441428412017,40.047558571587984,40.047558571587984
1473458,2025-04-07,2025,1,Royal Challengers Bengaluru,Mumbai Indians,D Padikkal,37,22,2,3,168.1818181818182,Mumbai Indians,4.0,133.33333333333331,23.880597014925375,104.71805363611776,67,10.8,7.9,21.714285714285715,1.0,0.0,0.8,0.4,20.92839041894337,16.07160958105663,16.07160958105663
1473458,2025-04-07,2025,2,Mumbai Indians,Royal Challengers Bengaluru,DL Chahar,0,1,0,0,0.0,Royal Challengers Bengaluru,28.0,186.66666666666666,8.307692307692308,98.58974358974359,13,6.4,9.3,0.0,2.0,2.0,0.4,0.4,9.60837900428103,-9.60837900428103,9.60837900428103
1473458,2025-04-07,2025,2,Mumbai Indians,Royal Challengers Bengaluru,HH Pandya,42,15,3,4,280.0,Royal Challengers Bengaluru,28.0,175.0,19.345864661654137,140.21576756141985,133,11.6,12.6,21.0,2.0,1.0,0.8,0.4,25.4375549133357,16.5624450866643,16.5624450866643
1473458,2025-04-07,2025,2,Mumbai Indians,Royal Challengers Bengaluru,JJ Bumrah,0,1,0,0,0.0,Royal Challengers Bengaluru,1.0,100.0,2.6153846153846154,73.8850038850039,26,2.4,1.8,0.0,0.0,0.0,0.2,0.0,2.5968684685381636,-2.5968684685381636,2.5968684685381636
1473458,2025-04-07,2025,1,Royal Challengers Bengaluru,Mumbai Indians,JM Sharma,40,19,2,4,210.52631578947367,Mumbai Indians,33.0,157.14285714285714,20.394736842105264,147.08533653807243,38,20.8,17.4,28.25,5.0,1.0,1.8,1.2,19.807239272864255,20.192760727135745,20.192760727135745
1473458,2025-04-07,2025,1,Royal Challengers Bengaluru,Mumbai Indians,LS Livingstone,0,2,0,0,0.0,Mumbai Indians,54.0,135.0,24.238095238095237,137.0540358244353,42,17.0,19.0,19.2,1.0,5.0,0.8,1.4,24.70928055566402,-24.70928055566402,24.70928055566402
1473458,2025-04-07,2025,2,Mumbai Indians,Royal Challengers Bengaluru,MJ Santner,8,4,0,1,200.0,Royal Challengers Bengaluru,2.0,100.0,7.214285714285714,105.30669622774886,14,6.8,4.9,3.0,0.0,0.0,0.4,0.4,6.704352307924071,1.2956476920759288,1.2956476920759288
1473458,2025-04-07,2025,2,Mumbai Indians,Royal Challengers Bengaluru,Naman Dhir,11,6,1,1,183.33333333333331,Royal Challengers Bengaluru,46.0,191.66666666666669,22.1,152.42183742183744,10,32.0,22.1,0.0,4.0,3.0,2.6,2.0,18.88929926167672,-7.889299261676719,7.889299261676719
1473458,2025-04-07,2025,1,Royal Challengers Bengaluru,Mumbai Indians,PD Salt,4,2,1,0,200.0,Mumbai Indians,14.0,107.6923076923077,31.458333333333332,146.55762630264528,24,28.0,34.6,5.5,1.0,1.0,4.0,1.2,22.89428489987235,-18.89428489987235,18.89428489987235
1473458,2025-04-07,2025,2,Mumbai Indians,Royal Challengers Bengaluru,RD Rickelton,17,10,4,0,170.0,Royal Challengers Bengaluru,10.0,200.0,22.75,151.8452380952381,4,22.75,22.75,0.0,2.0,0.0,2.5,1.25,16.844207478012606,0.15579252198739368,0.15579252198739368
1473458,2025-04-07,2025,2,Mumbai Indians,Royal Challengers Bengaluru,RG Sharma,17,9,2,1,188.88888888888889,Royal Challengers Bengaluru,13.0,118.18181818181819,26.08235294117647,112.38907038589936,255,21.6,14.1,38.0,0.0,1.0,2.6,1.0,28.28233220006404,-11.28233220006404,11.28233220006404
1473458,2025-04-07,2025,1,Royal Challengers Bengaluru,Mumbai Indians,RM Patidar,64,32,5,4,200.0,Mumbai Indians,12.0,100.0,33.18518518518518,141.87970528972104,27,34.4,38.3,29.0,2.0,0.0,3.0,2.0,31.54150734922127,32.45849265077873,32.45849265077873
1473458,2025-04-07,2025,2,Mumbai Indians,Royal Challengers Bengaluru,SA Yadav,28,26,5,0,107.6923076923077,Royal Challengers Bengaluru,67.0,155.8139534883721,26.892857142857142,135.22144438744988,140,34.2,37.6,52.0,9.0,1.0,3.0,1.6,25.950660714315934,2.0493392856840664,2.0493392856840664
1473458,2025-04-07,2025,2,Mumbai Indians,Royal Challengers Bengaluru,TA Boult,1,1,0,0,100.0,Royal Challengers Bengaluru,1.0,50.0,3.652173913043478,78.970606687998,23,3.0,4.2,0.0,0.0,0.0,0.4,0.0,2.5445110241685627,-1.5445110241685627,1.5445110241685627
1473458,2025-04-07,2025,1,Royal Challengers Bengaluru,Mumbai Indians,TH David,1,1,0,0,100.0,Mumbai Indians,32.0,177.77777777777777,19.27027027027027,151.62907354083825,37,22.6,22.5,0.0,3.0,2.0,1.6,1.4,17.528501918213816,-16.528501918213816,16.528501918213816
1473458,2025-04-07,2025,2,Mumbai Indians,Royal Challengers Bengaluru,Tilak Varma,56,29,4,4,193.10344827586206,Royal Challengers Bengaluru,25.0,108.69565217391303,30.51219512195122,137.59435532793796,41,32.8,33.7,16.0,2.0,0.0,3.6,0.8,27.51364754518908,28.48635245481092,28.48635245481092
1473458,2025-04-07,2025,1,Royal Challengers Bengaluru,Mumbai Indians,V Kohli,67,42,8,2,159.52380952380955,Mumbai Indians,7.0,116.66666666666667,32.57429718875502,119.04494427258761,249,35.4,45.9,26.060606060606062,1.0,0.0,2.6,1.8,29.67616247353267,37.32383752646733,37.32383752646733
1473458,2025-04-07,2025,2,Mumbai Indians,Royal Challengers Bengaluru,WG Jacks,22,18,2,1,122.22222222222223,Royal Challengers Bengaluru,5.0,71.42857142857143,23.818181818181817,133.24593552154403,11,17.0,25.4,0.0,0.0,0.0,1.2,0.8,21.254995277973176,0.7450047220268239,0.7450047220268239
1473456,2025-04-08,2025,2,Kolkata Knight Riders,Lucknow Super Giants,A Raghuvanshi,5,4,1,0,125.0,Lucknow Super Giants,50.0,156.25,26.454545454545453,146.90324158907046,11,32.0,23.7,19.5,5.0,2.0,3.0,1.0,22.459660128445464,-17.459660128445464,17.459660128445464
1473456,2025-04-08,2025,2,Kolkata Knight Riders,Lucknow Super Giants,AD Russell,7,4,0,1,175.0,Lucknow Super Giants,1.0,50.0,23.12962962962963,150.1465358202352,108,9.2,12.7,17.25,0.0,0.0,1.0,0.6,23.03386007784046,-16.03386007784046,16.03386007784046
1473456,2025-04-08,2025,1,Lucknow Super Giants,Kolkata Knight Riders,AK Markram,47,28,4,2,167.85714285714286,Kolkata Knight Riders,53.0,139.4736842105263,23.73913043478261,116.35065748129936,46,23.4,19.0,35.285714285714285,2.0,4.0,2.0,1.2,20.00125190261856,26.99874809738144,26.99874809738144
1473456,2025-04-08,2025,2,Kolkata Knight Riders,Lucknow Super Giants,AM Rahane,61,35,8,2,174.28571428571428,Lucknow Super Giants,38.0,140.74074074074073,27.228571428571428,106.19654644650095,175,31.2,20.5,18.5,1.0,4.0,2.4,2.2,28.582413214161594,32.41758678583841,32.41758678583841
1473456,2025-04-08,2025,1,Lucknow Super Giants,Kolkata Knight Riders,Abdul Samad,6,4,1,0,150.0,Kolkata Knight Riders,4.0,200.0,14.69767441860465,140.01079285291146,43,11.4,11.6,15.625,1.0,0.0,1.0,0.8,11.459488400133186,-5.459488400133186,5.459488400133186
1473456,2025-04-08,2025,1,Lucknow Super Giants,Kolkata Knight Riders,DA Miller,4,4,0,0,100.0,Kolkata Knight Riders,27.0,192.85714285714286,23.515625,126.00363477019079,128,20.4,21.9,18.933333333333334,3.0,1.0,2.0,0.6,22.51794040625459,-18.51794040625459,18.51794040625459
1473456,2025-04-08,2025,2,Kolkata Knight Riders,Lucknow Super Giants,Harshit Rana,10,9,2,0,111.11111111111111,Lucknow Super Giants,4.0,57.14285714285714,2.2,68.0952380952381,5,2.2,2.2,2.0,0.0,0.0,0.2,0.0,4.03235105762237,5.96764894237763,5.96764894237763
1473456,2025-04-08,2025,1,Lucknow Super Giants,Kolkata Knight Riders,MR Marsh,81,48,6,5,168.75,Kolkata Knight Riders,60.0,193.5483870967742,21.225,110.25299720469165,40,36.8,25.3,5.0,9.0,2.0,4.4,2.0,20.96986801138237,60.030131988617626,60.030131988617626
1473456,2025-04-08,2025,1,Lucknow Super Giants,Kolkata Knight Riders,N Pooran,87,36,7,8,241.66666666666666,Kolkata Knight Riders,12.0,200.0,25.256410256410255,143.3751570373021,78,55.2,42.0,21.7,1.0,1.0,4.6,4.8,28.736111751255983,58.26388824874402,58.26388824874402
1473456,2025-04-08,2025,2,Kolkata Knight Riders,Lucknow Super Giants,Q de Kock,15,9,0,2,166.66666666666669,Lucknow Super Giants,1.0,16.666666666666664,29.133928571428573,115.731036519742,112,23.0,18.9,0.0,0.0,0.0,2.2,1.2,31.899875726946046,-16.899875726946046,16.899875726946046
1473456,2025-04-08,2025,2,Kolkata Knight Riders,Lucknow Super Giants,RK Singh,38,15,6,2,253.33333333333331,Lucknow Super Giants,32.0,188.23529411764704,22.186046511627907,138.67327057069485,43,19.4,16.6,32.25,4.0,1.0,1.6,0.8,19.336505310121076,18.663494689878924,18.663494689878924
1473456,2025-04-08,2025,2,Kolkata Knight Riders,Lucknow Super Giants,Ramandeep Singh,1,2,0,0,50.0,Lucknow Super Giants,22.0,183.33333333333331,13.2,169.41666666666666,15,14.4,11.8,25.0,1.0,2.0,0.6,1.2,9.668724635106175,-8.668724635106175,8.668724635106175
1473456,2025-04-08,2025,2,Kolkata Knight Riders,Lucknow Super Giants,SP Narine,30,13,4,2,230.76923076923075,Lucknow Super Giants,7.0,100.0,14.541284403669724,122.32467961049281,109,15.6,25.3,26.2,0.0,1.0,1.8,1.0,19.84724550420336,10.15275449579664,10.15275449579664
1473456,2025-04-08,2025,2,Kolkata Knight Riders,Lucknow Super Giants,VR Iyer,45,29,6,1,155.17241379310346,Lucknow Super Giants,60.0,206.89655172413794,26.826923076923077,124.2761335232076,52,34.4,35.0,8.333333333333334,7.0,3.0,3.4,2.0,25.147116332699763,19.852883667300237,19.852883667300237
1473459,2025-04-08,2025,2,Chennai Super Kings,Punjab Kings,DP Conway,69,49,6,2,140.81632653061226,Punjab Kings,13.0,92.85714285714286,40.73913043478261,111.22660060657867,23,43.4,42.7,92.0,1.0,0.0,4.6,1.0,41.429402557110734,27.570597442889266,27.570597442889266
1473459,2025-04-08,2025,1,Punjab Kings,Chennai Super Kings,GJ Maxwell,1,2,0,0,50.0,Chennai Super Kings,30.0,142.85714285714286,21.389312977099237,125.12734437980227,131,10.0,8.2,27.142857142857142,3.0,1.0,1.2,0.4,21.162941451159767,-20.162941451159767,20.162941451159767
1473459,2025-04-08,2025,1,Punjab Kings,Chennai Super Kings,M Jansen,34,19,2,2,178.94736842105263,Chennai Super Kings,3.0,50.0,5.3076923076923075,83.63636363636364,13,5.4,6.1,17.0,0.0,0.0,0.2,0.2,6.78510461381991,27.21489538618009,27.21489538618009
1473459,2025-04-08,2025,1,Punjab Kings,Chennai Super Kings,MP Stoinis,4,7,0,0,57.14285714285714,Chennai Super Kings,1.0,14.285714285714285,20.966666666666665,117.60805382366028,90,11.4,28.7,27.0,0.0,0.0,1.4,0.4,24.57334202761863,-20.57334202761863,20.57334202761863
1473459,2025-04-08,2025,2,Chennai Super Kings,Punjab Kings,MS Dhoni,27,12,1,3,225.0,Punjab Kings,30.0,115.38461538461537,22.926724137931036,132.60095218230413,232,20.2,15.0,12.333333333333334,1.0,1.0,1.6,1.0,16.88417252526457,10.115827474735429,10.115827474735429
1473459,2025-04-08,2025,1,Punjab Kings,Chennai Super Kings,N Wadhera,9,6,0,1,150.0,Chennai Super Kings,62.0,151.21951219512195,25.27777777777778,135.10146714701952,18,23.0,24.1,64.0,4.0,3.0,1.6,1.4,23.094132771167562,-14.094132771167562,14.094132771167562
1473459,2025-04-08,2025,1,Punjab Kings,Chennai Super Kings,P Simran Singh,0,2,0,0,0.0,Chennai Super Kings,17.0,106.25,22.89189189189189,125.75024556330924,37,33.6,30.6,28.333333333333332,2.0,0.0,4.0,1.4,22.582867515725148,-22.582867515725148,22.582867515725148
1473459,2025-04-08,2025,1,Punjab Kings,Chennai Super Kings,Priyansh Arya,103,41,7,9,251.21951219512195,Chennai Super Kings,0.0,0.0,18.333333333333332,97.74557165861513,3,18.333333333333332,18.333333333333332,0.0,0.0,0.0,2.6666666666666665,0.6666666666666666,17.765172514876976,85.23482748512302,85.23482748512302
1473459,2025-04-08,2025,2,Chennai Super Kings,Punjab Kings,R Ravindra,36,22,6,0,163.63636363636365,Punjab Kings,3.0,60.0,23.642857142857142,117.96883000512032,14,34.0,23.4,0.0,0.0,0.0,2.4,1.4,21.168684980657215,14.831315019342785,14.831315019342785
1473459,2025-04-08,2025,2,Chennai Super Kings,Punjab Kings,RA Jadeja,9,5,0,1,180.0,Punjab Kings,2.0,66.66666666666666,16.494565217391305,131.94344623301606,184,23.6,20.2,15.5,0.0,0.0,1.6,1.0,19.780907875255902,-10.780907875255902,10.780907875255902
1473459,2025-04-08,2025,2,Chennai Super Kings,Punjab Kings,RD Gaikwad,1,3,0,0,33.33333333333333,Punjab Kings,5.0,125.0,36.2463768115942,111.98677987821121,69,24.2,35.5,25.571428571428573,1.0,0.0,2.8,0.8,33.3797335889458,-32.3797335889458,32.3797335889458
1473459,2025-04-08,2025,2,Chennai Super Kings,Punjab Kings,S Dube,42,27,3,2,155.55555555555557,Punjab Kings,18.0,120.0,24.092307692307692,126.81717481023941,65,14.2,14.9,19.333333333333332,1.0,1.0,0.8,1.0,23.447021998803237,18.552978001196763,18.552978001196763
1473459,2025-04-08,2025,1,Punjab Kings,Chennai Super Kings,SS Iyer,9,7,0,1,128.57142857142858,Chennai Super Kings,10.0,200.0,27.88135593220339,116.76776087115671,118,44.6,32.0,22.307692307692307,2.0,0.0,3.2,3.4,26.039411195358245,-17.039411195358245,17.039411195358245
1473459,2025-04-08,2025,1,Punjab Kings,Chennai Super Kings,Shashank Singh,52,36,2,3,144.44444444444443,Chennai Super Kings,10.0,76.92307692307693,22.714285714285715,145.60883699501795,21,18.6,26.2,22.333333333333332,0.0,0.0,2.0,0.8,21.873202956949147,30.126797043050853,30.126797043050853
1473459,2025-04-08,2025,2,Chennai Super Kings,Punjab Kings,V Shankar,2,2,0,0,100.0,Punjab Kings,69.0,130.18867924528303,19.883333333333333,122.42537405231157,60,24.2,17.5,8.0,5.0,1.0,2.0,0.6,22.91309013571504,-20.91309013571504,20.91309013571504
1473460,2025-04-09,2025,1,Gujarat Titans,Rajasthan Royals,B Sai Sudharsan,82,53,8,3,154.7169811320755,Rajasthan Royals,5.0,55.55555555555556,42.241379310344826,134.20217282931003,29,58.8,49.2,27.5,0.0,0.0,4.2,3.4,37.55703864633274,44.44296135366726,44.44296135366726
1473460,2025-04-09,2025,2,Rajasthan Royals,Gujarat Titans,Dhruv Jurel,5,4,1,0,125.0,Gujarat Titans,13.0,260.0,17.923076923076923,128.3221353809589,26,35.0,26.4,13.5,1.0,1.0,3.6,1.8,28.16861149870659,-23.16861149870659,23.16861149870659
1473460,2025-04-09,2025,2,Rajasthan Royals,Gujarat Titans,JC Archer,4,4,0,0,100.0,Gujarat Titans,0.0,0.0,8.307692307692308,131.26123876123876,26,4.2,4.8,0.0,0.0,0.0,0.0,0.4,10.324060818669915,-6.324060818669915,6.324060818669915
1473460,2025-04-09,2025,1,Gujarat Titans,Rajasthan Royals,JC Buttler,36,25,5,0,144.0,Rajasthan Royals,0.0,0.0,33.77477477477478,127.40284841588412,111,37.4,38.2,0.0,0.0,0.0,3.2,1.8,38.2149844605613,-2.214984460561297,2.214984460561297
1473460,2025-04-09,2025,1,Gujarat Titans,Rajasthan Royals,M Shahrukh Khan,36,20,4,2,180.0,Rajasthan Royals,9.0,128.57142857142858,14.564102564102564,149.65644117178644,39,22.4,18.3,18.0,0.0,1.0,1.6,1.6,13.144485741053021,22.85551425894698,22.85551425894698
1473460,2025-04-09,2025,2,Rajasthan Royals,Gujarat Titans,M Theekshana,5,13,0,0,38.46153846153847,Gujarat Titans,2.0,50.0,2.5,81.25,4,2.5,2.5,0.0,0.0,0.0,0.0,0.25,4.421659659321219,0.578340340678781,0.578340340678781
1473460,2025-04-09,2025,2,Rajasthan Royals,Gujarat Titans,N Rana,1,3,0,0,33.33333333333333,Gujarat Titans,12.0,171.42857142857142,26.17142857142857,120.50191449119869,105,29.0,29.2,17.0,2.0,0.0,3.6,1.2,25.340044190764196,-24.340044190764196,24.340044190764196
1473460,2025-04-09,2025,2,Rajasthan Royals,Gujarat Titans,R Parag,26,14,1,3,185.71428571428572,Gujarat Titans,43.0,172.0,20.677419354838708,120.85985685246573,62,23.0,35.0,20.333333333333332,3.0,3.0,1.2,1.6,21.740381602491496,4.259618397508504,4.259618397508504
1473460,2025-04-09,2025,1,Gujarat Titans,Rajasthan Royals,R Tewatia,24,12,2,2,200.0,Rajasthan Royals,6.0,300.0,15.43939393939394,133.86508870409997,66,18.2,19.4,11.5,0.0,1.0,2.6,0.4,22.209077591650615,1.7909224083493847,1.7909224083493847
1473460,2025-04-09,2025,1,Gujarat Titans,Rajasthan Royals,Rashid Khan,12,4,1,1,300.0,Rajasthan Royals,6.0,150.0,9.338983050847459,121.31184611057492,59,15.8,10.8,9.666666666666666,0.0,1.0,1.4,0.8,9.260294910869725,2.7397050891302754,2.7397050891302754
1473460,2025-04-09,2025,2,Rajasthan Royals,Gujarat Titans,SB Dubey,1,3,0,0,33.33333333333333,Gujarat Titans,9.0,75.0,15.2,151.33333333333331,5,15.2,15.2,0.0,1.0,0.0,1.0,1.2,10.959639284735038,-9.959639284735038,9.959639284735038
1473460,2025-04-09,2025,1,Gujarat Titans,Rajasthan Royals,SE Rutherford,7,3,0,1,233.33333333333334,Rajasthan Royals,35.0,218.75,18.076923076923077,135.4146174338482,13,26.8,19.4,9.0,6.0,1.0,2.2,1.8,20.282385996730095,-13.282385996730095,13.282385996730095
1473460,2025-04-09,2025,2,Rajasthan Royals,Gujarat Titans,SO Hetmyer,52,32,4,3,162.5,Gujarat Titans,20.0,166.66666666666669,19.28985507246377,137.97484698715326,69,18.4,17.1,20.0,2.0,1.0,1.0,1.2,18.81372741238088,33.186272587619115,33.186272587619115
1473460,2025-04-09,2025,2,Rajasthan Royals,Gujarat Titans,SV Samson,41,28,4,2,146.42857142857142,Gujarat Titans,38.0,146.15384615384613,27.44578313253012,118.83710721467101,166,29.4,28.3,38.333333333333336,6.0,0.0,3.4,1.0,24.380501953351345,16.619498046648655,16.619498046648655
1473460,2025-04-09,2025,2,Rajasthan Royals,Gujarat Titans,Sandeep Sharma,6,5,0,0,120.0,Gujarat Titans,0.0,0.0,2.16,65.31111111111112,25,2.4,2.3,2.0,0.0,0.0,0.2,0.0,3.6360760299055075,2.3639239700944925,2.3639239700944925
1473460,2025-04-09,2025,1,Gujarat Titans,Rajasthan Royals,Shubman Gill,2,3,0,0,66.66666666666666,Rajasthan Royals,61.0,141.86046511627907,32.640776699029125,122.93514326694746,103,50.0,31.7,34.15384615384615,9.0,0.0,5.0,2.2,25.54718723667588,-23.54718723667588,23.54718723667588
1473460,2025-04-09,2025,2,Rajasthan Royals,Gujarat Titans,TU Deshpande,3,3,0,0,100.0,Gujarat Titans,1.0,50.0,4.0,84.25925925925925,6,4.6,4.0,0.0,0.0,0.0,0.4,0.2,9.85776257372312,-6.85776257372312,6.85776257372312
1473460,2025-04-09,2025,2,Rajasthan Royals,Gujarat Titans,YBK Jaiswal,6,7,1,0,85.71428571428571,Gujarat Titans,67.0,148.88888888888889,30.5,127.67262500650449,56,28.6,28.7,12.8,3.0,5.0,2.0,2.0,28.075055443403034,-22.075055443403034,22.075055443403034
1473461,2025-04-10,2025,2,Delhi Capitals,Royal Challengers Bengaluru,AR Patel,15,11,2,0,136.36363636363635,Royal Challengers Bengaluru,21.0,150.0,14.87719298245614,127.04211212781668,114,25.8,23.5,57.0,2.0,1.0,2.6,1.2,21.37502702315435,-6.375027023154349,6.375027023154349
1473461,2025-04-10,2025,2,Delhi Capitals,Royal Challengers Bengaluru,Abishek Porel,7,7,1,0,100.0,Royal Challengers Bengaluru,33.0,165.0,22.473684210526315,132.2675885706446,19,25.4,30.3,2.0,4.0,1.0,2.2,1.4,20.36876708352428,-13.36876708352428,13.36876708352428
1473461,2025-04-10,2025,1,Royal Challengers Bengaluru,Delhi Capitals,B Kumar,1,4,0,0,25.0,Delhi Capitals,1.0,50.0,4.582089552238806,84.20878044012372,67,1.0,5.8,4.0,0.0,0.0,0.0,0.0,5.770261933756088,-4.770261933756088,4.770261933756088
1473461,2025-04-10,2025,1,Royal Challengers Bengaluru,Delhi Capitals,D Padikkal,1,8,0,0,12.5,Delhi Capitals,37.0,168.1818181818182,24.073529411764707,105.65134429120158,68,15.6,11.6,25.142857142857142,2.0,3.0,1.2,1.0,23.13856910649763,-22.13856910649763,22.13856910649763
1473461,2025-04-10,2025,2,Delhi Capitals,Royal Challengers Bengaluru,F du Plessis,2,7,0,0,28.57142857142857,Royal Challengers Bengaluru,50.0,185.1851851851852,33.214285714285715,123.05422941413495,140,31.2,28.5,0.0,3.0,3.0,2.4,1.8,31.318974713204607,-29.318974713204607,29.318974713204607
1473461,2025-04-10,2025,2,Delhi Capitals,Royal Challengers Bengaluru,J Fraser-McGurk,7,6,1,0,116.66666666666667,Royal Challengers Bengaluru,0.0,0.0,30.75,173.90555046805048,12,12.0,29.4,21.0,0.0,0.0,1.2,0.8,20.590616721837822,-13.590616721837822,13.590616721837822
1473461,2025-04-10,2025,1,Royal Challengers Bengaluru,Delhi Capitals,JM Sharma,3,11,0,0,27.27272727272727,Delhi Capitals,40.0,210.52631578947367,20.897435897435898,148.7120283137494,39,27.8,19.5,18.0,2.0,4.0,2.0,2.0,20.106301509756978,-17.106301509756978,17.106301509756978
1473461,2025-04-10,2025,1,Royal Challengers Bengaluru,Delhi Capitals,KH Pandya,18,18,1,0,100.0,Delhi Capitals,5.0,100.0,15.155963302752294,121.06347152315037,109,11.8,9.0,14.416666666666666,1.0,0.0,0.8,0.6,12.156370193420688,5.843629806579312,5.843629806579312
1473461,2025-04-10,2025,2,Delhi Capitals,Royal Challengers Bengaluru,KL Rahul,93,53,7,6,175.47169811320757,Royal Challengers Bengaluru,77.0,150.98039215686273,37.94444444444444,124.22320703297738,126,36.2,40.8,20.0,6.0,3.0,2.6,1.6,43.2876361685129,49.7123638314871,49.7123638314871
1473461,2025-04-10,2025,1,Royal Challengers Bengaluru,Delhi Capitals,LS Livingstone,4,6,0,0,66.66666666666666,Delhi Capitals,0.0,0.0,23.674418604651162,133.8667326657275,43,15.8,15.2,22.285714285714285,0.0,0.0,0.6,1.4,23.13926521275602,-19.13926521275602,19.13926521275602
1473461,2025-04-10,2025,1,Royal Challengers Bengaluru,Delhi Capitals,PD Salt,37,16,4,3,231.25,Delhi Capitals,4.0,200.0,30.36,148.69532125053948,25,22.4,34.0,43.0,1.0,0.0,3.2,1.0,21.82825571102933,15.171744288970672,15.171744288970672
1473461,2025-04-10,2025,1,Royal Challengers Bengaluru,Delhi Capitals,RM Patidar,25,23,1,1,108.69565217391303,Delhi Capitals,64.0,200.0,34.285714285714285,143.95543010080243,28,39.0,39.5,41.5,5.0,4.0,3.6,2.0,29.368000054899277,-4.368000054899277,4.368000054899277
1473461,2025-04-10,2025,2,Delhi Capitals,Royal Challengers Bengaluru,T Stubbs,38,23,4,1,165.2173913043478,Royal Challengers Bengaluru,24.0,200.0,24.2,142.98809827386265,20,27.8,26.8,3.0,2.0,1.0,1.8,1.6,22.75187537956557,15.248124620434432,15.248124620434432
1473461,2025-04-10,2025,1,Royal Challengers Bengaluru,Delhi Capitals,TH David,37,20,2,4,185.0,Delhi Capitals,1.0,100.0,18.789473684210527,150.27041371081617,38,15.8,18.1,28.2,0.0,0.0,1.0,1.2,17.730047015763695,19.269952984236305,19.269952984236305
1473461,2025-04-10,2025,1,Royal Challengers Bengaluru,Delhi Capitals,V Kohli,22,14,1,2,157.14285714285714,Delhi Capitals,67.0,159.52380952380955,32.712,119.2068597335925,250,39.4,47.5,29.6,8.0,2.0,3.6,1.4,25.629574312238915,-3.6295743122389155,3.6295743122389155
1473462,2025-04-11,2025,1,Chennai Super Kings,Kolkata Knight Riders,A Kamboj,3,3,0,0,100.0,Kolkata Knight Riders,2.0,100.0,2.0,100.0,1,2.0,2.0,2.0,0.0,0.0,0.0,0.0,9.597081076473446,-6.5970810764734455,6.5970810764734455
1473462,2025-04-11,2025,2,Kolkata Knight Riders,Chennai Super Kings,AM Rahane,20,17,1,1,117.64705882352942,Chennai Super Kings,61.0,174.28571428571428,27.420454545454547,106.58341671831467,176,36.8,26.5,19.8125,8.0,2.0,3.4,2.4,23.994264199922565,-3.994264199922565,3.994264199922565
1473462,2025-04-11,2025,1,Chennai Super Kings,Kolkata Knight Riders,DJ Hooda,0,4,0,0,0.0,Kolkata Knight Riders,4.0,44.44444444444444,14.878787878787879,117.05336410525105,99,4.6,12.6,11.272727272727273,1.0,0.0,0.6,0.0,13.47588804695107,-13.47588804695107,13.47588804695107
1473462,2025-04-11,2025,1,Chennai Super Kings,Kolkata Knight Riders,DP Conway,12,11,2,0,109.09090909090908,Kolkata Knight Riders,69.0,140.81632653061226,41.916666666666664,112.45950585341342,24,51.2,44.0,29.666666666666668,6.0,2.0,5.2,1.4,28.93469850181395,-16.93469850181395,16.93469850181395
1473462,2025-04-11,2025,1,Chennai Super Kings,Kolkata Knight Riders,MS Dhoni,1,4,0,0,25.0,Kolkata Knight Riders,27.0,225.0,22.94420600858369,132.99751461928994,233,20.6,17.3,19.857142857142858,1.0,3.0,1.2,1.4,18.05591154183887,-17.05591154183887,17.05591154183887
1473462,2025-04-11,2025,1,Chennai Super Kings,Kolkata Knight Riders,Noor Ahmad,1,8,0,0,12.5,Kolkata Knight Riders,0.0,0.0,2.1666666666666665,64.6031746031746,6,2.4,2.1666666666666665,0.0,0.0,0.0,0.4,0.0,4.981521678672852,-3.981521678672852,3.981521678672852
1473462,2025-04-11,2025,2,Kolkata Knight Riders,Chennai Super Kings,Q de Kock,23,15,0,3,153.33333333333334,Chennai Super Kings,15.0,166.66666666666669,29.008849557522122,116.18179430865284,113,23.6,19.4,25.933333333333334,0.0,2.0,1.8,1.6,29.500733349215327,-6.500733349215327,6.500733349215327
1473462,2025-04-11,2025,1,Chennai Super Kings,Kolkata Knight Riders,R Ashwin,1,7,0,0,14.285714285714285,Kolkata Knight Riders,11.0,137.5,9.011111111111111,107.21520661021043,90,8.4,9.9,10.4,1.0,0.0,0.8,0.2,7.758728647072423,-6.758728647072423,6.758728647072423
1473462,2025-04-11,2025,1,Chennai Super Kings,Kolkata Knight Riders,R Ravindra,4,9,0,0,44.44444444444444,Kolkata Knight Riders,36.0,163.63636363636365,24.466666666666665,121.01333224720321,15,29.0,25.5,15.0,6.0,0.0,2.6,0.8,22.814861707465205,-18.814861707465205,18.814861707465205
1473462,2025-04-11,2025,1,Chennai Super Kings,Kolkata Knight Riders,RA Jadeja,0,2,0,0,0.0,Kolkata Knight Riders,9.0,180.0,16.454054054054055,132.20321138851327,185,17.0,19.5,17.576923076923077,0.0,1.0,1.0,0.6,14.525992223971695,-14.525992223971695,14.525992223971695
1473462,2025-04-11,2025,1,Chennai Super Kings,Kolkata Knight Riders,RA Tripathi,16,22,1,0,72.72727272727273,Kolkata Knight Riders,23.0,121.05263157894737,23.604166666666668,127.63206661010327,96,15.2,21.0,30.153846153846153,3.0,1.0,2.0,0.6,24.804395823990124,-8.804395823990124,8.804395823990124
1473462,2025-04-11,2025,2,Kolkata Knight Riders,Chennai Super Kings,RK Singh,15,11,1,1,136.36363636363635,Chennai Super Kings,38.0,253.33333333333331,22.545454545454547,141.27918108802754,44,23.8,18.4,24.166666666666668,6.0,2.0,2.4,1.2,20.02784903153903,-5.027849031539031,5.027849031539031
1473462,2025-04-11,2025,1,Chennai Super Kings,Kolkata Knight Riders,S Dube,31,29,3,0,106.89655172413792,Kolkata Knight Riders,42.0,155.55555555555557,24.363636363636363,127.25260482153206,66,21.2,15.2,28.166666666666668,3.0,2.0,1.4,1.4,24.167093895024884,6.832906104975116,6.832906104975116
1473462,2025-04-11,2025,2,Kolkata Knight Riders,Chennai Super Kings,SP Narine,44,18,2,5,244.44444444444446,Chennai Super Kings,30.0,230.76923076923075,14.681818181818182,123.31053916648133,110,17.4,21.2,9.461538461538462,4.0,2.0,1.8,1.4,19.005834168250143,24.994165831749857,24.994165831749857
1473462,2025-04-11,2025,1,Chennai Super Kings,Kolkata Knight Riders,V Shankar,29,21,2,1,138.0952380952381,Kolkata Knight Riders,2.0,100.0,19.59016393442623,122.05774496948679,61,21.2,16.3,28.0,0.0,0.0,2.0,0.4,19.950069164694604,9.049930835305396,9.049930835305396
1473463,2025-04-12,2025,2,Lucknow Super Giants,Gujarat Titans,A Badoni,28,20,2,1,140.0,Gujarat Titans,30.0,157.89473684210526,18.333333333333332,120.7474848268651,39,20.6,20.3,22.2,4.0,0.0,1.4,1.0,18.180544221402062,9.819455778597938,9.819455778597938
1473463,2025-04-12,2025,2,Lucknow Super Giants,Gujarat Titans,AK Markram,58,31,9,1,187.09677419354838,Gujarat Titans,47.0,167.85714285714286,24.23404255319149,117.44654014887051,47,28.8,20.5,23.75,4.0,2.0,2.2,1.6,24.85984471669865,33.140155283301354,33.140155283301354
1473463,2025-04-12,2025,2,Lucknow Super Giants,Gujarat Titans,Abdul Samad,2,3,0,0,66.66666666666666,Gujarat Titans,6.0,150.0,14.5,140.23782028807258,44,12.6,11.2,16.5,1.0,0.0,1.2,0.8,12.201520958519882,-10.201520958519882,10.201520958519882
1473463,2025-04-12,2025,1,Gujarat Titans,Lucknow Super Giants,B Sai Sudharsan,56,37,7,1,151.35135135135135,Lucknow Super Giants,82.0,154.7169811320755,43.56666666666667,134.88599977273554,30,54.6,56.2,31.0,8.0,3.0,4.8,2.4,22.87568796966085,33.124312030339155,33.124312030339155
1473463,2025-04-12,2025,2,Lucknow Super Giants,Gujarat Titans,DA Miller,7,11,0,0,63.63636363636363,Gujarat Titans,4.0,100.0,23.364341085271317,125.80205620608078,129,18.0,22.1,0.0,0.0,0.0,1.8,0.6,22.072463258527847,-15.072463258527847,15.072463258527847
1473463,2025-04-12,2025,1,Gujarat Titans,Lucknow Super Giants,JC Buttler,16,14,2,0,114.28571428571428,Lucknow Super Giants,36.0,144.0,33.794642857142854,127.55103726931372,112,40.4,31.1,20.0,5.0,0.0,3.8,1.8,32.646149948743705,-16.646149948743705,16.646149948743705
1473463,2025-04-12,2025,1,Gujarat Titans,Lucknow Super Giants,M Shahrukh Khan,11,6,0,1,183.33333333333331,Lucknow Super Giants,36.0,180.0,15.1,150.4150301424918,40,18.0,17.8,14.5,4.0,2.0,1.8,1.0,15.112349831873463,-4.112349831873463,4.112349831873463
1473463,2025-04-12,2025,2,Lucknow Super Giants,Gujarat Titans,N Pooran,61,34,1,7,179.41176470588235,Gujarat Titans,87.0,241.66666666666666,26.037974683544302,144.61935336172442,79,57.6,49.6,14.6,7.0,8.0,5.0,4.8,29.850456729348497,31.149543270651503,31.149543270651503
1473463,2025-04-12,2025,1,Gujarat Titans,Lucknow Super Giants,R Tewatia,0,1,0,0,0.0,Lucknow Super Giants,24.0,200.0,15.567164179104477,134.85217693239701,67,21.0,19.6,23.5,2.0,2.0,2.8,0.8,18.58345441607558,-18.58345441607558,18.58345441607558
1473463,2025-04-12,2025,2,Lucknow Super Giants,Gujarat Titans,RR Pant,21,18,4,0,116.66666666666667,Gujarat Titans,2.0,33.33333333333333,28.34188034188034,131.62469012592916,117,10.4,25.5,49.0,0.0,0.0,1.0,0.2,30.703032734897327,-9.703032734897327,9.703032734897327
1473463,2025-04-12,2025,1,Gujarat Titans,Lucknow Super Giants,Rashid Khan,4,2,0,0,200.0,Lucknow Super Giants,12.0,300.0,9.383333333333333,124.28998200873201,60,12.0,12.0,0.0,1.0,1.0,1.2,0.8,11.023610602498609,-7.023610602498609,7.023610602498609
1473463,2025-04-12,2025,1,Gujarat Titans,Lucknow Super Giants,SE Rutherford,22,19,3,0,115.78947368421053,Lucknow Super Giants,7.0,233.33333333333334,17.285714285714285,142.40881142666856,14,27.2,19.9,0.0,0.0,1.0,2.2,2.0,19.682572257841446,2.3174277421585536,2.3174277421585536
1473463,2025-04-12,2025,1,Gujarat Titans,Lucknow Super Giants,Shubman Gill,60,38,6,1,157.89473684210526,Lucknow Super Giants,2.0,66.66666666666666,32.34615384615385,122.39410022271399,104,29.6,31.1,35.2,0.0,0.0,3.2,1.0,28.059873224054044,31.940126775945956,31.940126775945956
1473463,2025-04-12,2025,1,Gujarat Titans,Lucknow Super Giants,Washington Sundar,2,3,0,0,66.66666666666666,Lucknow Super Giants,49.0,168.9655172413793,10.948717948717949,107.69000291232595,39,18.4,14.7,17.0,5.0,2.0,2.2,0.4,17.02851661070018,-15.02851661070018,15.02851661070018
1473464,2025-04-12,2025,2,Sunrisers Hyderabad,Punjab Kings,Abhishek Sharma,141,54,14,10,261.11111111111114,Punjab Kings,18.0,112.5,21.636363636363637,135.35079331895173,66,10.2,20.9,39.0,4.0,0.0,2.0,0.0,22.647288211484003,118.35271178851599,118.35271178851599
1473464,2025-04-12,2025,1,Punjab Kings,Sunrisers Hyderabad,GJ Maxwell,3,7,0,0,42.857142857142854,Sunrisers Hyderabad,1.0,50.0,21.234848484848484,124.55819783147044,132,9.4,8.0,22.6,0.0,0.0,1.0,0.4,21.71773530646124,-18.71773530646124,18.71773530646124
1473464,2025-04-12,2025,2,Sunrisers Hyderabad,Punjab Kings,H Klaasen,21,14,2,1,150.0,Punjab Kings,27.0,142.10526315789474,30.945945945945947,161.5275658406356,37,30.4,29.4,25.5,2.0,1.0,2.6,1.4,21.604432686984467,-0.6044326869844667,0.6044326869844667
1473464,2025-04-12,2025,2,Sunrisers Hyderabad,Punjab Kings,Ishan Kishan,9,6,1,0,150.0,Punjab Kings,17.0,121.42857142857142,26.64423076923077,116.96632431927262,104,25.4,23.5,18.6,2.0,0.0,2.6,1.2,29.398910551094723,-20.398910551094723,20.398910551094723
1473464,2025-04-12,2025,1,Punjab Kings,Sunrisers Hyderabad,M Jansen,5,5,0,0,100.0,Sunrisers Hyderabad,34.0,178.94736842105263,7.357142857142857,90.44429254955571,14,11.6,9.4,0.0,2.0,2.0,0.6,0.6,10.000528158074607,-5.000528158074607,5.000528158074607
1473464,2025-04-12,2025,1,Punjab Kings,Sunrisers Hyderabad,MP Stoinis,34,11,1,4,309.09090909090907,Sunrisers Hyderabad,4.0,57.14285714285714,20.78021978021978,116.94360111288222,91,11.6,28.3,15.571428571428571,0.0,0.0,1.4,0.4,24.257809610587113,9.742190389412887,9.742190389412887
1473464,2025-04-12,2025,1,Punjab Kings,Sunrisers Hyderabad,N Wadhera,27,22,2,1,122.72727272727273,Sunrisers Hyderabad,9.0,150.0,24.42105263157895,135.8856004550711,19,23.6,22.7,0.0,0.0,1.0,1.4,1.6,21.33970022797945,5.660299772020551,5.660299772020551
1473464,2025-04-12,2025,1,Punjab Kings,Sunrisers Hyderabad,P Simran Singh,42,23,7,1,182.6086956521739,Sunrisers Hyderabad,0.0,0.0,22.289473684210527,122.44102857480111,38,32.4,27.1,19.333333333333332,0.0,0.0,3.8,1.4,22.483340777564216,19.516659222435784,19.516659222435784
1473464,2025-04-12,2025,1,Punjab Kings,Sunrisers Hyderabad,Priyansh Arya,36,13,2,4,276.9230769230769,Sunrisers Hyderabad,103.0,251.21951219512195,39.5,136.11405679274185,4,39.5,39.5,0.0,7.0,9.0,3.75,2.75,22.12929531887872,13.870704681121278,13.870704681121278
1473464,2025-04-12,2025,1,Punjab Kings,Sunrisers Hyderabad,SS Iyer,82,36,6,6,227.77777777777777,Sunrisers Hyderabad,9.0,128.57142857142858,27.722689075630253,116.86695135603294,119,34.8,30.1,26.944444444444443,0.0,1.0,2.2,2.8,26.931197136704732,55.06880286329527,55.06880286329527
1473464,2025-04-12,2025,1,Punjab Kings,Sunrisers Hyderabad,Shashank Singh,2,3,0,0,66.66666666666666,Sunrisers Hyderabad,52.0,144.44444444444443,24.045454545454547,145.55591006090097,22,21.6,27.3,24.0,2.0,3.0,1.6,1.0,22.803759149608172,-20.803759149608172,20.803759149608172
1473464,2025-04-12,2025,2,Sunrisers Hyderabad,Punjab Kings,TM Head,66,37,9,3,178.3783783783784,Punjab Kings,8.0,160.0,30.666666666666668,138.95663007776895,30,29.6,27.1,10.5,2.0,0.0,4.2,1.2,26.393613227894363,39.60638677210564,39.60638677210564
1473465,2025-04-13,2025,2,Royal Challengers Bengaluru,Rajasthan Royals,D Padikkal,40,27,5,1,148.14814814814815,Rajasthan Royals,1.0,12.5,23.73913043478261,104.30132480872041,69,15.8,10.8,44.2,0.0,0.0,1.2,1.0,23.694362752756604,16.305637247243396,16.305637247243396
1473465,2025-04-13,2025,1,Rajasthan Royals,Royal Challengers Bengaluru,Dhruv Jurel,35,23,2,2,152.17391304347828,Royal Challengers Bengaluru,5.0,125.0,17.444444444444443,128.19909332981229,27,24.8,21.7,5.0,1.0,0.0,2.4,1.4,21.196022007280106,13.803977992719894,13.803977992719894
1473465,2025-04-13,2025,1,Rajasthan Royals,Royal Challengers Bengaluru,N Rana,4,1,1,0,400.0,Royal Challengers Bengaluru,1.0,33.33333333333333,25.933962264150942,119.6795693859358,106,22.6,24.2,0.0,0.0,0.0,2.8,1.0,26.742742785985623,-22.742742785985623,22.742742785985623
1473465,2025-04-13,2025,2,Royal Challengers Bengaluru,Rajasthan Royals,PD Salt,65,33,5,6,196.96969696969697,Rajasthan Royals,37.0,231.25,30.615384615384617,151.8705012024418,26,28.6,32.9,10.0,4.0,3.0,4.0,1.4,20.257302802993937,44.742697197006066,44.742697197006066
1473465,2025-04-13,2025,1,Rajasthan Royals,Royal Challengers Bengaluru,R Parag,30,22,3,1,136.36363636363635,Royal Challengers Bengaluru,26.0,185.71428571428572,20.761904761904763,121.88929223122479,63,27.0,29.9,20.0,1.0,3.0,1.4,2.2,20.858064967411224,9.141935032588776,9.141935032588776
1473465,2025-04-13,2025,1,Rajasthan Royals,Royal Challengers Bengaluru,SO Hetmyer,9,8,1,0,112.5,Royal Challengers Bengaluru,52.0,162.5,19.757142857142856,138.32520631590822,70,28.0,21.0,18.5,4.0,3.0,1.8,1.8,22.47472363646946,-13.47472363646946,13.47472363646946
1473465,2025-04-13,2025,1,Rajasthan Royals,Royal Challengers Bengaluru,SV Samson,15,19,1,0,78.94736842105263,Royal Challengers Bengaluru,41.0,146.42857142857142,27.526946107784433,119.00232556325722,167,35.6,32.4,43.0,4.0,2.0,4.0,1.4,23.03534947848527,-8.03534947848527,8.03534947848527
1473465,2025-04-13,2025,2,Royal Challengers Bengaluru,Rajasthan Royals,V Kohli,62,45,4,2,137.77777777777777,Rajasthan Royals,22.0,157.14285714285714,32.669322709163346,119.35799916550191,251,37.2,42.7,25.466666666666665,1.0,2.0,3.2,1.6,29.165242373299577,32.83475762670042,32.83475762670042
1473465,2025-04-13,2025,1,Rajasthan Royals,Royal Challengers Bengaluru,YBK Jaiswal,75,47,10,2,159.5744680851064,Royal Challengers Bengaluru,6.0,85.71428571428571,30.07017543859649,126.93651379085152,57,21.4,22.6,22.5,1.0,0.0,1.4,1.4,30.856840329847692,44.14315967015231,44.14315967015231
1473466,2025-04-13,2025,2,Delhi Capitals,Mumbai Indians,AR Patel,9,6,2,0,150.0,Mumbai Indians,15.0,136.36363636363635,14.878260869565217,127.12316886030206,115,25.8,24.2,16.0,2.0,0.0,2.8,1.0,19.855170224037774,-10.855170224037774,10.855170224037774
1473466,2025-04-13,2025,2,Delhi Capitals,Mumbai Indians,Abishek Porel,33,25,3,1,132.0,Mumbai Indians,7.0,100.0,21.7,130.65420914211236,20,26.4,29.5,26.0,1.0,0.0,2.4,1.4,19.597325649817364,13.402674350182636,13.402674350182636
1473466,2025-04-13,2025,2,Delhi Capitals,Mumbai Indians,Ashutosh Sharma,17,14,2,0,121.42857142857142,Mumbai Indians,1.0,100.0,23.272727272727273,145.93184904337224,11,18.8,22.5,61.0,0.0,0.0,1.2,1.4,21.482632036858888,-4.482632036858888,4.482632036858888
1473466,2025-04-13,2025,1,Mumbai Indians,Delhi Capitals,HH Pandya,2,4,0,0,50.0,Delhi Capitals,42.0,280.0,19.51492537313433,141.2589334751406,134,19.8,16.6,22.416666666666668,3.0,4.0,1.4,1.2,22.679133619009097,-20.679133619009097,20.679133619009097
1473466,2025-04-13,2025,2,Delhi Capitals,Mumbai Indians,J Fraser-McGurk,0,1,0,0,0.0,Mumbai Indians,7.0,116.66666666666667,28.923076923076923,169.50255940640557,13,9.2,23.6,84.0,1.0,0.0,1.0,0.4,19.37859987683827,-19.37859987683827,19.37859987683827
1473466,2025-04-13,2025,2,Delhi Capitals,Mumbai Indians,KK Nair,89,40,12,5,222.5,Mumbai Indians,13.0,100.0,22.0,111.2098327906705,68,6.4,9.8,15.636363636363637,1.0,0.0,0.6,0.0,17.265096390522967,71.73490360947703,71.73490360947703
1473466,2025-04-13,2025,2,Delhi Capitals,Mumbai Indians,KL Rahul,15,13,1,0,115.38461538461537,Mumbai Indians,93.0,175.47169811320757,38.37795275590551,124.62673845880597,127,49.0,41.9,50.21052631578947,7.0,6.0,3.8,2.6,28.924907230985863,-13.924907230985863,13.924907230985863
1473466,2025-04-13,2025,2,Delhi Capitals,Mumbai Indians,Kuldeep Yadav,1,1,0,0,100.0,Mumbai Indians,5.0,100.0,5.696969696969697,75.92522372708132,33,10.2,6.2,4.6,1.0,0.0,1.4,0.2,6.305098146282137,-5.305098146282137,5.305098146282137
1473466,2025-04-13,2025,2,Delhi Capitals,Mumbai Indians,MA Starc,1,1,0,0,100.0,Mumbai Indians,2.0,40.0,6.294117647058823,89.8489114315803,17,1.0,2.4,2.3333333333333335,0.0,0.0,0.0,0.0,7.804460578394709,-6.804460578394709,6.804460578394709
1473466,2025-04-13,2025,2,Delhi Capitals,Mumbai Indians,MM Sharma,0,1,0,0,0.0,Mumbai Indians,1.0,50.0,4.310344827586207,80.33251231527093,29,0.6,1.9,4.8,0.0,0.0,0.0,0.0,6.642589381228341,-6.642589381228341,6.642589381228341
1473466,2025-04-13,2025,1,Mumbai Indians,Delhi Capitals,Naman Dhir,38,17,4,2,223.52941176470588,Delhi Capitals,11.0,183.33333333333331,21.09090909090909,155.2319734137916,11,30.8,21.2,0.0,1.0,1.0,2.6,1.8,19.872750951788763,18.127249048211237,18.127249048211237
1473466,2025-04-13,2025,1,Mumbai Indians,Delhi Capitals,RD Rickelton,41,25,5,2,164.0,Delhi Capitals,17.0,170.0,21.6,155.47619047619048,5,21.6,21.6,0.0,4.0,0.0,2.8,1.0,18.06800576956678,22.93199423043322,22.93199423043322
1473466,2025-04-13,2025,1,Mumbai Indians,Delhi Capitals,RG Sharma,18,12,2,1,150.0,Delhi Capitals,17.0,188.88888888888889,26.046875,112.68789780192667,256,21.2,15.2,27.75,2.0,1.0,2.8,1.0,27.582524108790786,-9.582524108790786,9.582524108790786
1473466,2025-04-13,2025,1,Mumbai Indians,Delhi Capitals,SA Yadav,40,28,5,2,142.85714285714286,Delhi Capitals,28.0,107.6923076923077,26.900709219858157,135.02620228322903,141,39.8,37.8,22.363636363636363,5.0,0.0,4.0,1.6,27.18412108569058,12.815878914309419,12.815878914309419
1473466,2025-04-13,2025,2,Delhi Capitals,Mumbai Indians,T Stubbs,1,4,0,0,25.0,Mumbai Indians,38.0,165.2173913043478,24.857142857142858,144.0466360372191,21,34.8,29.6,59.5,4.0,1.0,2.6,1.8,22.01716700396682,-21.01716700396682,21.01716700396682
1473466,2025-04-13,2025,1,Mumbai Indians,Delhi Capitals,Tilak Varma,59,33,6,3,178.78787878787878,Delhi Capitals,56.0,193.10344827586206,31.11904761904762,138.91600039812664,42,36.6,35.9,30.6,4.0,4.0,3.2,1.6,25.088733242735245,33.911266757264755,33.911266757264755
1473466,2025-04-13,2025,2,Delhi Capitals,Mumbai Indians,V Nigam,14,8,1,1,175.0,Mumbai Indians,1.0,50.0,20.0,155.0,2,20.0,20.0,0.0,0.0,0.0,2.5,1.0,17.40080319788659,-3.4008031978865887,3.4008031978865887
1473466,2025-04-13,2025,1,Mumbai Indians,Delhi Capitals,WG Jacks,1,1,0,0,100.0,Delhi Capitals,22.0,122.22222222222223,23.666666666666668,132.32729274660053,12,19.0,26.9,41.0,2.0,1.0,1.4,0.8,22.641240852371176,-21.641240852371176,21.641240852371176
1473467,2025-04-14,2025,1,Lucknow Super Giants,Chennai Super Kings,A Badoni,22,16,1,2,137.5,Chennai Super Kings,28.0,140.0,18.575,121.22879770619348,40,21.8,21.3,33.666666666666664,2.0,1.0,1.6,0.8,18.312027916264487,3.687972083735513,3.687972083735513
1473467,2025-04-14,2025,1,Lucknow Super Giants,Chennai Super Kings,AK Markram,6,6,1,0,100.0,Chennai Super Kings,58.0,187.09677419354838,24.9375,118.89758669146796,48,37.4,26.2,24.8,9.0,1.0,3.8,1.6,24.527073753503466,-18.527073753503466,18.527073753503466
1473467,2025-04-14,2025,1,Lucknow Super Giants,Chennai Super Kings,Abdul Samad,20,11,0,2,181.8181818181818,Chennai Super Kings,2.0,66.66666666666666,14.222222222222221,138.60290576315245,45,12.2,9.5,15.0,0.0,0.0,1.2,0.8,12.005645857500726,7.994354142499274,7.994354142499274
1473467,2025-04-14,2025,1,Lucknow Super Giants,Chennai Super Kings,MR Marsh,30,25,2,2,120.0,Chennai Super Kings,81.0,168.75,22.682926829268293,111.67975337043089,41,53.0,32.9,12.2,6.0,5.0,5.6,3.0,27.855543190341347,2.144456809658653,2.144456809658653
1473467,2025-04-14,2025,2,Chennai Super Kings,Lucknow Super Giants,MS Dhoni,26,11,4,1,236.36363636363637,Lucknow Super Giants,1.0,25.0,22.85042735042735,132.5359867790366,234,20.8,16.9,15.0,0.0,0.0,1.2,1.4,18.572915230354905,7.427084769645095,7.427084769645095
1473467,2025-04-14,2025,1,Lucknow Super Giants,Chennai Super Kings,N Pooran,8,9,2,0,88.88888888888889,Chennai Super Kings,61.0,179.41176470588235,26.475,145.0542585035264,80,54.8,54.3,24.9,1.0,7.0,4.0,4.8,29.869388486994854,-21.869388486994854,21.869388486994854
1473467,2025-04-14,2025,2,Chennai Super Kings,Lucknow Super Giants,R Ravindra,37,22,5,0,168.1818181818182,Lucknow Super Giants,4.0,44.44444444444444,23.1875,116.22777675953078,16,16.8,23.8,0.0,0.0,0.0,2.2,0.0,19.385518040189556,17.614481959810444,17.614481959810444
1473467,2025-04-14,2025,2,Chennai Super Kings,Lucknow Super Giants,RA Jadeja,7,11,0,0,63.63636363636363,Lucknow Super Giants,0.0,0.0,16.365591397849464,131.49244143481158,186,13.6,19.3,23.25,0.0,0.0,0.8,0.6,16.612224423949055,-9.612224423949055,9.612224423949055
1473467,2025-04-14,2025,2,Chennai Super Kings,Lucknow Super Giants,RA Tripathi,9,10,1,0,90.0,Lucknow Super Giants,16.0,72.72727272727273,23.52577319587629,127.06603780718748,97,11.0,21.1,32.666666666666664,1.0,0.0,1.2,0.2,23.892138073575804,-14.892138073575804,14.892138073575804
1473467,2025-04-14,2025,1,Lucknow Super Giants,Chennai Super Kings,RR Pant,63,49,4,4,128.57142857142858,Chennai Super Kings,21.0,116.66666666666667,28.279661016949152,131.49792721525745,118,8.0,23.2,34.09090909090909,4.0,0.0,0.8,0.2,27.726439923630583,35.27356007636942,35.27356007636942
1473467,2025-04-14,2025,2,Chennai Super Kings,Lucknow Super Giants,S Dube,43,36,3,2,119.44444444444444,Lucknow Super Giants,31.0,106.89655172413792,24.46268656716418,126.94878313351126,67,25.6,18.3,36.25,3.0,0.0,2.0,1.2,23.400535020620836,19.599464979379164,19.599464979379164
1473467,2025-04-14,2025,2,Chennai Super Kings,Lucknow Super Giants,SK Rasheed,27,19,6,0,142.10526315789474,Lucknow Super Giants,0.0,0.0,0.0,0.0,0,0.0,0.0,0.0,0.0,0.0,0.0,0.0,7.473010769252371,19.52698923074763,19.52698923074763
1473467,2025-04-14,2025,1,Lucknow Super Giants,Chennai Super Kings,SN Thakur,6,4,1,0,150.0,Chennai Super Kings,5.0,250.0,8.289473684210526,106.10535406050737,38,2.4,4.1,24.0,1.0,0.0,0.2,0.0,11.49272355471645,-5.49272355471645,5.49272355471645
1473467,2025-04-14,2025,2,Chennai Super Kings,Lucknow Super Giants,V Shankar,9,8,1,0,112.5,Lucknow Super Giants,29.0,138.0952380952381,19.741935483870968,122.31641421345053,62,23.8,18.6,10.333333333333334,2.0,1.0,1.8,0.6,19.733741965979718,-10.733741965979718,10.733741965979718
1473468,2025-04-15,2025,2,Kolkata Knight Riders,Punjab Kings,A Raghuvanshi,37,28,5,1,132.14285714285714,Punjab Kings,5.0,125.0,24.666666666666668,145.07797145664793,12,26.6,21.8,0.0,1.0,0.0,2.6,0.8,22.948290930190403,14.051709069809597,14.051709069809597
1473468,2025-04-15,2025,2,Kolkata Knight Riders,Punjab Kings,AD Russell,17,11,1,2,154.54545454545453,Punjab Kings,7.0,175.0,22.98165137614679,150.37454925307708,109,8.2,12.4,36.2,0.0,1.0,0.8,0.6,23.405336967925972,-6.405336967925972,6.405336967925972
1473468,2025-04-15,2025,2,Kolkata Knight Riders,Punjab Kings,AM Rahane,17,17,1,1,100.0,Punjab Kings,20.0,117.64705882352942,27.37853107344633,106.6459231708865,177,29.6,27.6,16.666666666666668,1.0,1.0,2.4,1.8,28.487690565723465,-11.487690565723465,11.487690565723465
1473468,2025-04-15,2025,1,Punjab Kings,Kolkata Knight Riders,Arshdeep Singh,1,1,0,0,100.0,Kolkata Knight Riders,1.0,20.0,2.5,60.245098039215684,12,1.8,2.9,0.5,0.0,0.0,0.2,0.0,3.5538571170546795,-2.5538571170546795,2.5538571170546795
1473468,2025-04-15,2025,1,Punjab Kings,Kolkata Knight Riders,GJ Maxwell,7,10,1,0,70.0,Kolkata Knight Riders,3.0,42.857142857142854,21.097744360902254,123.9439041850469,133,6.8,5.5,24.0,0.0,0.0,0.6,0.2,21.313658419955292,-14.313658419955292,14.313658419955292
1473468,2025-04-15,2025,2,Kolkata Knight Riders,Punjab Kings,Harshit Rana,3,6,0,0,50.0,Punjab Kings,10.0,111.11111111111111,3.5,75.26455026455027,6,4.2,3.5,0.0,2.0,0.0,0.6,0.0,5.897624177488506,-2.897624177488506,2.897624177488506
1473468,2025-04-15,2025,1,Punjab Kings,Kolkata Knight Riders,JP Inglis,2,6,0,0,33.33333333333333,Kolkata Knight Riders,0.0,0.0,0.0,0.0,0,0.0,0.0,0.0,0.0,0.0,0.0,0.0,11.268427175129672,-9.268427175129672,9.268427175129672
1473468,2025-04-15,2025,1,Punjab Kings,Kolkata Knight Riders,M Jansen,1,2,0,0,50.0,Kolkata Knight Riders,5.0,100.0,7.2,91.08133971291866,15,12.0,8.6,0.75,0.0,0.0,0.6,0.6,10.983508301008015,-9.983508301008015,9.983508301008015
1473468,2025-04-15,2025,1,Punjab Kings,Kolkata Knight Riders,N Wadhera,10,9,2,0,111.11111111111111,Kolkata Knight Riders,27.0,122.72727272727273,24.55,135.22768406868119,20,28.4,25.0,5.0,2.0,1.0,1.8,1.8,22.76350576294394,-12.76350576294394,12.76350576294394
1473468,2025-04-15,2025,1,Punjab Kings,Kolkata Knight Riders,P Simran Singh,30,15,2,3,200.0,Kolkata Knight Riders,42.0,182.6086956521739,22.794871794871796,123.98378926909271,39,26.6,25.9,23.25,7.0,1.0,3.8,0.8,22.667173304874176,7.332826695125824,7.332826695125824
1473468,2025-04-15,2025,1,Punjab Kings,Kolkata Knight Riders,Priyansh Arya,22,12,3,1,183.33333333333331,Kolkata Knight Riders,36.0,276.9230769230769,38.8,164.27586081880887,5,38.8,38.8,0.0,2.0,4.0,3.4,3.0,16.08117167106969,5.91882832893031,5.91882832893031
1473468,2025-04-15,2025,2,Kolkata Knight Riders,Punjab Kings,Q de Kock,2,4,0,0,50.0,Punjab Kings,23.0,153.33333333333334,28.95614035087719,116.5076850018518,114,27.4,16.3,32.5,0.0,3.0,1.6,2.2,29.6276682256541,-27.6276682256541,27.6276682256541
1473468,2025-04-15,2025,2,Kolkata Knight Riders,Punjab Kings,RK Singh,2,9,0,0,22.22222222222222,Punjab Kings,15.0,136.36363636363635,22.377777777777776,141.16994676081885,45,22.8,17.5,10.0,1.0,1.0,2.6,1.0,22.551663546140116,-20.551663546140116,20.551663546140116
1473468,2025-04-15,2025,2,Kolkata Knight Riders,Punjab Kings,Ramandeep Singh,0,1,0,0,0.0,Punjab Kings,1.0,50.0,12.4375,161.953125,16,14.2,11.7,6.0,0.0,0.0,0.6,1.2,10.455624279582878,-10.455624279582878,10.455624279582878
1473468,2025-04-15,2025,2,Kolkata Knight Riders,Punjab Kings,SP Narine,5,4,1,0,125.0,Punjab Kings,44.0,244.44444444444446,14.945945945945946,124.40183561042694,111,25.0,24.1,20.25,2.0,5.0,2.2,2.2,18.956645738003804,-13.956645738003804,13.956645738003804
1473468,2025-04-15,2025,1,Punjab Kings,Kolkata Knight Riders,SS Iyer,0,2,0,0,0.0,Kolkata Knight Riders,82.0,227.77777777777777,28.175,117.79120824288083,120,50.0,35.0,30.666666666666668,6.0,6.0,3.2,4.0,25.120626105140282,-25.120626105140282,25.120626105140282
1473468,2025-04-15,2025,1,Punjab Kings,Kolkata Knight Riders,Shashank Singh,18,17,1,1,105.88235294117648,Kolkata Knight Riders,2.0,66.66666666666666,23.08695652173913,142.12594295680384,23,22.0,26.7,39.5,0.0,0.0,1.6,1.0,23.488397746629108,-5.488397746629108,5.488397746629108
1473468,2025-04-15,2025,1,Punjab Kings,Kolkata Knight Riders,Suryansh Shedge,4,4,0,0,100.0,Kolkata Knight Riders,2.0,50.0,2.0,50.0,1,2.0,2.0,0.0,0.0,0.0,0.0,0.0,8.321073379816532,-4.321073379816532,4.321073379816532
1473468,2025-04-15,2025,2,Kolkata Knight Riders,Punjab Kings,VG Arora,0,7,0,0,0.0,Punjab Kings,1.0,100.0,1.2857142857142858,76.19047619047618,7,1.2,1.2857142857142858,0.0,0.0,0.0,0.0,0.0,4.338725651553715,-4.338725651553715,4.338725651553715
1473468,2025-04-15,2025,2,Kolkata Knight Riders,Punjab Kings,VR Iyer,7,4,0,0,175.0,Punjab Kings,45.0,155.17241379310346,27.169811320754718,124.85908220754528,53,33.2,35.6,30.8,6.0,1.0,3.6,1.4,25.4271080678521,-18.4271080678521,18.4271080678521
1473468,2025-04-15,2025,1,Punjab Kings,Kolkata Knight Riders,XC Bartlett,11,15,1,0,73.33333333333333,Kolkata Knight Riders,0.0,0.0,0.0,0.0,0,0.0,0.0,0.0,0.0,0.0,0.0,0.0,11.268427175129672,-0.2684271751296716,0.2684271751296716
1473469,2025-04-16,2025,1,Delhi Capitals,Rajasthan Royals,AR Patel,34,14,4,2,242.85714285714283,Rajasthan Royals,9.0,150.0,14.827586206896552,127.32038292185118,116,16.2,24.5,9.916666666666666,2.0,0.0,2.2,0.4,21.947095011041416,12.052904988958584,12.052904988958584
1473469,2025-04-16,2025,1,Delhi Capitals,Rajasthan Royals,Abishek Porel,49,37,5,1,132.43243243243242,Rajasthan Royals,33.0,132.0,22.238095238095237,130.7182944210594,21,21.4,28.6,27.0,3.0,1.0,2.0,0.8,19.875995183816492,29.124004816183508,29.124004816183508
1473469,2025-04-16,2025,1,Delhi Capitals,Rajasthan Royals,Ashutosh Sharma,15,10,2,0,150.0,Rajasthan Royals,17.0,121.42857142857142,22.75,143.88990924213883,12,20.6,20.9,24.0,2.0,0.0,1.6,1.2,19.976759481067834,-4.976759481067834,4.976759481067834
1473469,2025-04-16,2025,2,Rajasthan Royals,Delhi Capitals,Dhruv Jurel,26,17,0,2,152.94117647058823,Delhi Capitals,35.0,152.17391304347828,18.071428571428573,129.05533689101463,28,17.8,25.1,14.0,2.0,2.0,1.8,0.6,17.830536474431216,8.169463525568784,8.169463525568784
1473469,2025-04-16,2025,1,Delhi Capitals,Rajasthan Royals,J Fraser-McGurk,9,6,2,0,150.0,Rajasthan Royals,0.0,0.0,26.857142857142858,157.39523373451945,14,9.2,21.3,50.0,0.0,0.0,1.0,0.4,18.138527862011106,-9.138527862011106,9.138527862011106
1473469,2025-04-16,2025,1,Delhi Capitals,Rajasthan Royals,KK Nair,0,3,0,0,0.0,Rajasthan Royals,89.0,222.5,22.971014492753625,112.82273376471876,69,24.0,18.4,17.0,12.0,5.0,3.0,1.0,34.936713400630424,-34.936713400630424,34.936713400630424
1473469,2025-04-16,2025,1,Delhi Capitals,Rajasthan Royals,KL Rahul,38,32,2,2,118.75,Rajasthan Royals,15.0,115.38461538461537,38.1953125,124.55453437228886,128,51.0,41.8,44.5625,1.0,0.0,3.8,2.6,32.24758417867454,5.752415821325457,5.752415821325457
1473469,2025-04-16,2025,4,Delhi Capitals,Rajasthan Royals,KL Rahul,7,3,1,0,233.33333333333334,Rajasthan Royals,38.0,118.75,38.1937984496124,124.50953798180599,129,47.6,38.0,44.1764705882353,2.0,2.0,3.6,2.4,22.168046489350925,-15.168046489350925,15.168046489350925
1473469,2025-04-16,2025,2,Rajasthan Royals,Delhi Capitals,N Rana,51,28,6,2,182.14285714285714,Delhi Capitals,4.0,400.0,25.72897196261682,122.29938649447847,107,21.2,22.4,30.6,1.0,0.0,2.6,1.0,25.94161519079356,25.05838480920644,25.05838480920644
1473469,2025-04-16,2025,2,Rajasthan Royals,Delhi Capitals,R Parag,8,11,1,0,72.72727272727273,Delhi Capitals,30.0,136.36363636363635,20.90625,122.1154538582937,64,32.2,30.2,20.666666666666668,3.0,1.0,1.8,2.4,19.99037189022563,-11.990371890225632,11.990371890225632
1473469,2025-04-16,2025,3,Rajasthan Royals,Delhi Capitals,R Parag,4,1,1,0,400.0,Delhi Capitals,8.0,72.72727272727273,20.70769230769231,121.35563568704723,65,28.8,26.3,19.4,1.0,0.0,2.0,1.8,20.772198366230523,-16.772198366230523,16.772198366230523
1473469,2025-04-16,2025,2,Rajasthan Royals,Delhi Capitals,SO Hetmyer,15,9,1,0,166.66666666666669,Delhi Capitals,9.0,112.5,19.6056338028169,137.96147101568417,71,21.4,19.2,18.0,1.0,0.0,1.8,1.0,19.68390408703711,-4.68390408703711,4.68390408703711
1473469,2025-04-16,2025,3,Rajasthan Royals,Delhi Capitals,SO Hetmyer,6,4,1,0,150.0,Delhi Capitals,15.0,166.66666666666669,19.541666666666668,138.36015428861447,72,23.0,20.7,17.25,1.0,0.0,1.8,1.0,17.50813756071881,-11.508137560718811,11.508137560718811
1473469,2025-04-16,2025,2,Rajasthan Royals,Delhi Capitals,SV Samson,31,18,2,3,172.22222222222223,Delhi Capitals,15.0,78.94736842105263,27.452380952380953,118.76390319931554,168,25.4,25.3,26.2,1.0,0.0,2.8,0.6,24.995291057146527,6.004708942853473,6.004708942853473
1473469,2025-04-16,2025,1,Delhi Capitals,Rajasthan Royals,T Stubbs,34,18,2,2,188.88888888888889,Rajasthan Royals,1.0,25.0,23.772727272727273,138.63542530825458,22,23.6,27.1,42.5,0.0,0.0,2.0,1.0,21.081305195533993,12.918694804466007,12.918694804466007
1473469,2025-04-16,2025,4,Delhi Capitals,Rajasthan Royals,T Stubbs,6,1,0,1,600.0,Rajasthan Royals,34.0,188.88888888888889,24.217391304347824,140.82035850741258,23,23.6,25.7,39.666666666666664,2.0,2.0,2.2,0.8,13.587409072166032,-7.587409072166032,7.587409072166032
1473469,2025-04-16,2025,2,Rajasthan Royals,Delhi Capitals,YBK Jaiswal,51,37,3,4,137.83783783783784,Delhi Capitals,75.0,159.5744680851064,30.844827586206897,127.49923714075247,58,36.2,29.7,21.166666666666668,10.0,2.0,3.4,1.8,28.72164838933305,22.27835161066695,22.27835161066695
1473470,2025-04-17,2025,1,Sunrisers Hyderabad,Mumbai Indians,Abhishek Sharma,40,28,7,0,142.85714285714286,Mumbai Indians,141.0,261.11111111111114,23.417910447761194,137.22781298749143,67,33.6,27.5,16.22222222222222,14.0,10.0,3.8,2.0,24.453475990120513,15.546524009879487,15.546524009879487
1473470,2025-04-17,2025,1,Sunrisers Hyderabad,Mumbai Indians,Aniket Verma,18,8,0,2,225.0,Mumbai Indians,18.0,128.57142857142858,28.2,183.86312874117752,5,28.2,28.2,0.0,2.0,0.0,1.6,2.4,21.040677745138655,-3.0406777451386553,3.0406777451386553
1473470,2025-04-17,2025,1,Sunrisers Hyderabad,Mumbai Indians,H Klaasen,37,28,3,2,132.14285714285714,Mumbai Indians,21.0,150.0,30.68421052631579,161.22420884482938,38,27.8,31.3,27.2,2.0,1.0,2.0,1.4,21.181224184962776,15.818775815037224,15.818775815037224
1473470,2025-04-17,2025,2,Mumbai Indians,Sunrisers Hyderabad,HH Pandya,21,9,3,1,233.33333333333334,Sunrisers Hyderabad,2.0,50.0,19.385185185185186,140.58294137532474,135,19.8,15.8,13.666666666666666,0.0,0.0,1.4,1.2,22.315147041660133,-1.3151470416601327,1.3151470416601327
1473470,2025-04-17,2025,1,Sunrisers Hyderabad,Mumbai Indians,Ishan Kishan,2,3,0,0,66.66666666666666,Mumbai Indians,9.0,150.0,26.476190476190474,117.28093075432716,105,6.0,21.2,29.5,1.0,0.0,0.6,0.0,29.37366498056847,-27.37366498056847,27.37366498056847
1473470,2025-04-17,2025,2,Mumbai Indians,Sunrisers Hyderabad,MJ Santner,0,1,0,0,0.0,Sunrisers Hyderabad,8.0,200.0,7.266666666666667,111.61958314589894,15,8.4,5.6,0.0,0.0,1.0,0.4,0.6,7.46138960684241,-7.46138960684241,7.46138960684241
1473470,2025-04-17,2025,2,Mumbai Indians,Sunrisers Hyderabad,Naman Dhir,0,3,0,0,0.0,Sunrisers Hyderabad,38.0,223.52941176470588,22.5,160.92342660970112,12,26.0,22.0,15.0,4.0,2.0,2.6,1.2,17.035970633926624,-17.035970633926624,17.035970633926624
1473470,2025-04-17,2025,1,Sunrisers Hyderabad,Mumbai Indians,Nithish Kumar Reddy,19,21,1,0,90.47619047619048,Mumbai Indians,31.0,91.17647058823529,25.9375,121.83903598977128,16,22.4,19.6,20.0,3.0,0.0,2.2,0.4,22.260491392492057,-3.2604913924920567,3.2604913924920567
1473470,2025-04-17,2025,1,Sunrisers Hyderabad,Mumbai Indians,PJ Cummins,8,4,0,1,200.0,Mumbai Indians,22.0,244.44444444444446,12.977272727272727,128.6673365783449,44,11.2,15.5,23.875,3.0,1.0,1.0,0.8,13.405895939132893,-5.405895939132893,5.405895939132893
1473470,2025-04-17,2025,2,Mumbai Indians,Sunrisers Hyderabad,RD Rickelton,31,22,5,0,140.9090909090909,Sunrisers Hyderabad,41.0,164.0,24.833333333333332,156.8968253968254,6,27.2,24.833333333333332,0.0,5.0,2.0,3.2,1.4,23.59206523215058,7.407934767849419,7.407934767849419
1473470,2025-04-17,2025,2,Mumbai Indians,Sunrisers Hyderabad,RG Sharma,26,16,0,3,162.5,Sunrisers Hyderabad,18.0,150.0,26.01556420233463,112.83308107896197,257,11.2,16.2,19.08695652173913,2.0,1.0,1.2,0.6,29.507860505013024,-3.5078605050130243,3.5078605050130243
1473470,2025-04-17,2025,2,Mumbai Indians,Sunrisers Hyderabad,SA Yadav,26,15,2,2,173.33333333333334,Sunrisers Hyderabad,40.0,142.85714285714286,26.992957746478872,135.0813497520594,142,42.0,40.8,25.529411764705884,5.0,2.0,4.6,1.8,23.430141410077105,2.5698585899228945,2.5698585899228945
1473470,2025-04-17,2025,1,Sunrisers Hyderabad,Mumbai Indians,TM Head,28,28,3,0,100.0,Mumbai Indians,66.0,178.3783783783784,31.806451612903224,140.22829937778863,31,29.4,24.8,39.75,9.0,3.0,4.2,1.2,25.272743228563225,2.7272567714367746,2.7272567714367746
1473470,2025-04-17,2025,2,Mumbai Indians,Sunrisers Hyderabad,Tilak Varma,21,17,2,0,123.52941176470588,Sunrisers Hyderabad,59.0,178.78787878787878,31.767441860465116,139.8432533839348,43,42.0,35.3,36.5,6.0,3.0,3.4,2.0,24.329614353450253,-3.3296143534502534,3.3296143534502534
1473470,2025-04-17,2025,2,Mumbai Indians,Sunrisers Hyderabad,WG Jacks,36,26,3,2,138.46153846153845,Sunrisers Hyderabad,1.0,100.0,21.923076923076923,129.84057791993897,13,11.0,21.5,6.5,0.0,0.0,0.8,0.4,18.459918409083084,17.540081590916916,17.540081590916916
1473471,2025-04-18,2025,1,Royal Challengers Bengaluru,Punjab Kings,B Kumar,8,13,1,0,61.53846153846154,Punjab Kings,1.0,25.0,4.529411764705882,83.33806308071014,68,0.4,5.4,3.3333333333333335,0.0,0.0,0.0,0.0,4.477821276795662,3.5221787232043376,3.5221787232043376
1473471,2025-04-18,2025,1,Royal Challengers Bengaluru,Punjab Kings,JM Sharma,2,7,0,0,28.57142857142857,Punjab Kings,3.0,27.27272727272727,20.45,145.67604578772384,40,24.0,16.9,0.0,0.0,0.0,2.0,1.6,20.858430523648796,-18.858430523648796,18.858430523648796
1473471,2025-04-18,2025,2,Punjab Kings,Royal Challengers Bengaluru,JP Inglis,14,17,2,0,82.35294117647058,Royal Challengers Bengaluru,2.0,33.33333333333333,2.0,33.33333333333333,1,2.0,2.0,0.0,0.0,0.0,0.0,0.0,10.573515707818519,3.426484292181481,3.426484292181481
1473471,2025-04-18,2025,1,Royal Challengers Bengaluru,Punjab Kings,JR Hazlewood,0,1,0,0,0.0,Punjab Kings,1.0,50.0,3.1666666666666665,67.04545454545455,6,2.4,3.1666666666666665,7.0,0.0,0.0,0.2,0.0,4.297392863187538,-4.297392863187538,4.297392863187538
1473471,2025-04-18,2025,1,Royal Challengers Bengaluru,Punjab Kings,KH Pandya,1,2,0,0,50.0,Punjab Kings,18.0,100.0,15.181818181818182,120.87198541839444,110,10.6,10.5,15.2,1.0,0.0,1.0,0.2,11.19717633521092,-10.19717633521092,10.19717633521092
1473471,2025-04-18,2025,1,Royal Challengers Bengaluru,Punjab Kings,LS Livingstone,4,6,1,0,66.66666666666666,Punjab Kings,4.0,66.66666666666666,23.227272727272727,132.3394584384761,44,16.6,13.9,25.0,0.0,0.0,0.6,1.4,22.80243544528291,-18.80243544528291,18.80243544528291
1473471,2025-04-18,2025,2,Punjab Kings,Royal Challengers Bengaluru,MP Stoinis,7,2,0,1,350.0,Royal Challengers Bengaluru,34.0,309.09090909090907,20.92391304347826,119.03215880829556,92,17.4,19.3,24.0,1.0,4.0,1.4,1.2,21.036284351470492,-14.036284351470492,14.036284351470492
1473471,2025-04-18,2025,1,Royal Challengers Bengaluru,Punjab Kings,MS Bhandage,1,4,0,0,25.0,Punjab Kings,0.0,0.0,0.0,0.0,0,0.0,0.0,0.0,0.0,0.0,0.0,0.0,10.066325001617182,-9.066325001617182,9.066325001617182
1473471,2025-04-18,2025,2,Punjab Kings,Royal Challengers Bengaluru,N Wadhera,33,19,3,3,173.6842105263158,Royal Challengers Bengaluru,10.0,111.11111111111111,23.857142857142858,134.07927583260644,21,30.2,21.1,0.0,2.0,0.0,2.2,1.8,21.57134681008816,11.428653189911842,11.428653189911842
1473471,2025-04-18,2025,2,Punjab Kings,Royal Challengers Bengaluru,P Simran Singh,13,9,2,0,144.44444444444443,Royal Challengers Bengaluru,30.0,200.0,22.975,125.8841945373654,40,31.6,27.6,15.5,2.0,3.0,4.0,1.4,21.280056809666835,-8.280056809666835,8.280056809666835
1473471,2025-04-18,2025,1,Royal Challengers Bengaluru,Punjab Kings,PD Salt,4,4,1,0,100.0,Punjab Kings,65.0,196.96969696969697,31.88888888888889,153.5408417864142,27,30.4,31.9,40.666666666666664,5.0,6.0,3.2,2.2,18.730221714948872,-14.730221714948872,14.730221714948872
1473471,2025-04-18,2025,2,Punjab Kings,Royal Challengers Bengaluru,Priyansh Arya,16,11,1,1,145.45454545454547,Royal Challengers Bengaluru,22.0,183.33333333333331,36.0,167.45210623789626,6,33.8,36.0,0.0,3.0,1.0,2.6,2.8,21.28669884429745,-5.286698844297451,5.286698844297451
1473471,2025-04-18,2025,1,Royal Challengers Bengaluru,Punjab Kings,RM Patidar,23,18,1,1,127.77777777777777,Punjab Kings,25.0,108.69565217391303,33.96551724137931,142.73957568953037,29,37.2,37.0,32.5,1.0,1.0,3.4,1.8,31.81405621474282,-8.81405621474282,8.81405621474282
1473471,2025-04-18,2025,2,Punjab Kings,Royal Challengers Bengaluru,SS Iyer,7,10,0,0,70.0,Royal Challengers Bengaluru,0.0,0.0,27.94214876033058,116.8177271830223,121,30.6,34.4,44.5,0.0,0.0,2.2,2.2,27.346553663953983,-20.346553663953983,20.346553663953983
1473471,2025-04-18,2025,2,Punjab Kings,Royal Challengers Bengaluru,Shashank Singh,1,5,0,0,20.0,Royal Challengers Bengaluru,18.0,105.88235294117648,22.875,140.61579337281935,24,25.2,21.7,29.0,1.0,1.0,1.8,1.2,21.634290583055346,-20.634290583055346,20.634290583055346
1473471,2025-04-18,2025,1,Royal Challengers Bengaluru,Punjab Kings,TH David,50,25,5,3,200.0,Punjab Kings,37.0,185.0,19.256410256410255,151.16091592335937,39,18.4,20.5,19.333333333333332,2.0,4.0,1.2,1.8,18.896760764824883,31.103239235175117,31.103239235175117
1473471,2025-04-18,2025,1,Royal Challengers Bengaluru,Punjab Kings,V Kohli,1,3,0,0,33.33333333333333,Punjab Kings,62.0,137.77777777777777,32.785714285714285,119.43109352507443,252,37.8,44.7,49.857142857142854,4.0,2.0,3.2,1.4,33.57100311437227,-32.57100311437227,32.57100311437227
1473471,2025-04-18,2025,1,Royal Challengers Bengaluru,Punjab Kings,Yash Dayal,0,1,0,0,0.0,Punjab Kings,0.0,0.0,0.0,0.0,1,0.0,0.0,0.0,0.0,0.0,0.0,0.0,7.9988868930473975,-7.9988868930473975,7.9988868930473975
1473472,2025-04-19,2025,1,Delhi Capitals,Gujarat Titans,AR Patel,39,32,1,2,121.875,Gujarat Titans,34.0,242.85714285714283,14.991452991452991,128.3078765965118,117,20.2,21.3,34.25,4.0,2.0,2.6,0.8,21.45748509477701,17.54251490522299,17.54251490522299
1473472,2025-04-19,2025,1,Delhi Capitals,Gujarat Titans,Abishek Porel,18,9,3,1,200.0,Gujarat Titans,49.0,132.43243243243242,23.454545454545453,130.7962097852127,22,31.2,29.9,17.5,5.0,1.0,3.0,1.0,20.502464261803766,-2.502464261803766,2.502464261803766
1473472,2025-04-19,2025,1,Delhi Capitals,Gujarat Titans,Ashutosh Sharma,37,19,2,3,194.73684210526315,Gujarat Titans,15.0,150.0,22.153846153846153,144.35991622351278,13,20.2,19.3,17.0,2.0,0.0,1.8,1.0,19.14863834717235,17.85136165282765,17.85136165282765
1473472,2025-04-19,2025,2,Gujarat Titans,Delhi Capitals,B Sai Sudharsan,36,21,5,1,171.42857142857142,Delhi Capitals,56.0,151.35135135135135,43.96774193548387,135.41714014623926,31,51.0,58.7,46.333333333333336,7.0,1.0,5.2,1.4,26.71750724894475,9.282492751055251,9.282492751055251
1473472,2025-04-19,2025,1,Delhi Capitals,Gujarat Titans,D Ferreira,1,3,0,0,33.33333333333333,Gujarat Titans,7.0,87.5,4.0,60.416666666666664,2,4.0,4.0,0.0,0.0,0.0,0.0,0.0,8.635083506464971,-7.635083506464971,7.635083506464971
1473472,2025-04-19,2025,2,Gujarat Titans,Delhi Capitals,JC Buttler,97,54,11,4,179.62962962962962,Delhi Capitals,16.0,114.28571428571428,33.63716814159292,127.43364503052082,113,32.8,29.2,33.625,2.0,0.0,3.4,1.4,27.1187106460246,69.8812893539754,69.8812893539754
1473472,2025-04-19,2025,1,Delhi Capitals,Gujarat Titans,KK Nair,31,18,2,2,172.22222222222223,Gujarat Titans,0.0,0.0,22.642857142857142,111.21098042522279,70,21.0,18.1,0.0,0.0,0.0,2.6,1.0,21.50580895303515,9.49419104696485,9.49419104696485
1473472,2025-04-19,2025,1,Delhi Capitals,Gujarat Titans,KL Rahul,28,14,4,1,200.0,Gujarat Titans,7.0,233.33333333333334,37.95384615384615,125.34664409989468,130,46.0,35.9,27.25,1.0,0.0,3.4,2.2,35.13487553166453,-7.134875531664527,7.134875531664527
1473472,2025-04-19,2025,1,Delhi Capitals,Gujarat Titans,Kuldeep Yadav,4,1,1,0,400.0,Gujarat Titans,1.0,100.0,5.5588235294117645,76.63330538216715,34,10.4,6.3,5.0,0.0,0.0,1.4,0.2,6.650703991870549,-2.6507039918705493,2.6507039918705493
1473472,2025-04-19,2025,1,Delhi Capitals,Gujarat Titans,MA Starc,2,2,0,0,100.0,Gujarat Titans,1.0,100.0,6.0,90.41286079649251,18,1.0,2.3,0.0,0.0,0.0,0.0,0.0,7.730201050979471,-5.730201050979471,5.730201050979471
1473472,2025-04-19,2025,2,Gujarat Titans,Delhi Capitals,R Tewatia,11,3,1,1,366.66666666666663,Delhi Capitals,0.0,0.0,15.338235294117647,132.86905668339116,68,13.8,19.0,16.0,0.0,0.0,1.4,0.8,17.100426626905588,-6.100426626905588,6.100426626905588
1473472,2025-04-19,2025,2,Gujarat Titans,Delhi Capitals,SE Rutherford,43,33,1,3,130.3030303030303,Delhi Capitals,22.0,115.78947368421053,17.6,140.6341889105047,15,22.4,21.0,0.0,3.0,0.0,2.0,1.4,20.56704772402762,22.43295227597238,22.43295227597238
1473472,2025-04-19,2025,2,Gujarat Titans,Delhi Capitals,Shubman Gill,7,5,1,0,140.0,Delhi Capitals,60.0,157.89473684210526,32.60952380952381,122.73220152385105,105,35.0,33.6,28.583333333333332,6.0,1.0,4.0,0.6,26.515661839368256,-19.515661839368256,19.515661839368256
1473472,2025-04-19,2025,1,Delhi Capitals,Gujarat Titans,T Stubbs,31,21,2,1,147.61904761904762,Gujarat Titans,6.0,600.0,23.458333333333332,159.95284356960374,24,20.6,25.9,26.0,0.0,1.0,1.6,1.0,19.829349074712844,11.170650925287156,11.170650925287156
1473472,2025-04-19,2025,1,Delhi Capitals,Gujarat Titans,V Nigam,0,1,0,0,0.0,Gujarat Titans,14.0,175.0,18.0,161.66666666666666,3,18.0,18.0,0.0,1.0,1.0,2.0,1.0,14.736898313597491,-14.736898313597491,14.736898313597491
1473473,2025-04-19,2025,1,Lucknow Super Giants,Rajasthan Royals,A Badoni,50,34,5,1,147.05882352941177,Rajasthan Royals,22.0,137.5,18.658536585365855,121.62565629872535,41,25.4,22.9,5.0,1.0,2.0,1.8,1.2,19.479247777543815,30.520752222456185,30.520752222456185
1473473,2025-04-19,2025,1,Lucknow Super Giants,Rajasthan Royals,AK Markram,66,45,5,3,146.66666666666666,Rajasthan Royals,6.0,100.0,24.551020408163264,118.51192165694822,49,38.4,26.1,22.5,1.0,0.0,4.0,1.6,25.327275821818315,40.67272417818168,40.67272417818168
1473473,2025-04-19,2025,1,Lucknow Super Giants,Rajasthan Royals,Abdul Samad,30,10,0,4,300.0,Rajasthan Royals,20.0,181.8181818181818,14.347826086956522,139.54236828608785,46,11.8,11.2,12.6,0.0,2.0,0.8,0.8,12.094826025440527,17.905173974559474,17.905173974559474
1473473,2025-04-19,2025,1,Lucknow Super Giants,Rajasthan Royals,DA Miller,7,8,0,0,87.5,Rajasthan Royals,7.0,63.63636363636363,23.23846153846154,125.3238585709291,130,14.0,22.4,34.72727272727273,0.0,0.0,1.6,0.2,23.151354006532053,-16.151354006532053,16.151354006532053
1473473,2025-04-19,2025,2,Rajasthan Royals,Lucknow Super Giants,Dhruv Jurel,6,5,0,0,120.0,Lucknow Super Giants,26.0,152.94117647058823,18.344827586206897,129.8789865316896,29,16.4,24.9,24.0,0.0,2.0,0.8,1.0,18.656999552168944,-12.656999552168944,12.656999552168944
1473473,2025-04-19,2025,1,Lucknow Super Giants,Rajasthan Royals,MR Marsh,4,6,0,0,66.66666666666666,Rajasthan Royals,30.0,120.0,22.857142857142858,111.87785448065873,42,44.6,35.6,49.0,2.0,2.0,4.8,2.2,22.984827462049875,-18.984827462049875,18.984827462049875
1473473,2025-04-19,2025,1,Lucknow Super Giants,Rajasthan Royals,N Pooran,11,8,2,0,137.5,Rajasthan Royals,8.0,88.88888888888889,26.246913580246915,144.36085887865434,81,42.4,54.1,20.0,2.0,0.0,3.2,3.6,31.966400231194815,-20.966400231194815,20.966400231194815
1473473,2025-04-19,2025,2,Rajasthan Royals,Lucknow Super Giants,N Rana,8,7,0,1,114.28571428571428,Lucknow Super Giants,51.0,182.14285714285714,25.962962962962962,122.85349270418567,108,29.8,21.8,17.333333333333332,6.0,2.0,3.8,1.4,26.54572473328817,-18.54572473328817,18.54572473328817
1473473,2025-04-19,2025,2,Rajasthan Royals,Lucknow Super Giants,R Parag,39,26,3,2,150.0,Lucknow Super Giants,4.0,400.0,20.454545454545453,125.57751999481923,66,22.2,21.9,19.8,1.0,0.0,1.8,1.4,23.341502691486113,15.658497308513887,15.658497308513887
1473473,2025-04-19,2025,1,Lucknow Super Giants,Rajasthan Royals,RR Pant,3,9,0,0,33.33333333333333,Rajasthan Royals,63.0,128.57142857142858,28.571428571428573,131.47333478967906,119,20.6,20.7,36.36363636363637,4.0,4.0,1.6,1.0,26.831451705203868,-23.831451705203868,23.831451705203868
1473473,2025-04-19,2025,2,Rajasthan Royals,Lucknow Super Giants,SB Dubey,3,3,0,0,100.0,Lucknow Super Giants,1.0,33.33333333333333,12.833333333333334,131.66666666666666,6,13.8,12.833333333333334,0.0,0.0,0.0,0.8,1.2,13.424516712025062,-10.424516712025062,10.424516712025062
1473473,2025-04-19,2025,2,Rajasthan Royals,Lucknow Super Giants,SO Hetmyer,12,7,2,0,171.42857142857142,Lucknow Super Giants,6.0,150.0,19.356164383561644,138.51960422986633,73,20.4,20.0,22.0,1.0,0.0,1.8,0.8,19.184550291564463,-7.184550291564463,7.184550291564463
1473473,2025-04-19,2025,2,Rajasthan Royals,Lucknow Super Giants,V Suryavanshi,34,20,2,3,170.0,Lucknow Super Giants,0.0,0.0,0.0,0.0,0,0.0,0.0,0.0,0.0,0.0,0.0,0.0,7.74965415774224,26.250345842257758,26.250345842257758
1473473,2025-04-19,2025,2,Rajasthan Royals,Lucknow Super Giants,YBK Jaiswal,74,52,5,4,142.30769230769232,Lucknow Super Giants,51.0,137.83783783783784,31.1864406779661,127.67446766104204,59,40.6,32.4,33.25,3.0,4.0,3.6,2.2,27.998591254249998,46.00140874575,46.00140874575
1473474,2025-04-20,2025,2,Royal Challengers Bengaluru,Punjab Kings,D Padikkal,61,35,6,4,174.28571428571428,Punjab Kings,40.0,148.14814814814815,23.97142857142857,104.92770799928367,70,21.8,14.2,26.5,5.0,1.0,2.0,1.2,27.27415194617699,33.725848053823015,33.725848053823015
1473474,2025-04-20,2025,2,Royal Challengers Bengaluru,Punjab Kings,JM Sharma,11,8,0,1,137.5,Punjab Kings,2.0,28.57142857142857,20.0,142.81983561171663,41,18.0,16.2,2.0,0.0,0.0,1.6,1.2,20.18995886055017,-9.18995886055017,9.18995886055017
1473474,2025-04-20,2025,1,Punjab Kings,Royal Challengers Bengaluru,JP Inglis,29,17,2,1,170.58823529411765,Royal Challengers Bengaluru,14.0,82.35294117647058,8.0,57.843137254901954,2,8.0,8.0,14.0,2.0,0.0,1.0,0.0,15.618369729787451,13.381630270212549,13.381630270212549
1473474,2025-04-20,2025,1,Punjab Kings,Royal Challengers Bengaluru,M Jansen,25,20,0,2,125.0,Royal Challengers Bengaluru,1.0,50.0,6.8125,88.51375598086125,16,12.0,7.0,0.0,0.0,0.0,0.6,0.6,6.074930781903033,18.925069218096965,18.925069218096965
1473474,2025-04-20,2025,1,Punjab Kings,Royal Challengers Bengaluru,MP Stoinis,1,2,0,0,50.0,Royal Challengers Bengaluru,7.0,350.0,20.774193548387096,121.5156839823999,93,13.2,20.0,15.5,0.0,1.0,0.4,1.4,22.653209763390677,-21.653209763390677,21.653209763390677
1473474,2025-04-20,2025,1,Punjab Kings,Royal Challengers Bengaluru,N Wadhera,5,6,0,0,83.33333333333334,Royal Challengers Bengaluru,33.0,173.6842105263158,24.272727272727273,135.87950013686594,22,28.2,24.0,33.0,3.0,3.0,2.2,1.6,20.987644856918518,-15.987644856918518,15.987644856918518
1473474,2025-04-20,2025,1,Punjab Kings,Royal Challengers Bengaluru,P Simran Singh,33,17,5,1,194.11764705882354,Royal Challengers Bengaluru,13.0,144.44444444444443,22.73170731707317,126.33688355948928,41,20.4,25.9,14.666666666666666,2.0,0.0,2.6,0.8,20.61718266046362,12.38281733953638,12.38281733953638
1473474,2025-04-20,2025,2,Royal Challengers Bengaluru,Punjab Kings,PD Salt,1,3,0,0,33.33333333333333,Punjab Kings,4.0,100.0,30.892857142857142,151.62866886547084,28,24.8,25.5,31.5,1.0,0.0,2.4,2.0,19.985654105949223,-18.985654105949223,18.985654105949223
1473474,2025-04-20,2025,1,Punjab Kings,Royal Challengers Bengaluru,Priyansh Arya,22,15,3,1,146.66666666666666,Royal Challengers Bengaluru,16.0,145.45454545454547,33.142857142857146,164.30959755456044,7,35.4,33.142857142857146,16.0,1.0,1.0,2.6,3.0,22.826928354741312,-0.8269283547413124,0.8269283547413124
1473474,2025-04-20,2025,2,Royal Challengers Bengaluru,Punjab Kings,RM Patidar,12,13,1,0,92.3076923076923,Punjab Kings,23.0,127.77777777777777,33.6,142.24084909247196,30,35.0,39.1,30.6,1.0,1.0,2.6,1.8,29.688343262807134,-17.688343262807134,17.688343262807134
1473474,2025-04-20,2025,1,Punjab Kings,Royal Challengers Bengaluru,SS Iyer,6,10,1,0,60.0,Royal Challengers Bengaluru,7.0,70.0,27.770491803278688,116.43397532086638,122,21.6,32.8,32.0,0.0,0.0,1.6,1.4,26.903743502843653,-20.903743502843653,20.903743502843653
1473474,2025-04-20,2025,1,Punjab Kings,Royal Challengers Bengaluru,Shashank Singh,31,33,1,0,93.93939393939394,Royal Challengers Bengaluru,1.0,20.0,22.0,135.79116163790658,25,16.6,19.3,19.666666666666668,0.0,0.0,0.6,0.8,20.127973056738544,10.872026943261456,10.872026943261456
1473474,2025-04-20,2025,2,Royal Challengers Bengaluru,Punjab Kings,V Kohli,73,54,7,1,135.1851851851852,Punjab Kings,1.0,33.33333333333333,32.6600790513834,119.09078617253792,253,31.8,35.6,43.75,0.0,0.0,2.8,1.2,29.148210478480355,43.85178952151965,43.85178952151965
1473475,2025-04-20,2025,1,Chennai Super Kings,Mumbai Indians,A Mhatre,32,15,4,2,213.33333333333334,Mumbai Indians,0.0,0.0,0.0,0.0,0,0.0,0.0,0.0,0.0,0.0,0.0,0.0,6.81961802660223,25.180381973397772,25.180381973397772
1473475,2025-04-20,2025,1,Chennai Super Kings,Mumbai Indians,J Overton,4,3,1,0,133.33333333333331,Mumbai Indians,11.0,275.0,11.0,275.0,1,11.0,11.0,0.0,0.0,1.0,0.0,1.0,11.126001179931794,-7.126001179931794,7.126001179931794
1473475,2025-04-20,2025,1,Chennai Super Kings,Mumbai Indians,MS Dhoni,4,6,0,0,66.66666666666666,Mumbai Indians,26.0,236.36363636363637,22.863829787234042,132.97780656450297,235,20.0,18.1,20.756756756756758,4.0,1.0,1.4,1.2,17.858624982527928,-13.858624982527928,13.858624982527928
1473475,2025-04-20,2025,1,Chennai Super Kings,Mumbai Indians,R Ravindra,5,9,0,0,55.55555555555556,Mumbai Indians,37.0,168.1818181818182,24.0,119.28389684319475,17,16.0,27.5,43.0,5.0,0.0,2.2,0.0,25.66806113290807,-20.66806113290807,20.66806113290807
1473475,2025-04-20,2025,1,Chennai Super Kings,Mumbai Indians,RA Jadeja,53,35,4,2,151.42857142857142,Mumbai Indians,7.0,63.63636363636363,16.315508021390375,131.12957470861667,187,10.0,15.7,13.625,0.0,0.0,0.4,0.4,14.784915697815938,38.21508430218406,38.21508430218406
1473475,2025-04-20,2025,2,Mumbai Indians,Chennai Super Kings,RD Rickelton,24,19,3,1,126.3157894736842,Chennai Super Kings,31.0,140.9090909090909,25.714285714285715,154.61286332714903,7,32.2,25.714285714285715,13.0,5.0,0.0,4.0,1.4,20.037457223911517,3.9625427760884833,3.9625427760884833
1473475,2025-04-20,2025,2,Mumbai Indians,Chennai Super Kings,RG Sharma,76,45,4,6,168.88888888888889,Chennai Super Kings,26.0,162.5,26.015503875968992,113.02558851664041,258,16.4,18.4,25.6,0.0,3.0,1.2,1.2,23.48945928270654,52.51054071729346,52.51054071729346
1473475,2025-04-20,2025,1,Chennai Super Kings,Mumbai Indians,S Dube,50,32,2,4,156.25,Mumbai Indians,43.0,119.44444444444444,24.735294117647058,126.83842521161323,68,30.4,22.6,20.727272727272727,3.0,2.0,2.2,1.4,24.493588153912366,25.506411846087634,25.506411846087634
1473475,2025-04-20,2025,2,Mumbai Indians,Chennai Super Kings,SA Yadav,68,30,6,5,226.66666666666666,Chennai Super Kings,26.0,173.33333333333334,26.986013986013987,135.34884614073962,143,37.6,37.8,23.0625,2.0,2.0,4.8,1.4,25.703708473140264,42.29629152685973,42.29629152685973
1473475,2025-04-20,2025,1,Chennai Super Kings,Mumbai Indians,SK Rasheed,19,20,1,0,95.0,Mumbai Indians,27.0,142.10526315789474,27.0,142.10526315789474,1,27.0,27.0,0.0,6.0,0.0,6.0,0.0,22.77565478929806,-3.775654789298059,3.775654789298059
1473476,2025-04-21,2025,2,Kolkata Knight Riders,Gujarat Titans,A Raghuvanshi,27,13,3,1,207.6923076923077,Gujarat Titans,37.0,132.14285714285714,25.615384615384617,144.0829626632794,13,28.0,24.8,0.0,5.0,1.0,3.2,0.8,23.78932427183133,3.2106757281686704,3.2106757281686704
1473476,2025-04-21,2025,2,Kolkata Knight Riders,Gujarat Titans,AD Russell,21,15,3,1,140.0,Gujarat Titans,17.0,154.54545454545453,22.927272727272726,150.41246657391684,110,6.8,12.8,27.666666666666668,1.0,2.0,0.6,0.6,22.834008735918577,-1.8340087359185766,1.8340087359185766
1473476,2025-04-21,2025,2,Kolkata Knight Riders,Gujarat Titans,AM Rahane,50,36,5,1,138.88888888888889,Gujarat Titans,17.0,100.0,27.320224719101123,106.60858652385906,178,29.4,26.4,14.25,1.0,1.0,2.4,1.8,27.57884337703328,22.42115662296672,22.42115662296672
1473476,2025-04-21,2025,1,Gujarat Titans,Kolkata Knight Riders,B Sai Sudharsan,52,36,6,1,144.44444444444443,Kolkata Knight Riders,36.0,171.42857142857142,43.71875,136.54249737381215,32,45.6,55.8,53.0,5.0,1.0,5.4,1.2,29.908746236770252,22.091253763229748,22.091253763229748
1473476,2025-04-21,2025,2,Kolkata Knight Riders,Gujarat Titans,Harshit Rana,1,2,0,0,50.0,Gujarat Titans,3.0,50.0,3.4285714285714284,71.65532879818593,7,4.4,3.4285714285714284,0.0,0.0,0.0,0.6,0.0,4.177561993943194,-3.1775619939431943,3.1775619939431943
1473476,2025-04-21,2025,1,Gujarat Titans,Kolkata Knight Riders,JC Buttler,41,23,8,0,178.26086956521738,Kolkata Knight Riders,97.0,179.62962962962962,34.19298245614035,127.89150454454808,114,44.4,35.5,36.69230769230769,11.0,4.0,4.6,2.0,36.431944496613156,4.568055503386844,4.568055503386844
1473476,2025-04-21,2025,1,Gujarat Titans,Kolkata Knight Riders,M Shahrukh Khan,11,5,0,1,220.00000000000003,Kolkata Knight Riders,11.0,183.33333333333331,15.0,151.21791558617085,41,12.8,17.5,13.4,0.0,1.0,0.8,1.0,12.025256443206514,-1.0252564432065139,1.0252564432065139
1473476,2025-04-21,2025,2,Kolkata Knight Riders,Gujarat Titans,MM Ali,0,2,0,0,0.0,Gujarat Titans,5.0,41.66666666666667,20.120689655172413,118.92565243165927,58,20.6,16.0,22.0,0.0,0.0,1.4,1.0,24.238061349696814,-24.238061349696814,24.238061349696814
1473476,2025-04-21,2025,1,Gujarat Titans,Kolkata Knight Riders,R Tewatia,0,2,0,0,0.0,Kolkata Knight Riders,11.0,366.66666666666663,15.27536231884058,136.25742784256906,69,15.2,17.8,18.142857142857142,1.0,1.0,1.6,1.0,15.310231281803517,-15.310231281803517,15.310231281803517
1473476,2025-04-21,2025,2,Kolkata Knight Riders,Gujarat Titans,RK Singh,17,14,1,1,121.42857142857142,Gujarat Titans,2.0,22.22222222222222,21.934782608695652,138.5841266621537,46,20.8,17.2,34.0,0.0,0.0,2.4,1.0,20.926584033350302,-3.926584033350302,3.926584033350302
1473476,2025-04-21,2025,2,Kolkata Knight Riders,Gujarat Titans,Rahmanullah Gurbaz,1,4,0,0,25.0,Gujarat Titans,39.0,121.875,22.23076923076923,101.71111498817223,13,18.2,19.5,48.0,5.0,2.0,1.6,1.2,21.107594118153997,-20.107594118153997,20.107594118153997
1473476,2025-04-21,2025,2,Kolkata Knight Riders,Gujarat Titans,Ramandeep Singh,1,2,0,0,50.0,Gujarat Titans,0.0,0.0,11.705882352941176,152.4264705882353,17,9.2,10.4,0.0,0.0,0.0,0.4,0.6,11.58470146219566,-10.58470146219566,10.58470146219566
1473476,2025-04-21,2025,2,Kolkata Knight Riders,Gujarat Titans,SP Narine,17,13,2,1,130.76923076923077,Gujarat Titans,5.0,125.0,14.857142857142858,124.40717636390526,112,17.2,23.8,2.5,1.0,0.0,1.4,1.6,18.868555554452616,-1.868555554452616,1.868555554452616
1473476,2025-04-21,2025,1,Gujarat Titans,Kolkata Knight Riders,Shubman Gill,90,54,10,3,166.66666666666669,Kolkata Knight Riders,7.0,140.0,32.367924528301884,122.89510528305999,106,28.8,33.7,31.666666666666668,1.0,0.0,3.4,0.4,29.246808212508924,60.753191787491076,60.753191787491076
1473476,2025-04-21,2025,2,Kolkata Knight Riders,Gujarat Titans,VR Iyer,14,19,0,0,73.68421052631578,Gujarat Titans,7.0,175.0,26.796296296296298,125.78761772222036,54,24.2,33.7,37.0,0.0,0.0,2.8,0.8,25.082556265214347,-11.082556265214347,11.082556265214347
1473477,2025-04-22,2025,1,Lucknow Super Giants,Delhi Capitals,A Badoni,36,21,6,0,171.42857142857142,Delhi Capitals,50.0,147.05882352941177,19.404761904761905,122.23120789945597,42,34.2,26.4,18.6,5.0,1.0,2.6,1.4,21.432124910454583,14.567875089545417,14.567875089545417
1473477,2025-04-22,2025,1,Lucknow Super Giants,Delhi Capitals,AK Markram,52,33,2,3,157.57575757575756,Delhi Capitals,66.0,146.66666666666666,25.38,119.07501655714259,50,46.0,29.5,13.8,5.0,3.0,4.2,2.0,27.727250420470092,24.272749579529908,24.272749579529908
1473477,2025-04-22,2025,2,Delhi Capitals,Lucknow Super Giants,AR Patel,34,20,1,4,170.0,Lucknow Super Giants,39.0,121.875,15.194915254237289,128.25336069315154,118,23.6,24.1,23.5,1.0,2.0,2.2,1.0,19.62902552064919,14.37097447935081,14.37097447935081
1473477,2025-04-22,2025,1,Lucknow Super Giants,Delhi Capitals,Abdul Samad,2,8,0,0,25.0,Delhi Capitals,30.0,300.0,14.680851063829786,142.95636045021365,47,12.4,13.1,22.8,0.0,4.0,0.4,1.2,12.80353544421118,-10.80353544421118,10.80353544421118
1473477,2025-04-22,2025,2,Delhi Capitals,Lucknow Super Giants,Abishek Porel,51,36,5,1,141.66666666666669,Lucknow Super Giants,18.0,200.0,23.217391304347824,133.8050702293339,23,28.0,29.9,29.0,3.0,1.0,3.2,0.8,22.68828277715015,28.31171722284985,28.31171722284985
1473477,2025-04-22,2025,1,Lucknow Super Giants,Delhi Capitals,DA Miller,14,15,1,0,93.33333333333333,Delhi Capitals,7.0,87.5,23.114503816793892,125.03512682611284,131,12.8,17.6,25.4,0.0,0.0,1.2,0.2,24.149044140416844,-10.149044140416844,10.149044140416844
1473477,2025-04-22,2025,2,Delhi Capitals,Lucknow Super Giants,KK Nair,15,9,2,1,166.66666666666669,Lucknow Super Giants,31.0,172.22222222222223,22.760563380281692,112.07029368996926,71,27.2,21.1,0.0,2.0,2.0,3.0,1.4,24.222614233431727,-9.222614233431727,9.222614233431727
1473477,2025-04-22,2025,2,Delhi Capitals,Lucknow Super Giants,KL Rahul,57,42,3,3,135.71428571428572,Lucknow Super Giants,28.0,200.0,37.87786259541985,125.91651704569699,131,36.2,36.2,0.0,4.0,1.0,3.0,1.8,39.78590581958727,17.21409418041273,17.21409418041273
1473477,2025-04-22,2025,1,Lucknow Super Giants,Delhi Capitals,MR Marsh,45,36,3,1,125.0,Delhi Capitals,4.0,66.66666666666666,22.41860465116279,110.8264315082403,43,35.0,34.0,72.0,0.0,0.0,3.4,1.8,24.063732449153783,20.936267550846217,20.936267550846217
1473477,2025-04-22,2025,1,Lucknow Super Giants,Delhi Capitals,N Pooran,9,5,2,0,180.0,Delhi Capitals,11.0,137.5,26.0609756097561,144.27718986793903,82,35.8,50.4,32.888888888888886,2.0,0.0,2.6,3.2,29.988527473964382,-20.988527473964382,20.988527473964382
1473477,2025-04-22,2025,1,Lucknow Super Giants,Delhi Capitals,RR Pant,0,2,0,0,0.0,Delhi Capitals,3.0,33.33333333333333,28.358333333333334,130.6555014442095,120,18.2,18.1,0.0,0.0,0.0,1.6,0.8,32.41433651172309,-32.41433651172309,32.41433651172309
1473478,2025-04-23,2025,1,Sunrisers Hyderabad,Mumbai Indians,A Manohar,43,37,2,3,116.21621621621621,Mumbai Indians,4.0,66.66666666666666,13.166666666666666,96.1007511007511,18,3.0,11.5,22.0,0.0,0.0,0.2,0.0,15.443126698952222,27.55687330104778,27.55687330104778
1473478,2025-04-23,2025,1,Sunrisers Hyderabad,Mumbai Indians,Abhishek Sharma,8,8,0,1,100.0,Mumbai Indians,40.0,142.85714285714286,23.66176470588235,137.3105972502804,68,40.4,24.9,18.6,7.0,0.0,5.0,2.0,23.495269418787522,-15.495269418787522,15.495269418787522
1473478,2025-04-23,2025,1,Sunrisers Hyderabad,Mumbai Indians,Aniket Verma,12,14,1,0,85.71428571428571,Mumbai Indians,18.0,225.0,26.5,190.71927395098126,6,30.4,26.5,18.0,0.0,2.0,1.6,2.6,20.10710945938461,-8.10710945938461,8.10710945938461
1473478,2025-04-23,2025,1,Sunrisers Hyderabad,Mumbai Indians,H Klaasen,71,44,9,2,161.36363636363635,Mumbai Indians,37.0,132.14285714285714,30.846153846153847,160.4785331601634,39,30.0,30.8,28.833333333333332,3.0,2.0,2.2,1.6,20.616501446408744,50.38349855359125,50.38349855359125
1473478,2025-04-23,2025,1,Sunrisers Hyderabad,Mumbai Indians,HV Patel,1,1,0,0,100.0,Mumbai Indians,3.0,60.0,6.725,100.32822406351818,40,6.4,4.0,4.0,0.0,0.0,0.2,0.2,6.076458135441623,-5.076458135441623,5.076458135441623
1473478,2025-04-23,2025,1,Sunrisers Hyderabad,Mumbai Indians,Ishan Kishan,1,4,0,0,25.0,Mumbai Indians,2.0,66.66666666666666,26.245283018867923,116.80343769689641,106,6.4,20.1,20.333333333333332,0.0,0.0,0.6,0.0,29.62679004694075,-28.62679004694075,28.62679004694075
1473478,2025-04-23,2025,1,Sunrisers Hyderabad,Mumbai Indians,Nithish Kumar Reddy,2,6,0,0,33.33333333333333,Mumbai Indians,19.0,90.47619047619048,25.529411764705884,119.99416272426653,17,20.2,19.5,19.5,1.0,0.0,1.6,0.2,22.610823007956295,-20.610823007956295,20.610823007956295
1473478,2025-04-23,2025,1,Sunrisers Hyderabad,Mumbai Indians,PJ Cummins,1,2,0,0,50.0,Mumbai Indians,8.0,200.0,12.866666666666667,130.2525068766039,45,12.8,15.8,22.11111111111111,0.0,1.0,1.0,1.0,13.304371163462884,-12.304371163462884,12.304371163462884
1473478,2025-04-23,2025,2,Mumbai Indians,Sunrisers Hyderabad,RD Rickelton,11,8,2,0,137.5,Sunrisers Hyderabad,24.0,126.3157894736842,25.5,151.07572909546593,8,24.6,25.5,31.0,3.0,1.0,3.8,0.6,19.15666037806445,-8.156660378064451,8.156660378064451
1473478,2025-04-23,2025,2,Mumbai Indians,Sunrisers Hyderabad,RG Sharma,70,46,8,3,152.17391304347828,Sunrisers Hyderabad,76.0,168.88888888888889,26.20849420849421,113.24127693506608,259,30.0,24.9,19.375,4.0,6.0,1.6,2.4,21.036558344557626,48.963441655442374,48.963441655442374
1473478,2025-04-23,2025,2,Mumbai Indians,Sunrisers Hyderabad,SA Yadav,40,19,5,2,210.52631578947367,Sunrisers Hyderabad,68.0,226.66666666666666,27.270833333333332,135.9829976721697,144,45.8,34.4,25.555555555555557,6.0,5.0,5.4,2.0,24.477044178775778,15.522955821224222,15.522955821224222
1473478,2025-04-23,2025,1,Sunrisers Hyderabad,Mumbai Indians,TM Head,0,4,0,0,0.0,Mumbai Indians,28.0,100.0,31.6875,138.97116502223273,32,25.6,27.6,37.4,3.0,0.0,3.8,0.6,25.823472368505435,-25.823472368505435,25.823472368505435
1473478,2025-04-23,2025,2,Mumbai Indians,Sunrisers Hyderabad,Tilak Varma,2,2,0,0,100.0,Sunrisers Hyderabad,21.0,123.52941176470588,31.522727272727273,139.47248425622507,44,40.0,31.1,33.4,2.0,0.0,3.4,1.6,25.910369791890027,-23.910369791890027,23.910369791890027
1473478,2025-04-23,2025,2,Mumbai Indians,Sunrisers Hyderabad,WG Jacks,22,19,2,1,115.78947368421053,Sunrisers Hyderabad,36.0,138.46153846153845,22.928571428571427,130.4563608157675,14,16.0,24.5,16.333333333333332,3.0,2.0,1.0,0.8,18.81421610510492,3.1857838948950814,3.1857838948950814
1473479,2025-04-24,2025,1,Royal Challengers Bengaluru,Rajasthan Royals,D Padikkal,50,27,4,3,185.1851851851852,Rajasthan Royals,61.0,174.28571428571428,24.492957746478872,105.90458132726155,71,28.6,19.6,43.5,6.0,4.0,2.8,1.6,24.716558994938794,25.283441005061206,25.283441005061206
1473479,2025-04-24,2025,2,Rajasthan Royals,Royal Challengers Bengaluru,Dhruv Jurel,47,34,3,3,138.23529411764704,Royal Challengers Bengaluru,6.0,120.0,17.933333333333334,129.54968698063328,30,17.0,25.5,15.0,0.0,0.0,0.8,1.0,19.279942183702616,27.720057816297384,27.720057816297384
1473479,2025-04-24,2025,2,Rajasthan Royals,Royal Challengers Bengaluru,Fazalhaq Farooqi,2,2,0,0,100.0,Royal Challengers Bengaluru,1.0,20.0,1.5,22.5,2,1.5,1.5,0.0,0.0,0.0,0.0,0.0,5.087565101544966,-3.087565101544966,3.087565101544966
1473479,2025-04-24,2025,2,Rajasthan Royals,Royal Challengers Bengaluru,JC Archer,0,1,0,0,0.0,Royal Challengers Bengaluru,4.0,100.0,8.148148148148149,130.1034151034151,27,4.8,5.0,0.0,0.0,0.0,0.0,0.4,10.448184501932296,-10.448184501932296,10.448184501932296
1473479,2025-04-24,2025,1,Royal Challengers Bengaluru,Rajasthan Royals,JM Sharma,20,10,4,0,200.0,Rajasthan Royals,11.0,137.5,19.785714285714285,142.69317285905672,42,17.8,16.0,32.0,0.0,1.0,1.4,1.2,20.335085765175656,-0.3350857651756556,0.3350857651756556
1473479,2025-04-24,2025,2,Rajasthan Royals,Royal Challengers Bengaluru,N Rana,28,22,3,1,127.27272727272727,Royal Challengers Bengaluru,8.0,114.28571428571428,25.798165137614678,122.77488923245657,109,15.2,21.8,4.0,0.0,1.0,1.8,0.6,27.49731918046708,0.5026808195329195,0.5026808195329195
1473479,2025-04-24,2025,1,Royal Challengers Bengaluru,Rajasthan Royals,PD Salt,26,23,4,0,113.04347826086956,Rajasthan Royals,1.0,33.33333333333333,29.862068965517242,147.54951936436265,29,22.2,25.1,37.5,0.0,0.0,2.2,1.8,24.030317996894972,1.969682003105028,1.969682003105028
1473479,2025-04-24,2025,2,Rajasthan Royals,Royal Challengers Bengaluru,PWH de Silva,1,3,0,0,33.33333333333333,Royal Challengers Bengaluru,4.0,80.0,5.0,89.72292510121457,16,6.6,4.2,0.0,0.0,0.0,0.6,0.0,5.367298106180751,-4.367298106180751,4.367298106180751
1473479,2025-04-24,2025,2,Rajasthan Royals,Royal Challengers Bengaluru,R Parag,22,10,2,2,220.00000000000003,Royal Challengers Bengaluru,39.0,150.0,20.73134328358209,125.94203462176223,67,21.4,22.2,23.333333333333332,3.0,2.0,1.8,1.2,19.757148633524054,2.2428513664759464,2.2428513664759464
1473479,2025-04-24,2025,1,Royal Challengers Bengaluru,Rajasthan Royals,RM Patidar,1,3,0,0,33.33333333333333,Rajasthan Royals,12.0,92.3076923076923,32.903225806451616,140.63010209941456,31,27.2,34.8,36.0,1.0,0.0,2.0,1.2,27.512144378175247,-26.512144378175247,26.512144378175247
1473479,2025-04-24,2025,2,Rajasthan Royals,Royal Challengers Bengaluru,SB Dubey,12,7,1,1,171.42857142857142,Royal Challengers Bengaluru,3.0,100.0,11.428571428571429,127.14285714285714,7,9.4,11.428571428571429,0.0,0.0,0.0,0.4,0.8,11.152705243792624,0.8472947562073756,0.8472947562073756
1473479,2025-04-24,2025,2,Rajasthan Royals,Royal Challengers Bengaluru,SO Hetmyer,11,8,1,0,137.5,Royal Challengers Bengaluru,12.0,171.42857142857142,19.256756756756758,138.9643200028218,74,18.8,18.6,15.333333333333334,2.0,0.0,1.8,0.6,18.338417959708533,-7.338417959708533,7.338417959708533
1473479,2025-04-24,2025,1,Royal Challengers Bengaluru,Rajasthan Royals,TH David,23,15,2,1,153.33333333333334,Rajasthan Royals,50.0,200.0,20.025,152.38189302527536,40,28.4,24.1,17.2,5.0,3.0,2.2,2.4,19.672855939744014,3.3271440602559856,3.3271440602559856
1473479,2025-04-24,2025,2,Rajasthan Royals,Royal Challengers Bengaluru,TU Deshpande,1,2,0,0,50.0,Royal Challengers Bengaluru,3.0,100.0,3.857142857142857,86.5079365079365,7,1.2,3.857142857142857,0.0,0.0,0.0,0.0,0.0,7.710633113733831,-6.710633113733831,6.710633113733831
1473479,2025-04-24,2025,1,Royal Challengers Bengaluru,Rajasthan Royals,V Kohli,70,42,8,2,166.66666666666669,Rajasthan Royals,73.0,135.1851851851852,32.818897637795274,119.15414994817826,254,45.0,40.2,26.64516129032258,7.0,1.0,4.0,1.4,28.470547444844325,41.52945255515567,41.52945255515567
1473479,2025-04-24,2025,2,Rajasthan Royals,Royal Challengers Bengaluru,V Suryavanshi,16,12,0,2,133.33333333333331,Royal Challengers Bengaluru,34.0,170.0,34.0,170.0,1,34.0,34.0,0.0,2.0,3.0,2.0,3.0,25.966531844287964,-9.966531844287964,9.966531844287964
1473479,2025-04-24,2025,2,Rajasthan Royals,Royal Challengers Bengaluru,YBK Jaiswal,49,19,7,3,257.89473684210526,Royal Challengers Bengaluru,74.0,142.30769230769232,31.9,127.91835473848622,60,54.6,39.4,40.0,5.0,4.0,4.4,3.0,28.317950314107566,20.682049685892434,20.682049685892434
1473480,2025-04-25,2025,1,Chennai Super Kings,Sunrisers Hyderabad,A Kamboj,2,4,0,0,50.0,Sunrisers Hyderabad,3.0,100.0,2.5,100.0,2,2.5,2.5,0.0,0.0,0.0,0.0,0.0,6.663356659350987,-4.663356659350987,4.663356659350987
1473480,2025-04-25,2025,1,Chennai Super Kings,Sunrisers Hyderabad,A Mhatre,30,19,6,0,157.89473684210526,Sunrisers Hyderabad,32.0,213.33333333333334,32.0,213.33333333333334,1,32.0,32.0,0.0,4.0,2.0,4.0,2.0,19.30269869501245,10.697301304987551,10.697301304987551
1473480,2025-04-25,2025,2,Sunrisers Hyderabad,Chennai Super Kings,Abhishek Sharma,0,2,0,0,0.0,Chennai Super Kings,8.0,100.0,23.434782608695652,136.76986395679808,69,41.8,25.4,31.375,0.0,1.0,5.0,2.2,23.48817084637301,-23.48817084637301,23.48817084637301
1473480,2025-04-25,2025,2,Sunrisers Hyderabad,Chennai Super Kings,Aniket Verma,19,19,0,2,100.0,Chennai Super Kings,12.0,85.71428571428571,24.428571428571427,175.71856134573906,7,25.6,24.428571428571427,0.0,1.0,0.0,1.8,1.6,22.644236738348116,-3.6442367383481162,3.6442367383481162
1473480,2025-04-25,2025,1,Chennai Super Kings,Sunrisers Hyderabad,D Brevis,42,25,1,4,168.0,Sunrisers Hyderabad,23.0,114.99999999999999,23.0,112.51370909791963,10,21.8,23.0,0.0,1.0,2.0,0.8,1.6,19.450050508015664,22.549949491984336,22.549949491984336
1473480,2025-04-25,2025,1,Chennai Super Kings,Sunrisers Hyderabad,DJ Hooda,22,20,1,1,110.00000000000001,Sunrisers Hyderabad,0.0,0.0,14.73,115.88283046419855,100,3.6,11.6,15.166666666666666,0.0,0.0,0.4,0.0,14.11473012821073,7.885269871789269,7.885269871789269
1473480,2025-04-25,2025,2,Sunrisers Hyderabad,Chennai Super Kings,H Klaasen,7,8,1,0,87.5,Chennai Super Kings,71.0,161.36363636363635,31.85,160.50066074025023,40,37.8,34.7,13.5,9.0,2.0,3.6,1.6,22.824788940056326,-15.824788940056326,15.824788940056326
1473480,2025-04-25,2025,2,Sunrisers Hyderabad,Chennai Super Kings,Ishan Kishan,44,34,5,1,129.41176470588235,Chennai Super Kings,1.0,25.0,26.009345794392523,115.94546164365438,107,6.2,19.3,23.8,0.0,0.0,0.6,0.0,29.407055383969013,14.592944616030987,14.592944616030987
1473480,2025-04-25,2025,1,Chennai Super Kings,Sunrisers Hyderabad,KK Ahmed,1,2,0,0,50.0,Sunrisers Hyderabad,0.0,0.0,0.2,10.0,5,0.2,0.2,0.0,0.0,0.0,0.0,0.0,4.456382044730875,-3.4563820447308746,3.4563820447308746
1473480,2025-04-25,2025,1,Chennai Super Kings,Sunrisers Hyderabad,MS Dhoni,6,10,1,0,60.0,Sunrisers Hyderabad,4.0,66.66666666666666,22.783898305084747,132.6968271581562,236,17.6,18.5,24.7,0.0,0.0,1.2,1.0,19.067465265015723,-13.067465265015723,13.067465265015723
1473480,2025-04-25,2025,2,Sunrisers Hyderabad,Chennai Super Kings,Nithish Kumar Reddy,19,12,2,0,158.33333333333331,Chennai Super Kings,2.0,33.33333333333333,24.22222222222222,115.17967220254802,18,14.2,16.0,14.5,0.0,0.0,1.2,0.2,21.206749335387187,-2.2067493353871868,2.2067493353871868
1473480,2025-04-25,2025,1,Chennai Super Kings,Sunrisers Hyderabad,Noor Ahmad,2,3,0,0,66.66666666666666,Sunrisers Hyderabad,1.0,12.5,2.0,57.15986394557823,7,2.6,2.0,0.0,0.0,0.0,0.4,0.0,4.027721793837951,-2.0277217938379506,2.0277217938379506
1473480,2025-04-25,2025,2,Sunrisers Hyderabad,Chennai Super Kings,PHKD Mendis,32,21,3,0,152.38095238095238,Chennai Super Kings,1.0,20.0,14.0,77.5,2,14.0,14.0,0.0,0.0,0.0,0.5,1.0,16.517957808600883,15.482042191399117,15.482042191399117
1473480,2025-04-25,2025,1,Chennai Super Kings,Sunrisers Hyderabad,RA Jadeja,21,17,1,1,123.52941176470588,Sunrisers Hyderabad,53.0,151.42857142857142,16.51063829787234,131.23754809542496,188,14.2,19.2,15.058823529411764,4.0,2.0,0.8,0.6,18.603585852731296,2.396414147268704,2.396414147268704
1473480,2025-04-25,2025,1,Chennai Super Kings,Sunrisers Hyderabad,S Dube,12,9,2,0,133.33333333333331,Sunrisers Hyderabad,50.0,156.25,25.10144927536232,127.2646799186913,69,36.8,25.5,17.833333333333332,2.0,4.0,2.4,1.8,25.948133087920564,-13.948133087920564,13.948133087920564
1473480,2025-04-25,2025,1,Chennai Super Kings,Sunrisers Hyderabad,SK Rasheed,0,1,0,0,0.0,Sunrisers Hyderabad,19.0,95.0,23.0,118.55263157894737,2,23.0,23.0,0.0,1.0,0.0,3.5,0.0,17.483112534526907,-17.483112534526907,17.483112534526907
1473480,2025-04-25,2025,1,Chennai Super Kings,Sunrisers Hyderabad,SM Curran,9,9,1,0,100.0,Sunrisers Hyderabad,8.0,61.53846153846154,17.9,123.73881634658146,50,20.8,19.1,20.4,0.0,0.0,1.4,0.6,19.660213430677555,-10.660213430677555,10.660213430677555
1473480,2025-04-25,2025,2,Sunrisers Hyderabad,Chennai Super Kings,TM Head,19,16,4,0,118.75,Chennai Super Kings,0.0,0.0,30.727272727272727,134.7599175973166,33,21.2,27.6,22.0,0.0,0.0,3.0,0.6,27.464877610100654,-8.464877610100654,8.464877610100654
1473481,2025-04-26,2025,1,Punjab Kings,Kolkata Knight Riders,GJ Maxwell,7,8,1,0,87.5,Kolkata Knight Riders,7.0,70.0,20.992537313432837,123.54133773590476,134,8.2,6.2,23.19047619047619,1.0,0.0,0.8,0.2,21.75165165706545,-14.751651657065452,14.751651657065452
1473481,2025-04-26,2025,1,Punjab Kings,Kolkata Knight Riders,JP Inglis,11,6,2,0,183.33333333333331,Kolkata Knight Riders,29.0,170.58823529411765,15.0,95.42483660130718,3,15.0,15.0,2.0,2.0,1.0,1.3333333333333333,0.3333333333333333,16.537202883471686,-5.537202883471686,5.537202883471686
1473481,2025-04-26,2025,1,Punjab Kings,Kolkata Knight Riders,M Jansen,3,7,0,0,42.857142857142854,Kolkata Knight Riders,25.0,125.0,7.882352941176471,90.66000562904588,17,13.6,9.3,0.8,0.0,2.0,0.4,0.8,10.141110957265683,-7.141110957265683,7.141110957265683
1473481,2025-04-26,2025,1,Punjab Kings,Kolkata Knight Riders,P Simran Singh,83,48,6,6,172.91666666666669,Kolkata Knight Riders,33.0,194.11764705882354,22.976190476190474,127.95071126185437,42,23.6,28.6,24.6,5.0,1.0,3.2,1.0,22.26896150183169,60.73103849816831,60.73103849816831
1473481,2025-04-26,2025,1,Punjab Kings,Kolkata Knight Riders,Priyansh Arya,69,35,8,4,197.14285714285717,Kolkata Knight Riders,22.0,146.66666666666666,31.75,162.10423119357372,8,39.8,31.75,22.0,3.0,1.0,3.2,3.2,22.75416145929733,46.24583854070267,46.24583854070267
1473481,2025-04-26,2025,2,Kolkata Knight Riders,Punjab Kings,Rahmanullah Gurbaz,1,3,0,0,33.33333333333333,Punjab Kings,1.0,25.0,20.714285714285715,96.23174963187421,14,14.8,19.6,18.5,0.0,0.0,1.4,0.8,22.181703264452473,-21.181703264452473,21.181703264452473
1473481,2025-04-26,2025,2,Kolkata Knight Riders,Punjab Kings,SP Narine,4,3,1,0,133.33333333333331,Punjab Kings,17.0,130.76923076923077,14.876106194690266,124.46347773032407,113,20.6,17.4,17.2,2.0,1.0,1.8,1.8,15.722708368473626,-11.722708368473626,11.722708368473626
1473481,2025-04-26,2025,1,Punjab Kings,Kolkata Knight Riders,SS Iyer,25,16,1,1,156.25,Kolkata Knight Riders,6.0,60.0,27.59349593495935,115.97516251337967,123,20.8,32.7,28.75,1.0,0.0,1.4,1.4,26.379039861236457,-1.379039861236457,1.379039861236457
1473482,2025-04-27,2025,2,Lucknow Super Giants,Mumbai Indians,A Badoni,35,22,2,2,159.0909090909091,Mumbai Indians,36.0,171.42857142857142,19.790697674418606,123.37533263269121,43,33.2,24.5,14.6,6.0,0.0,3.6,0.8,20.293647456372955,14.706352543627045,14.706352543627045
1473482,2025-04-27,2025,2,Lucknow Super Giants,Mumbai Indians,AK Markram,9,11,2,0,81.81818181818183,Mumbai Indians,52.0,157.57575757575756,25.901960784313726,119.82993304770366,51,45.8,34.6,29.0,2.0,3.0,4.2,1.8,26.730720606694863,-17.730720606694863,17.730720606694863
1473482,2025-04-27,2025,2,Lucknow Super Giants,Mumbai Indians,Abdul Samad,2,4,0,0,50.0,Mumbai Indians,2.0,25.0,14.416666666666666,140.49893627416753,48,12.0,11.7,7.5,0.0,0.0,0.2,1.2,12.761175906253351,-10.761175906253351,10.761175906253351
1473482,2025-04-27,2025,2,Lucknow Super Giants,Mumbai Indians,Avesh Khan,0,1,0,0,0.0,Mumbai Indians,2.0,200.0,3.909090909090909,147.57575757575756,11,2.4,3.9,2.0,0.0,0.0,0.2,0.0,10.095150291287347,-10.095150291287347,10.095150291287347
1473482,2025-04-27,2025,1,Mumbai Indians,Lucknow Super Giants,C Bosch,20,10,2,1,200.0,Lucknow Super Giants,0.0,0.0,0.0,0.0,0,0.0,0.0,0.0,0.0,0.0,0.0,0.0,8.681691537211563,11.318308462788437,11.318308462788437
1473482,2025-04-27,2025,2,Lucknow Super Giants,Mumbai Indians,DA Miller,24,16,3,0,150.0,Mumbai Indians,14.0,93.33333333333333,23.045454545454547,124.79496172389483,132,11.8,16.4,23.705882352941178,1.0,0.0,0.8,0.2,24.08218568020647,-0.08218568020647155,0.08218568020647155
1473482,2025-04-27,2025,1,Mumbai Indians,Lucknow Super Giants,DL Chahar,1,1,0,0,100.0,Lucknow Super Giants,0.0,0.0,7.714285714285714,91.54761904761905,14,6.0,5.4,0.0,0.0,0.0,0.4,0.4,6.397215794986532,-5.397215794986532,5.397215794986532
1473482,2025-04-27,2025,2,Lucknow Super Giants,Mumbai Indians,DS Rathi,1,3,0,0,33.33333333333333,Mumbai Indians,0.0,0.0,0.0,0.0,0,0.0,0.0,0.0,0.0,0.0,0.0,0.0,15.025706888703784,-14.025706888703784,14.025706888703784
1473482,2025-04-27,2025,1,Mumbai Indians,Lucknow Super Giants,HH Pandya,5,7,0,0,71.42857142857143,Lucknow Super Giants,21.0,233.33333333333334,19.397058823529413,141.26492955148657,136,20.8,16.9,25.571428571428573,3.0,1.0,1.8,1.2,24.08194832498435,-19.08194832498435,19.08194832498435
1473482,2025-04-27,2025,2,Lucknow Super Giants,Mumbai Indians,MR Marsh,34,23,3,2,147.82608695652172,Mumbai Indians,45.0,125.0,22.931818181818183,111.14855806487121,44,44.0,36.2,32.666666666666664,3.0,1.0,4.0,2.0,22.2215563715226,11.778443628477401,11.778443628477401
1473482,2025-04-27,2025,2,Lucknow Super Giants,Mumbai Indians,N Pooran,27,15,1,3,180.0,Mumbai Indians,9.0,180.0,25.85542168674699,144.70758517073494,83,35.2,45.2,21.7,2.0,0.0,2.8,3.0,27.28410667189416,-0.28410667189416117,0.28410667189416117
1473482,2025-04-27,2025,1,Mumbai Indians,Lucknow Super Giants,Naman Dhir,25,11,2,2,227.27272727272728,Lucknow Super Giants,0.0,0.0,20.76923076923077,148.54470148587797,13,22.6,22.0,54.0,0.0,0.0,2.4,1.2,19.22325650641821,5.77674349358179,5.77674349358179
1473482,2025-04-27,2025,2,Lucknow Super Giants,Mumbai Indians,Prince Yadav,4,9,0,0,44.44444444444444,Mumbai Indians,0.0,0.0,0.0,0.0,0,0.0,0.0,0.0,0.0,0.0,0.0,0.0,15.025706888703784,-11.025706888703784,11.025706888703784
1473482,2025-04-27,2025,1,Mumbai Indians,Lucknow Super Giants,RD Rickelton,58,32,6,4,181.25,Lucknow Super Giants,11.0,137.5,23.88888888888889,149.56731475152526,9,24.8,23.88888888888889,10.0,2.0,0.0,3.8,0.6,22.346241705425935,35.65375829457406,35.65375829457406
1473482,2025-04-27,2025,1,Mumbai Indians,Lucknow Super Giants,RG Sharma,12,5,0,2,240.0,Lucknow Super Giants,70.0,152.17391304347828,26.376923076923077,113.39101784317536,260,41.4,31.5,27.5,8.0,3.0,3.2,2.8,22.81720612669297,-10.81720612669297,10.81720612669297
1473482,2025-04-27,2025,2,Lucknow Super Giants,Mumbai Indians,RR Pant,4,2,1,0,200.0,Mumbai Indians,0.0,0.0,28.123966942148762,129.57570391161275,121,17.8,15.4,23.764705882352942,0.0,0.0,1.6,0.8,29.203850705048243,-25.203850705048243,25.203850705048243
1473482,2025-04-27,2025,2,Lucknow Super Giants,Mumbai Indians,Ravi Bishnoi,13,14,0,2,92.85714285714286,Mumbai Indians,0.0,0.0,2.1333333333333333,68.49206349206348,15,1.4,2.1,2.0,0.0,0.0,0.0,0.0,2.0681212774506657,10.931878722549335,10.931878722549335
1473482,2025-04-27,2025,1,Mumbai Indians,Lucknow Super Giants,SA Yadav,54,28,4,4,192.85714285714286,Lucknow Super Giants,40.0,210.52631578947367,27.358620689655172,136.49708952125454,145,40.4,37.3,23.0,5.0,2.0,4.6,2.2,23.709857229595464,30.290142770404536,30.290142770404536
1473482,2025-04-27,2025,1,Mumbai Indians,Lucknow Super Giants,Tilak Varma,6,5,1,0,120.0,Lucknow Super Giants,2.0,100.0,30.866666666666667,138.59531793942008,45,32.6,30.6,24.4,0.0,0.0,2.8,1.4,27.257631789144106,-21.257631789144106,21.257631789144106
1473482,2025-04-27,2025,1,Mumbai Indians,Lucknow Super Giants,WG Jacks,29,21,3,1,138.0952380952381,Lucknow Super Giants,22.0,115.78947368421053,22.866666666666667,129.47856834033036,15,17.2,16.7,5.0,2.0,1.0,1.4,0.8,19.87505771708884,9.12494228291116,9.12494228291116
1473483,2025-04-27,2025,1,Delhi Capitals,Royal Challengers Bengaluru,AR Patel,15,13,1,1,115.38461538461537,Royal Challengers Bengaluru,34.0,170.0,15.352941176470589,128.60417278816706,119,26.2,26.0,36.0,1.0,4.0,2.0,1.6,26.289278156966674,-11.289278156966674,11.289278156966674
1473483,2025-04-27,2025,1,Delhi Capitals,Royal Challengers Bengaluru,Abishek Porel,28,11,2,2,254.54545454545453,Royal Challengers Bengaluru,51.0,141.66666666666669,24.375,134.13263674755612,24,31.6,28.5,4.5,5.0,1.0,3.4,0.8,22.54460871218767,5.455391287812329,5.455391287812329
1473483,2025-04-27,2025,1,Delhi Capitals,Royal Challengers Bengaluru,Ashutosh Sharma,2,3,0,0,66.66666666666666,Royal Challengers Bengaluru,37.0,194.73684210526315,23.214285714285715,147.95826807220922,14,27.2,16.9,8.0,2.0,3.0,2.2,1.6,19.347562736156544,-17.347562736156544,17.347562736156544
1473483,2025-04-27,2025,2,Royal Challengers Bengaluru,Delhi Capitals,D Padikkal,0,2,0,0,0.0,Delhi Capitals,50.0,185.1851851851852,24.84722222222222,107.00570082528827,72,37.8,24.3,22.125,4.0,3.0,3.4,2.2,24.872631434642738,-24.872631434642738,24.872631434642738
1473483,2025-04-27,2025,1,Delhi Capitals,Royal Challengers Bengaluru,F du Plessis,22,25,2,0,88.0,Royal Challengers Bengaluru,2.0,28.57142857142857,32.99290780141844,122.38413862801646,141,30.4,28.0,2.0,0.0,0.0,2.2,1.8,30.66416523700281,-8.664165237002809,8.664165237002809
1473483,2025-04-27,2025,2,Royal Challengers Bengaluru,Delhi Capitals,JG Bethell,12,6,1,1,200.0,Delhi Capitals,0.0,0.0,0.0,0.0,0,0.0,0.0,0.0,0.0,0.0,0.0,0.0,8.171494985502111,3.828505014497889,3.828505014497889
1473483,2025-04-27,2025,2,Royal Challengers Bengaluru,Delhi Capitals,KH Pandya,73,46,5,4,158.69565217391303,Delhi Capitals,1.0,50.0,15.054054054054054,120.23349906327378,111,7.2,9.9,14.692307692307692,0.0,0.0,0.6,0.2,11.805788809133599,61.1942111908664,61.1942111908664
1473483,2025-04-27,2025,1,Delhi Capitals,Royal Challengers Bengaluru,KK Nair,4,4,1,0,100.0,Royal Challengers Bengaluru,15.0,166.66666666666669,22.65277777777778,112.82857664797895,72,29.6,17.2,0.0,2.0,1.0,3.4,1.6,23.124730395921656,-19.124730395921656,19.124730395921656
1473483,2025-04-27,2025,1,Delhi Capitals,Royal Challengers Bengaluru,KL Rahul,41,39,3,0,105.12820512820514,Royal Challengers Bengaluru,57.0,135.71428571428572,38.02272727272727,125.99074256591358,132,29.0,39.0,56.5,3.0,3.0,2.2,1.2,46.02632365957403,-5.026323659574032,5.026323659574032
1473483,2025-04-27,2025,1,Delhi Capitals,Royal Challengers Bengaluru,PVD Chameera,0,1,0,0,0.0,Royal Challengers Bengaluru,11.0,275.0,6.142857142857143,109.14965986394557,7,5.8,6.142857142857143,0.0,1.0,1.0,0.2,0.6,7.611965811331388,-7.611965811331388,7.611965811331388
1473483,2025-04-27,2025,2,Royal Challengers Bengaluru,Delhi Capitals,RM Patidar,6,6,1,0,100.0,Delhi Capitals,1.0,33.33333333333333,31.90625,137.27707807547452,32,25.0,29.7,36.0,0.0,0.0,1.6,1.2,25.807251627331272,-19.807251627331272,19.807251627331272
1473483,2025-04-27,2025,1,Delhi Capitals,Royal Challengers Bengaluru,T Stubbs,34,18,5,1,188.88888888888889,Royal Challengers Bengaluru,31.0,147.61904761904762,23.76,159.4594917315815,25,22.0,24.9,20.5,2.0,1.0,1.6,1.0,18.979201488408226,15.020798511591774,15.020798511591774
1473483,2025-04-27,2025,2,Royal Challengers Bengaluru,Delhi Capitals,TH David,19,4,3,1,475.0,Delhi Capitals,23.0,153.33333333333334,20.097560975609756,152.40509888644752,41,28.6,26.1,29.666666666666668,2.0,1.0,2.4,2.0,22.637453072939305,-3.637453072939305,3.637453072939305
1473483,2025-04-27,2025,2,Royal Challengers Bengaluru,Delhi Capitals,V Kohli,51,47,4,0,108.51063829787233,Delhi Capitals,70.0,166.66666666666669,32.96470588235294,119.34047354315273,255,45.6,42.5,28.90909090909091,8.0,2.0,4.0,1.4,25.932600390099598,25.067399609900402,25.067399609900402
1473483,2025-04-27,2025,1,Delhi Capitals,Royal Challengers Bengaluru,V Nigam,12,6,1,1,200.0,Royal Challengers Bengaluru,0.0,0.0,13.5,121.25,4,13.5,13.5,0.0,0.0,0.0,1.5,0.75,16.345079212873078,-4.3450792128730775,4.3450792128730775
1473484,2025-04-28,2025,1,Gujarat Titans,Rajasthan Royals,B Sai Sudharsan,39,30,4,1,130.0,Rajasthan Royals,52.0,144.44444444444443,43.96969696969697,136.78195031534645,33,46.2,52.6,45.666666666666664,6.0,1.0,5.2,1.2,28.996815266548147,10.003184733451853,10.003184733451853
1473484,2025-04-28,2025,1,Gujarat Titans,Rajasthan Royals,JC Buttler,50,26,3,4,192.30769230769232,Rajasthan Royals,41.0,178.26086956521738,34.25217391304348,128.32949902298867,115,38.0,39.6,36.0,8.0,0.0,5.2,0.8,33.16538121742727,16.834618782572733,16.834618782572733
1473484,2025-04-28,2025,1,Gujarat Titans,Rajasthan Royals,M Shahrukh Khan,5,2,1,0,250.0,Rajasthan Royals,11.0,220.00000000000003,14.904761904761905,152.85558426269057,42,14.6,18.6,21.6,0.0,1.0,0.8,1.2,11.13288360760846,-6.132883607608459,6.132883607608459
1473484,2025-04-28,2025,2,Rajasthan Royals,Gujarat Titans,N Rana,4,2,1,0,200.0,Gujarat Titans,28.0,127.27272727272727,25.818181818181817,122.81577866918632,110,18.4,23.7,13.0,3.0,1.0,2.0,0.8,27.007940326190955,-23.007940326190955,23.007940326190955
1473484,2025-04-28,2025,2,Rajasthan Royals,Gujarat Titans,R Parag,32,15,2,2,213.33333333333334,Gujarat Titans,22.0,220.00000000000003,20.75,127.32523999497161,68,20.6,23.8,21.142857142857142,2.0,2.0,2.0,1.0,20.505277786791453,11.494722213208547,11.494722213208547
1473484,2025-04-28,2025,1,Gujarat Titans,Rajasthan Royals,R Tewatia,9,4,0,1,225.0,Rajasthan Royals,0.0,0.0,15.057142857142857,134.31089315910378,70,8.2,14.8,15.666666666666666,0.0,0.0,0.6,0.8,13.78640904208859,-4.786409042088589,4.786409042088589
1473484,2025-04-28,2025,1,Gujarat Titans,Rajasthan Royals,Shubman Gill,84,50,5,4,168.0,Rajasthan Royals,90.0,166.66666666666669,32.90654205607477,123.3041852959909,107,44.0,41.1,31.857142857142858,10.0,3.0,5.2,0.8,29.968051599917477,54.03194840008253,54.03194840008253
1473484,2025-04-28,2025,2,Rajasthan Royals,Gujarat Titans,V Suryavanshi,101,38,7,11,265.7894736842105,Gujarat Titans,16.0,133.33333333333331,25.0,151.66666666666666,2,25.0,25.0,0.0,0.0,2.0,1.0,2.5,20.747681969134728,80.25231803086527,80.25231803086527
1473484,2025-04-28,2025,1,Gujarat Titans,Rajasthan Royals,Washington Sundar,13,8,0,1,162.5,Rajasthan Royals,2.0,66.66666666666666,10.725,106.66441950618449,40,16.8,14.5,25.333333333333332,0.0,0.0,1.8,0.4,14.454659673345159,-1.4546596733451587,1.4546596733451587
1473484,2025-04-28,2025,2,Rajasthan Royals,Gujarat Titans,YBK Jaiswal,70,40,9,2,175.0,Gujarat Titans,49.0,257.89473684210526,32.18032786885246,130.04911510084065,61,51.0,39.8,11.666666666666666,7.0,3.0,5.2,2.6,26.84810821491482,43.15189178508518,43.15189178508518
1473485,2025-04-29,2025,1,Kolkata Knight Riders,Delhi Capitals,A Raghuvanshi,44,31,3,2,141.93548387096774,Delhi Capitals,27.0,207.6923076923077,25.714285714285715,148.62648730821,14,29.0,24.5,54.0,3.0,1.0,3.4,1.0,20.990969581298614,23.009030418701386,23.009030418701386
1473485,2025-04-29,2025,1,Kolkata Knight Riders,Delhi Capitals,AD Russell,17,9,2,1,188.88888888888889,Delhi Capitals,21.0,140.0,22.90990990990991,150.31866056874642,111,10.2,12.2,30.22222222222222,3.0,1.0,1.0,0.8,23.309826756153495,-6.309826756153495,6.309826756153495
1473485,2025-04-29,2025,1,Kolkata Knight Riders,Delhi Capitals,AM Rahane,26,14,4,1,185.71428571428572,Delhi Capitals,50.0,138.88888888888889,27.446927374301676,106.78892340857988,179,37.2,30.5,36.2,5.0,1.0,3.2,1.8,23.703133425138823,2.296866574861177,2.296866574861177
1473485,2025-04-29,2025,2,Delhi Capitals,Kolkata Knight Riders,AR Patel,43,23,4,3,186.95652173913044,Kolkata Knight Riders,15.0,115.38461538461537,15.35,128.49400980980414,120,26.2,26.0,9.529411764705882,1.0,1.0,1.8,1.8,24.986171006958354,18.013828993041646,18.013828993041646
1473485,2025-04-29,2025,1,Kolkata Knight Riders,Delhi Capitals,AS Roy,0,1,0,0,0.0,Delhi Capitals,3.0,100.0,4.333333333333333,77.61904761904762,6,5.2,4.333333333333333,0.0,0.0,0.0,0.6,0.0,6.022801386699793,-6.022801386699793,6.022801386699793
1473485,2025-04-29,2025,2,Delhi Capitals,Kolkata Knight Riders,Abishek Porel,4,2,1,0,200.0,Kolkata Knight Riders,28.0,254.54545454545453,24.52,138.94914945947204,25,35.8,31.1,9.0,2.0,2.0,3.6,1.2,22.3636650055908,-18.3636650055908,18.3636650055908
1473485,2025-04-29,2025,2,Delhi Capitals,Kolkata Knight Riders,Ashutosh Sharma,7,6,0,1,116.66666666666667,Kolkata Knight Riders,2.0,66.66666666666666,21.8,142.5388279785064,15,14.4,16.8,0.0,0.0,0.0,1.2,0.6,18.585537502858717,-11.585537502858717,11.585537502858717
1473485,2025-04-29,2025,1,Kolkata Knight Riders,Delhi Capitals,CV Varun,1,1,0,0,100.0,Delhi Capitals,0.0,0.0,2.5,56.583333333333336,10,2.6,2.5,1.0,0.0,0.0,0.4,0.0,2.5938339663175753,-1.5938339663175753,1.5938339663175753
1473485,2025-04-29,2025,2,Delhi Capitals,Kolkata Knight Riders,F du Plessis,62,44,7,2,140.9090909090909,Kolkata Knight Riders,22.0,88.0,32.91549295774648,122.1419968066924,142,24.0,27.7,27.055555555555557,2.0,0.0,2.0,1.2,30.283206678174064,31.716793321825936,31.716793321825936
1473485,2025-04-29,2025,1,Kolkata Knight Riders,Delhi Capitals,Harshit Rana,0,1,0,0,0.0,Delhi Capitals,1.0,50.0,3.125,68.9484126984127,8,4.6,3.125,0.0,0.0,0.0,0.6,0.0,4.458386811748246,-4.458386811748246,4.458386811748246
1473485,2025-04-29,2025,2,Delhi Capitals,Kolkata Knight Riders,KK Nair,15,13,2,0,115.38461538461537,Kolkata Knight Riders,4.0,100.0,22.397260273972602,112.65284272129429,73,27.8,17.1,18.7,1.0,0.0,3.4,1.6,22.632926138503844,-7.632926138503844,7.632926138503844
1473485,2025-04-29,2025,2,Delhi Capitals,Kolkata Knight Riders,KL Rahul,7,5,1,0,140.0,Kolkata Knight Riders,41.0,105.12820512820514,38.045112781954884,125.83388138217143,133,34.2,42.6,36.785714285714285,3.0,0.0,2.6,1.2,46.66960186105842,-39.66960186105842,39.66960186105842
1473485,2025-04-29,2025,2,Delhi Capitals,Kolkata Knight Riders,Kuldeep Yadav,1,1,0,0,100.0,Kolkata Knight Riders,4.0,400.0,5.514285714285714,85.87235379981952,35,4.2,6.7,35.0,1.0,0.0,0.6,0.0,7.473717531353892,-6.473717531353892,6.473717531353892
1473485,2025-04-29,2025,2,Delhi Capitals,Kolkata Knight Riders,MA Starc,0,1,0,0,0.0,Kolkata Knight Riders,2.0,100.0,5.7894736842105265,90.91744707036132,19,1.4,1.6,12.0,0.0,0.0,0.0,0.0,7.443840701918137,-7.443840701918137,7.443840701918137
1473485,2025-04-29,2025,2,Delhi Capitals,Kolkata Knight Riders,PVD Chameera,2,3,0,0,66.66666666666666,Kolkata Knight Riders,0.0,0.0,5.375,95.50595238095238,8,5.6,5.375,0.0,0.0,0.0,0.2,0.6,6.836080870670994,-4.836080870670994,4.836080870670994
1473485,2025-04-29,2025,1,Kolkata Knight Riders,Delhi Capitals,R Powell,5,5,1,0,100.0,Delhi Capitals,6.0,50.0,16.363636363636363,119.12799210593329,22,13.2,11.0,13.0,0.0,0.0,1.4,0.6,16.46160861478615,-11.461608614786151,11.461608614786151
1473485,2025-04-29,2025,1,Kolkata Knight Riders,Delhi Capitals,RK Singh,36,25,3,1,144.0,Delhi Capitals,17.0,121.42857142857142,21.829787234042552,138.21911484867323,47,20.8,17.8,16.5,1.0,1.0,2.4,1.0,20.30090083749359,15.69909916250641,15.69909916250641
1473485,2025-04-29,2025,1,Kolkata Knight Riders,Delhi Capitals,Rahmanullah Gurbaz,26,12,5,1,216.66666666666666,Delhi Capitals,1.0,33.33333333333333,19.4,92.03852187863816,15,14.8,18.9,0.0,0.0,0.0,1.4,0.8,19.674107866337962,6.3258921336620375,6.3258921336620375
1473485,2025-04-29,2025,1,Kolkata Knight Riders,Delhi Capitals,SP Narine,27,16,2,2,168.75,Delhi Capitals,4.0,133.33333333333331,14.780701754385966,124.54128348122767,114,20.0,17.8,19.6,1.0,0.0,2.0,1.6,17.742228493246422,9.257771506753578,9.257771506753578
1473485,2025-04-29,2025,2,Delhi Capitals,Kolkata Knight Riders,T Stubbs,1,3,0,0,33.33333333333333,Kolkata Knight Riders,34.0,188.88888888888889,24.153846153846153,160.59139162224716,26,21.2,28.0,29.0,5.0,1.0,1.8,1.0,21.033156563811055,-20.033156563811055,20.033156563811055
1473485,2025-04-29,2025,2,Delhi Capitals,Kolkata Knight Riders,V Nigam,38,19,5,2,200.0,Kolkata Knight Riders,12.0,200.0,13.2,137.0,5,13.2,13.2,0.0,1.0,1.0,1.4,0.8,14.925860001288841,23.07413999871116,23.07413999871116
1473485,2025-04-29,2025,1,Kolkata Knight Riders,Delhi Capitals,VR Iyer,7,5,1,0,140.0,Delhi Capitals,14.0,73.68421052631578,26.563636363636363,124.84028304593117,55,25.8,28.1,17.714285714285715,0.0,0.0,2.6,0.8,26.16444987271347,-19.16444987271347,19.16444987271347
1473486,2025-04-30,2025,1,Chennai Super Kings,Punjab Kings,A Kamboj,0,1,0,0,0.0,Punjab Kings,2.0,50.0,2.3333333333333335,83.33333333333333,3,2.3333333333333335,2.3333333333333335,0.0,0.0,0.0,0.0,0.0,4.579955341630619,-4.579955341630619,4.579955341630619
1473486,2025-04-30,2025,1,Chennai Super Kings,Punjab Kings,A Mhatre,7,6,1,0,116.66666666666667,Punjab Kings,30.0,157.89473684210526,31.0,185.6140350877193,2,31.0,31.0,0.0,6.0,0.0,5.0,1.0,19.80123084109634,-12.801230841096341,12.801230841096341
1473486,2025-04-30,2025,1,Chennai Super Kings,Punjab Kings,D Brevis,32,26,2,1,123.07692307692308,Punjab Kings,42.0,168.0,24.727272727272727,117.55791736174511,11,29.6,24.3,49.0,1.0,4.0,1.0,2.4,23.74570990467503,8.254290095324968,8.254290095324968
1473486,2025-04-30,2025,1,Chennai Super Kings,Punjab Kings,DJ Hooda,2,2,0,0,100.0,Punjab Kings,22.0,110.00000000000001,14.801980198019802,115.82458461801836,101,8.0,13.0,15.666666666666666,1.0,1.0,0.6,0.2,12.338597721387918,-10.338597721387918,10.338597721387918
1473486,2025-04-30,2025,2,Punjab Kings,Chennai Super Kings,JP Inglis,6,6,1,0,100.0,Chennai Super Kings,11.0,183.33333333333331,14.0,117.40196078431373,4,14.0,14.0,0.0,2.0,0.0,1.5,0.25,17.251578301106836,-11.251578301106836,11.251578301106836
1473486,2025-04-30,2025,2,Punjab Kings,Chennai Super Kings,M Jansen,4,2,1,0,200.0,Chennai Super Kings,3.0,42.857142857142854,7.611111111111111,88.00429103060681,18,13.6,9.5,25.5,0.0,0.0,0.4,0.8,9.26635810035635,-5.266358100356349,5.266358100356349
1473486,2025-04-30,2025,1,Chennai Super Kings,Punjab Kings,MS Dhoni,11,4,1,1,275.0,Punjab Kings,6.0,60.0,22.713080168776372,132.3900894908222,237,12.8,16.5,14.428571428571429,1.0,0.0,1.2,0.8,18.473070981237814,-7.473070981237814,7.473070981237814
1473486,2025-04-30,2025,2,Punjab Kings,Chennai Super Kings,N Wadhera,5,3,1,0,166.66666666666669,Chennai Super Kings,5.0,83.33333333333334,23.434782608695652,133.59488418888625,23,16.8,19.9,36.5,0.0,0.0,1.4,1.0,21.014091611160573,-16.014091611160573,16.014091611160573
1473486,2025-04-30,2025,1,Chennai Super Kings,Punjab Kings,Noor Ahmad,0,1,0,0,0.0,Punjab Kings,2.0,66.66666666666666,2.0,58.34821428571428,8,1.6,2.0,0.0,0.0,0.0,0.2,0.0,3.3500559344234224,-3.3500559344234224,3.3500559344234224
1473486,2025-04-30,2025,2,Punjab Kings,Chennai Super Kings,P Simran Singh,54,36,5,3,150.0,Chennai Super Kings,83.0,172.91666666666669,24.372093023255815,128.99643115498955,43,40.2,36.3,21.25,6.0,6.0,4.4,2.2,26.668898917591882,27.331101082408118,27.331101082408118
1473486,2025-04-30,2025,2,Punjab Kings,Chennai Super Kings,Priyansh Arya,23,15,5,0,153.33333333333334,Chennai Super Kings,69.0,197.14285714285717,35.888888888888886,165.99741185460522,9,33.0,35.888888888888886,103.0,8.0,4.0,3.4,2.2,26.3850549924108,-3.385054992410801,3.385054992410801
1473486,2025-04-30,2025,1,Chennai Super Kings,Punjab Kings,RA Jadeja,17,12,4,0,141.66666666666669,Punjab Kings,21.0,123.52941176470588,16.534391534391535,131.19676430531533,189,18.0,20.8,14.571428571428571,1.0,1.0,1.0,0.8,16.770490937555916,0.22950906244408387,0.22950906244408387
1473486,2025-04-30,2025,1,Chennai Super Kings,Punjab Kings,S Dube,6,6,1,0,100.0,Punjab Kings,12.0,133.33333333333331,24.914285714285715,127.3513749674719,70,35.6,24.9,22.571428571428573,2.0,0.0,2.6,1.6,25.77873242227239,-19.77873242227239,19.77873242227239
1473486,2025-04-30,2025,1,Chennai Super Kings,Punjab Kings,SK Rasheed,11,12,1,1,91.66666666666666,Punjab Kings,0.0,0.0,15.333333333333334,79.03508771929825,3,15.333333333333334,15.333333333333334,0.0,0.0,0.0,2.3333333333333335,0.0,19.33949380162288,-8.33949380162288,8.33949380162288
1473486,2025-04-30,2025,1,Chennai Super Kings,Punjab Kings,SM Curran,88,46,9,4,191.30434782608697,Punjab Kings,9.0,100.0,17.725490196078432,123.27334935939359,51,21.2,17.1,5.0,1.0,0.0,1.6,0.6,20.414809480677405,67.5851905193226,67.5851905193226
1473486,2025-04-30,2025,2,Punjab Kings,Chennai Super Kings,SS Iyer,72,41,5,4,175.609756097561,Chennai Super Kings,25.0,156.25,27.572580645161292,116.29995958988466,124,24.0,29.4,21.357142857142858,1.0,1.0,1.6,1.4,26.852435654295213,45.14756434570479,45.14756434570479
1473486,2025-04-30,2025,2,Punjab Kings,Chennai Super Kings,Shashank Singh,23,12,1,2,191.66666666666669,Chennai Super Kings,31.0,93.93939393939394,22.346153846153847,134.18147826488686,26,20.8,19.7,29.75,1.0,0.0,0.8,0.8,20.47110647971626,2.5288935202837415,2.5288935202837415
1473486,2025-04-30,2025,2,Punjab Kings,Chennai Super Kings,Suryansh Shedge,1,3,0,0,33.33333333333333,Chennai Super Kings,4.0,100.0,3.0,75.0,2,3.0,3.0,0.0,0.0,0.0,0.0,0.0,4.9392155270850235,-3.9392155270850235,3.9392155270850235
1473487,2025-05-01,2025,2,Rajasthan Royals,Mumbai Indians,Akash Madhwal,4,9,0,0,44.44444444444444,Mumbai Indians,4.0,80.0,4.0,80.0,1,4.0,4.0,0.0,0.0,0.0,0.0,0.0,8.924638519201814,-4.924638519201814,4.924638519201814
1473487,2025-05-01,2025,2,Rajasthan Royals,Mumbai Indians,Dhruv Jurel,11,11,0,1,100.0,Mumbai Indians,47.0,138.23529411764704,18.870967741935484,129.8298678560208,31,23.8,29.4,2.0,3.0,3.0,1.2,1.4,22.33378987622722,-11.333789876227218,11.333789876227218
1473487,2025-05-01,2025,1,Mumbai Indians,Rajasthan Royals,HH Pandya,48,23,6,1,208.69565217391303,Rajasthan Royals,5.0,71.42857142857143,19.291970802919707,140.7551751126332,137,19.6,12.8,32.714285714285715,0.0,0.0,1.6,1.2,24.258994383834192,23.741005616165808,23.741005616165808
1473487,2025-05-01,2025,2,Rajasthan Royals,Mumbai Indians,JC Archer,30,27,2,2,111.11111111111111,Mumbai Indians,0.0,0.0,7.857142857142857,125.45686456400742,28,4.2,4.9,16.0,0.0,0.0,0.0,0.4,8.315846011507944,21.684153988492056,21.684153988492056
1473487,2025-05-01,2025,2,Rajasthan Royals,Mumbai Indians,K Kartikeya,2,4,0,0,50.0,Mumbai Indians,1.0,100.0,3.3333333333333335,81.90476190476191,3,3.3333333333333335,3.3333333333333335,0.0,0.0,0.0,0.3333333333333333,0.0,5.212406869703448,-3.2124068697034476,3.2124068697034476
1473487,2025-05-01,2025,2,Rajasthan Royals,Mumbai Indians,M Theekshana,2,9,0,0,22.22222222222222,Mumbai Indians,5.0,38.46153846153847,3.0,72.6923076923077,5,3.0,3.0,0.0,0.0,0.0,0.0,0.2,5.3310186328060345,-3.3310186328060345,3.3310186328060345
1473487,2025-05-01,2025,2,Rajasthan Royals,Mumbai Indians,N Rana,9,11,2,0,81.81818181818183,Mumbai Indians,4.0,200.0,25.62162162162162,123.51113201450896,111,19.0,20.8,23.454545454545453,1.0,0.0,2.2,0.8,26.435588123598798,-17.435588123598798,17.435588123598798
1473487,2025-05-01,2025,2,Rajasthan Royals,Mumbai Indians,R Parag,16,8,3,0,200.0,Mumbai Indians,32.0,213.33333333333334,20.91304347826087,128.5717341013247,69,21.0,26.6,22.6,2.0,2.0,1.8,1.2,20.28050160907873,-4.28050160907873,4.28050160907873
1473487,2025-05-01,2025,1,Mumbai Indians,Rajasthan Royals,RD Rickelton,61,38,7,3,160.5263157894737,Rajasthan Royals,58.0,181.25,27.3,152.73558327637275,10,33.0,27.3,0.0,6.0,4.0,4.2,1.4,21.024423578121233,39.97557642187877,39.97557642187877
1473487,2025-05-01,2025,1,Mumbai Indians,Rajasthan Royals,RG Sharma,53,36,9,0,147.22222222222223,Rajasthan Royals,12.0,240.0,26.32183908045977,113.8761097288337,261,40.4,30.8,19.535714285714285,0.0,2.0,2.8,3.0,25.14269120167487,27.85730879832513,27.85730879832513
1473487,2025-05-01,2025,1,Mumbai Indians,Rajasthan Royals,SA Yadav,48,23,4,3,208.69565217391303,Rajasthan Royals,54.0,192.85714285714286,27.541095890410958,136.88311728382914,146,45.6,42.7,30.933333333333334,4.0,4.0,4.4,3.0,22.223116385339093,25.776883614660907,25.776883614660907
1473487,2025-05-01,2025,2,Rajasthan Royals,Mumbai Indians,SB Dubey,15,9,2,1,166.66666666666669,Mumbai Indians,12.0,171.42857142857142,11.5,132.67857142857142,8,11.8,11.5,8.0,1.0,1.0,0.6,1.0,11.932069879118105,3.067930120881895,3.067930120881895
1473487,2025-05-01,2025,2,Rajasthan Royals,Mumbai Indians,SO Hetmyer,0,1,0,0,0.0,Mumbai Indians,11.0,137.5,19.14666666666667,138.94479573611753,75,10.6,19.3,12.375,1.0,0.0,1.2,0.0,19.03151156128567,-19.03151156128567,19.03151156128567
1473487,2025-05-01,2025,2,Rajasthan Royals,Mumbai Indians,V Suryavanshi,0,2,0,0,0.0,Mumbai Indians,101.0,265.7894736842105,50.333333333333336,189.7076023391813,3,50.333333333333336,50.333333333333336,0.0,7.0,11.0,3.0,5.333333333333333,18.156652415049482,-18.156652415049482,18.156652415049482
1473487,2025-05-01,2025,2,Rajasthan Royals,Mumbai Indians,YBK Jaiswal,13,6,0,2,216.66666666666666,Mumbai Indians,70.0,175.0,32.79032258064516,130.77412937340773,62,63.8,42.6,40.42857142857143,9.0,2.0,6.8,3.0,31.202132832061004,-18.202132832061004,18.202132832061004
1473488,2025-05-02,2025,2,Sunrisers Hyderabad,Gujarat Titans,Abhishek Sharma,74,41,4,6,180.4878048780488,Gujarat Titans,0.0,0.0,23.1,134.81600875741526,70,41.4,24.2,31.8,0.0,0.0,5.0,2.2,24.72986974187893,49.27013025812107,49.27013025812107
1473488,2025-05-02,2025,2,Sunrisers Hyderabad,Gujarat Titans,Aniket Verma,3,7,0,0,42.857142857142854,Gujarat Titans,19.0,100.0,23.75,166.25374117752168,8,14.6,23.75,18.0,0.0,2.0,0.8,0.8,18.817702929017372,-15.817702929017372,15.817702929017372
1473488,2025-05-02,2025,1,Gujarat Titans,Sunrisers Hyderabad,B Sai Sudharsan,48,23,9,0,208.69565217391303,Sunrisers Hyderabad,39.0,130.0,43.8235294117647,136.5824811884245,34,53.0,55.9,27.0,4.0,1.0,6.0,1.4,32.60435383411963,15.395646165880372,15.395646165880372
1473488,2025-05-02,2025,2,Sunrisers Hyderabad,Gujarat Titans,H Klaasen,23,18,1,1,127.77777777777777,Gujarat Titans,7.0,87.5,31.24390243902439,158.72015681975634,41,32.6,30.4,38.333333333333336,1.0,0.0,3.4,1.2,23.47096102796143,-0.4709610279614296,0.4709610279614296
1473488,2025-05-02,2025,2,Sunrisers Hyderabad,Gujarat Titans,Ishan Kishan,13,17,0,0,76.47058823529412,Gujarat Titans,44.0,129.41176470588235,26.175925925925927,116.0701496349713,108,14.6,19.7,21.2,5.0,1.0,1.6,0.2,30.409160328855407,-17.409160328855407,17.409160328855407
1473488,2025-05-02,2025,1,Gujarat Titans,Sunrisers Hyderabad,JC Buttler,64,37,3,4,172.97297297297297,Sunrisers Hyderabad,50.0,192.30769230769232,34.38793103448276,128.88103517199477,116,48.0,42.7,27.214285714285715,3.0,4.0,5.8,1.6,33.11024842710778,30.889751572892223,30.889751572892223
1473488,2025-05-02,2025,1,Gujarat Titans,Sunrisers Hyderabad,M Shahrukh Khan,6,2,0,1,300.0,Sunrisers Hyderabad,5.0,250.0,14.674418604651162,155.11475672169777,43,14.4,18.3,17.75,1.0,0.0,1.0,1.0,11.91692583182521,-5.9169258318252105,5.9169258318252105
1473488,2025-05-02,2025,2,Sunrisers Hyderabad,Gujarat Titans,Nithish Kumar Reddy,21,10,1,2,210.0,Gujarat Titans,19.0,158.33333333333331,23.94736842105263,117.45091752522093,19,18.0,17.0,31.0,2.0,0.0,1.6,0.2,23.797359372124752,-2.7973593721247525,2.7973593721247525
1473488,2025-05-02,2025,2,Sunrisers Hyderabad,Gujarat Titans,PHKD Mendis,0,1,0,0,0.0,Gujarat Titans,32.0,152.38095238095238,20.0,102.46031746031747,3,20.0,20.0,1.0,3.0,0.0,1.3333333333333333,0.6666666666666666,17.566459103925716,-17.566459103925716,17.566459103925716
1473488,2025-05-02,2025,2,Sunrisers Hyderabad,Gujarat Titans,PJ Cummins,19,10,1,1,190.0,Gujarat Titans,1.0,50.0,12.608695652173912,128.5078871618951,46,9.4,12.4,12.0,0.0,0.0,1.0,0.4,13.684964395533019,5.315035604466981,5.315035604466981
1473488,2025-05-02,2025,1,Gujarat Titans,Sunrisers Hyderabad,R Tewatia,6,3,0,1,200.0,Sunrisers Hyderabad,9.0,225.0,14.971830985915492,135.58820452306009,71,8.8,13.5,14.428571428571429,0.0,1.0,0.6,0.8,12.545370431009099,-6.545370431009099,6.545370431009099
1473488,2025-05-02,2025,1,Gujarat Titans,Sunrisers Hyderabad,Rashid Khan,0,1,0,0,0.0,Sunrisers Hyderabad,4.0,200.0,9.295081967213115,125.53112984465443,61,12.2,12.0,10.333333333333334,0.0,0.0,1.2,0.8,9.296074012530624,-9.296074012530624,9.296074012530624
1473488,2025-05-02,2025,1,Gujarat Titans,Sunrisers Hyderabad,Shubman Gill,76,38,10,2,200.0,Sunrisers Hyderabad,84.0,168.0,33.379629629629626,123.71803543213913,108,48.6,49.3,35.30769230769231,5.0,4.0,4.4,1.6,31.973871614275904,44.02612838572409,44.02612838572409
1473488,2025-05-02,2025,2,Sunrisers Hyderabad,Gujarat Titans,TM Head,20,16,4,0,125.0,Gujarat Titans,19.0,118.75,30.38235294117647,134.28903766798373,34,24.2,26.1,13.5,4.0,0.0,3.6,0.6,26.293808251201416,-6.2938082512014155,6.2938082512014155
1473488,2025-05-02,2025,1,Gujarat Titans,Sunrisers Hyderabad,Washington Sundar,21,16,0,1,131.25,Sunrisers Hyderabad,13.0,162.5,10.78048780487805,108.0262629328629,41,17.6,14.9,14.0,0.0,1.0,1.6,0.6,15.815995092342291,5.184004907657709,5.184004907657709
1473489,2025-05-03,2025,2,Chennai Super Kings,Royal Challengers Bengaluru,A Mhatre,94,48,9,5,195.83333333333331,Royal Challengers Bengaluru,7.0,116.66666666666667,23.0,162.6315789473684,3,23.0,23.0,0.0,1.0,0.0,3.6666666666666665,0.6666666666666666,20.16100489571818,73.83899510428182,73.83899510428182
1473489,2025-05-03,2025,2,Chennai Super Kings,Royal Challengers Bengaluru,D Brevis,0,1,0,0,0.0,Royal Challengers Bengaluru,32.0,123.07692307692308,25.333333333333332,118.01783450467661,12,28.6,26.7,0.0,2.0,1.0,1.2,2.0,23.48714245734616,-23.48714245734616,23.48714245734616
1473489,2025-05-03,2025,1,Royal Challengers Bengaluru,Chennai Super Kings,D Padikkal,17,15,1,1,113.33333333333333,Chennai Super Kings,0.0,0.0,24.506849315068493,105.53986930713364,73,30.4,23.0,29.666666666666668,0.0,0.0,3.0,1.6,25.295040103402105,-8.295040103402105,8.295040103402105
1473489,2025-05-03,2025,1,Royal Challengers Bengaluru,Chennai Super Kings,JG Bethell,55,33,8,2,166.66666666666669,Chennai Super Kings,12.0,200.0,12.0,200.0,1,12.0,12.0,0.0,1.0,1.0,1.0,1.0,7.948775657209559,47.05122434279044,47.05122434279044
1473489,2025-05-03,2025,1,Royal Challengers Bengaluru,Chennai Super Kings,JM Sharma,7,8,1,0,87.5,Chennai Super Kings,20.0,200.0,19.790697674418606,144.02588976931122,43,15.2,18.0,14.75,4.0,0.0,1.2,1.0,19.78166483569946,-12.781664835699459,12.781664835699459
1473489,2025-05-03,2025,2,Chennai Super Kings,Royal Challengers Bengaluru,MS Dhoni,12,8,0,1,150.0,Royal Challengers Bengaluru,11.0,275.0,22.66386554621849,132.98929079548262,238,9.6,15.1,27.5,1.0,1.0,1.2,0.4,20.837003520123904,-8.837003520123904,8.837003520123904
1473489,2025-05-03,2025,1,Royal Challengers Bengaluru,Chennai Super Kings,R Shepherd,53,13,4,6,407.6923076923077,Chennai Super Kings,1.0,100.0,12.777777777777779,139.8941798941799,9,11.4,12.777777777777779,1.0,0.0,0.0,1.0,1.0,11.114648585667133,41.88535141433287,41.88535141433287
1473489,2025-05-03,2025,2,Chennai Super Kings,Royal Challengers Bengaluru,RA Jadeja,77,45,8,2,171.11111111111111,Royal Challengers Bengaluru,17.0,141.66666666666669,16.53684210526316,131.2518690545856,190,19.6,18.3,30.666666666666668,4.0,0.0,1.8,0.6,16.095854770979955,60.904145229020045,60.904145229020045
1473489,2025-05-03,2025,1,Royal Challengers Bengaluru,Chennai Super Kings,RM Patidar,11,15,1,0,73.33333333333333,Chennai Super Kings,6.0,100.0,31.12121212121212,136.147469648945,33,13.4,26.2,28.25,1.0,0.0,0.8,0.4,27.51319226325883,-16.51319226325883,16.51319226325883
1473489,2025-05-03,2025,2,Chennai Super Kings,Royal Challengers Bengaluru,S Dube,8,2,0,1,400.0,Royal Challengers Bengaluru,6.0,100.0,24.64788732394366,126.96614433412722,71,28.4,24.8,20.0,1.0,0.0,2.2,1.2,23.70368387481812,-15.703683874818118,15.703683874818118
1473489,2025-05-03,2025,2,Chennai Super Kings,Royal Challengers Bengaluru,SK Rasheed,14,11,1,1,127.27272727272727,Royal Challengers Bengaluru,11.0,91.66666666666666,14.25,82.19298245614036,4,14.25,14.25,0.0,1.0,1.0,2.0,0.25,17.655579533738948,-3.6555795337389476,3.6555795337389476
1473489,2025-05-03,2025,2,Chennai Super Kings,Royal Challengers Bengaluru,SM Curran,5,5,1,0,100.0,Royal Challengers Bengaluru,88.0,191.30434782608697,19.076923076923077,124.58163779144539,52,34.4,25.3,17.666666666666668,9.0,4.0,3.0,1.4,22.972905222906597,-17.972905222906597,17.972905222906597
1473489,2025-05-03,2025,1,Royal Challengers Bengaluru,Chennai Super Kings,TH David,2,3,0,0,66.66666666666666,Chennai Super Kings,19.0,475.0,20.071428571428573,160.08592986534163,42,26.0,24.3,14.166666666666666,3.0,1.0,2.4,1.8,18.69135720124085,-16.69135720124085,16.69135720124085
1473489,2025-05-03,2025,1,Royal Challengers Bengaluru,Chennai Super Kings,V Kohli,62,33,5,5,187.87878787878788,Chennai Super Kings,51.0,108.51063829787233,33.03515625,119.29816949922585,256,51.4,44.3,32.84848484848485,4.0,0.0,4.6,1.0,26.107324931556352,35.89267506844365,35.89267506844365
1473490,2025-05-04,2025,1,Kolkata Knight Riders,Rajasthan Royals,A Raghuvanshi,44,31,5,0,141.93548387096774,Rajasthan Royals,44.0,141.93548387096774,26.933333333333334,148.18042041239383,15,32.6,28.6,26.0,3.0,2.0,3.4,1.2,20.012429558858205,23.987570441141795,23.987570441141795
1473490,2025-05-04,2025,1,Kolkata Knight Riders,Rajasthan Royals,AD Russell,57,25,4,6,227.99999999999997,Rajasthan Royals,17.0,188.88888888888889,22.857142857142858,150.66303760731915,112,12.6,11.5,16.666666666666668,2.0,1.0,1.2,1.0,25.19830899828707,31.80169100171293,31.80169100171293
1473490,2025-05-04,2025,1,Kolkata Knight Riders,Rajasthan Royals,AM Rahane,30,24,1,2,125.0,Rajasthan Royals,26.0,185.71428571428572,27.43888888888889,107.22739764361158,180,34.8,33.0,12.833333333333334,4.0,1.0,3.8,1.2,25.388239841835382,4.611760158164618,4.611760158164618
1473490,2025-05-04,2025,2,Rajasthan Royals,Kolkata Knight Riders,Dhruv Jurel,0,1,0,0,0.0,Kolkata Knight Riders,11.0,100.0,18.625,128.89768448552016,32,25.0,24.9,17.5,0.0,1.0,1.0,1.6,19.18168639081882,-19.18168639081882,19.18168639081882
1473490,2025-05-04,2025,2,Rajasthan Royals,Kolkata Knight Riders,JC Archer,12,8,1,0,150.0,Kolkata Knight Riders,30.0,111.11111111111111,8.620689655172415,124.96218341045928,29,10.0,7.7,12.2,2.0,2.0,0.4,0.8,9.868291890362684,2.131708109637316,2.131708109637316
1473490,2025-05-04,2025,2,Rajasthan Royals,Kolkata Knight Riders,KS Rathore,0,5,0,0,0.0,Kolkata Knight Riders,0.0,0.0,0.0,0.0,0,0.0,0.0,0.0,0.0,0.0,0.0,0.0,8.458419271526058,-8.458419271526058,8.458419271526058
1473490,2025-05-04,2025,2,Rajasthan Royals,Kolkata Knight Riders,PWH de Silva,0,2,0,0,0.0,Kolkata Knight Riders,1.0,33.33333333333333,4.764705882352941,86.4058902913392,17,5.8,4.3,3.25,0.0,0.0,0.6,0.0,5.409401777391228,-5.409401777391228,5.409401777391228
1473490,2025-05-04,2025,2,Rajasthan Royals,Kolkata Knight Riders,R Parag,95,44,6,8,215.9090909090909,Kolkata Knight Riders,16.0,200.0,20.84285714285714,129.5921378998772,70,22.6,25.7,18.714285714285715,3.0,0.0,2.2,1.2,19.613504569490015,75.38649543050998,75.38649543050998
1473490,2025-05-04,2025,1,Kolkata Knight Riders,Rajasthan Royals,RK Singh,19,6,1,2,316.66666666666663,Rajasthan Royals,36.0,144.0,22.125,138.33954995599254,48,21.6,20.5,20.25,3.0,1.0,2.2,1.0,18.881331032459975,0.11866896754002454,0.11866896754002454
1473490,2025-05-04,2025,1,Kolkata Knight Riders,Rajasthan Royals,Rahmanullah Gurbaz,35,25,4,1,140.0,Rajasthan Royals,26.0,216.66666666666666,19.8125,99.82778092788993,16,18.0,13.4,18.0,5.0,1.0,2.4,1.0,21.243594139383205,13.756405860616795,13.756405860616795
1473490,2025-05-04,2025,2,Rajasthan Royals,Kolkata Knight Riders,SB Dubey,25,14,1,2,178.57142857142858,Kolkata Knight Riders,15.0,166.66666666666669,11.88888888888889,136.45502645502646,9,8.0,11.88888888888889,9.0,2.0,1.0,0.8,0.4,12.03076588682013,12.96923411317987,12.96923411317987
1473490,2025-05-04,2025,2,Rajasthan Royals,Kolkata Knight Riders,SO Hetmyer,29,23,1,1,126.08695652173914,Kolkata Knight Riders,0.0,0.0,18.894736842105264,137.11657473958965,76,8.8,15.1,10.88888888888889,0.0,0.0,1.0,0.0,18.22794684948118,10.772053150518818,10.772053150518818
1473490,2025-05-04,2025,1,Kolkata Knight Riders,Rajasthan Royals,SP Narine,11,9,1,1,122.22222222222223,Rajasthan Royals,27.0,168.75,14.88695652173913,124.92570710313004,115,19.4,18.4,19.76923076923077,2.0,2.0,1.6,1.6,15.683339382781245,-4.683339382781245,4.683339382781245
1473490,2025-05-04,2025,2,Rajasthan Royals,Kolkata Knight Riders,V Suryavanshi,4,2,1,0,200.0,Kolkata Knight Riders,0.0,0.0,37.75,142.28070175438597,4,37.75,37.75,0.0,0.0,0.0,2.25,4.0,24.746285972800056,-20.746285972800056,20.746285972800056
1473490,2025-05-04,2025,2,Rajasthan Royals,Kolkata Knight Riders,YBK Jaiswal,34,21,5,1,161.9047619047619,Kolkata Knight Riders,13.0,216.66666666666666,32.476190476190474,132.13750298123722,63,51.4,43.8,33.6,0.0,2.0,4.8,3.0,29.801852675121918,4.198147324878082,4.198147324878082
1473491,2025-05-04,2025,2,Lucknow Super Giants,Punjab Kings,A Badoni,74,40,5,5,185.0,Punjab Kings,35.0,159.0909090909091,20.136363636363637,124.18705027946889,44,34.2,27.4,20.2,2.0,2.0,3.2,1.2,23.37610179160495,50.62389820839505,50.62389820839505
1473491,2025-05-04,2025,2,Lucknow Super Giants,Punjab Kings,AK Markram,13,10,1,1,130.0,Punjab Kings,9.0,81.81818181818183,25.576923076923077,119.09893783175131,52,38.2,33.5,25.4,2.0,0.0,3.8,1.4,28.21003665715221,-15.210036657152209,15.210036657152209
1473491,2025-05-04,2025,2,Lucknow Super Giants,Punjab Kings,Abdul Samad,45,24,2,4,187.5,Punjab Kings,2.0,50.0,14.16326530612245,138.6520192073478,49,11.2,11.9,16.0,0.0,0.0,0.0,1.2,12.656050232327939,32.34394976767206,32.34394976767206
1473491,2025-05-04,2025,2,Lucknow Super Giants,Punjab Kings,Avesh Khan,19,10,3,1,190.0,Punjab Kings,0.0,0.0,3.5833333333333335,135.27777777777777,12,2.4,3.4,1.6666666666666667,0.0,0.0,0.2,0.0,5.809484829892241,13.190515170107759,13.190515170107759
1473491,2025-05-04,2025,2,Lucknow Super Giants,Punjab Kings,DA Miller,11,8,0,1,137.5,Punjab Kings,24.0,150.0,23.05263157894737,124.98447328988058,133,11.2,15.8,11.4,3.0,0.0,0.8,0.0,25.492463325413784,-14.492463325413784,14.492463325413784
1473491,2025-05-04,2025,1,Punjab Kings,Lucknow Super Giants,JP Inglis,30,14,1,4,214.28571428571428,Lucknow Super Giants,6.0,100.0,12.4,113.92156862745098,5,12.4,12.4,0.0,1.0,0.0,1.4,0.2,19.355756042552635,10.644243957447365,10.644243957447365
1473491,2025-05-04,2025,1,Punjab Kings,Lucknow Super Giants,MP Stoinis,15,5,1,1,300.0,Lucknow Super Giants,1.0,50.0,20.56382978723404,120.75487883365098,94,9.4,13.9,0.0,0.0,0.0,0.2,1.0,19.847367146469185,-4.847367146469185,4.847367146469185
1473491,2025-05-04,2025,2,Lucknow Super Giants,Punjab Kings,MR Marsh,0,5,0,0,0.0,Punjab Kings,34.0,147.82608695652172,23.177777777777777,111.96361426246345,45,38.8,37.8,21.5,3.0,2.0,2.8,2.0,21.395673442214168,-21.395673442214168,21.395673442214168
1473491,2025-05-04,2025,2,Lucknow Super Giants,Punjab Kings,N Pooran,6,5,1,0,120.0,Punjab Kings,27.0,180.0,25.86904761904762,145.12773296632145,84,23.2,40.4,28.5,1.0,3.0,1.6,2.0,26.097756009297285,-20.097756009297285,20.097756009297285
1473491,2025-05-04,2025,1,Punjab Kings,Lucknow Super Giants,N Wadhera,16,9,2,1,177.77777777777777,Lucknow Super Giants,5.0,166.66666666666669,22.666666666666668,134.97287512546046,24,16.0,19.8,25.8,1.0,0.0,1.6,0.8,20.32749067061153,-4.327490670611532,4.327490670611532
1473491,2025-05-04,2025,1,Punjab Kings,Lucknow Super Giants,P Simran Singh,91,48,6,7,189.58333333333331,Lucknow Super Giants,54.0,150.0,25.045454545454547,129.47378499237615,44,42.6,34.6,25.25,5.0,3.0,4.0,2.6,26.49655030868909,64.5034496913109,64.5034496913109
1473491,2025-05-04,2025,2,Lucknow Super Giants,Punjab Kings,Prince Yadav,1,1,0,0,100.0,Punjab Kings,4.0,44.44444444444444,4.0,44.44444444444444,1,4.0,4.0,0.0,0.0,0.0,0.0,0.0,11.923378963054905,-10.923378963054905,10.923378963054905
1473491,2025-05-04,2025,1,Punjab Kings,Lucknow Super Giants,Priyansh Arya,1,4,0,0,25.0,Lucknow Super Giants,23.0,153.33333333333334,34.6,164.73100400247802,10,30.4,34.6,8.0,5.0,0.0,4.0,1.4,21.702080841610936,-20.702080841610936,20.702080841610936
1473491,2025-05-04,2025,2,Lucknow Super Giants,Punjab Kings,RR Pant,18,17,2,1,105.88235294117648,Punjab Kings,4.0,200.0,27.92622950819672,130.15295224020608,122,18.2,14.3,11.2,1.0,0.0,1.8,0.8,30.443182262494005,-12.443182262494005,12.443182262494005
1473491,2025-05-04,2025,1,Punjab Kings,Lucknow Super Giants,SS Iyer,45,25,4,2,180.0,Lucknow Super Giants,72.0,175.609756097561,27.928,116.77443796194606,125,22.0,36.0,33.8,5.0,4.0,1.4,1.0,27.613542908391175,17.386457091608825,17.386457091608825
1473491,2025-05-04,2025,1,Punjab Kings,Lucknow Super Giants,Shashank Singh,33,15,4,1,220.00000000000003,Lucknow Super Giants,23.0,191.66666666666669,22.37037037037037,136.31055931680464,27,15.0,18.3,9.0,1.0,2.0,0.6,0.6,18.837072010538666,14.162927989461334,14.162927989461334
1473492,2025-05-05,2025,1,Delhi Capitals,Sunrisers Hyderabad,AR Patel,6,7,1,0,85.71428571428571,Sunrisers Hyderabad,43.0,186.95652173913044,15.578512396694215,128.9771710654184,121,33.0,24.6,15.615384615384615,4.0,3.0,2.2,2.4,19.327379747404386,-13.327379747404386,13.327379747404386
1473492,2025-05-05,2025,1,Delhi Capitals,Sunrisers Hyderabad,Abishek Porel,8,10,1,0,80.0,Sunrisers Hyderabad,4.0,200.0,23.73076923076923,141.2972590956462,26,30.0,25.7,38.0,1.0,0.0,3.2,1.0,24.09047458023792,-16.09047458023792,16.09047458023792
1473492,2025-05-05,2025,1,Delhi Capitals,Sunrisers Hyderabad,Ashutosh Sharma,41,26,2,3,157.69230769230768,Sunrisers Hyderabad,7.0,116.66666666666667,20.875,140.92181789651642,16,15.6,17.2,17.5,0.0,1.0,1.2,0.8,17.801680576441907,23.198319423558093,23.198319423558093
1473492,2025-05-05,2025,1,Delhi Capitals,Sunrisers Hyderabad,F du Plessis,3,8,0,0,37.5,Sunrisers Hyderabad,62.0,140.9090909090909,33.11888111888112,122.2732352269889,143,33.0,31.5,32.68421052631579,7.0,2.0,3.0,1.4,26.83346943159566,-23.83346943159566,23.83346943159566
1473492,2025-05-05,2025,1,Delhi Capitals,Sunrisers Hyderabad,KK Nair,0,1,0,0,0.0,Sunrisers Hyderabad,15.0,115.38461538461537,22.2972972972973,112.68975856809593,74,13.0,18.5,24.5,2.0,0.0,1.4,0.6,22.215270068182516,-22.215270068182516,22.215270068182516
1473492,2025-05-05,2025,1,Delhi Capitals,Sunrisers Hyderabad,KL Rahul,10,14,1,0,71.42857142857143,Sunrisers Hyderabad,7.0,140.0,37.8134328358209,125.93959868528954,134,28.0,37.8,33.714285714285715,1.0,0.0,2.4,0.8,47.88091674430076,-37.88091674430076,37.88091674430076
1473492,2025-05-05,2025,1,Delhi Capitals,Sunrisers Hyderabad,MA Starc,1,1,0,0,100.0,Sunrisers Hyderabad,0.0,0.0,5.5,86.37157471684326,20,1.4,1.5,5.666666666666667,0.0,0.0,0.0,0.0,6.276112940893011,-5.276112940893011,5.276112940893011
1473492,2025-05-05,2025,1,Delhi Capitals,Sunrisers Hyderabad,T Stubbs,41,36,4,0,113.88888888888889,Sunrisers Hyderabad,1.0,33.33333333333333,23.296296296296298,155.87813020413924,27,21.2,22.4,11.0,0.0,0.0,1.8,1.0,18.1900230646753,22.8099769353247,22.8099769353247
1473492,2025-05-05,2025,1,Delhi Capitals,Sunrisers Hyderabad,V Nigam,18,17,1,1,105.88235294117648,Sunrisers Hyderabad,38.0,200.0,17.333333333333332,147.5,6,13.0,17.333333333333332,0.0,5.0,2.0,1.4,0.8,14.60277162663246,3.3972283733675397,3.3972283733675397
1473493,2025-05-06,2025,2,Gujarat Titans,Mumbai Indians,Arshad Khan,1,1,0,0,100.0,Mumbai Indians,1.0,100.0,13.857142857142858,95.34632034632035,7,16.0,13.857142857142858,0.0,0.0,0.0,1.0,1.0,14.610394845971681,-13.610394845971681,13.610394845971681
1473493,2025-05-06,2025,2,Gujarat Titans,Mumbai Indians,B Sai Sudharsan,5,5,1,0,100.0,Mumbai Indians,48.0,208.69565217391303,43.94285714285714,138.6428575022956,35,46.2,50.4,41.25,9.0,0.0,6.2,0.8,29.589562607727743,-24.589562607727743,24.589562607727743
1473493,2025-05-06,2025,1,Mumbai Indians,Gujarat Titans,C Bosch,27,22,1,2,122.72727272727273,Gujarat Titans,20.0,200.0,20.0,200.0,1,20.0,20.0,0.0,2.0,1.0,2.0,1.0,16.861579533434426,10.138420466565574,10.138420466565574
1473493,2025-05-06,2025,1,Mumbai Indians,Gujarat Titans,DL Chahar,8,8,1,0,100.0,Gujarat Titans,1.0,100.0,7.266666666666667,92.11111111111111,15,6.2,4.5,0.0,0.0,0.0,0.4,0.4,8.11226866154617,-0.11226866154616921,0.11226866154616921
1473493,2025-05-06,2025,2,Gujarat Titans,Mumbai Indians,G Coetzee,12,5,1,1,240.0,Mumbai Indians,8.0,114.28571428571428,2.8,48.41269841269841,5,2.8,2.8,0.0,0.0,1.0,0.0,0.2,4.278261252288761,7.721738747711239,7.721738747711239
1473493,2025-05-06,2025,1,Mumbai Indians,Gujarat Titans,HH Pandya,1,3,0,0,33.33333333333333,Gujarat Titans,48.0,208.69565217391303,19.5,141.24749741017868,138,23.6,17.6,11.0,6.0,1.0,2.4,1.2,20.742775028396988,-19.742775028396988,19.742775028396988
1473493,2025-05-06,2025,2,Gujarat Titans,Mumbai Indians,JC Buttler,30,27,3,1,111.11111111111111,Mumbai Indians,64.0,172.97297297297297,34.64102564102564,129.2578893412339,117,53.6,47.0,52.0,3.0,4.0,5.4,2.4,31.842121671953972,-1.8421216719539721,1.8421216719539721
1473493,2025-05-06,2025,1,Mumbai Indians,Gujarat Titans,KV Sharma,1,1,0,0,100.0,Gujarat Titans,5.0,125.0,9.0,116.24795306922003,39,6.8,7.2,0.0,1.0,0.0,0.4,0.6,9.859629445833832,-8.859629445833832,8.859629445833832
1473493,2025-05-06,2025,2,Gujarat Titans,Mumbai Indians,M Shahrukh Khan,6,6,1,0,100.0,Mumbai Indians,6.0,300.0,14.477272727272727,158.40760315984102,44,13.8,18.1,12.0,0.0,1.0,1.0,1.0,12.727780706880331,-6.727780706880331,6.727780706880331
1473493,2025-05-06,2025,1,Mumbai Indians,Gujarat Titans,Naman Dhir,7,10,1,0,70.0,Gujarat Titans,25.0,227.27272727272728,21.071428571428573,154.16813189922433,14,24.0,23.4,19.0,2.0,2.0,2.2,1.6,17.87361322004855,-10.87361322004855,10.87361322004855
1473493,2025-05-06,2025,2,Gujarat Titans,Mumbai Indians,R Tewatia,11,8,1,0,137.5,Mumbai Indians,6.0,200.0,14.847222222222221,136.48281279357312,72,5.2,13.1,12.142857142857142,0.0,1.0,0.2,0.6,15.210983890366554,-4.210983890366554,4.210983890366554
1473493,2025-05-06,2025,1,Mumbai Indians,Gujarat Titans,RD Rickelton,2,2,0,0,100.0,Gujarat Titans,61.0,160.5263157894737,30.363636363636363,153.44383168665465,11,37.0,32.1,6.0,7.0,3.0,4.6,1.6,20.557823659125113,-18.557823659125113,18.557823659125113
1473493,2025-05-06,2025,1,Mumbai Indians,Gujarat Titans,RG Sharma,7,8,1,0,87.5,Gujarat Titans,53.0,147.22222222222223,26.423664122137403,114.00338496735807,262,47.4,29.3,22.166666666666668,9.0,0.0,4.2,2.8,23.433125986448758,-16.433125986448758,16.433125986448758
1473493,2025-05-06,2025,2,Gujarat Titans,Mumbai Indians,Rashid Khan,2,3,0,0,66.66666666666666,Mumbai Indians,0.0,0.0,9.14516129032258,123.50643420199872,62,8.0,11.9,9.0,0.0,0.0,0.6,0.6,8.871996369220046,-6.871996369220046,6.871996369220046
1473493,2025-05-06,2025,1,Mumbai Indians,Gujarat Titans,SA Yadav,35,24,5,0,145.83333333333331,Gujarat Titans,48.0,208.69565217391303,27.68027210884354,137.3716379293399,147,47.2,44.6,49.6,4.0,3.0,4.2,3.2,23.54596933222228,11.454030667777719,11.454030667777719
1473493,2025-05-06,2025,2,Gujarat Titans,Mumbai Indians,SE Rutherford,28,15,2,2,186.66666666666666,Mumbai Indians,43.0,130.3030303030303,19.1875,139.98849149753755,16,27.4,24.4,18.0,1.0,3.0,2.2,1.6,19.34743972662565,8.652560273374348,8.652560273374348
1473493,2025-05-06,2025,2,Gujarat Titans,Mumbai Indians,Shubman Gill,43,44,3,1,97.72727272727273,Mumbai Indians,76.0,200.0,33.77064220183486,124.41786996945896,109,63.4,46.5,36.76923076923077,10.0,2.0,6.4,2.0,26.087313497144972,16.912686502855028,16.912686502855028
1473493,2025-05-06,2025,1,Mumbai Indians,Gujarat Titans,Tilak Varma,7,7,0,0,100.0,Gujarat Titans,6.0,120.0,30.32608695652174,138.19107189725878,46,28.8,30.8,26.0,1.0,0.0,2.6,1.4,26.589314578619728,-19.589314578619728,19.589314578619728
1473493,2025-05-06,2025,1,Mumbai Indians,Gujarat Titans,WG Jacks,53,35,5,3,151.42857142857142,Gujarat Titans,29.0,138.0952380952381,23.25,130.0171102000121,16,22.0,19.5,50.5,3.0,1.0,2.0,1.0,19.646823631554906,33.35317636844509,33.35317636844509
1473494,2025-05-07,2025,2,Chennai Super Kings,Kolkata Knight Riders,A Kamboj,4,1,1,0,400.0,Kolkata Knight Riders,0.0,0.0,1.75,62.5,4,1.75,1.75,2.5,0.0,0.0,0.0,0.0,4.719754638630087,-0.7197546386300866,0.7197546386300866
1473494,2025-05-07,2025,2,Chennai Super Kings,Kolkata Knight Riders,A Mhatre,0,2,0,0,0.0,Kolkata Knight Riders,94.0,195.83333333333331,40.75,170.93201754385964,4,40.75,40.75,0.0,9.0,5.0,5.0,1.75,25.398562925843528,-25.398562925843528,25.398562925843528
1473494,2025-05-07,2025,1,Kolkata Knight Riders,Chennai Super Kings,A Raghuvanshi,1,2,0,0,50.0,Chennai Super Kings,44.0,141.93548387096774,28.0,147.7901118785547,16,31.4,31.7,24.0,5.0,0.0,3.4,0.8,21.96835810937698,-20.96835810937698,20.96835810937698
1473494,2025-05-07,2025,1,Kolkata Knight Riders,Chennai Super Kings,AD Russell,38,21,4,3,180.95238095238096,Chennai Super Kings,57.0,227.99999999999997,23.15929203539823,151.3474355045995,113,23.8,16.5,24.692307692307693,4.0,6.0,2.0,2.2,24.076510330159348,13.923489669840652,13.923489669840652
1473494,2025-05-07,2025,1,Kolkata Knight Riders,Chennai Super Kings,AM Rahane,48,33,4,2,145.45454545454547,Chennai Super Kings,30.0,125.0,27.45303867403315,107.3255888168513,181,28.6,32.7,19.823529411764707,1.0,2.0,2.4,1.2,25.881201168499363,22.118798831500637,22.118798831500637
1473494,2025-05-07,2025,2,Chennai Super Kings,Kolkata Knight Riders,D Brevis,52,25,4,4,208.0,Kolkata Knight Riders,0.0,0.0,23.384615384615383,108.93953954277842,13,19.4,21.8,29.0,0.0,0.0,0.8,1.4,19.20552514776057,32.79447485223943,32.79447485223943
1473494,2025-05-07,2025,2,Chennai Super Kings,Kolkata Knight Riders,DP Conway,0,2,0,0,0.0,Kolkata Knight Riders,12.0,109.09090909090908,40.72,112.32476198291324,25,36.2,44.4,25.25,2.0,0.0,3.4,0.8,35.49538101868517,-35.49538101868517,35.49538101868517
1473494,2025-05-07,2025,1,Kolkata Knight Riders,Chennai Super Kings,MK Pandey,36,28,1,1,128.57142857142858,Chennai Super Kings,19.0,135.71428571428572,24.08695652173913,106.34915927200775,161,17.8,22.1,18.8,2.0,1.0,1.0,1.0,27.367710852711824,8.632289147288176,8.632289147288176
1473494,2025-05-07,2025,2,Chennai Super Kings,Kolkata Knight Riders,MS Dhoni,17,18,0,1,94.44444444444444,Kolkata Knight Riders,12.0,150.0,22.619246861924687,133.06046531098266,239,11.8,16.3,19.20689655172414,0.0,1.0,1.2,0.6,17.909744542213073,-0.9097445422130725,0.9097445422130725
1473494,2025-05-07,2025,2,Chennai Super Kings,Kolkata Knight Riders,Noor Ahmad,2,2,0,0,100.0,Kolkata Knight Riders,0.0,0.0,1.7777777777777777,51.86507936507936,9,0.8,1.7777777777777777,1.0,0.0,0.0,0.0,0.0,2.574945721154051,-0.5749457211540512,0.5749457211540512
1473494,2025-05-07,2025,2,Chennai Super Kings,Kolkata Knight Riders,R Ashwin,8,7,1,0,114.28571428571428,Kolkata Knight Riders,1.0,14.285714285714285,8.923076923076923,106.19400339785332,91,8.2,9.8,9.545454545454545,0.0,0.0,0.8,0.2,6.529359800754881,1.4706401992451186,1.4706401992451186
1473494,2025-05-07,2025,2,Chennai Super Kings,Kolkata Knight Riders,RA Jadeja,19,10,2,1,190.0,Kolkata Knight Riders,77.0,171.11111111111111,16.853403141361255,131.4605561857716,191,35.0,24.3,16.925925925925927,8.0,2.0,3.4,1.0,26.40100653023357,-7.40100653023357,7.40100653023357
1473494,2025-05-07,2025,1,Kolkata Knight Riders,Chennai Super Kings,RK Singh,9,6,2,0,150.0,Chennai Super Kings,19.0,316.66666666666663,22.06122448979592,141.97887886845527,49,17.8,20.8,22.857142857142858,1.0,2.0,1.2,1.0,20.479175438537666,-11.479175438537666,11.479175438537666
1473494,2025-05-07,2025,1,Kolkata Knight Riders,Chennai Super Kings,Rahmanullah Gurbaz,11,9,1,1,122.22222222222223,Chennai Super Kings,35.0,140.0,20.705882352941178,102.19085263801405,17,20.4,16.9,1.0,4.0,1.0,2.8,0.8,19.615904134370272,-8.615904134370272,8.615904134370272
1473494,2025-05-07,2025,1,Kolkata Knight Riders,Chennai Super Kings,Ramandeep Singh,4,4,0,0,100.0,Chennai Super Kings,1.0,50.0,11.11111111111111,146.73611111111111,18,6.0,10.4,13.0,0.0,0.0,0.2,0.4,12.211553572008029,-8.211553572008029,8.211553572008029
1473494,2025-05-07,2025,2,Chennai Super Kings,Kolkata Knight Riders,S Dube,45,40,2,3,112.5,Kolkata Knight Riders,8.0,400.0,24.416666666666668,130.75828121837546,72,23.8,24.7,28.571428571428573,0.0,1.0,1.6,1.4,22.286578201437546,22.713421798562454,22.713421798562454
1473494,2025-05-07,2025,1,Kolkata Knight Riders,Chennai Super Kings,SP Narine,26,17,4,1,152.94117647058823,Chennai Super Kings,11.0,122.22222222222223,14.85344827586207,124.90240119898428,116,12.8,18.9,11.928571428571429,1.0,1.0,1.4,0.8,16.4055253253674,9.5944746746326,9.5944746746326
1473494,2025-05-07,2025,2,Chennai Super Kings,Kolkata Knight Riders,Urvil Patel,31,11,1,4,281.8181818181818,Kolkata Knight Riders,0.0,0.0,0.0,0.0,0,0.0,0.0,0.0,0.0,0.0,0.0,0.0,7.96862817302142,23.031371826978578,23.031371826978578
1473495,2025-05-08,2025,1,Punjab Kings,Delhi Capitals,P Simran Singh,50,27,7,0,185.1851851851852,Delhi Capitals,91.0,189.58333333333331,26.511111111111113,130.8095527332863,45,54.8,43.2,40.75,6.0,7.0,4.8,3.4,25.412502823892748,24.587497176107252,24.587497176107252
1473495,2025-05-08,2025,1,Punjab Kings,Delhi Capitals,Priyansh Arya,70,34,5,6,205.88235294117646,Delhi Capitals,1.0,25.0,31.545454545454547,152.02818545679818,11,26.2,30.0,0.0,0.0,0.0,3.4,1.2,18.098103444058534,51.90189655594146,51.90189655594146
1473497,2025-05-18,2025,1,Punjab Kings,Rajasthan Royals,Azmatullah Omarzai,21,9,3,1,233.33333333333334,Rajasthan Royals,16.0,106.66666666666667,11.6,110.24242424242425,5,11.6,11.6,0.0,2.0,1.0,0.8,0.6,15.254210562704365,5.745789437295635,5.745789437295635
1473497,2025-05-18,2025,2,Rajasthan Royals,Punjab Kings,Dhruv Jurel,53,31,3,4,170.96774193548387,Punjab Kings,0.0,0.0,18.060606060606062,124.991694046565,33,18.0,17.9,12.2,0.0,0.0,0.6,1.2,20.131797392490284,32.868202607509716,32.868202607509716
1473497,2025-05-18,2025,2,Rajasthan Royals,Punjab Kings,KT Maphaka,8,2,2,0,400.0,Punjab Kings,0.0,0.0,0.0,0.0,0,0.0,0.0,0.0,0.0,0.0,0.0,0.0,10.823489381237879,-2.823489381237879,2.823489381237879
1473497,2025-05-18,2025,1,Punjab Kings,Rajasthan Royals,MJ Owen,0,2,0,0,0.0,Rajasthan Royals,0.0,0.0,0.0,0.0,0,0.0,0.0,0.0,0.0,0.0,0.0,0.0,11.604114279706142,-11.604114279706142,11.604114279706142
1473497,2025-05-18,2025,1,Punjab Kings,Rajasthan Royals,N Wadhera,70,37,5,5,189.1891891891892,Rajasthan Royals,16.0,177.77777777777777,22.4,136.68507123155314,25,13.8,21.1,55.5,2.0,1.0,1.6,0.8,22.655072692699882,47.34492730730012,47.34492730730012
1473497,2025-05-18,2025,1,Punjab Kings,Rajasthan Royals,P Simran Singh,21,10,3,1,210.0,Rajasthan Royals,50.0,185.1851851851852,27.02173913043478,131.99163169963194,46,62.2,41.3,19.0,7.0,0.0,5.8,3.4,27.306704313626984,-6.306704313626984,6.306704313626984
1473497,2025-05-18,2025,2,Rajasthan Royals,Punjab Kings,PWH de Silva,0,1,0,0,0.0,Punjab Kings,0.0,0.0,4.5,81.60556305293147,18,4.2,4.2,1.0,0.0,0.0,0.4,0.0,4.678944678516771,-4.678944678516771,4.678944678516771
1473497,2025-05-18,2025,1,Punjab Kings,Rajasthan Royals,Priyansh Arya,9,7,1,0,128.57142857142858,Rajasthan Royals,70.0,205.88235294117646,34.75,156.51603274716305,12,37.0,36.2,0.0,5.0,6.0,4.2,2.2,24.566821848511154,-15.566821848511154,15.566821848511154
1473497,2025-05-18,2025,2,Rajasthan Royals,Punjab Kings,R Parag,13,11,0,1,118.18181818181819,Punjab Kings,95.0,215.9090909090909,21.887323943661972,130.80786963240135,71,40.8,31.5,22.875,6.0,8.0,3.2,2.8,26.391166533217824,-13.391166533217824,13.391166533217824
1473497,2025-05-18,2025,2,Rajasthan Royals,Punjab Kings,SB Dubey,7,7,0,0,100.0,Punjab Kings,25.0,178.57142857142858,13.2,140.66666666666669,10,11.2,13.2,0.0,1.0,2.0,0.8,0.8,11.054463587452005,-4.054463587452005,4.054463587452005
1473497,2025-05-18,2025,2,Rajasthan Royals,Punjab Kings,SO Hetmyer,11,12,1,0,91.66666666666666,Punjab Kings,29.0,126.08695652173914,19.025974025974026,136.97333294455262,77,11.6,17.3,29.333333333333332,1.0,1.0,1.0,0.2,20.860503149639538,-9.860503149639538,9.860503149639538
1473497,2025-05-18,2025,1,Punjab Kings,Rajasthan Royals,SS Iyer,30,25,5,0,120.0,Rajasthan Royals,45.0,180.0,28.063492063492063,117.27622813685126,126,31.0,30.8,31.333333333333332,4.0,2.0,2.2,1.4,25.910386491653124,4.089613508346876,4.089613508346876
1473497,2025-05-18,2025,2,Rajasthan Royals,Punjab Kings,SV Samson,20,16,1,1,125.0,Punjab Kings,31.0,172.22222222222223,27.473372781065088,119.08022461365226,169,29.0,26.9,33.0,2.0,3.0,2.8,1.2,24.87584413190844,-4.8758441319084405,4.8758441319084405
1473497,2025-05-18,2025,1,Punjab Kings,Rajasthan Royals,Shashank Singh,59,30,5,3,196.66666666666666,Rajasthan Royals,33.0,220.00000000000003,22.75,139.29946791263305,28,21.2,21.6,6.333333333333333,4.0,1.0,1.4,0.8,18.18746232689948,40.81253767310052,40.81253767310052
1473497,2025-05-18,2025,2,Rajasthan Royals,Punjab Kings,V Suryavanshi,40,15,4,4,266.66666666666663,Punjab Kings,4.0,200.0,31.0,153.82456140350877,5,31.0,31.0,0.0,1.0,0.0,2.0,3.2,22.201047262399502,17.798952737600498,17.798952737600498
1473497,2025-05-18,2025,2,Rajasthan Royals,Punjab Kings,YBK Jaiswal,50,25,9,1,200.0,Punjab Kings,34.0,161.9047619047619,32.5,132.6026164019173,64,48.0,44.3,41.142857142857146,5.0,1.0,5.2,2.4,29.452947282917425,20.547052717082575,20.547052717082575
1473498,2025-05-18,2025,1,Delhi Capitals,Gujarat Titans,AR Patel,25,16,2,1,156.25,Gujarat Titans,6.0,85.71428571428571,15.5,128.62255725106485,122,27.4,23.8,35.2,1.0,0.0,1.6,2.0,21.208084987042156,3.791915012957844,3.791915012957844
1473498,2025-05-18,2025,1,Delhi Capitals,Gujarat Titans,Abishek Porel,30,19,1,3,157.89473684210526,Gujarat Titans,8.0,80.0,23.14814814814815,139.0269902402519,27,21.8,26.5,17.666666666666668,1.0,0.0,2.4,0.8,21.607132904042032,8.392867095957968,8.392867095957968
1473498,2025-05-18,2025,2,Gujarat Titans,Delhi Capitals,B Sai Sudharsan,108,61,12,4,177.04918032786884,Delhi Capitals,5.0,100.0,42.861111111111114,137.5694447938985,36,36.0,43.5,43.75,1.0,0.0,5.0,0.6,36.45506496856283,71.54493503143718,71.54493503143718
1473498,2025-05-18,2025,1,Delhi Capitals,Gujarat Titans,F du Plessis,5,10,0,0,50.0,Gujarat Titans,3.0,37.5,32.90972222222222,121.68453220457926,144,27.8,25.4,32.0,0.0,0.0,2.4,1.0,30.08153238367086,-25.08153238367086,25.08153238367086
1473498,2025-05-18,2025,1,Delhi Capitals,Gujarat Titans,KL Rahul,112,65,14,4,172.30769230769232,Gujarat Titans,10.0,71.42857142857143,37.60740740740741,125.53581329820275,135,28.6,37.3,27.4,1.0,0.0,2.4,0.8,56.49271597276793,55.50728402723207,55.50728402723207
1473498,2025-05-18,2025,2,Gujarat Titans,Delhi Capitals,Shubman Gill,93,53,3,7,175.47169811320757,Delhi Capitals,43.0,97.72727272727273,33.85454545454545,124.17522817634817,110,60.0,47.5,26.923076923076923,3.0,1.0,5.8,2.0,27.728678507491065,65.27132149250893,65.27132149250893
1473498,2025-05-18,2025,1,Delhi Capitals,Gujarat Titans,T Stubbs,21,10,0,2,210.0,Gujarat Titans,41.0,113.88888888888889,23.928571428571427,154.3785144428803,28,22.6,23.1,28.5,4.0,0.0,2.2,0.6,20.825151735432648,0.17484826456735192,0.17484826456735192
1473499,2025-05-19,2025,1,Lucknow Super Giants,Sunrisers Hyderabad,A Badoni,3,5,0,0,60.0,Sunrisers Hyderabad,74.0,185.0,21.333333333333332,125.53844916214736,45,43.4,32.6,26.666666666666668,5.0,5.0,3.8,2.0,25.41745542597068,-22.41745542597068,22.41745542597068
1473499,2025-05-19,2025,1,Lucknow Super Giants,Sunrisers Hyderabad,AK Markram,61,37,4,4,164.86486486486487,Sunrisers Hyderabad,13.0,130.0,25.339622641509433,119.30461825002016,53,29.2,33.3,14.0,1.0,1.0,2.2,1.4,28.641024784846625,32.35897521515338,32.35897521515338
1473499,2025-05-19,2025,1,Lucknow Super Giants,Sunrisers Hyderabad,Abdul Samad,3,6,0,0,50.0,Sunrisers Hyderabad,45.0,187.5,14.78,139.62897882320084,50,19.8,16.0,22.0,2.0,4.0,0.4,2.0,14.822163497136414,-11.822163497136414,11.822163497136414
1473499,2025-05-19,2025,2,Sunrisers Hyderabad,Lucknow Super Giants,Abhishek Sharma,59,20,4,6,295.0,Lucknow Super Giants,74.0,180.4878048780488,23.816901408450704,135.4592734915087,71,52.6,31.4,25.25,4.0,6.0,5.0,3.4,29.265817915605833,29.734182084394167,29.734182084394167
1473499,2025-05-19,2025,1,Lucknow Super Giants,Sunrisers Hyderabad,Akash Deep,6,1,0,1,600.0,Sunrisers Hyderabad,0.0,0.0,4.75,78.125,4,4.75,4.75,0.0,0.0,0.0,0.5,0.25,10.281637772105375,-4.281637772105375,4.281637772105375
1473499,2025-05-19,2025,2,Sunrisers Hyderabad,Lucknow Super Giants,Aniket Verma,5,2,1,0,250.0,Lucknow Super Giants,3.0,42.857142857142854,21.444444444444443,152.54300803081293,9,14.0,21.444444444444443,36.0,0.0,0.0,0.6,0.8,19.410660703525256,-14.410660703525256,14.410660703525256
1473499,2025-05-19,2025,2,Sunrisers Hyderabad,Lucknow Super Giants,Atharva Taide,13,9,3,0,144.44444444444443,Lucknow Super Giants,46.0,170.37037037037038,27.444444444444443,135.00536016875887,9,29.6,27.444444444444443,33.0,5.0,2.0,3.0,1.0,24.030391145181756,-11.030391145181756,11.030391145181756
1473499,2025-05-19,2025,2,Sunrisers Hyderabad,Lucknow Super Giants,H Klaasen,47,28,4,1,167.85714285714286,Lucknow Super Giants,23.0,127.77777777777777,31.047619047619047,157.98343350923304,42,31.8,31.1,36.5,1.0,1.0,3.2,1.2,21.465818107073506,25.534181892926494,25.534181892926494
1473499,2025-05-19,2025,2,Sunrisers Hyderabad,Lucknow Super Giants,Ishan Kishan,35,28,3,2,125.0,Lucknow Super Giants,13.0,76.47058823529412,26.05504587155963,115.7068509065339,109,13.8,19.6,20.142857142857142,0.0,0.0,1.2,0.2,28.446137739354878,6.553862260645122,6.553862260645122
1473499,2025-05-19,2025,1,Lucknow Super Giants,Sunrisers Hyderabad,MR Marsh,65,39,6,4,166.66666666666669,Sunrisers Hyderabad,0.0,0.0,22.67391304347826,109.52962264806207,46,22.6,37.8,28.5,0.0,0.0,1.6,1.0,21.36199282023576,43.638007179764244,43.638007179764244
1473499,2025-05-19,2025,1,Lucknow Super Giants,Sunrisers Hyderabad,N Pooran,45,25,6,1,180.0,Sunrisers Hyderabad,6.0,120.0,25.63529411764706,144.83211257848237,85,12.2,33.5,38.875,1.0,0.0,1.6,0.6,27.883915096238763,17.116084903761237,17.116084903761237
1473499,2025-05-19,2025,2,Sunrisers Hyderabad,Lucknow Super Giants,Nithish Kumar Reddy,5,2,1,0,250.0,Lucknow Super Giants,21.0,210.0,23.8,122.07837164895989,20,18.4,18.6,32.0,1.0,2.0,1.4,0.4,24.25483515972631,-19.25483515972631,19.25483515972631
1473499,2025-05-19,2025,2,Sunrisers Hyderabad,Lucknow Super Giants,PHKD Mendis,32,21,3,0,152.38095238095238,Lucknow Super Giants,0.0,0.0,15.0,76.8452380952381,4,15.0,15.0,0.0,0.0,0.0,1.0,0.5,17.118995299463617,14.881004700536383,14.881004700536383
1473499,2025-05-19,2025,1,Lucknow Super Giants,Sunrisers Hyderabad,RR Pant,7,6,1,0,116.66666666666667,Sunrisers Hyderabad,18.0,105.88235294117648,27.84552845528455,129.9556302946855,123,17.6,12.8,30.88888888888889,2.0,1.0,1.4,1.0,23.472629994822388,-16.472629994822388,16.472629994822388
1473499,2025-05-19,2025,1,Lucknow Super Giants,Sunrisers Hyderabad,SN Thakur,4,1,1,0,400.0,Sunrisers Hyderabad,6.0,150.0,8.23076923076923,107.23085780254564,39,3.0,4.7,8.75,1.0,0.0,0.4,0.0,9.206699920600313,-5.206699920600313,5.206699920600313
1473500,2025-05-20,2025,1,Chennai Super Kings,Rajasthan Royals,A Kamboj,5,3,1,0,166.66666666666669,Rajasthan Royals,4.0,400.0,2.2,130.0,5,2.2,2.2,0.0,1.0,0.0,0.2,0.0,6.2017016781986865,-1.2017016781986865,1.2017016781986865
1473500,2025-05-20,2025,1,Chennai Super Kings,Rajasthan Royals,A Mhatre,43,20,8,1,215.0,Rajasthan Royals,0.0,0.0,32.6,136.74561403508773,5,32.6,32.6,0.0,0.0,0.0,4.0,1.4,26.295997963793145,16.704002036206855,16.704002036206855
1473500,2025-05-20,2025,1,Chennai Super Kings,Rajasthan Royals,D Brevis,42,25,2,3,168.0,Rajasthan Royals,52.0,208.0,25.428571428571427,116.01528671829423,14,29.8,23.9,0.0,4.0,4.0,1.6,2.2,24.522837606650402,17.477162393349598,17.477162393349598
1473500,2025-05-20,2025,1,Chennai Super Kings,Rajasthan Royals,DP Conway,10,8,2,0,125.0,Rajasthan Royals,0.0,0.0,39.15384615384615,108.00457882972427,26,28.2,35.2,24.666666666666668,0.0,0.0,2.6,0.8,32.91384931275143,-22.91384931275143,22.91384931275143
1473500,2025-05-20,2025,2,Rajasthan Royals,Chennai Super Kings,Dhruv Jurel,31,12,2,3,258.33333333333337,Chennai Super Kings,53.0,170.96774193548387,19.08823529411765,126.34393074918026,34,23.4,19.9,17.25,3.0,4.0,1.2,1.6,18.383959045599433,12.616040954400567,12.616040954400567
1473500,2025-05-20,2025,1,Chennai Super Kings,Rajasthan Royals,MS Dhoni,16,17,0,1,94.11764705882352,Rajasthan Royals,17.0,94.44444444444444,22.595833333333335,132.89956522403878,240,10.0,15.0,22.76,0.0,1.0,0.4,0.6,18.07939271041479,-2.0793927104147905,2.0793927104147905
1473500,2025-05-20,2025,1,Chennai Super Kings,Rajasthan Royals,Noor Ahmad,2,1,0,0,200.0,Rajasthan Royals,2.0,100.0,1.8,56.67857142857142,10,1.0,1.8,0.0,0.0,0.0,0.0,0.0,2.9104365853162713,-0.9104365853162713,0.9104365853162713
1473500,2025-05-20,2025,1,Chennai Super Kings,Rajasthan Royals,R Ashwin,13,7,1,1,185.71428571428572,Rajasthan Royals,8.0,114.28571428571428,8.91304347826087,106.2819567770692,92,9.6,7.7,7.571428571428571,1.0,0.0,1.0,0.2,7.180512105217407,5.819487894782593,5.819487894782593
1473500,2025-05-20,2025,2,Rajasthan Royals,Chennai Super Kings,R Parag,3,4,0,0,75.0,Chennai Super Kings,13.0,118.18181818181819,21.76388888888889,130.63250780669878,72,35.6,28.5,19.833333333333332,0.0,1.0,2.6,2.6,19.007354401988625,-16.007354401988625,16.007354401988625
1473500,2025-05-20,2025,1,Chennai Super Kings,Rajasthan Royals,RA Jadeja,1,5,0,0,20.0,Rajasthan Royals,19.0,190.0,16.864583333333332,131.76544912230403,192,37.4,23.7,16.294117647058822,2.0,1.0,3.8,1.2,27.125452408629315,-26.125452408629315,26.125452408629315
1473500,2025-05-20,2025,1,Chennai Super Kings,Rajasthan Royals,S Dube,39,32,2,2,121.875,Rajasthan Royals,45.0,112.5,24.698630136986303,130.50816777702786,73,24.2,27.3,24.0,2.0,3.0,1.4,1.6,24.256663241263237,14.743336758736763,14.743336758736763
1473500,2025-05-20,2025,2,Rajasthan Royals,Chennai Super Kings,SO Hetmyer,12,5,1,1,240.0,Chennai Super Kings,11.0,91.66666666666666,18.923076923076923,136.3924782486823,78,12.6,16.5,18.285714285714285,1.0,0.0,1.0,0.2,18.414736806951648,-6.414736806951648,6.414736806951648
1473500,2025-05-20,2025,2,Rajasthan Royals,Chennai Super Kings,SV Samson,41,31,3,2,132.25806451612902,Chennai Super Kings,20.0,125.0,27.429411764705883,119.11504682180724,170,29.0,27.1,15.5625,1.0,1.0,2.8,1.2,24.787564089821267,16.212435910178733,16.212435910178733
1473500,2025-05-20,2025,1,Chennai Super Kings,Rajasthan Royals,Urvil Patel,0,2,0,0,0.0,Rajasthan Royals,31.0,281.8181818181818,31.0,281.8181818181818,1,31.0,31.0,0.0,1.0,4.0,1.0,4.0,24.312421378830642,-24.312421378830642,24.312421378830642
1473500,2025-05-20,2025,2,Rajasthan Royals,Chennai Super Kings,V Suryavanshi,57,32,4,4,178.125,Chennai Super Kings,40.0,266.66666666666663,32.5,172.6315789473684,6,32.2,32.5,0.0,4.0,4.0,2.4,3.4,22.05909409342711,34.940905906572894,34.940905906572894
1473500,2025-05-20,2025,2,Rajasthan Royals,Chennai Super Kings,YBK Jaiswal,36,19,5,2,189.4736842105263,Chennai Super Kings,50.0,200.0,32.76923076923077,133.63949922650318,65,43.2,48.9,32.857142857142854,9.0,1.0,6.0,1.8,28.684300355809466,7.315699644190534,7.315699644190534
1473501,2025-05-21,2025,2,Delhi Capitals,Mumbai Indians,Abishek Porel,6,9,0,0,66.66666666666666,Mumbai Indians,30.0,157.89473684210526,23.392857142857142,139.70083833317523,28,24.2,26.1,27.75,1.0,3.0,2.0,1.2,19.61709508063386,-13.61709508063386,13.61709508063386
1473501,2025-05-21,2025,2,Delhi Capitals,Mumbai Indians,Ashutosh Sharma,18,16,1,1,112.5,Mumbai Indians,41.0,157.69230769230768,22.058823529411764,141.90831729626885,17,20.4,20.5,39.0,2.0,3.0,1.2,1.4,18.717142341965182,-0.7171423419651823,0.7171423419651823
1473501,2025-05-21,2025,2,Delhi Capitals,Mumbai Indians,F du Plessis,6,7,1,0,85.71428571428571,Mumbai Indians,5.0,50.0,32.717241379310344,121.19015612040974,145,18.8,25.0,28.1,0.0,0.0,1.8,0.4,30.496099603939346,-24.496099603939346,24.496099603939346
1473501,2025-05-21,2025,1,Mumbai Indians,Delhi Capitals,HH Pandya,3,6,0,0,50.0,Delhi Capitals,1.0,33.33333333333333,19.366906474820144,140.4711365175395,139,15.4,17.6,20.846153846153847,0.0,0.0,1.8,0.4,22.849115565693896,-19.849115565693896,19.849115565693896
1473501,2025-05-21,2025,2,Delhi Capitals,Mumbai Indians,KL Rahul,11,6,2,0,183.33333333333331,Mumbai Indians,112.0,172.30769230769232,38.154411764705884,125.87972417327252,136,45.4,40.8,48.45,14.0,4.0,4.4,1.4,37.78603459790018,-26.786034597900183,26.786034597900183
1473501,2025-05-21,2025,2,Delhi Capitals,Mumbai Indians,Kuldeep Yadav,7,8,0,0,87.5,Mumbai Indians,1.0,100.0,5.388888888888889,86.2647884164912,36,3.4,5.8,4.0,0.0,0.0,0.4,0.0,5.218355730748394,1.781644269251606,1.781644269251606
1473501,2025-05-21,2025,2,Delhi Capitals,Mumbai Indians,M Tiwari,3,4,0,0,75.0,Mumbai Indians,0.0,0.0,0.0,0.0,0,0.0,0.0,0.0,0.0,0.0,0.0,0.0,6.72898285358179,-3.7289828535817904,3.7289828535817904
1473501,2025-05-21,2025,2,Delhi Capitals,Mumbai Indians,Mustafizur Rahman,0,1,0,0,0.0,Mumbai Indians,1.0,100.0,2.1666666666666665,51.269841269841265,6,2.4,2.1666666666666665,4.5,0.0,0.0,0.0,0.2,4.868702496317921,-4.868702496317921,4.868702496317921
1473501,2025-05-21,2025,1,Mumbai Indians,Delhi Capitals,Naman Dhir,24,8,2,2,300.0,Delhi Capitals,7.0,70.0,20.133333333333333,148.5569231059427,15,16.2,24.1,38.0,1.0,0.0,1.6,1.0,23.39311864494026,0.6068813550597412,0.6068813550597412
1473501,2025-05-21,2025,2,Delhi Capitals,Mumbai Indians,PVD Chameera,8,10,0,0,80.0,Mumbai Indians,2.0,66.66666666666666,5.0,92.30158730158729,9,2.6,5.0,0.0,0.0,0.0,0.2,0.2,7.5496852163902455,0.4503147836097545,0.4503147836097545
1473501,2025-05-21,2025,1,Mumbai Indians,Delhi Capitals,RD Rickelton,25,18,0,2,138.88888888888889,Delhi Capitals,2.0,100.0,28.0,148.9901790461001,12,31.2,31.7,41.0,0.0,0.0,3.6,1.6,21.07185996092096,3.9281400390790395,3.9281400390790395
1473501,2025-05-21,2025,1,Mumbai Indians,Delhi Capitals,RG Sharma,5,5,1,0,100.0,Delhi Capitals,7.0,87.5,26.34980988593156,113.90261164048599,263,43.6,30.0,27.0,1.0,0.0,4.4,2.2,25.63114081973382,-20.63114081973382,20.63114081973382
1473501,2025-05-21,2025,1,Mumbai Indians,Delhi Capitals,SA Yadav,73,43,7,4,169.7674418604651,Delhi Capitals,35.0,145.83333333333331,27.72972972972973,137.42881154693444,148,49.0,43.3,23.833333333333332,5.0,0.0,4.8,2.8,22.0798894095515,50.9201105904485,50.9201105904485
1473501,2025-05-21,2025,2,Delhi Capitals,Mumbai Indians,Sameer Rizvi,39,35,6,1,111.42857142857143,Mumbai Indians,20.0,133.33333333333331,10.714285714285714,109.35300207039337,7,12.2,10.714285714285714,0.0,1.0,1.0,1.2,0.2,12.720550848582578,26.279449151417424,26.279449151417424
1473501,2025-05-21,2025,2,Delhi Capitals,Mumbai Indians,T Stubbs,2,4,0,0,50.0,Mumbai Indians,21.0,210.0,23.82758620689655,156.29649670347064,29,25.6,23.1,40.0,0.0,2.0,2.2,0.8,21.465547722530797,-19.465547722530797,19.465547722530797
1473501,2025-05-21,2025,1,Mumbai Indians,Delhi Capitals,Tilak Varma,27,27,1,1,100.0,Delhi Capitals,7.0,100.0,29.829787234042552,137.37849589944474,47,19.0,27.8,35.333333333333336,0.0,0.0,1.8,0.6,25.992602621306865,1.0073973786931347,1.0073973786931347
1473501,2025-05-21,2025,2,Delhi Capitals,Mumbai Indians,V Nigam,20,10,3,1,200.0,Mumbai Indians,18.0,105.88235294117648,17.428571428571427,141.5546218487395,7,16.4,17.428571428571427,14.0,1.0,1.0,1.6,1.0,15.15217925133481,4.847820748665191,4.847820748665191
1473501,2025-05-21,2025,1,Mumbai Indians,Delhi Capitals,WG Jacks,21,13,3,1,161.53846153846155,Delhi Capitals,53.0,151.42857142857142,25.0,131.2766079193391,17,28.2,23.6,21.0,5.0,3.0,2.6,1.4,22.545673754942573,-1.5456737549425732,1.5456737549425732
1473502,2025-05-22,2025,1,Lucknow Super Giants,Gujarat Titans,AK Markram,36,24,3,2,150.0,Gujarat Titans,61.0,164.86486486486487,26.0,120.14832652066544,54,40.2,39.3,30.6,4.0,4.0,2.8,2.2,24.1720253448745,11.827974655125502,11.827974655125502
1473502,2025-05-22,2025,2,Gujarat Titans,Lucknow Super Giants,Arshad Khan,1,3,0,0,33.33333333333333,Lucknow Super Giants,1.0,100.0,12.25,95.92803030303031,8,16.0,12.25,0.0,0.0,0.0,1.0,1.0,15.413842884357349,-14.413842884357349,14.413842884357349
1473502,2025-05-22,2025,2,Gujarat Titans,Lucknow Super Giants,B Sai Sudharsan,21,16,4,0,131.25,Lucknow Super Giants,108.0,177.04918032786884,44.62162162162162,138.636464673195,37,50.4,48.0,43.5,12.0,4.0,6.4,1.2,32.310442919462886,-11.310442919462886,11.310442919462886
1473502,2025-05-22,2025,2,Gujarat Titans,Lucknow Super Giants,JC Buttler,33,18,3,2,183.33333333333331,Lucknow Super Giants,30.0,111.11111111111111,34.601694915254235,129.1041030850464,118,56.4,44.6,19.333333333333332,3.0,1.0,5.6,2.6,31.343277747827404,1.656722252172596,1.656722252172596
1473502,2025-05-22,2025,2,Gujarat Titans,Lucknow Super Giants,K Rabada,2,3,0,0,66.66666666666666,Lucknow Super Giants,7.0,140.0,7.344827586206897,107.66294050776808,29,5.4,3.7,0.6666666666666666,0.0,1.0,0.0,0.6,8.992345566786357,-6.992345566786357,6.992345566786357
1473502,2025-05-22,2025,2,Gujarat Titans,Lucknow Super Giants,M Shahrukh Khan,57,29,5,3,196.55172413793102,Lucknow Super Giants,6.0,100.0,14.28888888888889,157.10965642295565,45,7.8,12.9,13.333333333333334,1.0,0.0,0.4,0.6,12.189758784214936,44.81024121578506,44.81024121578506
1473502,2025-05-22,2025,1,Lucknow Super Giants,Gujarat Titans,MR Marsh,117,64,10,8,182.8125,Gujarat Titans,65.0,166.66666666666669,23.574468085106382,110.74530443569193,47,29.6,37.1,4.0,6.0,4.0,2.4,1.4,21.11216854813836,95.88783145186164,95.88783145186164
1473502,2025-05-22,2025,1,Lucknow Super Giants,Gujarat Titans,N Pooran,56,26,4,5,215.3846153846154,Gujarat Titans,45.0,180.0,25.86046511627907,145.24104150198838,86,19.6,31.0,22.333333333333332,6.0,1.0,2.4,0.8,26.646912460755516,29.353087539244484,29.353087539244484
1473502,2025-05-22,2025,2,Gujarat Titans,Lucknow Super Giants,R Sai Kishore,1,2,0,0,50.0,Lucknow Super Giants,1.0,100.0,7.0,158.33333333333331,2,7.0,7.0,0.0,0.0,0.0,0.0,1.0,11.435673893900042,-10.435673893900042,10.435673893900042
1473502,2025-05-22,2025,2,Gujarat Titans,Lucknow Super Giants,R Tewatia,2,3,0,0,66.66666666666666,Lucknow Super Giants,11.0,137.5,14.794520547945206,136.49674686489405,73,7.4,10.6,18.8,1.0,0.0,0.4,0.6,14.856187958902149,-12.856187958902149,12.856187958902149
1473502,2025-05-22,2025,1,Lucknow Super Giants,Gujarat Titans,RR Pant,16,6,0,2,266.66666666666663,Gujarat Titans,7.0,116.66666666666667,27.677419354838708,129.84846123316925,124,6.4,13.5,42.0,1.0,0.0,0.8,0.2,25.21319043739645,-9.213190437396449,9.213190437396449
1473502,2025-05-22,2025,2,Gujarat Titans,Lucknow Super Giants,Rashid Khan,4,4,0,0,100.0,Lucknow Super Giants,2.0,66.66666666666666,9.031746031746032,122.60421566969187,63,4.8,12.1,2.0,0.0,0.0,0.2,0.4,8.518854570001807,-4.518854570001807,4.518854570001807
1473502,2025-05-22,2025,2,Gujarat Titans,Lucknow Super Giants,SE Rutherford,38,22,1,3,172.72727272727272,Lucknow Super Giants,28.0,186.66666666666666,19.705882352941178,142.73426650748632,17,27.0,26.2,22.0,2.0,2.0,2.4,1.4,21.729544750941308,16.270455249058692,16.270455249058692
1473502,2025-05-22,2025,2,Gujarat Titans,Lucknow Super Giants,Shubman Gill,35,20,7,0,175.0,Lucknow Super Giants,93.0,175.47169811320757,34.387387387387385,124.6373585361397,111,77.2,53.0,39.333333333333336,3.0,7.0,6.2,3.4,31.26648906712364,3.73351093287636,3.73351093287636
1473503,2025-05-23,2025,1,Sunrisers Hyderabad,Royal Challengers Bengaluru,A Manohar,12,11,0,1,109.09090909090908,Royal Challengers Bengaluru,43.0,116.21621621621621,14.736842105263158,97.15945979103874,19,11.4,13.1,0.0,2.0,3.0,0.6,0.6,12.65794912374032,-0.6579491237403197,0.6579491237403197
1473503,2025-05-23,2025,1,Sunrisers Hyderabad,Royal Challengers Bengaluru,Abhishek Sharma,34,16,3,3,212.5,Royal Challengers Bengaluru,59.0,295.0,24.305555555555557,137.67511691523774,72,36.2,34.9,32.5,4.0,6.0,3.0,2.6,21.231841274092478,12.768158725907522,12.768158725907522
1473503,2025-05-23,2025,1,Sunrisers Hyderabad,Royal Challengers Bengaluru,Aniket Verma,26,9,1,3,288.88888888888886,Royal Challengers Bengaluru,5.0,250.0,19.8,162.28870722773163,10,11.4,19.8,0.0,1.0,0.0,0.4,0.8,16.68691782631374,9.313082173686261,9.313082173686261
1473503,2025-05-23,2025,2,Royal Challengers Bengaluru,Sunrisers Hyderabad,B Kumar,3,2,0,0,150.0,Sunrisers Hyderabad,8.0,61.53846153846154,4.579710144927536,83.02212682647466,69,2.0,6.0,1.5,1.0,0.0,0.2,0.0,6.3153090570992765,-3.3153090570992765,3.3153090570992765
1473503,2025-05-23,2025,1,Sunrisers Hyderabad,Royal Challengers Bengaluru,H Klaasen,24,13,2,2,184.6153846153846,Royal Challengers Bengaluru,47.0,167.85714285714286,31.41860465116279,158.21305465685884,43,37.0,32.4,37.0,4.0,1.0,3.6,1.2,20.235044017704304,3.764955982295696,3.764955982295696
1473503,2025-05-23,2025,1,Sunrisers Hyderabad,Royal Challengers Bengaluru,Ishan Kishan,94,48,7,5,195.83333333333331,Royal Challengers Bengaluru,35.0,125.0,26.136363636363637,115.79133408011087,110,19.0,12.5,69.0,3.0,2.0,1.6,0.6,25.518928472066364,68.48107152793364,68.48107152793364
1473503,2025-05-23,2025,2,Royal Challengers Bengaluru,Sunrisers Hyderabad,JM Sharma,24,15,1,2,160.0,Sunrisers Hyderabad,7.0,87.5,19.5,142.74121045637233,44,8.6,18.2,17.0,1.0,0.0,1.0,0.2,16.890062366070456,7.109937633929544,7.109937633929544
1473503,2025-05-23,2025,2,Royal Challengers Bengaluru,Sunrisers Hyderabad,KH Pandya,8,6,2,0,133.33333333333331,Sunrisers Hyderabad,73.0,158.69565217391303,15.571428571428571,120.57691114461878,112,19.4,15.7,18.071428571428573,5.0,4.0,1.4,0.8,18.966866372521096,-10.966866372521096,10.966866372521096
1473503,2025-05-23,2025,2,Royal Challengers Bengaluru,Sunrisers Hyderabad,L Ngidi,0,2,0,0,0.0,Sunrisers Hyderabad,0.0,0.0,0.0,0.0,0,0.0,0.0,0.0,0.0,0.0,0.0,0.0,7.855400022615075,-7.855400022615075,7.855400022615075
1473503,2025-05-23,2025,2,Royal Challengers Bengaluru,Sunrisers Hyderabad,MA Agarwal,11,10,1,0,110.00000000000001,Sunrisers Hyderabad,5.0,83.33333333333334,21.87704918032787,117.02263767189744,122,29.4,26.9,17.0,1.0,0.0,3.2,1.0,22.020238402456624,-11.020238402456624,11.020238402456624
1473503,2025-05-23,2025,1,Sunrisers Hyderabad,Royal Challengers Bengaluru,Nithish Kumar Reddy,4,7,0,0,57.14285714285714,Royal Challengers Bengaluru,5.0,250.0,22.904761904761905,128.16987776091418,21,13.2,17.8,13.0,1.0,0.0,1.0,0.4,19.141428092675085,-15.141428092675085,15.141428092675085
1473503,2025-05-23,2025,2,Royal Challengers Bengaluru,Sunrisers Hyderabad,PD Salt,62,31,4,5,200.0,Sunrisers Hyderabad,26.0,113.04347826086956,29.733333333333334,146.39931799424622,30,26.6,24.5,37.666666666666664,4.0,0.0,2.8,1.8,23.824713176784396,38.1752868232156,38.1752868232156
1473503,2025-05-23,2025,1,Sunrisers Hyderabad,Royal Challengers Bengaluru,PJ Cummins,13,6,0,1,216.66666666666666,Royal Challengers Bengaluru,19.0,190.0,12.74468085106383,129.81622998823778,47,12.8,11.3,31.0,1.0,1.0,1.2,0.6,13.41285054636473,-0.41285054636473006,0.41285054636473006
1473503,2025-05-23,2025,2,Royal Challengers Bengaluru,Sunrisers Hyderabad,R Shepherd,0,1,0,0,0.0,Sunrisers Hyderabad,53.0,407.6923076923077,16.8,166.67399267399267,10,19.0,16.8,7.5,4.0,6.0,1.4,2.0,17.389227371886758,-17.389227371886758,17.389227371886758
1473503,2025-05-23,2025,2,Royal Challengers Bengaluru,Sunrisers Hyderabad,RM Patidar,18,16,1,0,112.5,Sunrisers Hyderabad,11.0,73.33333333333333,30.529411764705884,134.299995051427,34,10.6,23.9,35.666666666666664,1.0,0.0,0.8,0.2,26.627203072981366,-8.627203072981366,8.627203072981366
1473503,2025-05-23,2025,2,Royal Challengers Bengaluru,Sunrisers Hyderabad,TH David,1,5,0,0,20.0,Sunrisers Hyderabad,2.0,66.66666666666666,19.651162790697676,157.91338886072128,43,26.2,21.0,34.666666666666664,0.0,0.0,2.4,1.8,20.583969509320493,-19.583969509320493,19.583969509320493
1473503,2025-05-23,2025,1,Sunrisers Hyderabad,Royal Challengers Bengaluru,TM Head,17,10,3,0,170.0,Royal Challengers Bengaluru,20.0,125.0,30.085714285714285,134.02363659175563,35,26.6,28.1,51.5,4.0,0.0,4.0,0.6,26.278591805553724,-9.278591805553724,9.278591805553724
1473503,2025-05-23,2025,2,Royal Challengers Bengaluru,Sunrisers Hyderabad,V Kohli,43,25,7,1,172.0,Sunrisers Hyderabad,62.0,187.87878787878788,33.14785992217899,119.56502015439925,257,51.4,44.6,31.958333333333332,5.0,5.0,4.8,1.6,26.30852473896133,16.69147526103867,16.69147526103867
1473503,2025-05-23,2025,2,Royal Challengers Bengaluru,Sunrisers Hyderabad,Yash Dayal,3,6,0,0,50.0,Sunrisers Hyderabad,0.0,0.0,0.0,0.0,2,0.0,0.0,0.0,0.0,0.0,0.0,0.0,5.422165650633002,-2.4221656506330023,2.4221656506330023
1485779,2025-05-24,2025,1,Punjab Kings,Delhi Capitals,Azmatullah Omarzai,1,3,0,0,33.33333333333333,Delhi Capitals,21.0,233.33333333333334,13.166666666666666,130.75757575757575,6,12.4,13.166666666666666,1.0,3.0,1.0,1.2,0.6,15.567042152335823,-14.567042152335823,14.567042152335823
1485779,2025-05-24,2025,2,Delhi Capitals,Punjab Kings,F du Plessis,23,15,2,1,153.33333333333334,Punjab Kings,6.0,85.71428571428571,32.534246575342465,120.94717070666917,146,19.6,25.0,43.714285714285715,1.0,0.0,2.0,0.4,30.994096125945724,-7.994096125945724,7.994096125945724
1485779,2025-05-24,2025,1,Punjab Kings,Delhi Capitals,Harpreet Brar,7,2,0,1,350.0,Delhi Capitals,17.0,130.76923076923077,9.708333333333334,119.6463443677066,24,14.2,9.4,4.833333333333333,2.0,0.0,1.6,0.4,10.99340650356829,-3.9934065035682895,3.9934065035682895
1485779,2025-05-24,2025,1,Punjab Kings,Delhi Capitals,JP Inglis,32,12,3,2,266.66666666666663,Delhi Capitals,30.0,214.28571428571428,15.333333333333334,130.64892623716153,6,18.0,15.333333333333334,0.0,1.0,4.0,1.6,1.0,17.640865283582787,14.359134716417213,14.359134716417213
1485779,2025-05-24,2025,2,Delhi Capitals,Punjab Kings,KK Nair,44,26,5,2,169.23076923076923,Punjab Kings,0.0,0.0,22.0,111.18722845385464,75,13.0,17.0,0.0,0.0,0.0,1.4,0.6,20.597594539858367,23.402405460141633,23.402405460141633
1485779,2025-05-24,2025,2,Delhi Capitals,Punjab Kings,KL Rahul,35,21,6,1,166.66666666666669,Punjab Kings,11.0,183.33333333333331,37.956204379562045,126.29909358319996,137,36.2,32.6,26.75,2.0,0.0,4.2,0.8,40.25678796010481,-5.256787960104809,5.256787960104809
1485779,2025-05-24,2025,1,Punjab Kings,Delhi Capitals,M Jansen,0,2,0,0,0.0,Delhi Capitals,4.0,200.0,7.421052631578948,93.89880202899593,19,7.6,9.6,2.0,1.0,0.0,0.2,0.4,8.797522079881547,-8.797522079881547,8.797522079881547
1485779,2025-05-24,2025,1,Punjab Kings,Delhi Capitals,MP Stoinis,44,15,3,4,293.3333333333333,Delhi Capitals,15.0,300.0,20.50526315789474,122.64166958277045,95,12.2,11.8,14.833333333333334,1.0,1.0,0.4,1.2,21.33293554227006,22.66706445772994,22.66706445772994
1485779,2025-05-24,2025,1,Punjab Kings,Delhi Capitals,N Wadhera,16,16,1,0,100.0,Delhi Capitals,70.0,189.1891891891892,24.23076923076923,138.7044603837699,26,25.8,28.0,4.0,5.0,5.0,2.2,1.8,23.164614562809298,-7.164614562809298,7.164614562809298
1485779,2025-05-24,2025,1,Punjab Kings,Delhi Capitals,P Simran Singh,28,18,4,1,155.55555555555557,Delhi Capitals,21.0,210.0,26.893617021276597,133.65138421666103,47,59.8,41.7,42.6,3.0,1.0,5.4,3.4,26.279367656152907,1.7206323438470932,1.7206323438470932
1485779,2025-05-24,2025,1,Punjab Kings,Delhi Capitals,Priyansh Arya,6,9,1,0,66.66666666666666,Delhi Capitals,9.0,128.57142857142858,32.76923076923077,154.3664478105681,13,34.4,37.1,70.0,1.0,0.0,3.8,2.0,21.669453897916267,-15.669453897916267,15.669453897916267
1485779,2025-05-24,2025,1,Punjab Kings,Delhi Capitals,SS Iyer,53,33,5,2,160.6060606060606,Delhi Capitals,30.0,120.0,28.078740157480315,117.29767515939574,127,35.6,28.6,36.75,5.0,0.0,3.2,1.4,25.45154393203455,27.54845606796545,27.54845606796545
1485779,2025-05-24,2025,2,Delhi Capitals,Punjab Kings,Sameer Rizvi,58,25,3,5,231.99999999999997,Punjab Kings,39.0,111.42857142857143,14.25,109.61244824016563,8,19.8,14.25,21.0,6.0,1.0,2.4,0.4,16.57017066051005,41.42982933948995,41.42982933948995
1485779,2025-05-24,2025,2,Delhi Capitals,Punjab Kings,Sediqullah Atal,22,16,0,2,137.5,Punjab Kings,0.0,0.0,0.0,0.0,0,0.0,0.0,0.0,0.0,0.0,0.0,0.0,10.666502765781278,11.333497234218722,11.333497234218722
1485779,2025-05-24,2025,1,Punjab Kings,Delhi Capitals,Shashank Singh,11,10,0,0,110.00000000000001,Delhi Capitals,59.0,196.66666666666666,24.0,141.2776471800135,29,29.4,27.3,5.0,5.0,3.0,2.2,1.2,24.895118758780466,-13.895118758780466,13.895118758780466
1485779,2025-05-24,2025,2,Delhi Capitals,Punjab Kings,T Stubbs,18,14,2,0,128.57142857142858,Punjab Kings,2.0,50.0,23.1,152.75328014668827,30,19.8,20.9,5.0,0.0,0.0,1.8,0.6,19.94528438511011,-1.94528438511011,1.94528438511011
1473504,2025-05-25,2025,1,Chennai Super Kings,Gujarat Titans,A Mhatre,34,17,3,3,200.0,Gujarat Titans,43.0,215.0,34.333333333333336,149.78801169590642,6,34.8,34.333333333333336,0.0,8.0,1.0,4.8,1.2,22.754654005499944,11.245345994500056,11.245345994500056
1473504,2025-05-25,2025,2,Gujarat Titans,Chennai Super Kings,Arshad Khan,20,14,0,3,142.85714285714286,Chennai Super Kings,1.0,33.33333333333333,11.0,88.97306397306397,9,12.2,11.0,1.5,0.0,0.0,0.6,1.0,13.852005226300829,6.147994773699171,6.147994773699171
1473504,2025-05-25,2025,2,Gujarat Titans,Chennai Super Kings,B Sai Sudharsan,41,28,6,0,146.42857142857142,Chennai Super Kings,21.0,131.25,44.0,138.4420840239004,38,44.2,45.2,64.5,4.0,0.0,6.0,1.0,31.824676814016172,9.175323185983828,9.175323185983828
1473504,2025-05-25,2025,1,Chennai Super Kings,Gujarat Titans,D Brevis,57,23,4,5,247.82608695652172,Gujarat Titans,42.0,168.0,26.533333333333335,119.48093427040796,15,33.6,27.7,46.0,2.0,3.0,1.8,2.4,24.312808072167282,32.687191927832714,32.687191927832714
1473504,2025-05-25,2025,1,Chennai Super Kings,Gujarat Titans,DP Conway,52,35,6,2,148.57142857142858,Gujarat Titans,10.0,125.0,38.074074074074076,108.63403887306782,27,20.8,31.8,23.25,2.0,0.0,2.2,0.4,30.133642823811826,21.866357176188174,21.866357176188174
1473504,2025-05-25,2025,2,Gujarat Titans,Chennai Super Kings,G Coetzee,5,5,1,0,100.0,Chennai Super Kings,12.0,240.0,4.333333333333333,80.34391534391534,6,5.0,4.333333333333333,0.0,1.0,1.0,0.2,0.4,8.567419002538369,-3.5674190025383687,3.5674190025383687
1473504,2025-05-25,2025,2,Gujarat Titans,Chennai Super Kings,JC Buttler,5,7,0,0,71.42857142857143,Chennai Super Kings,33.0,183.33333333333331,34.588235294117645,129.5598109022589,119,43.6,44.0,36.7,3.0,2.0,4.0,2.2,28.936333750826847,-23.936333750826847,23.936333750826847
1473504,2025-05-25,2025,2,Gujarat Titans,Chennai Super Kings,M Shahrukh Khan,19,15,0,2,126.66666666666666,Chennai Super Kings,57.0,196.55172413793102,15.217391304347826,157.96709267762904,46,17.0,14.9,13.0,5.0,3.0,1.4,1.0,15.307558102250832,3.692441897749168,3.692441897749168
1473504,2025-05-25,2025,2,Gujarat Titans,Chennai Super Kings,Mohammed Siraj,3,4,0,0,75.0,Chennai Super Kings,12.0,150.0,5.45,79.53946053946053,20,5.4,6.3,7.25,0.0,2.0,0.4,0.4,8.259661238547423,-5.259661238547423,5.259661238547423
1473504,2025-05-25,2025,2,Gujarat Titans,Chennai Super Kings,R Sai Kishore,3,7,0,0,42.857142857142854,Chennai Super Kings,1.0,50.0,5.0,122.22222222222221,3,5.0,5.0,0.0,0.0,0.0,0.0,0.6666666666666666,11.379574101650324,-8.379574101650324,8.379574101650324
1473504,2025-05-25,2025,2,Gujarat Titans,Chennai Super Kings,R Tewatia,14,10,1,0,140.0,Chennai Super Kings,2.0,66.66666666666666,14.621621621621621,135.55309713248556,74,5.6,10.4,9.25,0.0,0.0,0.2,0.4,13.304877249069193,0.6951227509308069,0.6951227509308069
1473504,2025-05-25,2025,1,Chennai Super Kings,Gujarat Titans,RA Jadeja,21,18,1,1,116.66666666666667,Gujarat Titans,1.0,20.0,16.78238341968912,131.18635353099677,193,27.0,20.6,14.166666666666666,0.0,0.0,3.0,0.8,21.443056042613414,-0.4430560426134136,0.4430560426134136
1473504,2025-05-25,2025,2,Gujarat Titans,Chennai Super Kings,Rashid Khan,12,8,1,1,150.0,Chennai Super Kings,4.0,100.0,8.953125,122.25102479985293,64,4.4,10.1,16.125,0.0,0.0,0.2,0.2,8.052875071953396,3.9471249280466036,3.9471249280466036
1473504,2025-05-25,2025,1,Chennai Super Kings,Gujarat Titans,S Dube,17,8,0,2,212.5,Gujarat Titans,39.0,121.875,24.89189189189189,130.39150334760856,74,22.0,29.4,20.428571428571427,2.0,2.0,1.4,1.2,25.560183146789072,-8.560183146789072,8.560183146789072
1473504,2025-05-25,2025,2,Gujarat Titans,Chennai Super Kings,SE Rutherford,0,4,0,0,0.0,Chennai Super Kings,38.0,172.72727272727272,20.72222222222222,144.4005446308078,18,27.6,27.2,6.0,1.0,3.0,1.4,1.8,23.73589925098837,-23.73589925098837,23.73589925098837
1473504,2025-05-25,2025,2,Gujarat Titans,Chennai Super Kings,Shubman Gill,13,9,1,1,144.44444444444443,Chennai Super Kings,35.0,175.0,34.392857142857146,125.08702497778131,112,66.2,55.1,30.133333333333333,7.0,0.0,5.6,2.8,28.94069769675405,-15.94069769675405,15.94069769675405
1473504,2025-05-25,2025,1,Chennai Super Kings,Gujarat Titans,Urvil Patel,37,19,4,2,194.73684210526315,Gujarat Titans,0.0,0.0,15.5,140.9090909090909,2,15.5,15.5,0.0,0.0,0.0,0.5,2.0,13.210353730885457,23.78964626911454,23.78964626911454
1473505,2025-05-25,2025,2,Kolkata Knight Riders,Sunrisers Hyderabad,A Raghuvanshi,14,18,1,0,77.77777777777779,Sunrisers Hyderabad,1.0,50.0,26.41176470588235,142.03775235628677,17,30.6,28.6,50.0,0.0,0.0,3.2,0.8,22.47691042130066,-8.476910421300659,8.476910421300659
1473505,2025-05-25,2025,2,Kolkata Knight Riders,Sunrisers Hyderabad,AD Russell,0,1,0,0,0.0,Sunrisers Hyderabad,38.0,180.95238095238096,23.289473684210527,151.6071280085274,114,30.0,19.1,19.125,4.0,3.0,2.8,2.6,24.98336505068118,-24.98336505068118,24.98336505068118
1473505,2025-05-25,2025,2,Kolkata Knight Riders,Sunrisers Hyderabad,AM Rahane,15,8,3,0,187.5,Sunrisers Hyderabad,48.0,145.45454545454547,27.565934065934066,107.53508857859687,182,34.2,31.9,24.571428571428573,4.0,2.0,3.0,1.4,23.75737041368522,-8.75737041368522,8.75737041368522
1473505,2025-05-25,2025,1,Sunrisers Hyderabad,Kolkata Knight Riders,Abhishek Sharma,32,16,4,2,200.0,Kolkata Knight Riders,34.0,212.5,24.438356164383563,138.70011531365915,73,35.0,37.7,13.4,3.0,3.0,2.2,3.2,23.886675471909633,8.113324528090367,8.113324528090367
1473505,2025-05-25,2025,1,Sunrisers Hyderabad,Kolkata Knight Riders,Aniket Verma,12,6,1,1,200.0,Kolkata Knight Riders,26.0,288.88888888888886,20.363636363636363,173.79781465147317,11,13.0,21.7,6.0,1.0,3.0,0.6,1.0,17.20064836928927,-5.200648369289269,5.200648369289269
1473505,2025-05-25,2025,1,Sunrisers Hyderabad,Kolkata Knight Riders,H Klaasen,105,38,7,9,276.3157894736842,Kolkata Knight Riders,24.0,184.6153846153846,31.25,158.81310761046169,44,34.4,32.2,30.571428571428573,2.0,2.0,3.4,1.2,24.475797318797742,80.52420268120225,80.52420268120225
1473505,2025-05-25,2025,2,Kolkata Knight Riders,Sunrisers Hyderabad,Harshit Rana,34,21,2,3,161.9047619047619,Sunrisers Hyderabad,0.0,0.0,2.7777777777777777,61.28747795414462,9,3.6,2.7777777777777777,0.0,0.0,0.0,0.4,0.0,2.834638122302214,31.165361877697787,31.165361877697787
1473505,2025-05-25,2025,1,Sunrisers Hyderabad,Kolkata Knight Riders,Ishan Kishan,29,20,4,1,145.0,Kolkata Knight Riders,94.0,195.83333333333331,26.74774774774775,116.51243317248223,111,37.4,21.9,25.9,7.0,5.0,3.0,1.6,27.60602522912311,1.3939747708768913,1.3939747708768913
1473505,2025-05-25,2025,2,Kolkata Knight Riders,Sunrisers Hyderabad,MK Pandey,37,23,2,3,160.8695652173913,Sunrisers Hyderabad,36.0,128.57142857142858,24.160493827160494,106.48633377385603,162,24.8,23.1,25.071428571428573,1.0,1.0,1.2,1.2,26.68809212491304,10.311907875086959,10.311907875086959
1473505,2025-05-25,2025,2,Kolkata Knight Riders,Sunrisers Hyderabad,Q de Kock,9,13,0,0,69.23076923076923,Sunrisers Hyderabad,2.0,50.0,28.721739130434784,115.92935730618352,115,8.4,16.5,28.857142857142858,0.0,0.0,0.0,1.0,30.729299692861556,-21.729299692861556,21.729299692861556
1473505,2025-05-25,2025,2,Kolkata Knight Riders,Sunrisers Hyderabad,RK Singh,9,6,0,1,150.0,Sunrisers Hyderabad,9.0,150.0,21.8,142.13930129108616,50,16.6,19.7,32.333333333333336,2.0,0.0,1.4,0.8,21.42780962433961,-12.42780962433961,12.42780962433961
1473505,2025-05-25,2025,2,Kolkata Knight Riders,Sunrisers Hyderabad,Ramandeep Singh,13,5,0,2,260.0,Sunrisers Hyderabad,4.0,100.0,10.736842105263158,144.27631578947367,19,5.6,8.4,24.5,0.0,0.0,0.2,0.4,13.514521834753035,-0.5145218347530349,0.5145218347530349
1473505,2025-05-25,2025,2,Kolkata Knight Riders,Sunrisers Hyderabad,SP Narine,31,16,3,3,193.75,Sunrisers Hyderabad,26.0,152.94117647058823,14.948717948717949,125.14204885087833,117,17.0,17.1,8.352941176470589,4.0,1.0,2.0,1.0,16.705009557321453,14.294990442678547,14.294990442678547
1473505,2025-05-25,2025,1,Sunrisers Hyderabad,Kolkata Knight Riders,TM Head,76,40,6,6,190.0,Kolkata Knight Riders,17.0,170.0,29.72222222222222,135.02298001976243,36,16.8,23.1,19.75,3.0,0.0,2.8,0.0,28.825282888547637,47.17471711145237,47.17471711145237
1473505,2025-05-25,2025,2,Kolkata Knight Riders,Sunrisers Hyderabad,VG Arora,0,1,0,0,0.0,Sunrisers Hyderabad,0.0,0.0,1.125,66.66666666666666,8,1.2,1.125,1.0,0.0,0.0,0.0,0.0,3.084157884315193,-3.084157884315193,3.084157884315193
1473506,2025-05-26,2025,1,Mumbai Indians,Punjab Kings,HH Pandya,26,15,2,2,173.33333333333334,Punjab Kings,3.0,50.0,19.25,139.8249141138428,140,15.6,17.7,14.5,0.0,0.0,1.8,0.4,23.57635805734876,2.4236419426512406,2.4236419426512406
1473506,2025-05-26,2025,2,Punjab Kings,Mumbai Indians,JP Inglis,73,42,9,3,173.80952380952382,Mumbai Indians,32.0,266.66666666666663,17.714285714285715,150.0800320128051,7,21.6,17.714285714285715,0.0,3.0,2.0,1.8,1.4,14.16402258080076,58.83597741919924,58.83597741919924
1473506,2025-05-26,2025,1,Mumbai Indians,Punjab Kings,MJ Santner,1,1,0,0,100.0,Punjab Kings,0.0,0.0,6.8125,104.64335919928025,16,7.8,5.5,10.0,0.0,0.0,0.4,0.6,5.3110469611144335,-4.3110469611144335,4.3110469611144335
1473506,2025-05-26,2025,2,Punjab Kings,Mumbai Indians,N Wadhera,2,2,0,0,100.0,Mumbai Indians,16.0,100.0,23.925925925925927,137.2709618510377,27,22.4,25.3,0.0,1.0,0.0,1.8,1.2,21.131506162611757,-19.131506162611757,19.131506162611757
1473506,2025-05-26,2025,1,Mumbai Indians,Punjab Kings,Naman Dhir,20,12,0,2,166.66666666666669,Punjab Kings,24.0,300.0,20.375,158.0221154118213,16,18.8,24.8,0.0,2.0,2.0,1.8,1.2,20.372693290812197,-0.3726932908121974,0.3726932908121974
1473506,2025-05-26,2025,2,Punjab Kings,Mumbai Indians,P Simran Singh,13,16,1,1,81.25,Mumbai Indians,28.0,155.55555555555557,26.916666666666668,134.10772111955467,48,48.8,44.5,11.666666666666666,4.0,1.0,5.0,2.4,25.28716408483365,-12.287164084833648,12.287164084833648
1473506,2025-05-26,2025,2,Punjab Kings,Mumbai Indians,Priyansh Arya,62,35,9,2,177.14285714285714,Mumbai Indians,6.0,66.66666666666666,30.857142857142858,148.10217772886085,14,21.8,27.4,0.0,1.0,0.0,2.4,1.2,20.441375221760687,41.55862477823931,41.55862477823931
1473506,2025-05-26,2025,1,Mumbai Indians,Punjab Kings,RD Rickelton,27,20,5,0,135.0,Punjab Kings,25.0,138.88888888888889,27.76923076923077,148.21315672631462,13,31.4,28.0,0.0,0.0,2.0,3.0,1.8,21.72098896508167,5.27901103491833,5.27901103491833
1473506,2025-05-26,2025,1,Mumbai Indians,Punjab Kings,RG Sharma,24,21,2,1,114.28571428571428,Punjab Kings,5.0,100.0,26.268939393939394,113.84995023275688,264,29.4,29.7,29.833333333333332,1.0,0.0,3.8,1.0,26.20195310458905,-2.2019531045890517,2.2019531045890517
1473506,2025-05-26,2025,1,Mumbai Indians,Punjab Kings,SA Yadav,57,39,6,2,146.15384615384613,Punjab Kings,73.0,169.7674418604651,28.033557046979865,137.64584933427358,149,50.0,47.9,46.166666666666664,7.0,4.0,5.0,2.6,26.588023121211176,30.411976878788824,30.411976878788824
1473506,2025-05-26,2025,2,Punjab Kings,Mumbai Indians,SS Iyer,26,16,1,2,162.5,Mumbai Indians,53.0,160.6060606060606,28.2734375,117.63602192069781,128,45.0,32.9,21.555555555555557,5.0,2.0,4.0,1.8,25.549195622622996,0.4508043773770041,0.4508043773770041
1473506,2025-05-26,2025,1,Mumbai Indians,Punjab Kings,Tilak Varma,1,4,0,0,25.0,Punjab Kings,27.0,100.0,29.770833333333332,136.599777234873,48,12.6,27.3,24.75,1.0,1.0,0.8,0.2,27.804183404024062,-26.804183404024062,26.804183404024062
1473506,2025-05-26,2025,1,Mumbai Indians,Punjab Kings,WG Jacks,17,8,2,1,212.5,Punjab Kings,21.0,161.53846153846155,24.77777777777778,132.95782200929037,18,32.2,21.6,12.0,3.0,1.0,3.2,1.6,23.782039756457987,-6.782039756457987,6.782039756457987
1473507,2025-05-27,2025,1,Lucknow Super Giants,Royal Challengers Bengaluru,Abdul Samad,1,1,0,0,100.0,Royal Challengers Bengaluru,3.0,50.0,14.549019607843137,137.87154786588317,51,16.4,14.1,23.5,0.0,0.0,0.4,1.6,12.314981960633599,-11.314981960633599,11.314981960633599
1473507,2025-05-27,2025,2,Royal Challengers Bengaluru,Lucknow Super Giants,JM Sharma,85,32,8,6,265.625,Lucknow Super Giants,24.0,160.0,19.6,143.12473911289737,45,12.8,18.4,8.5,1.0,2.0,1.2,0.6,18.110301882888123,66.88969811711188,66.88969811711188
1473507,2025-05-27,2025,2,Royal Challengers Bengaluru,Lucknow Super Giants,LS Livingstone,0,1,0,0,0.0,Lucknow Super Giants,4.0,66.66666666666666,22.8,130.88006306576924,45,14.4,11.5,23.0,1.0,0.0,0.4,1.2,21.612310064429973,-21.612310064429973,21.612310064429973
1473507,2025-05-27,2025,2,Royal Challengers Bengaluru,Lucknow Super Giants,MA Agarwal,41,23,5,0,178.26086956521738,Lucknow Super Giants,11.0,110.00000000000001,21.788617886178862,116.96554305667877,123,15.0,23.2,16.5,1.0,0.0,1.8,0.2,21.310457496417765,19.689542503582235,19.689542503582235
1473507,2025-05-27,2025,1,Lucknow Super Giants,Royal Challengers Bengaluru,MP Breetzke,14,12,1,1,116.66666666666667,Royal Challengers Bengaluru,0.0,0.0,0.0,0.0,0,0.0,0.0,0.0,0.0,0.0,0.0,0.0,18.53083414654711,-4.530834146547111,4.530834146547111
1473507,2025-05-27,2025,1,Lucknow Super Giants,Royal Challengers Bengaluru,MR Marsh,67,36,4,5,186.11111111111111,Royal Challengers Bengaluru,117.0,182.8125,25.520833333333332,112.24670434328169,48,52.2,43.6,0.0,10.0,8.0,4.4,3.0,28.772091772986467,38.22790822701353,38.22790822701353
1473507,2025-05-27,2025,1,Lucknow Super Giants,Royal Challengers Bengaluru,N Pooran,13,10,1,0,130.0,Royal Challengers Bengaluru,56.0,215.3846153846154,26.20689655172414,146.04728947765076,87,28.6,32.2,40.0,4.0,5.0,2.8,1.8,25.01843849491654,-12.018438494916541,12.018438494916541
1473507,2025-05-27,2025,2,Royal Challengers Bengaluru,Lucknow Super Giants,PD Salt,30,19,6,0,157.89473684210526,Lucknow Super Giants,62.0,200.0,30.774193548387096,148.12837225249635,31,31.6,30.1,60.5,4.0,5.0,2.8,2.2,23.732287208101102,6.267712791898898,6.267712791898898
1473507,2025-05-27,2025,2,Royal Challengers Bengaluru,Lucknow Super Giants,RM Patidar,14,7,1,1,200.0,Lucknow Super Giants,18.0,112.5,30.17142857142857,133.67713804995765,35,9.6,22.3,70.5,1.0,0.0,0.8,0.0,30.719063842143616,-16.719063842143616,16.719063842143616
1473507,2025-05-27,2025,1,Lucknow Super Giants,Royal Challengers Bengaluru,RR Pant,118,61,11,8,193.44262295081967,Royal Challengers Bengaluru,16.0,266.66666666666663,27.584,130.9430068766372,125,9.0,13.6,0.0,0.0,2.0,0.8,0.6,27.132668885682264,90.86733111431774,90.86733111431774
1473507,2025-05-27,2025,2,Royal Challengers Bengaluru,Lucknow Super Giants,V Kohli,54,30,10,0,180.0,Lucknow Super Giants,43.0,172.0,33.18604651162791,119.76825651038995,258,59.8,45.8,27.8,7.0,1.0,6.2,1.8,24.66175729922383,29.33824270077617,29.33824270077617
1473508,2025-05-29,2025,1,Punjab Kings,Royal Challengers Bengaluru,Azmatullah Omarzai,18,12,1,1,150.0,Royal Challengers Bengaluru,1.0,33.33333333333333,11.428571428571429,116.83982683982684,7,10.4,11.428571428571429,0.0,0.0,0.0,1.0,0.6,14.444950460232809,3.5550495397671913,3.5550495397671913
1473508,2025-05-29,2025,1,Punjab Kings,Royal Challengers Bengaluru,Harpreet Brar,4,11,0,0,36.36363636363637,Royal Challengers Bengaluru,7.0,350.0,9.6,128.86049059299833,25,15.4,8.4,2.0,0.0,1.0,1.6,0.6,14.377774332340236,-10.377774332340236,10.377774332340236
1473508,2025-05-29,2025,1,Punjab Kings,Royal Challengers Bengaluru,JP Inglis,4,7,0,0,57.14285714285714,Royal Challengers Bengaluru,73.0,173.80952380952382,24.625,153.04621848739495,8,30.4,24.625,21.5,9.0,3.0,3.2,1.8,21.83888084665052,-17.83888084665052,17.83888084665052
1473508,2025-05-29,2025,1,Punjab Kings,Royal Challengers Bengaluru,KA Jamieson,0,3,0,0,0.0,Royal Challengers Bengaluru,2.0,100.0,9.285714285714286,130.02830502830503,7,9.8,9.285714285714286,0.0,0.0,0.0,0.6,0.6,9.230687780053831,-9.230687780053831,9.230687780053831
1473508,2025-05-29,2025,2,Royal Challengers Bengaluru,Punjab Kings,MA Agarwal,19,13,2,1,146.15384615384613,Punjab Kings,41.0,178.26086956521738,21.943548387096776,117.45986020594117,124,16.8,27.1,21.0,5.0,0.0,2.0,0.0,23.72732098206244,-4.727320982062441,4.727320982062441
1473508,2025-05-29,2025,1,Punjab Kings,Royal Challengers Bengaluru,MP Stoinis,26,17,2,2,152.94117647058823,Royal Challengers Bengaluru,44.0,293.3333333333333,20.75,124.41970774683881,96,20.2,15.9,10.666666666666666,3.0,4.0,1.0,2.0,20.917712548440736,5.082287451559264,5.082287451559264
1473508,2025-05-29,2025,1,Punjab Kings,Royal Challengers Bengaluru,Musheer Khan,0,3,0,0,0.0,Royal Challengers Bengaluru,0.0,0.0,0.0,0.0,0,0.0,0.0,0.0,0.0,0.0,0.0,0.0,10.254371847355797,-10.254371847355797,10.254371847355797
1473508,2025-05-29,2025,1,Punjab Kings,Royal Challengers Bengaluru,N Wadhera,8,9,1,0,88.88888888888889,Royal Challengers Bengaluru,2.0,100.0,23.142857142857142,135.93985607064351,28,21.8,19.3,19.0,0.0,0.0,1.8,1.2,20.096656166857603,-12.096656166857603,12.096656166857603
1473508,2025-05-29,2025,1,Punjab Kings,Royal Challengers Bengaluru,P Simran Singh,18,10,2,1,180.0,Royal Challengers Bengaluru,13.0,81.25,26.632653061224488,133.0289921171148,49,40.6,41.6,19.25,1.0,1.0,4.2,2.0,28.064008800917605,-10.064008800917605,10.064008800917605
1473508,2025-05-29,2025,2,Royal Challengers Bengaluru,Punjab Kings,PD Salt,56,27,6,3,207.4074074074074,Punjab Kings,30.0,157.89473684210526,30.75,148.43357114592163,32,24.6,27.5,25.4,6.0,0.0,3.0,1.0,20.850255024040337,35.14974497595966,35.14974497595966
1473508,2025-05-29,2025,1,Punjab Kings,Royal Challengers Bengaluru,Priyansh Arya,7,5,1,0,140.0,Royal Challengers Bengaluru,62.0,177.14285714285714,32.93333333333333,150.03822302312727,15,29.6,30.0,19.0,9.0,2.0,3.2,1.6,18.601711677983953,-11.601711677983953,11.601711677983953
1473508,2025-05-29,2025,2,Royal Challengers Bengaluru,Punjab Kings,RM Patidar,15,8,1,1,187.5,Punjab Kings,14.0,200.0,29.72222222222222,135.51943977079216,36,10.0,18.6,27.5,1.0,1.0,0.8,0.2,27.25591842864395,-12.255918428643952,12.255918428643952
1473508,2025-05-29,2025,1,Punjab Kings,Royal Challengers Bengaluru,SS Iyer,2,3,0,0,66.66666666666666,Royal Challengers Bengaluru,26.0,162.5,28.25581395348837,117.98380469650635,129,45.2,34.6,25.5,1.0,2.0,4.0,2.0,25.00122934453059,-23.00122934453059,23.00122934453059
1473508,2025-05-29,2025,1,Punjab Kings,Royal Challengers Bengaluru,Shashank Singh,3,5,0,0,60.0,Royal Challengers Bengaluru,11.0,110.00000000000001,23.566666666666666,140.23505894067972,30,31.4,24.0,22.5,0.0,0.0,2.2,1.2,19.554836727488716,-16.554836727488716,16.554836727488716
1473508,2025-05-29,2025,2,Royal Challengers Bengaluru,Punjab Kings,V Kohli,12,12,2,0,100.0,Punjab Kings,54.0,180.0,33.26640926640927,120.00081150455833,259,56.0,50.5,47.0,10.0,0.0,6.8,1.6,30.321919547586347,-18.321919547586347,18.321919547586347
1473509,2025-05-30,2025,2,Gujarat Titans,Mumbai Indians,B Sai Sudharsan,80,49,10,1,163.26530612244898,Mumbai Indians,41.0,146.42857142857142,43.92307692307692,138.6468657522253,39,44.6,48.8,34.0,6.0,0.0,6.4,0.8,28.911476357786796,51.088523642213204,51.088523642213204
1473509,2025-05-30,2025,2,Gujarat Titans,Mumbai Indians,BKG Mendis,20,10,1,2,200.0,Mumbai Indians,0.0,0.0,0.0,0.0,0,0.0,0.0,0.0,0.0,0.0,0.0,0.0,7.388796300705186,12.611203699294814,12.611203699294814
1473509,2025-05-30,2025,1,Mumbai Indians,Gujarat Titans,HH Pandya,22,9,0,3,244.44444444444446,Gujarat Titans,26.0,173.33333333333334,19.29787234042553,140.06256247710158,141,16.6,18.7,7.666666666666667,2.0,2.0,1.6,0.6,22.11414336401918,-0.11414336401918135,0.11414336401918135
1473509,2025-05-30,2025,1,Mumbai Indians,Gujarat Titans,JM Bairstow,47,22,4,3,213.63636363636363,Gujarat Titans,14.0,63.63636363636363,31.78,130.8275863664369,50,40.4,28.9,10.333333333333334,1.0,0.0,4.2,2.2,27.609968766536387,19.390031233463613,19.390031233463613
1473509,2025-05-30,2025,2,Gujarat Titans,Mumbai Indians,M Shahrukh Khan,13,7,0,1,185.71428571428572,Mumbai Indians,19.0,126.66666666666666,15.297872340425531,157.3011261667575,47,18.6,16.6,10.0,0.0,2.0,1.4,1.2,13.528712704040284,-0.5287127040402844,0.5287127040402844
1473509,2025-05-30,2025,1,Mumbai Indians,Gujarat Titans,MJ Santner,0,2,0,0,0.0,Gujarat Titans,1.0,100.0,6.470588235294118,104.370220422852,17,5.8,5.5,5.0,0.0,0.0,0.2,0.6,6.151496928476531,-6.151496928476531,6.151496928476531
1473509,2025-05-30,2025,1,Mumbai Indians,Gujarat Titans,Naman Dhir,9,6,0,1,150.0,Gujarat Titans,20.0,166.66666666666669,20.352941176470587,158.53061842681223,17,15.2,20.6,15.0,0.0,2.0,1.0,1.2,17.465747346845077,-8.465747346845077,8.465747346845077
1473509,2025-05-30,2025,2,Gujarat Titans,Mumbai Indians,R Tewatia,16,11,1,1,145.45454545454547,Mumbai Indians,14.0,140.0,14.613333333333333,135.61238917071907,75,8.4,8.3,12.0,1.0,0.0,0.4,0.4,12.713301372197886,3.2866986278021137,3.2866986278021137
1473509,2025-05-30,2025,1,Mumbai Indians,Gujarat Titans,RG Sharma,81,50,9,4,162.0,Gujarat Titans,24.0,114.28571428571428,26.260377358490565,113.85159462540955,265,20.2,30.8,20.0,2.0,1.0,2.6,0.6,25.044016238725202,55.955983761274794,55.955983761274794
1473509,2025-05-30,2025,2,Gujarat Titans,Mumbai Indians,Rashid Khan,0,2,0,0,0.0,Mumbai Indians,12.0,150.0,9.0,122.67793211062443,65,4.4,8.2,8.5,1.0,1.0,0.2,0.2,7.923965775656488,-7.923965775656488,7.923965775656488
1473509,2025-05-30,2025,1,Mumbai Indians,Gujarat Titans,SA Yadav,33,20,1,3,165.0,Gujarat Titans,57.0,146.15384615384613,28.226666666666667,137.70256931307074,150,53.4,46.9,47.166666666666664,6.0,2.0,5.2,2.6,24.63703273357534,8.362967266424661,8.362967266424661
1473509,2025-05-30,2025,2,Gujarat Titans,Mumbai Indians,SE Rutherford,24,15,4,0,160.0,Mumbai Indians,0.0,0.0,19.63157894736842,136.80051596602843,19,26.2,26.7,23.0,0.0,0.0,1.4,1.6,23.457133528149235,0.5428664718507648,0.5428664718507648
1473509,2025-05-30,2025,2,Gujarat Titans,Mumbai Indians,Shubman Gill,1,2,0,0,50.0,Mumbai Indians,13.0,144.44444444444443,34.203539823008846,125.25832957483144,113,52.0,50.3,37.214285714285715,1.0,1.0,4.8,2.2,31.622581938043755,-30.622581938043755,30.622581938043755
1473509,2025-05-30,2025,1,Mumbai Indians,Gujarat Titans,Tilak Varma,25,11,0,3,227.27272727272728,Gujarat Titans,1.0,25.0,29.183673469387756,134.3222307606919,49,8.6,24.3,22.833333333333332,0.0,0.0,0.4,0.2,27.981639012642027,-2.9816390126420274,2.9816390126420274
1473509,2025-05-30,2025,2,Gujarat Titans,Mumbai Indians,Washington Sundar,48,24,5,3,200.0,Mumbai Indians,21.0,131.25,11.023809523809524,108.57920905350903,42,17.0,14.5,6.125,0.0,1.0,1.0,0.8,13.55351543440201,34.44648456559799,34.44648456559799
1473510,2025-06-01,2025,1,Mumbai Indians,Punjab Kings,HH Pandya,15,13,1,1,115.38461538461537,Punjab Kings,22.0,244.44444444444446,19.316901408450704,140.79764615292794,142,20.0,19.8,16.142857142857142,0.0,3.0,1.6,1.2,21.529314209085598,-6.529314209085598,6.529314209085598
1473510,2025-06-01,2025,1,Mumbai Indians,Punjab Kings,JM Bairstow,38,24,3,2,158.33333333333331,Punjab Kings,47.0,213.63636363636363,32.07843137254902,132.4512878815335,51,28.2,32.8,63.0,4.0,3.0,3.4,1.0,29.55316210336506,8.44683789663494,8.44683789663494
1473510,2025-06-01,2025,2,Punjab Kings,Mumbai Indians,JP Inglis,38,21,5,2,180.95238095238096,Mumbai Indians,4.0,57.14285714285714,22.333333333333332,142.39028944911297,9,29.0,22.333333333333332,73.0,0.0,0.0,2.8,1.8,27.315845425162316,10.684154574837684,10.684154574837684
1473510,2025-06-01,2025,1,Mumbai Indians,Punjab Kings,MJ Santner,0,1,0,0,0.0,Punjab Kings,0.0,0.0,6.111111111111111,98.57187484380466,18,2.2,5.4,7.0,0.0,0.0,0.0,0.2,5.697434687165804,-5.697434687165804,5.697434687165804
1473510,2025-06-01,2025,2,Punjab Kings,Mumbai Indians,MP Stoinis,2,2,0,0,100.0,Mumbai Indians,26.0,152.94117647058823,20.804123711340207,124.71374350687745,97,18.6,18.0,24.285714285714285,2.0,2.0,1.2,1.6,21.26197253207615,-19.26197253207615,19.26197253207615
1473510,2025-06-01,2025,2,Punjab Kings,Mumbai Indians,N Wadhera,48,29,4,2,165.51724137931035,Mumbai Indians,8.0,88.88888888888889,22.620689655172413,134.31740892644507,29,22.4,19.2,2.0,1.0,0.0,1.8,1.2,19.72968542890741,28.27031457109259,28.27031457109259
1473510,2025-06-01,2025,1,Mumbai Indians,Punjab Kings,Naman Dhir,37,18,7,0,205.55555555555554,Punjab Kings,9.0,150.0,19.72222222222222,158.0566951808782,18,17.0,19.8,20.0,0.0,1.0,1.0,1.4,18.10031455366558,18.89968544633442,18.89968544633442
1473510,2025-06-01,2025,2,Punjab Kings,Mumbai Indians,P Simran Singh,6,9,1,0,66.66666666666666,Mumbai Indians,18.0,180.0,26.46,133.9684122747725,50,26.0,40.4,12.0,2.0,1.0,3.4,0.8,30.92079209129147,-24.92079209129147,24.92079209129147
1473510,2025-06-01,2025,2,Punjab Kings,Mumbai Indians,Priyansh Arya,20,10,2,1,200.0,Mumbai Indians,7.0,140.0,31.3125,149.41083408418183,16,30.8,28.5,62.0,1.0,0.0,3.4,1.6,19.074792063814296,0.9252079361857035,0.9252079361857035
1473510,2025-06-01,2025,1,Mumbai Indians,Punjab Kings,RA Bawa,8,4,0,0,200.0,Punjab Kings,11.0,84.61538461538461,5.5,42.30769230769231,2,5.5,5.5,0.0,1.0,0.0,0.5,0.0,15.044829063760432,-7.044829063760432,7.044829063760432
1473510,2025-06-01,2025,1,Mumbai Indians,Punjab Kings,RG Sharma,8,7,1,0,114.28571428571428,Punjab Kings,81.0,162.0,26.466165413533833,114.03260366817116,266,34.0,37.2,29.0,9.0,4.0,4.4,1.0,29.033657310683946,-21.033657310683946,21.033657310683946
1473510,2025-06-01,2025,1,Mumbai Indians,Punjab Kings,SA Yadav,44,26,4,3,169.23076923076923,Punjab Kings,33.0,165.0,28.258278145695364,137.88334699973913,151,49.2,47.4,47.714285714285715,1.0,3.0,4.6,2.4,28.123178893695894,15.876821106304106,15.876821106304106
1473510,2025-06-01,2025,2,Punjab Kings,Mumbai Indians,SS Iyer,87,40,5,8,217.49999999999997,Mumbai Indians,2.0,66.66666666666666,28.053846153846155,117.58905748089221,130,31.2,26.6,21.789473684210527,0.0,0.0,3.0,1.2,27.056397500876482,59.943602499123514,59.943602499123514
1473510,2025-06-01,2025,2,Punjab Kings,Mumbai Indians,Shashank Singh,2,3,0,0,66.66666666666666,Mumbai Indians,3.0,60.0,22.903225806451612,137.64683123291587,31,25.8,23.3,41.0,0.0,0.0,2.0,1.2,21.91684776257027,-19.91684776257027,19.91684776257027
1473510,2025-06-01,2025,1,Mumbai Indians,Punjab Kings,Tilak Varma,44,27,2,2,162.96296296296296,Punjab Kings,25.0,227.27272727272728,29.1,136.1812406909326,50,13.2,22.9,20.0,0.0,3.0,0.4,0.8,27.54654975254384,16.45345024745616,16.45345024745616
1473511,2025-06-03,2025,2,Punjab Kings,Royal Challengers Bengaluru,Azmatullah Omarzai,1,2,0,0,50.0,Royal Challengers Bengaluru,18.0,150.0,12.25,120.98484848484848,8,11.4,12.25,18.0,1.0,1.0,1.2,0.6,17.07876439339579,-16.07876439339579,16.07876439339579
1473511,2025-06-03,2025,1,Royal Challengers Bengaluru,Punjab Kings,B Kumar,1,2,0,0,50.0,Punjab Kings,3.0,150.0,4.557142857142857,83.97895358609645,70,2.6,3.6,4.5,0.0,0.0,0.2,0.0,4.688297310487719,-3.6882973104877186,3.6882973104877186
1473511,2025-06-03,2025,1,Royal Challengers Bengaluru,Punjab Kings,JM Sharma,24,10,2,2,240.0,Punjab Kings,85.0,265.625,21.02173913043478,145.787788262617,46,29.4,23.7,6.5,8.0,6.0,2.8,1.8,27.510359013900228,-3.510359013900228,3.510359013900228
1473511,2025-06-03,2025,2,Punjab Kings,Royal Challengers Bengaluru,JP Inglis,39,23,1,4,169.56521739130434,Royal Challengers Bengaluru,38.0,180.95238095238096,23.9,146.24649859943978,10,35.4,23.9,15.666666666666666,5.0,2.0,3.6,2.2,21.476383266888636,17.523616733111364,17.523616733111364
1473511,2025-06-03,2025,2,Punjab Kings,Royal Challengers Bengaluru,KA Jamieson,0,2,0,0,0.0,Royal Challengers Bengaluru,0.0,0.0,8.125,113.7747668997669,8,7.6,8.125,0.0,0.0,0.0,0.4,0.4,6.295047926917107,-6.295047926917107,6.295047926917107
1473511,2025-06-03,2025,1,Royal Challengers Bengaluru,Punjab Kings,KH Pandya,4,5,0,0,80.0,Punjab Kings,8.0,133.33333333333331,15.504424778761061,120.6897998365543,113,21.0,16.4,12.833333333333334,2.0,0.0,1.8,0.8,16.966660627952034,-12.966660627952034,12.966660627952034
1473511,2025-06-03,2025,1,Royal Challengers Bengaluru,Punjab Kings,LS Livingstone,25,15,0,2,166.66666666666669,Punjab Kings,0.0,0.0,22.304347826086957,128.0348443034699,46,12.4,9.4,14.5,0.0,0.0,0.4,1.0,20.6641469118977,4.335853088102301,4.335853088102301
1473511,2025-06-03,2025,1,Royal Challengers Bengaluru,Punjab Kings,MA Agarwal,24,18,2,1,133.33333333333331,Punjab Kings,19.0,146.15384615384613,21.92,117.68941209352441,125,18.4,24.1,20.0,2.0,1.0,2.2,0.2,23.091695773254813,0.9083042267451873,0.9083042267451873
1473511,2025-06-03,2025,2,Punjab Kings,Royal Challengers Bengaluru,MP Stoinis,6,2,0,1,300.0,Royal Challengers Bengaluru,2.0,100.0,20.612244897959183,124.46156245068482,98,17.6,15.4,14.5,0.0,0.0,1.2,1.4,21.06491235538249,-15.06491235538249,15.06491235538249
1473511,2025-06-03,2025,2,Punjab Kings,Royal Challengers Bengaluru,N Wadhera,15,18,0,1,83.33333333333334,Royal Challengers Bengaluru,48.0,165.51724137931035,23.466666666666665,135.35740334154056,30,28.8,21.3,15.333333333333334,4.0,2.0,2.2,1.4,19.50217892623338,-4.5021789262333805,4.5021789262333805
1473511,2025-06-03,2025,2,Punjab Kings,Royal Challengers Bengaluru,P Simran Singh,26,22,0,2,118.18181818181819,Royal Challengers Bengaluru,6.0,66.66666666666666,26.058823529411764,132.6487702040253,51,17.2,39.7,19.0,1.0,0.0,2.2,0.8,27.809429279417344,-1.809429279417344,1.809429279417344
1473511,2025-06-03,2025,1,Royal Challengers Bengaluru,Punjab Kings,PD Salt,16,9,2,1,177.77777777777777,Punjab Kings,56.0,207.4074074074074,31.515151515151516,150.22065709323937,33,35.0,29.9,30.5,6.0,3.0,4.0,1.6,21.480394130483756,-5.480394130483756,5.480394130483756
1473511,2025-06-03,2025,2,Punjab Kings,Royal Challengers Bengaluru,Priyansh Arya,24,19,4,0,126.3157894736842,Royal Challengers Bengaluru,20.0,200.0,30.647058823529413,152.3866673733476,17,20.8,28.9,15.0,2.0,1.0,2.8,0.6,19.75927651954749,4.240723480452509,4.240723480452509
1473511,2025-06-03,2025,1,Royal Challengers Bengaluru,Punjab Kings,R Shepherd,17,9,1,1,188.88888888888889,Punjab Kings,0.0,0.0,15.272727272727273,151.52181152181151,11,11.2,14.4,13.5,0.0,0.0,0.8,1.2,11.935626426460436,5.064373573539564,5.064373573539564
1473511,2025-06-03,2025,1,Royal Challengers Bengaluru,Punjab Kings,RM Patidar,26,16,1,2,162.5,Punjab Kings,15.0,187.5,29.324324324324323,136.92431977698698,37,12.8,18.9,25.714285714285715,1.0,1.0,1.0,0.4,27.37284256744866,-1.3728425674486608,1.3728425674486608
1473511,2025-06-03,2025,2,Punjab Kings,Royal Challengers Bengaluru,SS Iyer,1,2,0,0,50.0,Royal Challengers Bengaluru,87.0,217.49999999999997,28.50381679389313,118.35173643141974,131,39.6,35.3,20.8,5.0,8.0,3.2,2.4,25.767138786760572,-24.767138786760572,24.767138786760572
1473511,2025-06-03,2025,2,Punjab Kings,Royal Challengers Bengaluru,Shashank Singh,61,30,3,6,203.33333333333331,Royal Challengers Bengaluru,2.0,66.66666666666666,22.25,135.42870109022059,32,21.6,18.3,18.6,0.0,0.0,1.8,0.8,19.61701377862994,41.38298622137006,41.38298622137006
1473511,2025-06-03,2025,1,Royal Challengers Bengaluru,Punjab Kings,V Kohli,43,35,3,0,122.85714285714286,Punjab Kings,12.0,100.0,33.184615384615384,119.92388530646387,260,44.4,45.0,43.5,2.0,0.0,5.6,1.2,33.742640381438136,9.257359618561864,9.257359618561864
1473511,2025-06-03,2025,1,Royal Challengers Bengaluru,Punjab Kings,Yash Dayal,1,1,0,0,100.0,Punjab Kings,3.0,50.0,1.0,16.666666666666668,3,1.0,1.0,0.0,0.0,0.0,0.0,0.0,5.104993517093193,-4.104993517093193,4.104993517093193
1527674,2026-03-28,2026,1,Sunrisers Hyderabad,Royal Challengers Bengaluru,Abhishek Sharma,7,8,0,1,87.5,Royal Challengers Bengaluru,32.0,200.0,24.54054054054054,139.52849213374483,74,39.8,40.8,33.0,4.0,2.0,3.0,3.4,24.04493440384978,-17.04493440384978,17.04493440384978
1527674,2026-03-28,2026,1,Sunrisers Hyderabad,Royal Challengers Bengaluru,Aniket Verma,43,18,3,4,238.88888888888889,Royal Challengers Bengaluru,12.0,200.0,19.666666666666668,175.98133009718376,12,13.0,19.3,26.0,1.0,1.0,0.6,1.2,16.527125640292866,26.472874359707134,26.472874359707134
1527674,2026-03-28,2026,2,Royal Challengers Bengaluru,Sunrisers Hyderabad,D Padikkal,61,26,7,4,234.6153846153846,Sunrisers Hyderabad,17.0,113.33333333333333,24.405405405405407,105.64518638856876,74,33.6,24.7,22.428571428571427,1.0,1.0,3.2,1.8,24.95698922940792,36.043010770592076,36.043010770592076
1527674,2026-03-28,2026,1,Sunrisers Hyderabad,Royal Challengers Bengaluru,DA Payne,6,5,0,0,120.0,Royal Challengers Bengaluru,0.0,0.0,0.0,0.0,0,0.0,0.0,0.0,0.0,0.0,0.0,0.0,10.38491765417692,-4.38491765417692,4.38491765417692
1527674,2026-03-28,2026,1,Sunrisers Hyderabad,Royal Challengers Bengaluru,H Klaasen,31,22,2,1,140.9090909090909,Royal Challengers Bengaluru,105.0,276.3157894736842,32.888888888888886,161.4242783185333,45,41.2,39.5,32.666666666666664,7.0,9.0,3.0,2.6,21.06068014670321,9.93931985329679,9.93931985329679
1527674,2026-03-28,2026,1,Sunrisers Hyderabad,Royal Challengers Bengaluru,HV Patel,0,2,0,0,0.0,Royal Challengers Bengaluru,1.0,100.0,6.585365853658536,100.32021859855432,41,4.2,4.0,0.0,0.0,0.0,0.0,0.0,7.374167242492586,-7.374167242492586,7.374167242492586
1527674,2026-03-28,2026,1,Sunrisers Hyderabad,Royal Challengers Bengaluru,Harsh Dubey,3,3,0,0,100.0,Royal Challengers Bengaluru,0.0,0.0,0.0,0.0,0,0.0,0.0,0.0,0.0,0.0,0.0,0.0,10.38491765417692,-7.38491765417692,7.38491765417692
1527674,2026-03-28,2026,1,Sunrisers Hyderabad,Royal Challengers Bengaluru,Ishan Kishan,80,38,8,5,210.52631578947367,Royal Challengers Bengaluru,29.0,145.0,26.767857142857142,116.76678644772792,112,43.0,24.6,81.5,4.0,1.0,3.8,1.8,25.708975736090554,54.29102426390945,54.29102426390945
1527674,2026-03-28,2026,1,Sunrisers Hyderabad,Royal Challengers Bengaluru,JD Unadkat,4,3,0,0,133.33333333333331,Royal Challengers Bengaluru,4.0,36.36363636363637,7.296296296296297,118.19903891799316,27,4.8,7.9,8.0,0.0,0.0,0.4,0.2,5.580115908785828,-1.580115908785828,1.580115908785828
1527674,2026-03-28,2026,2,Royal Challengers Bengaluru,Sunrisers Hyderabad,JM Sharma,0,1,0,0,0.0,Sunrisers Hyderabad,24.0,240.0,21.085106382978722,147.79230340596558,47,32.0,24.9,18.166666666666668,2.0,2.0,3.2,2.0,18.456925012766376,-18.456925012766376,18.456925012766376
1527674,2026-03-28,2026,1,Sunrisers Hyderabad,Royal Challengers Bengaluru,Nithish Kumar Reddy,1,6,0,0,16.666666666666664,Royal Challengers Bengaluru,4.0,57.14285714285714,22.045454545454547,124.94137682372975,22,10.2,15.2,8.5,0.0,0.0,0.8,0.4,18.876740750205144,-17.876740750205144,17.876740750205144
1527674,2026-03-28,2026,2,Royal Challengers Bengaluru,Sunrisers Hyderabad,PD Salt,8,7,2,0,114.28571428571428,Sunrisers Hyderabad,16.0,177.77777777777777,31.058823529411764,151.0311606427846,34,38.0,30.1,43.75,2.0,1.0,4.4,1.8,24.305170422492306,-16.305170422492306,16.305170422492306
1527674,2026-03-28,2026,2,Royal Challengers Bengaluru,Sunrisers Hyderabad,RM Patidar,31,12,2,3,258.33333333333337,Sunrisers Hyderabad,26.0,162.5,29.236842105263158,137.59736399338203,38,16.8,15.1,31.25,1.0,2.0,1.0,0.8,27.212872622033956,3.787127377966044,3.787127377966044
1527674,2026-03-28,2026,1,Sunrisers Hyderabad,Royal Challengers Bengaluru,S Arora,9,6,0,1,150.0,Royal Challengers Bengaluru,0.0,0.0,0.0,0.0,0,0.0,0.0,0.0,0.0,0.0,0.0,0.0,10.38491765417692,-1.3849176541769204,1.3849176541769204
1527674,2026-03-28,2026,2,Royal Challengers Bengaluru,Sunrisers Hyderabad,TH David,16,10,1,1,160.0,Sunrisers Hyderabad,1.0,20.0,19.227272727272727,154.77899365934124,44,19.0,18.7,26.25,0.0,0.0,2.0,1.0,19.152483759436233,-3.152483759436233,3.152483759436233
1527674,2026-03-28,2026,1,Sunrisers Hyderabad,Royal Challengers Bengaluru,TM Head,11,9,2,0,122.22222222222223,Royal Challengers Bengaluru,76.0,190.0,30.972972972972972,136.5088454246337,37,26.4,26.0,40.0,6.0,6.0,3.4,1.2,22.026864511266012,-11.026864511266012,11.026864511266012
1527674,2026-03-28,2026,2,Royal Challengers Bengaluru,Sunrisers Hyderabad,V Kohli,69,38,5,5,181.57894736842107,Sunrisers Hyderabad,43.0,122.85714285714286,33.22222222222222,119.9351238411408,261,42.8,47.1,32.4,3.0,0.0,5.4,1.2,24.703407786293162,44.29659221370684,44.29659221370684
1527675,2026-03-29,2026,1,Kolkata Knight Riders,Mumbai Indians,A Raghuvanshi,51,29,6,2,175.86206896551724,Mumbai Indians,14.0,77.77777777777779,25.72222222222222,138.46775376859185,18,26.0,27.0,19.5,1.0,0.0,2.4,0.6,22.764184813672422,28.235815186327578,28.235815186327578
1527675,2026-03-29,2026,1,Kolkata Knight Riders,Mumbai Indians,AM Rahane,67,40,3,5,167.5,Mumbai Indians,15.0,187.5,27.497267759562842,107.97205530767557,183,33.8,31.6,27.807692307692307,3.0,0.0,3.4,1.2,26.196556916506996,40.80344308349301,40.80344308349301
1527675,2026-03-29,2026,1,Kolkata Knight Riders,Mumbai Indians,C Green,18,10,1,1,180.0,Mumbai Indians,27.0,128.57142857142858,25.25,135.15999636219024,28,28.8,23.4,0.0,2.0,1.0,2.2,1.4,24.855003291980633,-6.855003291980633,6.855003291980633
1527675,2026-03-29,2026,1,Kolkata Knight Riders,Mumbai Indians,FH Allen,37,17,6,2,217.6470588235294,Mumbai Indians,0.0,0.0,0.0,0.0,0,0.0,0.0,0.0,0.0,0.0,0.0,0.0,6.5405236663871555,30.459476333612844,30.459476333612844
1527675,2026-03-29,2026,2,Mumbai Indians,Kolkata Knight Riders,HH Pandya,18,11,3,0,163.63636363636365,Kolkata Knight Riders,15.0,115.38461538461537,19.286713286713287,140.61993265105164,143,13.4,18.5,28.214285714285715,1.0,1.0,0.6,1.2,22.429156940333634,-4.429156940333634,4.429156940333634
1527675,2026-03-29,2026,2,Mumbai Indians,Kolkata Knight Riders,Naman Dhir,5,2,1,0,250.0,Kolkata Knight Riders,37.0,205.55555555555554,20.63157894736842,160.55663520059804,19,19.4,21.7,14.0,7.0,0.0,2.0,1.0,17.11256257298887,-12.112562572988871,12.112562572988871
1527675,2026-03-29,2026,2,Mumbai Indians,Kolkata Knight Riders,RD Rickelton,81,43,4,8,188.37209302325581,Kolkata Knight Riders,27.0,135.0,27.714285714285715,147.26935981729213,14,34.6,29.7,62.0,5.0,0.0,3.6,1.8,24.67460877250686,56.32539122749314,56.32539122749314
1527675,2026-03-29,2026,2,Mumbai Indians,Kolkata Knight Riders,RG Sharma,78,37,6,6,210.81081081081078,Kolkata Knight Riders,8.0,114.28571428571428,26.39700374531835,114.03355164801215,267,25.0,36.2,31.852941176470587,1.0,0.0,2.8,1.0,26.28037903421045,51.719620965789545,51.719620965789545
1527675,2026-03-29,2026,1,Kolkata Knight Riders,Mumbai Indians,RK Singh,33,20,4,0,165.0,Mumbai Indians,9.0,150.0,21.54901960784314,142.29343263831976,51,18.0,19.4,13.714285714285714,0.0,1.0,1.4,1.0,19.146182925437852,13.853817074562148,13.853817074562148
1527675,2026-03-29,2026,1,Kolkata Knight Riders,Mumbai Indians,Ramandeep Singh,4,4,0,0,100.0,Mumbai Indians,13.0,260.0,10.85,150.0625,20,3.8,9.1,13.666666666666666,0.0,2.0,0.0,0.4,14.751681535197903,-10.751681535197903,10.751681535197903
1527675,2026-03-29,2026,2,Mumbai Indians,Kolkata Knight Riders,SA Yadav,16,8,3,0,200.0,Kolkata Knight Riders,44.0,169.23076923076923,28.361842105263158,138.08958004073276,152,48.4,47.8,36.46153846153846,4.0,3.0,4.6,2.4,24.86835154070969,-8.86835154070969,8.86835154070969
1527675,2026-03-29,2026,2,Mumbai Indians,Kolkata Knight Riders,Tilak Varma,20,14,4,0,142.85714285714286,Kolkata Knight Riders,44.0,162.96296296296296,29.392156862745097,136.7063725001881,51,20.8,24.8,22.0,2.0,2.0,0.6,1.2,26.469995263848347,-6.469995263848347,6.469995263848347
1527676,2026-03-30,2026,1,Chennai Super Kings,Rajasthan Royals,A Kamboj,7,9,1,0,77.77777777777779,Rajasthan Royals,5.0,166.66666666666669,2.6666666666666665,136.11111111111111,6,2.8,2.6666666666666665,5.0,1.0,0.0,0.4,0.0,7.204367768843283,-0.20436776884328278,0.20436776884328278
1527676,2026-03-30,2026,1,Chennai Super Kings,Rajasthan Royals,A Mhatre,0,1,0,0,0.0,Rajasthan Royals,34.0,200.0,34.285714285714285,156.96115288220548,7,35.6,34.285714285714285,43.0,3.0,3.0,4.2,1.8,27.959557702232033,-27.959557702232033,27.959557702232033
1527676,2026-03-30,2026,2,Rajasthan Royals,Chennai Super Kings,Dhruv Jurel,18,9,4,0,200.0,Chennai Super Kings,31.0,258.33333333333337,19.428571428571427,130.11505653729895,35,28.4,22.7,20.0,2.0,3.0,1.6,2.2,20.28565188605509,-2.2856518860550885,2.2856518860550885
1527676,2026-03-30,2026,1,Chennai Super Kings,Rajasthan Royals,J Overton,43,36,2,2,119.44444444444444,Rajasthan Royals,4.0,133.33333333333331,7.5,204.16666666666666,2,7.5,7.5,11.0,1.0,0.0,0.5,0.5,10.958540518375134,32.04145948162487,32.04145948162487
1527676,2026-03-30,2026,1,Chennai Super Kings,Rajasthan Royals,Kartik Sharma,18,15,0,1,120.0,Rajasthan Royals,0.0,0.0,0.0,0.0,0,0.0,0.0,0.0,0.0,0.0,0.0,0.0,10.626191359088608,7.373808640911392,7.373808640911392
1527676,2026-03-30,2026,1,Chennai Super Kings,Rajasthan Royals,MJ Henry,5,7,1,0,71.42857142857143,Rajasthan Royals,0.0,0.0,0.0,0.0,0,0.0,0.0,0.0,0.0,0.0,0.0,0.0,10.626191359088608,-5.626191359088608,5.626191359088608
1527676,2026-03-30,2026,1,Chennai Super Kings,Rajasthan Royals,MW Short,2,7,0,0,28.57142857142857,Rajasthan Royals,27.0,103.84615384615385,19.5,111.00177600177601,6,23.2,19.5,0.0,2.0,1.0,3.0,0.8,16.432685779733344,-14.432685779733344,14.432685779733344
1527676,2026-03-30,2026,1,Chennai Super Kings,Rajasthan Royals,Noor Ahmad,1,9,0,0,11.11111111111111,Rajasthan Royals,2.0,200.0,1.8181818181818181,69.7077922077922,11,1.4,1.9,2.0,0.0,0.0,0.0,0.0,3.4762790489554254,-2.4762790489554254,2.4762790489554254
1527676,2026-03-30,2026,2,Rajasthan Royals,Chennai Super Kings,R Parag,14,11,1,1,127.27272727272727,Chennai Super Kings,3.0,75.0,21.506849315068493,129.87041865866183,73,31.8,26.2,17.428571428571427,0.0,0.0,2.2,2.2,20.62050436629694,-6.620504366296942,6.620504366296942
1527676,2026-03-30,2026,1,Chennai Super Kings,Rajasthan Royals,RD Gaikwad,6,11,1,0,54.54545454545454,Rajasthan Royals,1.0,33.33333333333333,35.74285714285714,110.86315921328438,70,24.4,25.8,34.125,0.0,0.0,2.8,0.8,28.096275051038926,-22.096275051038926,22.096275051038926
1527676,2026-03-30,2026,1,Chennai Super Kings,Rajasthan Royals,S Dube,6,4,0,1,150.0,Rajasthan Royals,17.0,212.5,24.786666666666665,131.4862833029738,75,23.0,29.3,27.0,0.0,2.0,1.0,1.6,24.554269208088606,-18.554269208088606,18.554269208088606
1527676,2026-03-30,2026,1,Chennai Super Kings,Rajasthan Royals,SN Khan,17,12,2,1,141.66666666666669,Rajasthan Royals,9.0,90.0,16.25,118.27677218399523,36,12.6,14.4,20.0,1.0,0.0,0.8,0.4,14.138155229721143,2.861844770278857,2.861844770278857
1527676,2026-03-30,2026,1,Chennai Super Kings,Rajasthan Royals,SV Samson,6,7,1,0,85.71428571428571,Rajasthan Royals,41.0,132.25806451612902,27.50877192982456,119.19190657440562,171,29.6,29.5,0.0,3.0,2.0,2.2,1.6,25.126370637905406,-19.126370637905406,19.126370637905406
1527676,2026-03-30,2026,2,Rajasthan Royals,Chennai Super Kings,V Suryavanshi,52,17,4,5,305.88235294117646,Chennai Super Kings,57.0,178.125,36.0,173.41635338345864,7,40.4,36.0,57.0,4.0,4.0,3.2,3.8,22.817710648138092,29.182289351861908,29.182289351861908
1527676,2026-03-30,2026,2,Rajasthan Royals,Chennai Super Kings,YBK Jaiswal,38,36,3,1,105.55555555555556,Chennai Super Kings,36.0,189.4736842105263,32.81818181818182,134.4854717262611,66,40.6,45.8,33.25,5.0,2.0,5.6,1.6,27.915003937804975,10.084996062195025,10.084996062195025
1527677,2026-03-31,2026,1,Gujarat Titans,Punjab Kings,B Sai Sudharsan,13,11,2,0,118.18181818181819,Punjab Kings,80.0,163.26530612244898,44.825,139.2623267614809,40,51.0,48.6,42.833333333333336,10.0,1.0,6.6,1.0,31.034282722673137,-18.034282722673137,18.034282722673137
1527677,2026-03-31,2026,2,Punjab Kings,Gujarat Titans,C Connolly,72,44,5,5,163.63636363636365,Gujarat Titans,0.0,0.0,0.0,0.0,0,0.0,0.0,0.0,0.0,0.0,0.0,0.0,11.4870034296625,60.5129965703375,60.5129965703375
1527677,2026-03-31,2026,1,Gujarat Titans,Punjab Kings,GD Phillips,25,17,1,1,147.05882352941177,Punjab Kings,1.0,25.0,8.125,117.23901098901099,8,7.8,8.125,0.0,0.0,0.0,0.4,0.8,6.912238633875432,18.087761366124568,18.087761366124568
1527677,2026-03-31,2026,1,Gujarat Titans,Punjab Kings,JC Buttler,38,33,3,2,115.15151515151516,Punjab Kings,5.0,71.42857142857143,34.34166666666667,129.07538390664482,120,36.4,37.2,25.6,0.0,0.0,2.4,2.2,36.098555524767704,1.9014444752322959,1.9014444752322959
1527677,2026-03-31,2026,2,Punjab Kings,Gujarat Titans,M Jansen,9,10,0,1,90.0,Gujarat Titans,0.0,0.0,7.05,89.20386192754613,20,6.6,9.3,5.5,0.0,0.0,0.2,0.4,8.915379668380272,0.08462033161972826,0.08462033161972826
1527677,2026-03-31,2026,1,Gujarat Titans,Punjab Kings,M Shahrukh Khan,4,6,0,0,66.66666666666666,Punjab Kings,13.0,185.71428571428572,15.25,157.89306699066432,48,20.2,17.3,7.0,0.0,1.0,1.2,1.4,12.114852738987938,-8.114852738987938,8.114852738987938
1527677,2026-03-31,2026,2,Punjab Kings,Gujarat Titans,MP Stoinis,0,2,0,0,0.0,Gujarat Titans,6.0,300.0,20.464646464646464,126.23467798148599,99,18.6,14.0,16.8,0.0,1.0,1.2,1.6,21.255213545930218,-21.255213545930218,21.255213545930218
1527677,2026-03-31,2026,2,Punjab Kings,Gujarat Titans,N Wadhera,3,6,0,0,50.0,Gujarat Titans,15.0,83.33333333333334,23.193548387096776,133.6792075348242,31,17.8,21.8,19.666666666666668,0.0,1.0,1.2,0.6,20.221618184638196,-17.221618184638196,17.221618184638196
1527677,2026-03-31,2026,2,Punjab Kings,Gujarat Titans,P Simran Singh,37,24,1,4,154.16666666666669,Gujarat Titans,26.0,118.18181818181819,26.057692307692307,132.37055958821364,52,18.2,39.0,18.75,0.0,2.0,1.6,1.0,26.76691726401339,10.23308273598661,10.23308273598661
1527677,2026-03-31,2026,2,Punjab Kings,Gujarat Titans,Priyansh Arya,7,8,0,1,87.5,Gujarat Titans,24.0,126.3157894736842,30.27777777777778,150.93828526781076,18,23.8,29.1,47.0,4.0,0.0,3.4,0.6,19.056841844174023,-12.056841844174023,12.056841844174023
1527677,2026-03-31,2026,1,Gujarat Titans,Punjab Kings,R Tewatia,11,9,1,0,122.22222222222223,Punjab Kings,16.0,145.45454545454547,14.631578947368421,135.74189122708523,76,9.8,9.3,12.25,1.0,1.0,0.6,0.4,12.267724287605157,-1.2677242876051569,1.2677242876051569
1527677,2026-03-31,2026,1,Gujarat Titans,Punjab Kings,Rashid Khan,0,1,0,0,0.0,Punjab Kings,0.0,0.0,8.863636363636363,120.81917556349374,66,3.6,7.9,2.0,0.0,0.0,0.2,0.2,7.252029335832041,-7.252029335832041,7.252029335832041
1527677,2026-03-31,2026,2,Punjab Kings,Gujarat Titans,SS Iyer,18,11,0,2,163.63636363636365,Gujarat Titans,1.0,50.0,28.295454545454547,117.83392024633324,132,33.8,34.7,54.5,0.0,0.0,2.2,2.4,27.2851157747807,-9.2851157747807,9.2851157747807
1527677,2026-03-31,2026,2,Punjab Kings,Gujarat Titans,Shashank Singh,4,5,0,0,80.0,Gujarat Titans,61.0,203.33333333333331,23.424242424242426,137.48641721879974,33,27.2,24.2,34.5,3.0,6.0,1.6,1.8,20.862254513868773,-16.862254513868773,16.862254513868773
1527677,2026-03-31,2026,1,Gujarat Titans,Punjab Kings,Shubman Gill,39,27,6,0,144.44444444444443,Punjab Kings,1.0,50.0,33.91228070175438,124.5981687890873,114,37.0,50.2,43.125,0.0,0.0,2.8,1.8,38.44785005610213,0.5521499438978665,0.5521499438978665
1527677,2026-03-31,2026,1,Gujarat Titans,Punjab Kings,Washington Sundar,18,16,2,0,112.5,Punjab Kings,48.0,200.0,11.883720930232558,110.70527395924138,43,26.6,19.2,25.0,5.0,3.0,2.0,1.4,18.196761704977845,-0.1967617049778454,0.1967617049778454
1527677,2026-03-31,2026,2,Punjab Kings,Gujarat Titans,XC Bartlett,11,5,0,1,220.00000000000003,Gujarat Titans,11.0,73.33333333333333,11.0,73.33333333333333,1,11.0,11.0,0.0,1.0,0.0,1.0,0.0,15.61282416329998,-4.61282416329998,4.61282416329998
1527678,2026-04-01,2026,1,Lucknow Super Giants,Delhi Capitals,A Badoni,0,3,0,0,0.0,Delhi Capitals,3.0,60.0,20.934782608695652,124.11370026731807,46,39.6,32.5,21.5,0.0,0.0,3.6,1.6,21.51985388471687,-21.51985388471687,21.51985388471687
1527678,2026-04-01,2026,1,Lucknow Super Giants,Delhi Capitals,A Nortje,0,1,0,0,0.0,Delhi Capitals,0.0,0.0,3.769230769230769,95.97069597069597,13,1.8,4.2,0.0,0.0,0.0,0.0,0.0,3.338424379663893,-3.338424379663893,3.338424379663893
1527678,2026-04-01,2026,1,Lucknow Super Giants,Delhi Capitals,AK Markram,11,8,1,1,137.5,Delhi Capitals,36.0,150.0,26.181818181818183,120.6910842202897,55,34.2,40.1,20.166666666666668,3.0,2.0,2.4,2.0,25.938302925010948,-14.938302925010948,14.938302925010948
1527678,2026-04-01,2026,2,Delhi Capitals,Lucknow Super Giants,AR Patel,0,1,0,0,0.0,Lucknow Super Giants,25.0,156.25,15.577235772357724,128.84717060674726,123,24.6,24.1,25.6,2.0,1.0,1.8,1.8,19.117032807710395,-19.117032807710395,19.117032807710395
1527678,2026-04-01,2026,1,Lucknow Super Giants,Delhi Capitals,Abdul Samad,36,25,3,1,144.0,Delhi Capitals,1.0,100.0,14.288461538461538,137.14324886846234,52,10.6,11.5,19.333333333333332,0.0,0.0,0.4,0.8,13.569350964746953,22.430649035253047,22.430649035253047
1527678,2026-04-01,2026,2,Delhi Capitals,Lucknow Super Giants,KL Rahul,0,1,0,0,0.0,Lucknow Super Giants,35.0,166.66666666666669,37.93478260869565,126.59161222873234,138,35.0,34.6,57.0,6.0,1.0,4.8,1.0,36.39192432797581,-36.39192432797581,36.39192432797581
1527678,2026-04-01,2026,1,Lucknow Super Giants,Delhi Capitals,MD Choudhary,14,11,2,0,127.27272727272727,Delhi Capitals,0.0,0.0,0.0,0.0,0,0.0,0.0,0.0,0.0,0.0,0.0,0.0,19.101776585700232,-5.101776585700232,5.101776585700232
1527678,2026-04-01,2026,1,Lucknow Super Giants,Delhi Capitals,MR Marsh,35,28,2,3,125.0,Delhi Capitals,67.0,186.11111111111111,26.367346938775512,113.75414121609454,49,56.6,50.3,58.5,4.0,5.0,4.6,3.8,29.830731791060504,5.169268208939496,5.169268208939496
1527678,2026-04-01,2026,1,Lucknow Super Giants,Delhi Capitals,Mohammed Shami,1,2,0,0,50.0,Delhi Capitals,6.0,300.0,3.111111111111111,79.01234567901236,27,3.0,2.8,0.5,1.0,0.0,0.4,0.0,3.1594533154347135,-2.1594533154347135,2.1594533154347135
1527678,2026-04-01,2026,1,Lucknow Super Giants,Delhi Capitals,Mohsin Khan,0,1,0,0,0.0,Delhi Capitals,2.0,200.0,5.0,115.71428571428571,5,5.0,5.0,0.0,0.0,0.0,0.4,0.2,6.390652351244398,-6.390652351244398,6.390652351244398
1527678,2026-04-01,2026,1,Lucknow Super Giants,Delhi Capitals,N Pooran,8,8,1,0,100.0,Delhi Capitals,13.0,130.0,26.056818181818183,145.86493391540472,88,29.4,32.3,30.5,1.0,0.0,2.6,1.8,26.046090364093274,-18.046090364093274,18.046090364093274
1527678,2026-04-01,2026,2,Delhi Capitals,Lucknow Super Giants,N Rana,15,17,2,1,88.23529411764706,Lucknow Super Giants,9.0,81.81818181818183,25.473214285714285,123.13887353061318,112,20.0,20.6,15.0,2.0,0.0,2.4,0.8,27.67821919555129,-12.67821919555129,12.67821919555129
1527678,2026-04-01,2026,2,Delhi Capitals,Lucknow Super Giants,P Nissanka,1,5,0,0,20.0,Lucknow Super Giants,0.0,0.0,0.0,0.0,0,0.0,0.0,0.0,0.0,0.0,0.0,0.0,7.550923059990662,-6.550923059990662,6.550923059990662
1527678,2026-04-01,2026,1,Lucknow Super Giants,Delhi Capitals,RR Pant,7,9,1,0,77.77777777777779,Delhi Capitals,118.0,193.44262295081967,28.3015873015873,131.43903557563866,126,32.6,25.2,0.0,11.0,8.0,3.0,2.2,26.006819943535096,-19.006819943535096,19.006819943535096
1527678,2026-04-01,2026,2,Delhi Capitals,Lucknow Super Giants,Sameer Rizvi,70,47,5,4,148.93617021276594,Lucknow Super Giants,58.0,231.99999999999997,19.11111111111111,123.21106510236945,9,27.2,19.11111111111111,2.5,3.0,5.0,2.8,1.4,19.038683629824465,50.96131637017554,50.96131637017554
1527678,2026-04-01,2026,1,Lucknow Super Giants,Delhi Capitals,Shahbaz Ahmed,15,16,1,0,93.75,Delhi Capitals,9.0,112.5,14.342105263157896,112.43949371146334,38,7.6,16.8,24.2,1.0,0.0,0.2,0.4,15.181272803200594,-0.1812728032005939,0.1812728032005939
1527678,2026-04-01,2026,2,Delhi Capitals,Lucknow Super Giants,T Stubbs,39,32,3,1,121.875,Lucknow Super Giants,18.0,128.57142857142858,22.93548387096774,151.97322041845408,31,16.6,18.9,35.333333333333336,2.0,0.0,1.2,0.4,20.740877648632054,18.259122351367946,18.259122351367946
1527679,2026-04-02,2026,2,Kolkata Knight Riders,Sunrisers Hyderabad,A Raghuvanshi,52,29,6,2,179.31034482758622,Sunrisers Hyderabad,51.0,175.86206896551724,27.05263157894737,140.4358756210616,19,30.8,29.9,32.0,6.0,2.0,3.0,0.8,22.31114022448682,29.68885977551318,29.68885977551318
1527679,2026-04-02,2026,2,Kolkata Knight Riders,Sunrisers Hyderabad,AM Rahane,8,10,0,0,80.0,Sunrisers Hyderabad,67.0,167.5,27.71195652173913,108.29557674622082,184,37.2,37.2,24.136363636363637,3.0,5.0,3.0,2.0,26.03905725634135,-18.03905725634135,18.03905725634135
1527679,2026-04-02,2026,2,Kolkata Knight Riders,Sunrisers Hyderabad,AS Roy,0,2,0,0,0.0,Sunrisers Hyderabad,0.0,0.0,3.7142857142857144,66.53061224489797,7,4.4,3.7142857142857144,13.0,0.0,0.0,0.4,0.0,4.597724806530025,-4.597724806530025,4.597724806530025
1527679,2026-04-02,2026,1,Sunrisers Hyderabad,Kolkata Knight Riders,Abhishek Sharma,48,21,4,4,228.57142857142856,Kolkata Knight Riders,7.0,87.5,24.30666666666667,138.8347789052949,75,41.2,41.3,15.090909090909092,0.0,1.0,3.0,3.6,27.243193193804633,20.756806806195367,20.756806806195367
1527679,2026-04-02,2026,1,Sunrisers Hyderabad,Kolkata Knight Riders,Aniket Verma,1,4,0,0,25.0,Kolkata Knight Riders,43.0,238.88888888888889,21.46153846153846,180.82037308116108,13,17.8,16.2,9.0,3.0,4.0,1.2,1.6,16.7505089946812,-15.750508994681201,15.750508994681201
1527679,2026-04-02,2026,2,Kolkata Knight Riders,Sunrisers Hyderabad,C Green,2,2,0,0,100.0,Sunrisers Hyderabad,18.0,180.0,25.0,136.70620338418368,29,32.2,21.9,67.0,1.0,1.0,2.4,1.6,27.003270379931422,-25.003270379931422,25.003270379931422
1527679,2026-04-02,2026,2,Kolkata Knight Riders,Sunrisers Hyderabad,CV Varun,0,1,0,0,0.0,Sunrisers Hyderabad,1.0,100.0,2.3636363636363638,60.530303030303024,11,0.8,2.5,0.0,0.0,0.0,0.0,0.0,2.6017640038514815,-2.6017640038514815,2.6017640038514815
1527679,2026-04-02,2026,2,Kolkata Knight Riders,Sunrisers Hyderabad,FH Allen,28,7,4,2,400.0,Sunrisers Hyderabad,37.0,217.6470588235294,37.0,217.6470588235294,1,37.0,37.0,0.0,6.0,2.0,6.0,2.0,22.994357735780923,5.005642264219077,5.005642264219077
1527679,2026-04-02,2026,1,Sunrisers Hyderabad,Kolkata Knight Riders,H Klaasen,52,35,4,1,148.57142857142858,Kolkata Knight Riders,31.0,140.9090909090909,32.84782608695652,160.97829598354542,46,46.0,39.3,39.875,2.0,1.0,3.2,2.8,21.4344185975623,30.5655814024377,30.5655814024377
1527679,2026-04-02,2026,1,Sunrisers Hyderabad,Kolkata Knight Riders,Harsh Dubey,9,3,2,0,300.0,Kolkata Knight Riders,3.0,100.0,3.0,100.0,1,3.0,3.0,0.0,0.0,0.0,0.0,0.0,7.065244087838282,1.9347559121617177,1.9347559121617177
1527679,2026-04-02,2026,1,Sunrisers Hyderabad,Kolkata Knight Riders,Ishan Kishan,14,9,3,0,155.55555555555557,Kolkata Knight Riders,80.0,210.52631578947367,27.238938053097346,117.59651679588498,113,50.2,32.4,26.181818181818183,8.0,5.0,4.4,2.6,26.533135538924284,-12.533135538924284,12.533135538924284
1527679,2026-04-02,2026,2,Kolkata Knight Riders,Sunrisers Hyderabad,Kartik Tyagi,5,5,1,0,100.0,Sunrisers Hyderabad,0.0,0.0,2.1666666666666665,67.77777777777777,6,2.2,2.1666666666666665,0.0,0.0,0.0,0.2,0.0,4.387584962690628,0.612415037309372,0.612415037309372
1527679,2026-04-02,2026,1,Sunrisers Hyderabad,Kolkata Knight Riders,Nithish Kumar Reddy,39,24,4,1,162.5,Kolkata Knight Riders,1.0,16.666666666666664,21.130434782608695,120.23378072994441,23,10.0,12.1,13.666666666666666,0.0,0.0,0.8,0.4,18.213123694335597,20.786876305664403,20.786876305664403
1527679,2026-04-02,2026,2,Kolkata Knight Riders,Sunrisers Hyderabad,RK Singh,35,25,4,1,140.0,Sunrisers Hyderabad,33.0,165.0,21.76923076923077,142.73009739527515,52,21.2,21.0,29.0,4.0,0.0,2.0,0.8,19.954972482998,15.045027517002001,15.045027517002001
1527679,2026-04-02,2026,2,Kolkata Knight Riders,Sunrisers Hyderabad,Ramandeep Singh,10,9,1,0,111.11111111111111,Sunrisers Hyderabad,4.0,100.0,10.523809523809524,147.67857142857142,21,4.4,9.3,20.666666666666668,0.0,0.0,0.0,0.4,10.527256195285505,-0.5272561952855046,0.5272561952855046
1527679,2026-04-02,2026,1,Sunrisers Hyderabad,Kolkata Knight Riders,S Arora,0,1,0,0,0.0,Kolkata Knight Riders,9.0,150.0,9.0,150.0,1,9.0,9.0,0.0,0.0,1.0,0.0,1.0,12.555783553353857,-12.555783553353857,12.555783553353857
1527679,2026-04-02,2026,2,Kolkata Knight Riders,Sunrisers Hyderabad,SP Narine,12,4,0,2,300.0,Sunrisers Hyderabad,31.0,193.75,15.084745762711865,125.7234721657014,118,19.8,20.2,9.61111111111111,3.0,3.0,2.2,1.4,19.004793082081072,-7.004793082081072,7.004793082081072
1527679,2026-04-02,2026,1,Sunrisers Hyderabad,Kolkata Knight Riders,Shivang Kumar,4,2,1,0,200.0,Kolkata Knight Riders,0.0,0.0,0.0,0.0,0,0.0,0.0,0.0,0.0,0.0,0.0,0.0,11.502835017401486,-7.502835017401486,7.502835017401486
1527679,2026-04-02,2026,1,Sunrisers Hyderabad,Kolkata Knight Riders,TM Head,46,21,6,3,219.04761904761907,Kolkata Knight Riders,11.0,122.22222222222223,30.44736842105263,136.1328816561492,38,28.6,24.9,31.0,2.0,0.0,3.8,1.2,26.57211360767364,19.42788639232636,19.42788639232636
1527679,2026-04-02,2026,2,Kolkata Knight Riders,Sunrisers Hyderabad,VG Arora,1,2,0,0,50.0,Sunrisers Hyderabad,0.0,0.0,1.0,59.25925925925925,9,0.8,1.0,0.6666666666666666,0.0,0.0,0.0,0.0,2.515207448744562,-1.5152074487445621,1.5152074487445621
1527680,2026-04-03,2026,1,Chennai Super Kings,Punjab Kings,A Mhatre,73,42,6,5,173.80952380952382,Punjab Kings,0.0,0.0,30.0,137.3410087719298,8,34.2,30.0,7.0,0.0,0.0,4.0,1.8,27.967529553434826,45.03247044656517,45.03247044656517
1527680,2026-04-03,2026,2,Punjab Kings,Chennai Super Kings,C Connolly,36,21,6,0,171.42857142857142,Chennai Super Kings,72.0,163.63636363636365,72.0,163.63636363636365,1,72.0,72.0,0.0,5.0,5.0,5.0,5.0,26.13868599035216,9.861314009647842,9.861314009647842
1527680,2026-04-03,2026,1,Chennai Super Kings,Punjab Kings,Kartik Sharma,1,3,0,0,33.33333333333333,Punjab Kings,18.0,120.0,18.0,120.0,1,18.0,18.0,0.0,0.0,1.0,0.0,1.0,22.90387005512988,-21.90387005512988,21.90387005512988
1527680,2026-04-03,2026,2,Punjab Kings,Chennai Super Kings,MP Stoinis,9,3,2,0,300.0,Chennai Super Kings,0.0,0.0,20.26,124.97233120167112,100,15.6,13.9,24.444444444444443,0.0,0.0,1.0,1.4,21.87564734108287,-12.875647341082871,12.875647341082871
1527680,2026-04-03,2026,2,Punjab Kings,Chennai Super Kings,N Wadhera,10,9,0,1,111.11111111111111,Chennai Super Kings,3.0,50.0,22.5625,131.06423229936095,32,15.2,18.8,26.0,0.0,0.0,1.0,0.6,20.90005267073872,-10.90005267073872,10.90005267073872
1527680,2026-04-03,2026,2,Punjab Kings,Chennai Super Kings,P Simran Singh,43,34,6,1,126.47058823529412,Chennai Super Kings,37.0,154.16666666666669,26.264150943396228,132.78180689158066,53,20.0,34.4,27.8,1.0,4.0,1.0,1.6,24.468821878608967,18.531178121391033,18.531178121391033
1527680,2026-04-03,2026,1,Chennai Super Kings,Punjab Kings,PR Veer,6,7,1,0,85.71428571428571,Punjab Kings,0.0,0.0,0.0,0.0,0,0.0,0.0,0.0,0.0,0.0,0.0,0.0,10.027858439624833,-4.027858439624833,4.027858439624833
1527680,2026-04-03,2026,2,Punjab Kings,Chennai Super Kings,Priyansh Arya,39,11,3,4,354.54545454545456,Chennai Super Kings,7.0,87.5,29.05263157894737,147.5994281484523,19,24.0,22.9,63.0,0.0,1.0,3.2,0.8,23.220996127571556,15.779003872428444,15.779003872428444
1527680,2026-04-03,2026,1,Chennai Super Kings,Punjab Kings,RD Gaikwad,28,22,2,0,127.27272727272727,Punjab Kings,6.0,54.54545454545454,35.32394366197183,110.06995210528677,71,15.0,20.2,22.5,1.0,0.0,1.8,0.2,34.784958515332285,-6.784958515332285,6.784958515332285
1527680,2026-04-03,2026,1,Chennai Super Kings,Punjab Kings,S Dube,45,27,5,1,166.66666666666669,Punjab Kings,6.0,150.0,24.539473684210527,131.72988483846098,76,23.0,25.7,20.5,0.0,1.0,0.8,1.8,24.021323996504073,20.978676003495927,20.978676003495927
1527680,2026-04-03,2026,1,Chennai Super Kings,Punjab Kings,SN Khan,32,12,6,1,266.66666666666663,Punjab Kings,17.0,141.66666666666669,16.27027027027027,118.90893149433772,37,14.0,16.1,22.0,2.0,1.0,1.2,0.4,15.567949264961744,16.432050735038256,16.432050735038256
1527680,2026-04-03,2026,2,Punjab Kings,Chennai Super Kings,SS Iyer,50,28,4,3,178.57142857142858,Chennai Super Kings,18.0,163.63636363636365,28.218045112781954,118.17829951994248,133,26.8,35.9,24.733333333333334,0.0,2.0,1.2,2.4,25.569175700563736,24.430824299436264,24.430824299436264
1527680,2026-04-03,2026,1,Chennai Super Kings,Punjab Kings,SV Samson,7,7,1,0,100.0,Punjab Kings,6.0,85.71428571428571,27.38372093023256,118.99726924382352,172,22.6,29.1,31.555555555555557,1.0,0.0,1.6,1.2,25.826525976924938,-18.826525976924938,18.826525976924938
1527680,2026-04-03,2026,2,Punjab Kings,Chennai Super Kings,Shashank Singh,14,6,2,0,233.33333333333334,Chennai Super Kings,4.0,80.0,22.852941176470587,135.79564024177623,34,16.2,22.8,28.4,0.0,0.0,0.6,1.2,20.379773517886708,-6.379773517886708,6.379773517886708
1527681,2026-04-04,2026,1,Mumbai Indians,Delhi Capitals,C Bosch,11,4,2,0,275.0,Delhi Capitals,27.0,122.72727272727273,23.5,161.36363636363637,2,23.5,23.5,0.0,1.0,2.0,1.5,1.5,16.240104490978677,-5.240104490978677,5.240104490978677
1527681,2026-04-04,2026,2,Delhi Capitals,Mumbai Indians,DA Miller,21,18,4,0,116.66666666666667,Mumbai Indians,11.0,137.5,22.96268656716418,125.07787274294117,134,12.6,15.3,23.72222222222222,0.0,1.0,0.8,0.2,24.97693124532265,-3.9769312453226497,3.9769312453226497
1527681,2026-04-04,2026,2,Delhi Capitals,Mumbai Indians,KL Rahul,1,3,0,0,33.33333333333333,Mumbai Indians,0.0,0.0,37.66187050359712,125.68088120550405,139,33.6,30.8,46.666666666666664,0.0,0.0,4.6,1.0,49.555357891816946,-48.555357891816946,48.555357891816946
1527681,2026-04-04,2026,1,Mumbai Indians,Delhi Capitals,MJ Santner,18,13,2,0,138.46153846153845,Delhi Capitals,0.0,0.0,5.7894736842105265,93.38388143097285,19,1.8,4.3,0.0,0.0,0.0,0.0,0.2,6.001112523949372,11.998887476050628,11.998887476050628
1527681,2026-04-04,2026,2,Delhi Capitals,Mumbai Indians,N Rana,0,3,0,0,0.0,Mumbai Indians,15.0,88.23529411764706,25.38053097345133,122.82999229687012,113,12.8,21.3,22.25,2.0,1.0,1.6,0.6,26.516997139911094,-26.516997139911094,26.516997139911094
1527681,2026-04-04,2026,1,Mumbai Indians,Delhi Capitals,Naman Dhir,28,21,2,1,133.33333333333331,Delhi Capitals,5.0,250.0,19.85,165.02880344056814,20,19.0,17.6,31.0,1.0,0.0,2.0,1.0,19.95904149879831,8.04095850120169,8.04095850120169
1527681,2026-04-04,2026,2,Delhi Capitals,Mumbai Indians,P Nissanka,44,30,6,1,146.66666666666666,Mumbai Indians,1.0,20.0,1.0,20.0,1,1.0,1.0,0.0,0.0,0.0,0.0,0.0,7.192386543953704,36.8076134560463,36.8076134560463
1527681,2026-04-04,2026,1,Mumbai Indians,Delhi Capitals,RD Rickelton,9,11,2,0,81.81818181818183,Delhi Capitals,81.0,188.37209302325581,31.266666666666666,150.00954203102307,15,39.2,36.1,33.0,4.0,8.0,3.2,2.6,19.528634393612368,-10.528634393612368,10.528634393612368
1527681,2026-04-04,2026,1,Mumbai Indians,Delhi Capitals,RG Sharma,35,26,5,1,134.6153846153846,Delhi Capitals,78.0,210.81081081081078,26.58955223880597,114.39466082399274,268,39.2,41.4,25.428571428571427,6.0,6.0,3.8,2.2,23.050648896255975,11.949351103744025,11.949351103744025
1527681,2026-04-04,2026,1,Mumbai Indians,Delhi Capitals,SA Yadav,51,36,3,2,141.66666666666669,Delhi Capitals,16.0,200.0,28.281045751633986,138.49422330844038,153,44.6,46.8,27.615384615384617,3.0,0.0,4.2,2.4,25.7531739374439,25.2468260625561,25.2468260625561
1527681,2026-04-04,2026,1,Mumbai Indians,Delhi Capitals,SE Rutherford,5,7,1,0,71.42857142857143,Delhi Capitals,24.0,160.0,19.85,137.96049016772702,20,26.6,24.5,43.0,4.0,0.0,1.6,1.6,20.406855628923577,-15.406855628923577,15.406855628923577
1527681,2026-04-04,2026,2,Delhi Capitals,Mumbai Indians,Sameer Rizvi,90,51,7,7,176.47058823529412,Mumbai Indians,70.0,148.93617021276594,24.2,125.78357561340908,10,38.2,24.2,39.0,5.0,4.0,3.2,2.2,21.09312440859584,68.90687559140416,68.90687559140416
1527681,2026-04-04,2026,2,Delhi Capitals,Mumbai Indians,T Stubbs,3,4,0,0,75.0,Mumbai Indians,39.0,121.875,23.4375,151.0326510303774,32,24.2,22.7,30.5,3.0,1.0,1.8,0.6,19.08925128891673,-16.08925128891673,16.08925128891673
1527681,2026-04-04,2026,1,Mumbai Indians,Delhi Capitals,Tilak Varma,0,2,0,0,0.0,Delhi Capitals,20.0,142.85714285714286,29.21153846153846,136.82465654551416,52,23.4,21.2,34.142857142857146,4.0,0.0,1.4,1.2,26.971088180463667,-26.971088180463667,26.971088180463667
1527682,2026-04-04,2026,2,Gujarat Titans,Rajasthan Royals,Ashok Sharma,0,1,0,0,0.0,Rajasthan Royals,0.0,0.0,0.0,0.0,0,0.0,0.0,0.0,0.0,0.0,0.0,0.0,9.380653188741315,-9.380653188741315,9.380653188741315
1527682,2026-04-04,2026,2,Gujarat Titans,Rajasthan Royals,B Sai Sudharsan,73,43,9,3,169.7674418604651,Rajasthan Royals,13.0,118.18181818181819,44.048780487804876,138.74816801563546,41,52.6,44.3,44.0,2.0,0.0,6.8,1.0,32.712672996777115,40.287327003222885,40.287327003222885
1527682,2026-04-04,2026,1,Rajasthan Royals,Gujarat Titans,D Ferreira,1,3,0,0,33.33333333333333,Gujarat Titans,1.0,33.33333333333333,3.0,51.388888888888886,3,3.0,3.0,1.0,0.0,0.0,0.0,0.0,6.415802535334501,-5.415802535334501,5.415802535334501
1527682,2026-04-04,2026,1,Rajasthan Royals,Gujarat Titans,Dhruv Jurel,75,42,5,5,178.57142857142858,Gujarat Titans,18.0,200.0,19.38888888888889,132.0563049668184,36,22.6,23.2,10.666666666666666,4.0,0.0,1.8,1.6,19.12009614311388,55.879903856886116,55.879903856886116
1527682,2026-04-04,2026,2,Gujarat Titans,Rajasthan Royals,GD Phillips,3,4,0,0,75.0,Rajasthan Royals,25.0,147.05882352941177,10.0,120.55232349349997,9,11.2,10.0,16.5,1.0,1.0,0.6,0.8,9.979167220598208,-6.9791672205982085,6.9791672205982085
1527682,2026-04-04,2026,1,Rajasthan Royals,Gujarat Titans,JC Archer,1,2,0,0,50.0,Gujarat Titans,12.0,150.0,8.733333333333333,125.7967772967773,30,9.2,7.3,4.0,1.0,0.0,0.6,0.4,8.909006691483077,-7.909006691483077,7.909006691483077
1527682,2026-04-04,2026,2,Gujarat Titans,Rajasthan Royals,JC Buttler,26,14,5,0,185.71428571428572,Rajasthan Royals,38.0,115.15151515151516,34.37190082644628,128.9603106111479,121,34.0,41.0,43.0,3.0,2.0,2.4,1.8,31.155254425966458,-5.155254425966458,5.155254425966458
1527682,2026-04-04,2026,2,Gujarat Titans,Rajasthan Royals,K Rabada,23,16,1,2,143.75,Rajasthan Royals,2.0,66.66666666666666,7.166666666666667,106.29639804639804,30,5.8,3.7,5.5,0.0,0.0,0.0,0.6,7.708049717395382,15.291950282604617,15.291950282604617
1527682,2026-04-04,2026,2,Gujarat Titans,Rajasthan Royals,Kumar Kushagra,18,14,3,0,128.57142857142858,Rajasthan Royals,2.0,66.66666666666666,1.0,33.33333333333333,3,1.0,1.0,0.0,0.0,0.0,0.0,0.0,4.4501039774104125,13.549896022589587,13.549896022589587
1527682,2026-04-04,2026,2,Gujarat Titans,Rajasthan Royals,M Shahrukh Khan,11,4,1,1,275.0,Rajasthan Royals,4.0,66.66666666666666,15.020408163265307,156.03130371874602,49,19.8,16.8,18.833333333333332,0.0,0.0,1.2,1.2,11.6068997981604,-0.6068997981604003,0.6068997981604003
1527682,2026-04-04,2026,1,Rajasthan Royals,Gujarat Titans,R Parag,8,4,0,1,200.0,Gujarat Titans,14.0,127.27272727272727,21.405405405405407,129.83531472101404,74,28.2,24.6,22.5,1.0,1.0,2.0,2.0,19.962902622685473,-11.962902622685473,11.962902622685473
1527682,2026-04-04,2026,2,Gujarat Titans,Rajasthan Royals,R Tewatia,12,6,1,1,200.0,Rajasthan Royals,11.0,122.22222222222223,14.584415584415584,135.56631111013897,77,10.8,8.0,14.0,1.0,0.0,0.8,0.2,12.148398198641093,-0.14839819864109316,0.14839819864109316
1527682,2026-04-04,2026,1,Rajasthan Royals,Gujarat Titans,RA Jadeja,7,7,1,0,100.0,Gujarat Titans,21.0,116.66666666666667,16.804123711340207,131.1115097842734,194,27.0,22.5,15.142857142857142,1.0,1.0,3.0,0.8,19.82896067761116,-12.82896067761116,12.82896067761116
1527682,2026-04-04,2026,2,Gujarat Titans,Rajasthan Royals,Rashid Khan,24,16,3,0,150.0,Rajasthan Royals,0.0,0.0,8.73134328358209,119.01590428642668,67,3.6,5.8,10.0,0.0,0.0,0.2,0.2,6.822504610832371,17.17749538916763,17.17749538916763
1527682,2026-04-04,2026,1,Rajasthan Royals,Gujarat Titans,SO Hetmyer,18,8,1,2,225.0,Gujarat Titans,12.0,240.0,18.835443037974684,137.70396586578758,79,12.6,15.7,24.571428571428573,1.0,1.0,0.8,0.4,21.061808534216468,-3.0618085342164676,3.0618085342164676
1527682,2026-04-04,2026,1,Rajasthan Royals,Gujarat Titans,V Suryavanshi,31,18,5,1,172.22222222222223,Gujarat Titans,52.0,305.88235294117646,38.0,189.97460332817337,8,30.6,38.0,101.0,4.0,5.0,2.6,2.6,24.306013691308973,6.693986308691027,6.693986308691027
1527682,2026-04-04,2026,2,Gujarat Titans,Rajasthan Royals,Washington Sundar,4,2,1,0,200.0,Rajasthan Royals,18.0,112.5,12.022727272727273,110.74606318744044,44,20.4,19.4,22.25,2.0,0.0,1.4,1.0,18.01176205917972,-14.01176205917972,14.01176205917972
1527682,2026-04-04,2026,1,Rajasthan Royals,Gujarat Titans,YBK Jaiswal,55,36,6,3,152.77777777777777,Gujarat Titans,38.0,105.55555555555556,32.8955223880597,134.0536819326685,67,34.2,49.0,20.0,3.0,1.0,4.4,1.4,34.796053919456796,20.203946080543204,20.203946080543204
1527683,2026-04-05,2026,2,Lucknow Super Giants,Sunrisers Hyderabad,A Badoni,12,9,1,0,133.33333333333331,Sunrisers Hyderabad,0.0,0.0,20.48936170212766,121.47298324035386,47,29.6,31.9,20.75,0.0,0.0,2.6,1.4,20.55223014667138,-8.55223014667138,8.55223014667138
1527683,2026-04-05,2026,2,Lucknow Super Giants,Sunrisers Hyderabad,AK Markram,45,27,6,2,166.66666666666669,Sunrisers Hyderabad,11.0,137.5,25.910714285714285,120.99124343064167,56,26.0,35.9,29.666666666666668,1.0,1.0,2.2,1.6,27.06011152242944,17.93988847757056,17.93988847757056
1527683,2026-04-05,2026,2,Lucknow Super Giants,Sunrisers Hyderabad,Abdul Samad,16,12,2,0,133.33333333333331,Sunrisers Hyderabad,36.0,144.0,14.69811320754717,137.27262153132153,53,17.4,14.7,12.5,3.0,1.0,1.0,1.0,12.713807712616198,3.286192287383802,3.286192287383802
1527683,2026-04-05,2026,1,Sunrisers Hyderabad,Lucknow Super Giants,Abhishek Sharma,0,2,0,0,0.0,Lucknow Super Giants,48.0,228.57142857142856,24.61842105263158,140.01552429563876,76,36.0,44.3,32.0,4.0,4.0,3.0,3.2,25.192670967573775,-25.192670967573775,25.192670967573775
1527683,2026-04-05,2026,1,Sunrisers Hyderabad,Lucknow Super Giants,Aniket Verma,2,5,0,0,40.0,Lucknow Super Giants,1.0,25.0,20.0,169.69034643250671,14,17.4,15.7,20.5,0.0,0.0,1.2,1.6,16.782218282601423,-14.782218282601423,14.782218282601423
1527683,2026-04-05,2026,1,Sunrisers Hyderabad,Lucknow Super Giants,H Klaasen,62,41,5,2,151.21951219512195,Lucknow Super Giants,52.0,148.57142857142858,33.255319148936174,160.71432008115997,47,51.8,41.8,40.0,4.0,1.0,3.8,2.8,22.340636377427845,39.65936362257216,39.65936362257216
1527683,2026-04-05,2026,1,Sunrisers Hyderabad,Lucknow Super Giants,HV Patel,4,2,1,0,200.0,Lucknow Super Giants,0.0,0.0,6.428571428571429,97.93164196525541,42,4.2,4.0,6.0,0.0,0.0,0.0,0.0,6.901182955145159,-2.901182955145159,2.901182955145159
1527683,2026-04-05,2026,1,Sunrisers Hyderabad,Lucknow Super Giants,Harsh Dubey,0,1,0,0,0.0,Lucknow Super Giants,9.0,300.0,6.0,200.0,2,6.0,6.0,0.0,2.0,0.0,1.0,0.0,11.020687879750847,-11.020687879750847,11.020687879750847
1527683,2026-04-05,2026,1,Sunrisers Hyderabad,Lucknow Super Giants,Ishan Kishan,1,4,0,0,25.0,Lucknow Super Giants,14.0,155.55555555555557,27.12280701754386,117.92949082009261,114,50.4,32.1,22.0,3.0,0.0,5.0,2.6,25.596970379869216,-24.596970379869216,24.596970379869216
1527683,2026-04-05,2026,1,Sunrisers Hyderabad,Lucknow Super Giants,LS Livingstone,14,20,0,1,70.0,Lucknow Super Giants,25.0,166.66666666666669,22.361702127659573,128.85679797077196,47,6.6,11.8,17.25,0.0,2.0,0.2,0.4,20.08175714767517,-6.0817571476751695,6.0817571476751695
1527683,2026-04-05,2026,2,Lucknow Super Giants,Sunrisers Hyderabad,MD Choudhary,2,5,0,0,40.0,Sunrisers Hyderabad,14.0,127.27272727272727,14.0,127.27272727272727,1,14.0,14.0,0.0,2.0,0.0,2.0,0.0,13.420651965733683,-11.420651965733683,11.420651965733683
1527683,2026-04-05,2026,2,Lucknow Super Giants,Sunrisers Hyderabad,MR Marsh,14,12,2,0,116.66666666666667,Sunrisers Hyderabad,35.0,125.0,26.54,113.97905839177265,50,56.8,47.8,33.714285714285715,2.0,3.0,4.4,4.0,26.76508211191174,-12.765082111911742,12.765082111911742
1527683,2026-04-05,2026,2,Lucknow Super Giants,Sunrisers Hyderabad,N Pooran,1,4,0,0,25.0,Sunrisers Hyderabad,8.0,100.0,25.853932584269664,145.34959757927658,89,25.6,24.4,39.55555555555556,1.0,0.0,2.6,1.2,24.79032782675583,-23.79032782675583,23.79032782675583
1527683,2026-04-05,2026,1,Sunrisers Hyderabad,Lucknow Super Giants,Nithish Kumar Reddy,56,33,3,5,169.6969696969697,Lucknow Super Giants,39.0,162.5,21.875,121.99487319953006,24,14.0,16.0,18.5,4.0,1.0,1.2,0.6,19.133032619119298,36.8669673808807,36.8669673808807
1527683,2026-04-05,2026,2,Lucknow Super Giants,Sunrisers Hyderabad,RR Pant,68,50,9,0,136.0,Sunrisers Hyderabad,7.0,77.77777777777779,28.133858267716537,131.0165059866791,127,33.2,25.7,29.63157894736842,1.0,0.0,3.0,2.2,28.472555722605733,39.52744427739427,39.52744427739427
1527683,2026-04-05,2026,1,Sunrisers Hyderabad,Lucknow Super Giants,Shivang Kumar,5,4,1,0,125.0,Lucknow Super Giants,4.0,200.0,4.0,200.0,1,4.0,4.0,0.0,1.0,0.0,1.0,0.0,8.524363285425254,-3.5243632854252542,3.5243632854252542
1527683,2026-04-05,2026,1,Sunrisers Hyderabad,Lucknow Super Giants,TM Head,7,8,1,0,87.5,Lucknow Super Giants,46.0,219.04761904761907,30.846153846153847,138.25890056362277,39,34.0,29.1,68.0,6.0,3.0,4.2,1.8,29.40096239669077,-22.40096239669077,22.40096239669077
1527684,2026-04-05,2026,2,Chennai Super Kings,Royal Challengers Bengaluru,A Kamboj,19,12,1,1,158.33333333333331,Royal Challengers Bengaluru,7.0,77.77777777777779,3.2857142857142856,127.77777777777779,7,3.6,3.2857142857142856,0.0,1.0,0.0,0.6,0.0,5.922802410772002,13.077197589227998,13.077197589227998
1527684,2026-04-05,2026,2,Chennai Super Kings,Royal Challengers Bengaluru,A Mhatre,1,3,0,0,33.33333333333333,Royal Challengers Bengaluru,73.0,173.80952380952382,34.77777777777778,141.39306599832915,9,30.0,34.77777777777778,94.0,6.0,5.0,3.4,1.8,32.0836569386729,-31.083656938672902,31.083656938672902
1527684,2026-04-05,2026,1,Royal Challengers Bengaluru,Chennai Super Kings,D Padikkal,50,29,5,2,172.41379310344826,Chennai Super Kings,61.0,234.6153846153846,24.893333333333334,107.36478903159298,75,37.8,29.8,28.4,7.0,4.0,3.6,2.4,25.89589050718257,24.10410949281743,24.10410949281743
1527684,2026-04-05,2026,2,Chennai Super Kings,Royal Challengers Bengaluru,J Overton,37,15,4,2,246.66666666666669,Royal Challengers Bengaluru,43.0,119.44444444444444,19.333333333333332,175.9259259259259,3,19.333333333333332,19.333333333333332,0.0,2.0,2.0,1.0,1.0,16.329250854452322,20.670749145547678,20.670749145547678
1527684,2026-04-05,2026,2,Chennai Super Kings,Royal Challengers Bengaluru,Kartik Sharma,6,3,0,1,200.0,Royal Challengers Bengaluru,1.0,33.33333333333333,9.5,76.66666666666666,2,9.5,9.5,0.0,0.0,0.0,0.0,0.5,13.15116369772743,-7.15116369772743,7.15116369772743
1527684,2026-04-05,2026,2,Chennai Super Kings,Royal Challengers Bengaluru,MJ Henry,2,3,0,0,66.66666666666666,Royal Challengers Bengaluru,5.0,71.42857142857143,5.0,71.42857142857143,1,5.0,5.0,0.0,1.0,0.0,1.0,0.0,9.955599072799679,-7.955599072799679,7.955599072799679
1527684,2026-04-05,2026,2,Chennai Super Kings,Royal Challengers Bengaluru,Noor Ahmad,8,8,0,1,100.0,Royal Challengers Bengaluru,1.0,11.11111111111111,1.75,64.82473544973544,12,1.4,2.0,0.0,0.0,0.0,0.0,0.0,2.360531422224685,5.639468577775315,5.639468577775315
1527684,2026-04-05,2026,1,Royal Challengers Bengaluru,Chennai Super Kings,PD Salt,46,30,3,2,153.33333333333334,Chennai Super Kings,8.0,114.28571428571428,30.4,149.98129074686832,35,34.4,30.5,13.0,2.0,0.0,4.0,1.8,23.606734812578953,22.393265187421047,22.393265187421047
1527684,2026-04-05,2026,2,Chennai Super Kings,Royal Challengers Bengaluru,PR Veer,43,29,6,1,148.27586206896552,Royal Challengers Bengaluru,6.0,85.71428571428571,6.0,85.71428571428571,1,6.0,6.0,0.0,1.0,0.0,1.0,0.0,10.389143209365562,32.610856790634436,32.610856790634436
1527684,2026-04-05,2026,2,Chennai Super Kings,Royal Challengers Bengaluru,RD Gaikwad,7,3,0,1,233.33333333333334,Royal Challengers Bengaluru,28.0,127.27272727272727,35.22222222222222,110.3088795381679,72,20.6,19.8,5.0,2.0,0.0,2.2,0.2,32.52859680707824,-25.528596807078237,25.528596807078237
1527684,2026-04-05,2026,1,Royal Challengers Bengaluru,Chennai Super Kings,RM Patidar,48,19,1,6,252.6315789473684,Chennai Super Kings,31.0,258.33333333333337,29.28205128205128,140.69315807902183,39,20.8,15.7,24.8,2.0,3.0,1.2,1.4,27.284030587246747,20.715969412753253,20.715969412753253
1527684,2026-04-05,2026,2,Chennai Super Kings,Royal Challengers Bengaluru,S Dube,18,13,2,1,138.46153846153845,Royal Challengers Bengaluru,45.0,166.66666666666669,24.805194805194805,132.1836092777883,77,30.4,27.1,17.0,5.0,1.0,1.8,1.8,23.970333298494513,-5.970333298494513,5.970333298494513
1527684,2026-04-05,2026,2,Chennai Super Kings,Royal Challengers Bengaluru,SN Khan,50,24,8,2,208.33333333333334,Royal Challengers Bengaluru,32.0,266.66666666666663,16.68421052631579,122.7972929462411,38,19.6,15.7,0.0,6.0,1.0,2.2,0.6,17.054673120212406,32.945326879787594,32.945326879787594
1527684,2026-04-05,2026,2,Chennai Super Kings,Royal Challengers Bengaluru,SV Samson,9,5,0,1,180.0,Royal Challengers Bengaluru,7.0,100.0,27.265895953757227,118.88745843894594,173,21.0,23.2,33.666666666666664,1.0,0.0,1.6,1.2,24.513937103918618,-15.513937103918618,15.513937103918618
1527684,2026-04-05,2026,1,Royal Challengers Bengaluru,Chennai Super Kings,TH David,70,24,3,8,291.66666666666663,Chennai Super Kings,16.0,160.0,19.155555555555555,154.895016022467,45,12.2,20.3,12.428571428571429,1.0,1.0,1.2,0.6,17.464096843939192,52.53590315606081,52.53590315606081
1527684,2026-04-05,2026,1,Royal Challengers Bengaluru,Chennai Super Kings,V Kohli,28,18,2,1,155.55555555555557,Chennai Super Kings,69.0,181.57894736842107,33.3587786259542,120.17040561032888,262,44.2,47.8,33.705882352941174,5.0,5.0,5.4,1.2,26.021452583564667,1.9785474164353332,1.9785474164353332
1527685,2026-04-06,2026,1,Kolkata Knight Riders,Punjab Kings,A Raghuvanshi,7,7,0,0,100.0,Punjab Kings,52.0,179.31034482758622,28.3,142.37959908138782,20,32.4,32.5,37.0,6.0,2.0,3.6,0.8,22.402966487656585,-15.402966487656585,15.402966487656585
1527685,2026-04-06,2026,1,Kolkata Knight Riders,Punjab Kings,AM Rahane,8,6,1,0,133.33333333333331,Punjab Kings,8.0,80.0,27.605405405405406,108.14262768272772,185,33.6,34.2,16.75,0.0,0.0,2.2,1.8,27.69441124141312,-19.69441124141312,19.69441124141312
1527685,2026-04-06,2026,1,Kolkata Knight Riders,Punjab Kings,C Green,4,2,1,0,200.0,Punjab Kings,2.0,100.0,24.233333333333334,135.48266327137756,30,23.4,21.2,34.75,0.0,0.0,1.4,1.4,23.178660084367706,-19.178660084367706,19.178660084367706
1527685,2026-04-06,2026,1,Kolkata Knight Riders,Punjab Kings,FH Allen,6,7,1,0,85.71428571428571,Punjab Kings,28.0,400.0,32.5,308.8235294117647,2,32.5,32.5,0.0,4.0,2.0,5.0,2.0,18.260762392157865,-12.260762392157865,12.260762392157865
1527686,2026-04-07,2026,2,Mumbai Indians,Rajasthan Royals,DL Chahar,6,5,1,0,120.0,Rajasthan Royals,8.0,100.0,7.3125,92.60416666666667,16,7.6,4.6,0.0,1.0,0.0,0.6,0.4,8.564264696159388,-2.5642646961593876,2.5642646961593876
1527686,2026-04-07,2026,1,Rajasthan Royals,Mumbai Indians,Dhruv Jurel,2,3,0,0,66.66666666666666,Mumbai Indians,75.0,178.57142857142858,20.89189189189189,133.31347046964572,37,35.4,30.2,6.5,5.0,5.0,2.8,2.4,21.50855898947484,-19.50855898947484,19.50855898947484
1527686,2026-04-07,2026,2,Mumbai Indians,Rajasthan Royals,HH Pandya,9,6,2,0,150.0,Rajasthan Royals,18.0,163.63636363636365,19.27777777777778,140.77976897733853,144,16.8,16.1,33.733333333333334,3.0,0.0,1.2,1.2,21.998419326595616,-12.998419326595616,12.998419326595616
1527686,2026-04-07,2026,2,Mumbai Indians,Rajasthan Royals,JJ Bumrah,5,2,1,0,250.0,Rajasthan Royals,0.0,0.0,2.5185185185185186,71.14852225963338,27,2.4,1.7,3.3333333333333335,0.0,0.0,0.2,0.0,2.169822278387105,2.830177721612895,2.830177721612895
1527686,2026-04-07,2026,2,Mumbai Indians,Rajasthan Royals,Naman Dhir,25,13,3,1,192.30769230769232,Rajasthan Royals,28.0,133.33333333333331,20.238095238095237,163.51949534022364,21,19.8,19.3,0.0,2.0,1.0,2.0,0.8,19.472109357567447,5.527890642432553,5.527890642432553
1527686,2026-04-07,2026,1,Rajasthan Royals,Mumbai Indians,R Parag,20,10,1,2,200.0,Mumbai Indians,8.0,200.0,21.226666666666667,130.7708438580672,75,26.6,24.6,21.5,0.0,1.0,1.4,2.2,20.24913544098518,-0.2491354409851816,0.2491354409851816
1527686,2026-04-07,2026,2,Mumbai Indians,Rajasthan Royals,RD Rickelton,8,4,0,1,200.0,Rajasthan Royals,9.0,81.81818181818183,29.875,145.74758201772048,16,28.8,32.9,61.0,2.0,0.0,2.2,2.0,23.33907027969801,-15.33907027969801,15.33907027969801
1527686,2026-04-07,2026,2,Mumbai Indians,Rajasthan Royals,RG Sharma,5,6,0,0,83.33333333333334,Rajasthan Royals,35.0,134.6153846153846,26.62081784386617,114.46983080091242,269,45.2,37.3,20.689655172413794,5.0,1.0,4.6,2.4,23.318806813732255,-18.318806813732255,18.318806813732255
1527686,2026-04-07,2026,2,Mumbai Indians,Rajasthan Royals,SA Yadav,6,3,0,1,200.0,Rajasthan Royals,51.0,141.66666666666669,28.428571428571427,138.5148235899873,154,40.2,45.1,32.0,3.0,2.0,3.4,2.0,25.05349420462229,-19.05349420462229,19.05349420462229
1527686,2026-04-07,2026,2,Mumbai Indians,Rajasthan Royals,SE Rutherford,25,8,2,2,312.5,Rajasthan Royals,5.0,71.42857142857143,19.142857142857142,134.79230356110057,21,19.0,23.2,8.5,1.0,0.0,1.6,1.0,20.188070363646816,4.8119296363531845,4.8119296363531845
1527686,2026-04-07,2026,2,Mumbai Indians,Rajasthan Royals,SN Thakur,8,7,1,0,114.28571428571428,Rajasthan Royals,4.0,400.0,8.125,114.550086357482,40,3.6,4.3,4.0,1.0,0.0,0.6,0.0,12.55272463701802,-4.55272463701802,4.55272463701802
1527686,2026-04-07,2026,1,Rajasthan Royals,Mumbai Indians,SO Hetmyer,6,7,0,0,85.71428571428571,Mumbai Indians,18.0,225.0,18.825,138.79516629246524,80,14.0,12.3,11.0,1.0,2.0,0.8,0.8,18.659368437852155,-12.659368437852155,12.659368437852155
1527686,2026-04-07,2026,2,Mumbai Indians,Rajasthan Royals,TA Boult,1,2,0,0,50.0,Rajasthan Royals,1.0,100.0,3.5416666666666665,79.84683140933141,24,3.2,3.2,0.0,0.0,0.0,0.4,0.0,2.710997037468533,-1.710997037468533,1.710997037468533
1527686,2026-04-07,2026,2,Mumbai Indians,Rajasthan Royals,Tilak Varma,14,10,2,0,140.0,Rajasthan Royals,0.0,0.0,28.660377358490567,134.24305925220256,53,18.0,15.3,44.4,0.0,0.0,1.2,1.0,26.335757091359437,-12.335757091359437,12.335757091359437
1527686,2026-04-07,2026,1,Rajasthan Royals,Mumbai Indians,V Suryavanshi,39,14,1,5,278.57142857142856,Mumbai Indians,31.0,172.22222222222223,37.22222222222222,188.00211653862323,9,36.8,37.22222222222222,0.0,5.0,1.0,3.6,2.8,18.803758108417277,20.196241891582723,20.196241891582723
1527686,2026-04-07,2026,1,Rajasthan Royals,Mumbai Indians,YBK Jaiswal,77,32,10,4,240.625,Mumbai Indians,55.0,152.77777777777777,33.220588235294116,134.32903628333187,68,42.6,47.0,37.0,6.0,3.0,5.6,1.6,31.278468547148858,45.72153145285114,45.72153145285114
1527687,2026-04-08,2026,2,Delhi Capitals,Gujarat Titans,AR Patel,2,3,0,0,66.66666666666666,Gujarat Titans,0.0,0.0,15.451612903225806,127.80808052120896,124,17.8,22.0,33.5,0.0,0.0,1.6,1.0,21.303174323178556,-19.303174323178556,19.303174323178556
1527687,2026-04-08,2026,1,Gujarat Titans,Delhi Capitals,B Sai Sudharsan,12,7,2,0,171.42857142857142,Delhi Capitals,73.0,169.7674418604651,44.73809523809524,139.48672215479806,42,45.6,48.0,56.6,9.0,3.0,6.2,0.8,28.603155555368268,-16.603155555368268,16.603155555368268
1527687,2026-04-08,2026,2,Delhi Capitals,Gujarat Titans,DA Miller,41,20,3,3,204.99999999999997,Gujarat Titans,21.0,116.66666666666667,22.94814814814815,125.01556751274656,135,15.4,14.7,7.0,4.0,0.0,1.6,0.2,22.51143471791102,18.48856528208898,18.48856528208898
1527687,2026-04-08,2026,1,Gujarat Titans,Delhi Capitals,GD Phillips,14,9,1,1,155.55555555555557,Delhi Capitals,3.0,75.0,9.3,115.99709114414998,10,6.8,9.3,0.0,0.0,0.0,0.4,0.2,9.463949902609512,4.536050097390488,4.536050097390488
1527687,2026-04-08,2026,1,Gujarat Titans,Delhi Capitals,JC Buttler,52,27,3,5,192.59259259259258,Delhi Capitals,26.0,185.71428571428572,34.30327868852459,129.42550712838673,122,26.4,40.0,40.666666666666664,5.0,0.0,2.8,1.0,30.166289963288747,21.833710036711253,21.833710036711253
1527687,2026-04-08,2026,2,Delhi Capitals,Gujarat Titans,KL Rahul,92,52,11,4,176.9230769230769,Gujarat Titans,1.0,33.33333333333333,37.4,125.02125586355996,140,31.8,30.2,41.5,0.0,0.0,4.4,1.0,46.892354045642364,45.107645954357636,45.107645954357636
1527687,2026-04-08,2026,2,Delhi Capitals,Gujarat Titans,Kuldeep Yadav,1,1,0,0,100.0,Gujarat Titans,7.0,87.5,5.4324324324324325,86.29817251334279,37,3.6,6.5,4.75,0.0,0.0,0.4,0.0,5.612274561349537,-4.612274561349537,4.612274561349537
1527687,2026-04-08,2026,2,Delhi Capitals,Gujarat Titans,N Rana,5,6,1,0,83.33333333333334,Gujarat Titans,0.0,0.0,25.157894736842106,121.75253622409055,114,11.2,13.2,11.2,0.0,0.0,1.6,0.4,24.90121719871052,-19.90121719871052,19.90121719871052
1527687,2026-04-08,2026,2,Delhi Capitals,Gujarat Titans,P Nissanka,41,24,6,1,170.83333333333331,Gujarat Titans,44.0,146.66666666666666,22.5,83.33333333333333,2,22.5,22.5,0.0,6.0,1.0,3.0,0.5,21.71448727132899,19.28551272867101,19.28551272867101
1527687,2026-04-08,2026,1,Gujarat Titans,Delhi Capitals,R Tewatia,1,1,0,0,100.0,Delhi Capitals,12.0,200.0,14.551282051282051,136.39238404462435,78,11.0,9.2,15.444444444444445,1.0,1.0,0.8,0.4,12.313058204042893,-11.313058204042893,11.313058204042893
1527687,2026-04-08,2026,2,Delhi Capitals,Gujarat Titans,Sameer Rizvi,0,1,0,0,0.0,Gujarat Titans,90.0,176.47058823529412,30.181818181818183,130.39148585176227,11,55.4,31.8,14.0,7.0,7.0,4.4,3.6,25.91740768316656,-25.91740768316656,25.91740768316656
1527687,2026-04-08,2026,1,Gujarat Titans,Delhi Capitals,Shubman Gill,70,45,4,5,155.55555555555557,Delhi Capitals,39.0,144.44444444444443,33.95652173913044,124.77074509913388,115,36.2,48.1,31.642857142857142,6.0,0.0,3.4,1.6,31.193600893211702,38.8063991067883,38.8063991067883
1527687,2026-04-08,2026,2,Delhi Capitals,Gujarat Titans,T Stubbs,7,6,0,0,116.66666666666667,Gujarat Titans,3.0,75.0,22.818181818181817,148.72863130218414,33,16.6,19.6,26.0,0.0,0.0,1.0,0.6,19.63115568513589,-12.63115568513589,12.63115568513589
1527687,2026-04-08,2026,2,Delhi Capitals,Gujarat Titans,V Nigam,12,7,2,0,171.42857142857142,Gujarat Titans,20.0,200.0,17.75,148.86029411764707,8,17.6,17.75,0.0,3.0,1.0,2.0,1.0,15.496662230868004,-3.4966622308680044,3.4966622308680044
1527687,2026-04-08,2026,1,Gujarat Titans,Delhi Capitals,Washington Sundar,55,31,6,2,177.41935483870967,Delhi Capitals,4.0,200.0,11.844444444444445,112.72948400549731,45,20.8,18.8,9.6,1.0,0.0,1.6,1.0,20.88823603014904,34.111763969850955,34.111763969850955
1527688,2026-04-09,2026,2,Lucknow Super Giants,Kolkata Knight Riders,A Badoni,54,34,7,2,158.8235294117647,Kolkata Knight Riders,12.0,133.33333333333331,20.3125,121.72007386729092,48,24.8,29.0,21.0,1.0,0.0,1.6,1.4,20.93994832226226,33.06005167773774,33.06005167773774
1527688,2026-04-09,2026,1,Kolkata Knight Riders,Lucknow Super Giants,A Raghuvanshi,45,33,5,2,136.36363636363635,Lucknow Super Giants,7.0,100.0,27.285714285714285,140.36152293465506,21,25.0,28.2,14.666666666666666,0.0,0.0,2.6,0.8,23.586688236557332,21.413311763442668,21.413311763442668
1527688,2026-04-09,2026,2,Lucknow Super Giants,Kolkata Knight Riders,AK Markram,22,15,2,1,146.66666666666666,Kolkata Knight Riders,45.0,166.66666666666669,26.24561403508772,121.79256664530878,57,33.2,35.7,36.75,6.0,2.0,3.0,2.0,24.195944915821045,-2.1959449158210447,2.1959449158210447
1527688,2026-04-09,2026,1,Kolkata Knight Riders,Lucknow Super Giants,AM Rahane,41,24,4,2,170.83333333333331,Lucknow Super Giants,8.0,133.33333333333331,27.5,108.27806158407508,186,29.2,28.9,32.666666666666664,1.0,0.0,2.2,1.4,29.57878805596612,11.421211944033882,11.421211944033882
1527688,2026-04-09,2026,2,Lucknow Super Giants,Kolkata Knight Riders,Abdul Samad,2,4,0,0,50.0,Kolkata Knight Riders,16.0,133.33333333333331,14.722222222222221,137.1996717498773,54,20.2,15.7,14.555555555555555,2.0,0.0,1.4,1.0,13.172114241967806,-11.172114241967806,11.172114241967806
1527688,2026-04-09,2026,2,Lucknow Super Giants,Kolkata Knight Riders,Avesh Khan,1,3,0,0,33.33333333333333,Kolkata Knight Riders,19.0,190.0,4.769230769230769,139.48717948717947,13,4.8,4.6,5.0,3.0,1.0,0.6,0.2,6.592154692825538,-5.592154692825538,5.592154692825538
1527688,2026-04-09,2026,1,Kolkata Knight Riders,Lucknow Super Giants,C Green,32,24,3,1,133.33333333333331,Lucknow Super Giants,4.0,200.0,23.580645161290324,137.56386768197828,31,17.8,21.1,18.0,1.0,0.0,1.4,1.0,21.166629999917053,10.833370000082947,10.833370000082947
1527688,2026-04-09,2026,1,Kolkata Knight Riders,Lucknow Super Giants,FH Allen,9,8,2,0,112.5,Lucknow Super Giants,6.0,85.71428571428571,23.666666666666668,234.45378151260502,3,23.666666666666668,23.666666666666668,0.0,1.0,0.0,3.6666666666666665,1.3333333333333333,20.7982012761772,-11.798201276177199,11.798201276177199
1527688,2026-04-09,2026,2,Lucknow Super Giants,Kolkata Knight Riders,MD Choudhary,54,27,2,7,200.0,Kolkata Knight Riders,2.0,40.0,8.0,83.63636363636363,2,8.0,8.0,0.0,0.0,0.0,1.0,0.0,9.752023057811618,44.24797694218838,44.24797694218838
1527688,2026-04-09,2026,2,Lucknow Super Giants,Kolkata Knight Riders,MR Marsh,15,11,1,1,136.36363636363635,Kolkata Knight Riders,14.0,116.66666666666667,26.294117647058822,114.03175659324117,51,59.6,41.1,20.2,2.0,0.0,4.8,4.0,27.453757241058266,-12.453757241058266,12.453757241058266
1527688,2026-04-09,2026,2,Lucknow Super Giants,Kolkata Knight Riders,Mohammed Shami,1,3,0,0,33.33333333333333,Kolkata Knight Riders,1.0,50.0,3.0357142857142856,77.97619047619048,28,2.2,2.9,2.0,0.0,0.0,0.2,0.0,3.1532223799798875,-2.1532223799798875,2.1532223799798875
1527688,2026-04-09,2026,2,Lucknow Super Giants,Kolkata Knight Riders,N Pooran,13,14,0,1,92.85714285714286,Kolkata Knight Riders,1.0,25.0,25.57777777777778,144.01237982839572,90,24.6,18.4,27.636363636363637,0.0,0.0,2.4,1.2,28.982367033491162,-15.982367033491162,15.982367033491162
1527688,2026-04-09,2026,1,Kolkata Knight Riders,Lucknow Super Giants,R Powell,39,24,4,2,162.5,Lucknow Super Giants,5.0,100.0,15.869565217391305,118.29634027524052,23,8.8,11.4,13.0,1.0,0.0,1.0,0.4,12.762735256422049,26.237264743577953,26.237264743577953
1527688,2026-04-09,2026,1,Kolkata Knight Riders,Lucknow Super Giants,RK Singh,4,7,0,0,57.14285714285714,Lucknow Super Giants,35.0,140.0,22.0188679245283,142.67858612366618,53,21.0,21.3,33.4,4.0,1.0,2.2,0.8,20.88240196337597,-16.88240196337597,16.88240196337597
1527688,2026-04-09,2026,2,Lucknow Super Giants,Kolkata Knight Riders,RR Pant,10,9,1,0,111.11111111111111,Kolkata Knight Riders,68.0,136.0,28.4453125,131.0554395336582,128,43.2,30.4,23.0,9.0,0.0,4.4,2.0,26.747773839231733,-16.747773839231733,16.747773839231733
1527689,2026-04-10,2026,1,Royal Challengers Bengaluru,Rajasthan Royals,B Kumar,9,7,1,0,128.57142857142858,Rajasthan Royals,1.0,50.0,4.507042253521127,83.50037677502466,71,2.8,3.1,4.5,0.0,0.0,0.2,0.0,4.977739491988429,4.022260508011571,4.022260508011571
1527689,2026-04-10,2026,1,Royal Challengers Bengaluru,Rajasthan Royals,D Padikkal,14,7,3,0,200.0,Rajasthan Royals,50.0,172.41379310344826,25.223684210526315,108.22069697990688,76,35.6,32.1,44.42857142857143,5.0,2.0,3.4,2.0,25.11764271525533,-11.117642715255329,11.117642715255329
1527689,2026-04-10,2026,2,Rajasthan Royals,Royal Challengers Bengaluru,Dhruv Jurel,81,43,8,3,188.37209302325581,Royal Challengers Bengaluru,2.0,66.66666666666666,20.394736842105264,131.55960721167256,38,35.8,26.9,23.0,0.0,0.0,2.8,2.4,20.622805560965848,60.377194439034156,60.377194439034156
1527689,2026-04-10,2026,1,Royal Challengers Bengaluru,Rajasthan Royals,JM Sharma,5,8,0,0,62.5,Rajasthan Royals,0.0,0.0,20.645833333333332,144.71329708500795,48,28.0,21.6,30.0,0.0,0.0,2.4,2.0,21.151676273456992,-16.151676273456992,16.151676273456992
1527689,2026-04-10,2026,1,Royal Challengers Bengaluru,Rajasthan Royals,KH Pandya,1,6,0,0,16.666666666666664,Rajasthan Royals,4.0,80.0,15.403508771929825,120.33287176781259,114,20.8,16.3,12.272727272727273,0.0,0.0,1.6,0.8,20.13264963079993,-19.13264963079993,19.13264963079993
1527689,2026-04-10,2026,1,Royal Challengers Bengaluru,Rajasthan Royals,PD Salt,0,1,0,0,0.0,Rajasthan Royals,46.0,153.33333333333334,30.833333333333332,150.07440304093677,36,31.2,31.4,33.666666666666664,3.0,2.0,3.8,1.2,19.087736687193892,-19.087736687193892,19.087736687193892
1527689,2026-04-10,2026,2,Rajasthan Royals,Royal Challengers Bengaluru,R Parag,3,5,0,0,60.0,Royal Challengers Bengaluru,20.0,200.0,21.210526315789473,131.68175380730315,76,11.6,26.2,23.0,1.0,2.0,0.4,1.0,22.052676571865348,-19.052676571865348,19.052676571865348
1527689,2026-04-10,2026,1,Royal Challengers Bengaluru,Rajasthan Royals,R Shepherd,22,11,2,1,200.0,Rajasthan Royals,17.0,188.88888888888889,15.416666666666666,154.63573463573462,12,14.4,15.3,24.0,1.0,1.0,1.0,1.4,9.915770433828175,12.084229566171825,12.084229566171825
1527689,2026-04-10,2026,2,Rajasthan Royals,Royal Challengers Bengaluru,RA Jadeja,24,25,1,0,96.0,Royal Challengers Bengaluru,7.0,100.0,16.753846153846155,130.9519635802515,195,25.0,22.3,42.25,1.0,0.0,2.4,0.8,19.158422987331246,4.841577012668754,4.841577012668754
1527689,2026-04-10,2026,1,Royal Challengers Bengaluru,Rajasthan Royals,RM Patidar,63,40,4,4,157.5,Rajasthan Royals,48.0,252.6315789473684,29.75,143.4916186007305,40,26.8,18.2,27.25,1.0,6.0,1.2,2.6,28.054661001759275,34.94533899824073,34.94533899824073
1527689,2026-04-10,2026,2,Rajasthan Royals,Royal Challengers Bengaluru,SO Hetmyer,0,1,0,0,0.0,Royal Challengers Bengaluru,6.0,85.71428571428571,18.666666666666668,138.13984677915437,81,15.2,12.0,14.25,0.0,0.0,0.8,0.8,16.88156138698163,-16.88156138698163,16.88156138698163
1527689,2026-04-10,2026,1,Royal Challengers Bengaluru,Rajasthan Royals,TH David,13,9,2,0,144.44444444444443,Rajasthan Royals,70.0,291.66666666666663,20.26086956521739,157.86831277560177,46,21.6,25.1,18.166666666666668,3.0,8.0,1.4,2.0,23.190300987440228,-10.190300987440228,10.190300987440228
1527689,2026-04-10,2026,1,Royal Challengers Bengaluru,Rajasthan Royals,V Kohli,32,16,7,0,200.0,Rajasthan Royals,28.0,155.55555555555557,33.338403041825096,120.30494990669857,263,41.2,50.5,28.0,2.0,1.0,4.4,1.2,31.1139767675912,0.8860232324087995,0.8860232324087995
1527689,2026-04-10,2026,2,Rajasthan Royals,Royal Challengers Bengaluru,V Suryavanshi,78,26,8,7,300.0,Royal Challengers Bengaluru,39.0,278.57142857142856,37.4,197.05904774190375,10,43.8,37.4,16.0,1.0,5.0,3.6,3.8,19.52206758238153,58.47793241761847,58.47793241761847
1527689,2026-04-10,2026,1,Royal Challengers Bengaluru,Rajasthan Royals,VR Iyer,29,15,1,2,193.33333333333334,Rajasthan Royals,7.0,140.0,26.214285714285715,125.11099227725383,56,26.6,28.7,27.25,1.0,0.0,2.8,0.8,25.823653078362437,3.1763469216375633,3.1763469216375633
1527689,2026-04-10,2026,2,Rajasthan Royals,Royal Challengers Bengaluru,YBK Jaiswal,13,8,0,2,162.5,Royal Challengers Bengaluru,77.0,240.625,33.85507246376812,135.86955749661692,69,51.2,49.6,42.25,10.0,4.0,6.6,2.2,31.428883000857997,-18.428883000857997,18.428883000857997
1527690,2026-04-11,2026,1,Sunrisers Hyderabad,Punjab Kings,Abhishek Sharma,74,28,5,8,264.2857142857143,Punjab Kings,0.0,0.0,24.2987012987013,138.19714086322787,77,24.2,30.2,59.4,0.0,0.0,2.2,2.0,24.05814875963708,49.94185124036292,49.94185124036292
1527690,2026-04-11,2026,1,Sunrisers Hyderabad,Punjab Kings,Aniket Verma,18,9,1,1,200.0,Punjab Kings,2.0,40.0,18.8,161.04432333700626,15,16.8,14.1,0.0,0.0,0.0,1.0,1.6,16.79981783354754,1.2001821664524606,1.2001821664524606
1527690,2026-04-11,2026,2,Punjab Kings,Sunrisers Hyderabad,C Connolly,11,12,1,0,91.66666666666666,Sunrisers Hyderabad,36.0,171.42857142857142,54.0,167.53246753246754,2,54.0,54.0,0.0,6.0,0.0,5.5,2.5,19.254737575525052,-8.254737575525052,8.254737575525052
1527690,2026-04-11,2026,1,Sunrisers Hyderabad,Punjab Kings,H Klaasen,39,33,1,1,118.18181818181819,Punjab Kings,62.0,151.21951219512195,33.854166666666664,160.5165115835342,48,54.8,45.9,24.0,5.0,2.0,4.0,3.0,22.480126522432297,16.519873477567703,16.519873477567703
1527690,2026-04-11,2026,1,Sunrisers Hyderabad,Punjab Kings,Harsh Dubey,1,2,0,0,50.0,Punjab Kings,0.0,0.0,4.0,133.33333333333334,3,4.0,4.0,0.0,0.0,0.0,0.6666666666666666,0.0,12.7931583459605,-11.7931583459605,11.7931583459605
1527690,2026-04-11,2026,1,Sunrisers Hyderabad,Punjab Kings,Ishan Kishan,27,17,3,1,158.8235294117647,Punjab Kings,1.0,25.0,26.895652173913042,117.12140829122224,115,43.6,31.3,17.0,0.0,0.0,4.4,2.2,27.435526311534037,-0.4355263115340371,0.4355263115340371
1527690,2026-04-11,2026,2,Punjab Kings,Sunrisers Hyderabad,N Wadhera,14,14,0,1,100.0,Sunrisers Hyderabad,10.0,111.11111111111111,22.181818181818183,130.4595922633534,33,16.8,19.3,27.0,0.0,1.0,1.0,0.8,19.868909652227547,-5.868909652227547,5.868909652227547
1527690,2026-04-11,2026,1,Sunrisers Hyderabad,Punjab Kings,Nithish Kumar Reddy,0,1,0,0,0.0,Punjab Kings,56.0,169.6969696969697,23.24,123.90295705942765,25,21.0,19.7,50.5,3.0,5.0,1.6,1.2,19.230322889021604,-19.230322889021604,19.230322889021604
1527690,2026-04-11,2026,2,Punjab Kings,Sunrisers Hyderabad,P Simran Singh,51,25,4,4,204.0,Sunrisers Hyderabad,43.0,126.47058823529412,26.574074074074073,132.6649324720198,54,26.0,33.3,22.571428571428573,6.0,1.0,2.0,1.6,24.585077471953426,26.414922528046574,26.414922528046574
1527690,2026-04-11,2026,2,Punjab Kings,Sunrisers Hyderabad,Priyansh Arya,57,20,5,5,285.0,Sunrisers Hyderabad,39.0,354.54545454545456,29.55,157.9467294683024,20,19.4,24.5,36.0,3.0,4.0,2.0,1.2,19.418787379111972,37.581212620888024,37.581212620888024
1527690,2026-04-11,2026,1,Sunrisers Hyderabad,Punjab Kings,S Arora,9,8,0,1,112.5,Punjab Kings,0.0,0.0,4.5,75.0,2,4.5,4.5,0.0,0.0,0.0,0.0,0.5,11.471914227657471,-2.4719142276574715,2.4719142276574715
1527690,2026-04-11,2026,2,Punjab Kings,Sunrisers Hyderabad,SS Iyer,69,33,5,5,209.0909090909091,Sunrisers Hyderabad,50.0,178.57142857142858,28.380597014925375,118.62899451286401,134,31.6,38.4,29.842105263157894,4.0,3.0,1.8,2.6,24.168319611040804,44.8316803889592,44.8316803889592
1527690,2026-04-11,2026,2,Punjab Kings,Sunrisers Hyderabad,Shashank Singh,16,9,1,1,177.77777777777777,Sunrisers Hyderabad,14.0,233.33333333333334,22.6,138.58243147296358,35,16.8,24.1,16.666666666666668,2.0,0.0,1.0,1.2,18.906973271054238,-2.9069732710542375,2.9069732710542375
1527690,2026-04-11,2026,1,Sunrisers Hyderabad,Punjab Kings,TM Head,38,22,5,1,172.72727272727272,Punjab Kings,7.0,87.5,30.25,136.9899280495322,40,31.4,29.0,29.0,1.0,0.0,3.6,1.8,27.78354144822787,10.216458551772131,10.216458551772131
1527691,2026-04-11,2026,1,Chennai Super Kings,Delhi Capitals,A Mhatre,59,36,3,4,163.88888888888889,Delhi Capitals,1.0,33.33333333333333,31.4,130.58709273182959,10,30.2,31.4,0.0,0.0,0.0,3.4,1.8,23.832821392533305,35.167178607466695,35.167178607466695
1527691,2026-04-11,2026,2,Delhi Capitals,Chennai Super Kings,AR Patel,1,2,0,0,50.0,Chennai Super Kings,2.0,66.66666666666666,15.344,127.31894921037262,125,15.2,20.7,11.933333333333334,0.0,0.0,1.4,0.8,19.909006788897038,-18.909006788897038,18.909006788897038
1527691,2026-04-11,2026,2,Delhi Capitals,Chennai Super Kings,Ashutosh Sharma,19,10,1,2,190.0,Chennai Super Kings,18.0,112.5,21.833333333333332,140.27452189092057,18,21.0,20.6,2.0,1.0,1.0,1.0,1.6,19.259279075367346,-0.2592790753673455,0.2592790753673455
1527691,2026-04-11,2026,2,Delhi Capitals,Chennai Super Kings,Auqib Nabi,4,2,1,0,200.0,Chennai Super Kings,0.0,0.0,0.0,0.0,0,0.0,0.0,0.0,0.0,0.0,0.0,0.0,8.342106538465117,-4.342106538465117,4.342106538465117
1527691,2026-04-11,2026,2,Delhi Capitals,Chennai Super Kings,DA Miller,17,14,1,1,121.42857142857142,Chennai Super Kings,41.0,204.99999999999997,23.080882352941178,125.6036883398587,136,22.2,17.5,27.0,3.0,3.0,2.2,0.8,23.413575729775,-6.413575729775001,6.413575729775001
1527691,2026-04-11,2026,2,Delhi Capitals,Chennai Super Kings,KL Rahul,18,10,2,1,180.0,Chennai Super Kings,92.0,176.9230769230769,37.787234042553195,125.38935388525867,141,27.8,36.6,42.0,11.0,4.0,3.8,1.0,42.18718012190732,-24.187180121907318,24.187180121907318
1527691,2026-04-11,2026,2,Delhi Capitals,Chennai Super Kings,Kuldeep Yadav,4,7,0,0,57.14285714285714,Chennai Super Kings,1.0,100.0,5.315789473684211,86.6587469208864,38,2.8,6.5,1.25,0.0,0.0,0.2,0.0,5.856702622055615,-1.8567026220556153,1.8567026220556153
1527691,2026-04-11,2026,2,Delhi Capitals,Chennai Super Kings,L Ngidi,3,4,0,0,75.0,Chennai Super Kings,0.0,0.0,0.0,0.0,1,0.0,0.0,0.0,0.0,0.0,0.0,0.0,7.1336972080631735,-4.1336972080631735,4.1336972080631735
1527691,2026-04-11,2026,2,Delhi Capitals,Chennai Super Kings,P Nissanka,41,22,5,2,186.36363636363635,Chennai Super Kings,41.0,170.83333333333331,28.666666666666668,112.5,3,28.666666666666668,28.666666666666668,0.0,6.0,1.0,4.0,0.6666666666666666,21.040102625372455,19.959897374627545,19.959897374627545
1527691,2026-04-11,2026,1,Chennai Super Kings,Delhi Capitals,RD Gaikwad,15,18,1,0,83.33333333333334,Delhi Capitals,7.0,233.33333333333334,34.83561643835616,111.99414602851262,73,9.4,20.5,27.0,0.0,1.0,0.8,0.2,33.434424048555364,-18.434424048555364,18.434424048555364
1527691,2026-04-11,2026,1,Chennai Super Kings,Delhi Capitals,S Dube,20,10,2,1,200.0,Delhi Capitals,18.0,138.46153846153845,24.71794871794872,132.26409554937484,78,25.0,24.6,18.77777777777778,2.0,1.0,1.8,1.4,24.859622006085356,-4.859622006085356,4.859622006085356
1527691,2026-04-11,2026,1,Chennai Super Kings,Delhi Capitals,SV Samson,115,56,15,4,205.35714285714283,Delhi Capitals,9.0,180.0,27.160919540229884,119.23867994217038,174,16.6,22.8,26.636363636363637,0.0,1.0,1.2,0.8,25.634180828796158,89.36581917120384,89.36581917120384
1527691,2026-04-11,2026,2,Delhi Capitals,Chennai Super Kings,Sameer Rizvi,6,9,1,0,66.66666666666666,Chennai Super Kings,0.0,0.0,27.666666666666668,119.52552869744875,12,51.4,31.8,20.0,0.0,0.0,4.2,3.4,24.87418081235167,-18.87418081235167,18.87418081235167
1527691,2026-04-11,2026,2,Delhi Capitals,Chennai Super Kings,T Natarajan,1,2,0,0,50.0,Chennai Super Kings,0.0,0.0,1.5,37.5,2,1.5,1.5,0.0,0.0,0.0,0.0,0.0,5.228628876798479,-4.228628876798479,4.228628876798479
1527691,2026-04-11,2026,2,Delhi Capitals,Chennai Super Kings,T Stubbs,60,38,4,3,157.89473684210526,Chennai Super Kings,7.0,116.66666666666667,22.352941176470587,147.78563234231598,34,13.8,19.7,9.8,0.0,0.0,1.0,0.2,19.354872366919153,40.64512763308085,40.64512763308085
1527692,2026-04-12,2026,1,Lucknow Super Giants,Gujarat Titans,A Badoni,9,11,1,0,81.81818181818183,Gujarat Titans,54.0,158.8235294117647,21.0,122.47728724574958,49,28.6,31.4,23.166666666666668,7.0,2.0,2.6,1.4,19.958670672566864,-10.958670672566864,10.958670672566864
1527692,2026-04-12,2026,1,Lucknow Super Giants,Gujarat Titans,AK Markram,30,21,5,1,142.85714285714286,Gujarat Titans,22.0,146.66666666666666,26.17241379310345,122.22143043878046,58,35.0,32.1,31.5,2.0,1.0,3.2,2.0,25.607043038112522,4.392956961887478,4.392956961887478
1527692,2026-04-12,2026,1,Lucknow Super Giants,Gujarat Titans,Abdul Samad,18,22,2,0,81.81818181818183,Gujarat Titans,2.0,50.0,14.49090909090909,135.6142231726068,55,11.6,15.7,11.666666666666666,0.0,0.0,1.0,0.2,12.629718220001257,5.370281779998743,5.370281779998743
1527692,2026-04-12,2026,1,Lucknow Super Giants,Gujarat Titans,Avesh Khan,4,1,1,0,400.0,Gujarat Titans,1.0,33.33333333333333,4.5,131.9047619047619,14,4.4,4.5,12.0,0.0,0.0,0.6,0.2,5.959346057989075,-1.959346057989075,1.959346057989075
1527692,2026-04-12,2026,2,Gujarat Titans,Lucknow Super Giants,B Sai Sudharsan,15,14,3,0,107.14285714285714,Lucknow Super Giants,12.0,171.42857142857142,43.97674418604651,140.22955585883932,43,43.8,44.0,36.0,2.0,0.0,5.8,0.8,30.09706708154361,-15.09706708154361,15.09706708154361
1527692,2026-04-12,2026,1,Lucknow Super Giants,Gujarat Titans,GF Linde,16,10,3,0,160.0,Gujarat Titans,0.0,0.0,0.0,0.0,0,0.0,0.0,0.0,0.0,0.0,0.0,0.0,21.181171355668226,-5.181171355668226,5.181171355668226
1527692,2026-04-12,2026,2,Gujarat Titans,Lucknow Super Giants,JC Buttler,60,37,11,0,162.16216216216216,Lucknow Super Giants,52.0,192.59259259259258,34.447154471544714,129.93906066874612,123,30.8,43.6,21.285714285714285,3.0,5.0,2.8,1.8,33.27820892861085,26.72179107138915,26.72179107138915
1527692,2026-04-12,2026,1,Lucknow Super Giants,Gujarat Titans,MD Choudhary,18,14,1,1,128.57142857142858,Gujarat Titans,54.0,200.0,23.333333333333332,122.42424242424242,3,23.333333333333332,23.333333333333332,0.0,2.0,7.0,1.3333333333333333,2.3333333333333335,19.84216286035289,-1.8421628603528895,1.8421628603528895
1527692,2026-04-12,2026,1,Lucknow Super Giants,Gujarat Titans,MR Marsh,11,4,1,1,275.0,Gujarat Titans,15.0,136.36363636363635,26.076923076923077,114.46121581959491,52,49.6,39.6,60.5,1.0,1.0,3.8,3.4,28.825071571545372,-17.825071571545372,17.825071571545372
1527692,2026-04-12,2026,1,Lucknow Super Giants,Gujarat Titans,Mohammed Shami,12,5,1,1,240.0,Gujarat Titans,1.0,33.33333333333333,2.9655172413793105,76.43678160919539,29,2.2,2.1,6.0,0.0,0.0,0.2,0.0,4.518365316824695,7.481634683175305,7.481634683175305
1527692,2026-04-12,2026,1,Lucknow Super Giants,Gujarat Titans,N Pooran,19,21,0,2,90.47619047619048,Gujarat Titans,13.0,92.85714285714286,25.439560439560438,143.45023436717318,91,18.2,18.9,27.142857142857142,0.0,1.0,1.2,1.2,28.18000049697185,-9.18000049697185,9.18000049697185
1527692,2026-04-12,2026,2,Gujarat Titans,Lucknow Super Giants,R Tewatia,10,8,1,0,125.0,Lucknow Super Giants,1.0,100.0,14.379746835443038,135.9317209554519,79,10.8,8.2,16.0,0.0,0.0,0.8,0.4,11.191443322720776,-1.191443322720776,1.191443322720776
1527692,2026-04-12,2026,1,Lucknow Super Giants,Gujarat Titans,RR Pant,18,11,2,1,163.63636363636365,Gujarat Titans,10.0,111.11111111111111,28.302325581395348,130.9008323365842,129,43.8,25.1,36.8,1.0,0.0,4.4,2.0,28.041792167581672,-10.041792167581672,10.041792167581672
1527692,2026-04-12,2026,2,Gujarat Titans,Lucknow Super Giants,Shubman Gill,56,40,6,1,140.0,Lucknow Super Giants,70.0,155.55555555555557,34.26724137931034,125.036131396172,116,31.6,54.4,38.714285714285715,4.0,5.0,3.6,1.2,35.77123361800326,20.228766381996742,20.228766381996742
1527692,2026-04-12,2026,2,Gujarat Titans,Lucknow Super Giants,Washington Sundar,21,13,2,1,161.53846153846155,Lucknow Super Giants,55.0,177.41935483870967,12.782608695652174,114.13578554534975,46,29.2,23.4,12.0,6.0,2.0,2.8,1.2,16.014285269662455,4.985714730337545,4.985714730337545
1527693,2026-04-12,2026,2,Mumbai Indians,Royal Challengers Bengaluru,HH Pandya,40,22,6,1,181.8181818181818,Royal Challengers Bengaluru,9.0,150.0,19.20689655172414,140.84335677749482,145,18.0,16.8,31.5,2.0,0.0,1.6,1.2,21.10296739786164,18.89703260213836,18.89703260213836
1527693,2026-04-12,2026,1,Royal Challengers Bengaluru,Mumbai Indians,JM Sharma,10,9,1,0,111.11111111111111,Mumbai Indians,5.0,62.5,20.3265306122449,143.035474695518,49,27.6,18.1,30.6,0.0,0.0,2.2,2.0,22.341631143004587,-12.341631143004587,12.341631143004587
1527693,2026-04-12,2026,2,Mumbai Indians,Royal Challengers Bengaluru,MJ Santner,8,6,1,0,133.33333333333331,Royal Challengers Bengaluru,18.0,138.46153846153845,6.4,95.63776428250112,20,3.8,6.1,5.5,2.0,0.0,0.4,0.0,6.20482737328253,1.79517262671747,1.79517262671747
1527693,2026-04-12,2026,2,Mumbai Indians,Royal Challengers Bengaluru,Naman Dhir,1,2,0,0,50.0,Royal Challengers Bengaluru,25.0,192.30769230769232,20.454545454545453,164.82804974783585,22,20.8,18.0,11.0,3.0,1.0,2.6,0.6,17.51705565493483,-16.51705565493483,16.51705565493483
1527693,2026-04-12,2026,1,Royal Challengers Bengaluru,Mumbai Indians,PD Salt,78,36,6,6,216.66666666666666,Mumbai Indians,0.0,0.0,30.0,146.01833809388444,37,25.2,24.9,5.0,0.0,0.0,2.6,1.2,26.606046202890145,51.39395379710986,51.39395379710986
1527693,2026-04-12,2026,1,Royal Challengers Bengaluru,Mumbai Indians,R Shepherd,2,2,0,0,100.0,Mumbai Indians,22.0,200.0,15.923076923076923,158.1252935099089,13,18.6,14.9,0.0,2.0,1.0,1.4,1.6,12.478608991739039,-10.478608991739039,10.478608991739039
1527693,2026-04-12,2026,2,Mumbai Indians,Royal Challengers Bengaluru,RD Rickelton,37,22,3,3,168.1818181818182,Royal Challengers Bengaluru,8.0,200.0,28.58823529411765,148.93890072256045,17,30.0,30.6,17.0,0.0,1.0,2.2,2.2,20.328812869101476,16.671187130898524,16.671187130898524
1527693,2026-04-12,2026,2,Mumbai Indians,Royal Challengers Bengaluru,RG Sharma,19,13,2,1,146.15384615384613,Royal Challengers Bengaluru,5.0,83.33333333333334,26.54074074074074,114.35451043992138,270,41.4,30.8,27.5,0.0,0.0,4.2,2.2,23.81315224734965,-4.813152247349649,4.813152247349649
1527693,2026-04-12,2026,1,Royal Challengers Bengaluru,Mumbai Indians,RM Patidar,53,20,4,5,265.0,Mumbai Indians,63.0,157.5,30.5609756097561,143.83328643973707,41,36.6,23.3,40.666666666666664,4.0,4.0,1.8,3.2,28.038371596153805,24.961628403846195,24.961628403846195
1527693,2026-04-12,2026,2,Mumbai Indians,Royal Challengers Bengaluru,SA Yadav,33,22,5,0,150.0,Royal Challengers Bengaluru,6.0,200.0,28.283870967741937,138.91150214747125,155,30.0,41.7,40.0,0.0,1.0,2.2,1.8,25.363710560276367,7.636289439723633,7.636289439723633
1527693,2026-04-12,2026,2,Mumbai Indians,Royal Challengers Bengaluru,SE Rutherford,71,30,1,9,236.66666666666666,Royal Challengers Bengaluru,25.0,312.5,19.40909090909091,142.86992612650508,22,18.4,22.7,30.0,2.0,2.0,1.6,1.0,19.371360112414106,51.62863988758589,51.62863988758589
1527693,2026-04-12,2026,1,Royal Challengers Bengaluru,Mumbai Indians,TH David,34,15,2,3,226.66666666666666,Mumbai Indians,13.0,144.44444444444443,20.106382978723403,157.58269855578993,47,20.4,23.2,1.0,2.0,0.0,1.2,1.8,20.308409330939572,13.691590669060428,13.691590669060428
1527693,2026-04-12,2026,2,Mumbai Indians,Royal Challengers Bengaluru,Tilak Varma,1,3,0,0,33.33333333333333,Royal Challengers Bengaluru,14.0,140.0,28.38888888888889,134.34966926605068,54,20.6,14.6,36.0,2.0,0.0,1.6,1.0,26.268992153165037,-25.268992153165037,25.268992153165037
1527693,2026-04-12,2026,1,Royal Challengers Bengaluru,Mumbai Indians,V Kohli,50,38,5,1,131.57894736842107,Mumbai Indians,32.0,200.0,33.333333333333336,120.60682509644593,264,36.8,46.4,27.264705882352942,7.0,0.0,3.8,1.2,27.27966146442231,22.72033853557769,22.72033853557769
1529264,2026-04-13,2026,1,Sunrisers Hyderabad,Rajasthan Royals,Abhishek Sharma,0,1,0,0,0.0,Rajasthan Royals,74.0,264.2857142857143,24.935897435897434,139.81366103531104,78,32.2,33.6,19.0,5.0,8.0,2.6,3.0,24.451358038473547,-24.451358038473547,24.451358038473547
1529264,2026-04-13,2026,1,Sunrisers Hyderabad,Rajasthan Royals,Aniket Verma,6,5,1,0,120.0,Rajasthan Royals,18.0,200.0,18.75,163.47905312844338,16,15.2,14.1,7.0,1.0,1.0,1.0,1.2,16.770046433010247,-10.770046433010247,10.770046433010247
1529264,2026-04-13,2026,2,Rajasthan Royals,Sunrisers Hyderabad,D Ferreira,69,44,8,3,156.8181818181818,Sunrisers Hyderabad,1.0,33.33333333333333,2.5,46.875,4,2.5,2.5,0.0,0.0,0.0,0.0,0.0,4.828373707357926,64.17162629264207,64.17162629264207
1529264,2026-04-13,2026,2,Rajasthan Royals,Sunrisers Hyderabad,Dhruv Jurel,0,2,0,0,0.0,Sunrisers Hyderabad,81.0,188.37209302325581,21.94871794871795,133.01633761709778,39,41.4,32.4,42.333333333333336,8.0,3.0,3.8,2.2,25.89522583441795,-25.89522583441795,25.89522583441795
1529264,2026-04-13,2026,1,Sunrisers Hyderabad,Rajasthan Royals,H Klaasen,40,26,1,3,153.84615384615387,Rajasthan Royals,39.0,118.18181818181819,33.95918367346939,159.65253824880529,49,57.8,46.1,31.6,1.0,1.0,3.8,2.8,24.289841332008383,15.710158667991617,15.710158667991617
1529264,2026-04-13,2026,1,Sunrisers Hyderabad,Rajasthan Royals,Ishan Kishan,91,44,8,6,206.81818181818184,Rajasthan Royals,27.0,158.8235294117647,26.896551724137932,117.48090933536484,116,30.2,33.8,32.666666666666664,3.0,1.0,3.6,1.4,26.88774528821758,64.11225471178241,64.11225471178241
1529264,2026-04-13,2026,2,Rajasthan Royals,Sunrisers Hyderabad,JC Archer,2,5,0,0,40.0,Sunrisers Hyderabad,1.0,50.0,8.483870967741936,123.35171996462319,31,9.4,6.8,6.0,0.0,0.0,0.6,0.4,7.886102579455466,-5.886102579455466,5.886102579455466
1529264,2026-04-13,2026,2,Rajasthan Royals,Sunrisers Hyderabad,LG Pretorius,0,2,0,0,0.0,Sunrisers Hyderabad,0.0,0.0,0.0,0.0,0,0.0,0.0,0.0,0.0,0.0,0.0,0.0,8.018197018189722,-8.018197018189722,8.018197018189722
1529264,2026-04-13,2026,2,Rajasthan Royals,Sunrisers Hyderabad,N Burger,3,5,0,0,60.0,Sunrisers Hyderabad,0.0,0.0,0.0,0.0,0,0.0,0.0,0.0,0.0,0.0,0.0,0.0,8.018197018189722,-5.018197018189722,5.018197018189722
1529264,2026-04-13,2026,1,Sunrisers Hyderabad,Rajasthan Royals,Nithish Kumar Reddy,28,13,0,4,215.3846153846154,Rajasthan Royals,0.0,0.0,22.346153846153847,119.13745871098811,26,20.0,16.6,37.0,0.0,0.0,1.4,1.2,21.858376037775862,6.141623962224138,6.141623962224138
1529264,2026-04-13,2026,2,Rajasthan Royals,Sunrisers Hyderabad,R Parag,4,6,1,0,66.66666666666666,Sunrisers Hyderabad,3.0,60.0,20.974025974025974,130.75082193967583,77,9.6,22.6,20.333333333333332,0.0,0.0,0.4,0.8,21.096750710879984,-17.096750710879984,17.096750710879984
1529264,2026-04-13,2026,2,Rajasthan Royals,Sunrisers Hyderabad,RA Jadeja,45,32,5,0,140.625,Sunrisers Hyderabad,24.0,96.0,16.790816326530614,130.7736372354543,196,14.4,24.7,15.38888888888889,1.0,0.0,1.0,0.4,17.08868389703216,27.91131610296784,27.91131610296784
1529264,2026-04-13,2026,2,Rajasthan Royals,Sunrisers Hyderabad,Ravi Bishnoi,0,1,0,0,0.0,Sunrisers Hyderabad,13.0,92.85714285714286,2.8125,70.01488095238095,16,3.4,3.1,6.0,0.0,2.0,0.0,0.4,5.930620983097121,-5.930620983097121,5.930620983097121
1529264,2026-04-13,2026,1,Sunrisers Hyderabad,Rajasthan Royals,S Arora,24,13,2,2,184.6153846153846,Rajasthan Royals,9.0,112.5,6.0,87.5,3,6.0,6.0,0.0,0.0,1.0,0.0,0.6666666666666666,9.071733535445716,14.928266464554284,14.928266464554284
1529264,2026-04-13,2026,1,Sunrisers Hyderabad,Rajasthan Royals,TM Head,18,18,3,0,100.0,Rajasthan Royals,38.0,172.72727272727272,30.4390243902439,137.86157060264784,41,35.6,26.2,53.0,5.0,1.0,4.0,2.0,26.051619701690914,-8.051619701690914,8.051619701690914
1529264,2026-04-13,2026,2,Rajasthan Royals,Sunrisers Hyderabad,TU Deshpande,25,11,0,3,227.27272727272728,Sunrisers Hyderabad,1.0,50.0,3.5,81.94444444444444,8,1.4,3.5,20.0,0.0,0.0,0.0,0.0,4.4550815146042035,20.544918485395797,20.544918485395797
1529264,2026-04-13,2026,2,Rajasthan Royals,Sunrisers Hyderabad,V Suryavanshi,0,1,0,0,0.0,Sunrisers Hyderabad,78.0,300.0,41.09090909090909,206.4173161290034,11,51.4,41.8,0.0,8.0,7.0,4.4,4.4,20.51457172557726,-20.51457172557726,20.51457172557726
1529264,2026-04-13,2026,2,Rajasthan Royals,Sunrisers Hyderabad,YBK Jaiswal,1,5,0,0,20.0,Sunrisers Hyderabad,13.0,162.5,33.55714285714286,136.2499923895224,70,43.8,43.5,33.375,0.0,2.0,4.8,2.4,29.827271456396083,-28.827271456396083,28.827271456396083
1529265,2026-04-14,2026,1,Chennai Super Kings,Kolkata Knight Riders,A Mhatre,38,17,6,2,223.52941176470588,Kolkata Knight Riders,59.0,163.88888888888889,33.90909090909091,133.61452874610768,11,33.4,34.1,0.0,3.0,4.0,2.4,2.4,27.551097302033554,10.448902697966446,10.448902697966446
1529265,2026-04-14,2026,2,Kolkata Knight Riders,Chennai Super Kings,A Raghuvanshi,27,19,3,1,142.10526315789474,Chennai Super Kings,45.0,136.36363636363635,28.09090909090909,140.17980081779058,22,33.8,32.2,12.5,5.0,2.0,3.6,1.2,22.392701815003903,4.607298184996097,4.607298184996097
1529265,2026-04-14,2026,2,Kolkata Knight Riders,Chennai Super Kings,AM Rahane,28,22,0,2,127.27272727272727,Chennai Super Kings,41.0,170.83333333333331,27.572192513368982,108.6125817538572,187,27.8,31.0,21.38888888888889,4.0,2.0,2.2,1.4,25.64676224304624,2.35323775695376,2.35323775695376
1529265,2026-04-14,2026,2,Kolkata Knight Riders,Chennai Super Kings,AS Roy,1,1,0,0,100.0,Chennai Super Kings,0.0,0.0,3.25,58.214285714285715,8,4.4,3.25,3.0,0.0,0.0,0.4,0.0,4.43125746730997,-3.43125746730997,3.43125746730997
1529265,2026-04-14,2026,2,Kolkata Knight Riders,Chennai Super Kings,C Green,0,1,0,0,0.0,Chennai Super Kings,32.0,133.33333333333331,23.84375,137.43166348358315,32,16.6,23.7,18.5,3.0,1.0,1.4,0.6,21.685942884482085,-21.685942884482085,21.685942884482085
1529265,2026-04-14,2026,1,Chennai Super Kings,Kolkata Knight Riders,D Brevis,41,29,4,2,141.3793103448276,Kolkata Knight Riders,57.0,247.82608695652172,28.4375,127.50250631329007,16,36.6,33.1,40.5,4.0,5.0,2.4,2.6,25.260502190121766,15.739497809878234,15.739497809878234
1529265,2026-04-14,2026,2,Kolkata Knight Riders,Chennai Super Kings,FH Allen,1,3,0,0,33.33333333333333,Chennai Super Kings,9.0,112.5,20.0,203.96533613445376,4,20.0,20.0,0.0,2.0,0.0,3.25,1.0,16.510188202360933,-15.510188202360933,15.510188202360933
1529265,2026-04-14,2026,1,Chennai Super Kings,Kolkata Knight Riders,J Overton,7,6,1,0,116.66666666666667,Kolkata Knight Riders,37.0,246.66666666666669,23.75,193.61111111111111,4,23.75,23.75,0.0,4.0,2.0,1.75,1.25,16.530196782301914,-9.530196782301914,9.530196782301914
1529265,2026-04-14,2026,2,Kolkata Knight Riders,Chennai Super Kings,R Powell,31,22,1,2,140.9090909090909,Chennai Super Kings,39.0,162.5,16.833333333333332,120.13815943043885,24,14.0,15.1,3.0,4.0,2.0,1.6,0.6,21.66667931994325,9.333320680056751,9.333320680056751
1529265,2026-04-14,2026,1,Chennai Super Kings,Kolkata Knight Riders,RD Gaikwad,7,6,1,0,116.66666666666667,Kolkata Knight Riders,15.0,83.33333333333334,34.567567567567565,111.60683774884805,74,11.4,17.8,40.875,1.0,0.0,0.8,0.2,32.38401227051381,-25.384012270513807,25.384012270513807
1529265,2026-04-14,2026,2,Kolkata Knight Riders,Chennai Super Kings,RK Singh,6,12,0,0,50.0,Chennai Super Kings,4.0,57.14285714285714,21.685185185185187,141.0945911425401,54,18.0,17.9,21.125,0.0,0.0,2.0,0.4,20.166740503099366,-14.166740503099366,14.166740503099366
1529265,2026-04-14,2026,2,Kolkata Knight Riders,Chennai Super Kings,Ramandeep Singh,35,23,4,1,152.17391304347828,Chennai Super Kings,10.0,111.11111111111111,10.5,146.01641414141415,22,6.4,7.8,8.5,1.0,0.0,0.2,0.4,9.881763502673278,25.11823649732672,25.11823649732672
1529265,2026-04-14,2026,1,Chennai Super Kings,Kolkata Knight Riders,S Dube,13,12,1,0,108.33333333333333,Kolkata Knight Riders,20.0,200.0,24.658227848101266,133.12151206140808,79,21.2,21.6,30.625,2.0,1.0,1.8,1.2,24.044429000548583,-11.044429000548583,11.044429000548583
1529265,2026-04-14,2026,1,Chennai Super Kings,Kolkata Knight Riders,SN Khan,23,18,1,2,127.77777777777777,Kolkata Knight Riders,50.0,208.33333333333334,17.53846153846154,124.99052475103835,39,23.6,19.5,9.5,8.0,2.0,3.4,1.0,20.568517266512313,2.4314827334876874,2.4314827334876874
1529265,2026-04-14,2026,2,Kolkata Knight Riders,Chennai Super Kings,SP Narine,24,17,2,2,141.1764705882353,Chennai Super Kings,12.0,300.0,15.058823529411764,127.1879808029644,119,21.4,20.7,12.866666666666667,0.0,2.0,2.0,1.8,19.474244878286783,4.5257551217132175,4.5257551217132175
1529265,2026-04-14,2026,1,Chennai Super Kings,Kolkata Knight Riders,SV Samson,48,32,4,3,150.0,Kolkata Knight Riders,115.0,205.35714285714283,27.662857142857142,119.73078544454165,175,35.6,32.3,25.80952380952381,15.0,4.0,4.0,1.4,21.990488380207506,26.009511619792494,26.009511619792494
1529266,2026-04-15,2026,1,Lucknow Super Giants,Royal Challengers Bengaluru,A Badoni,38,24,4,1,158.33333333333331,Royal Challengers Bengaluru,9.0,81.81818181818183,20.76,121.66410513719822,50,15.6,29.5,0.0,1.0,0.0,1.8,0.4,21.217239168025518,16.782760831974482,16.782760831974482
1529266,2026-04-15,2026,1,Lucknow Super Giants,Royal Challengers Bengaluru,AK Markram,12,8,0,1,150.0,Royal Challengers Bengaluru,30.0,142.85714285714286,26.23728813559322,122.57118827637983,59,28.8,34.5,19.5,5.0,1.0,3.4,1.4,26.308572363331837,-14.308572363331837,14.308572363331837
1529266,2026-04-15,2026,1,Lucknow Super Giants,Royal Challengers Bengaluru,Abdul Samad,0,2,0,0,0.0,Royal Challengers Bengaluru,18.0,81.81818181818183,14.553571428571429,134.6535795769921,56,14.6,15.5,16.0,2.0,0.0,1.4,0.2,12.799888859362097,-12.799888859362097,12.799888859362097
1529266,2026-04-15,2026,1,Lucknow Super Giants,Royal Challengers Bengaluru,Avesh Khan,1,2,0,0,50.0,Royal Challengers Bengaluru,4.0,400.0,4.466666666666667,149.77777777777777,15,5.2,3.7,0.0,1.0,0.0,0.8,0.2,7.677415165122522,-6.677415165122522,6.677415165122522
1529266,2026-04-15,2026,2,Royal Challengers Bengaluru,Lucknow Super Giants,D Padikkal,10,11,1,0,90.9090909090909,Lucknow Super Giants,14.0,200.0,25.07792207792208,109.41263598016782,77,28.4,33.1,31.333333333333332,3.0,0.0,3.2,1.4,26.16912751789551,-16.16912751789551,16.16912751789551
1529266,2026-04-15,2026,1,Lucknow Super Giants,Royal Challengers Bengaluru,DS Rathi,0,3,0,0,0.0,Royal Challengers Bengaluru,1.0,33.33333333333333,1.0,33.33333333333333,1,1.0,1.0,0.0,0.0,0.0,0.0,0.0,10.810466868021544,-10.810466868021544,10.810466868021544
1529266,2026-04-15,2026,1,Lucknow Super Giants,Royal Challengers Bengaluru,GF Linde,7,7,1,0,100.0,Royal Challengers Bengaluru,16.0,160.0,16.0,160.0,1,16.0,16.0,0.0,3.0,0.0,3.0,0.0,11.619208003129637,-4.619208003129637,4.619208003129637
1529266,2026-04-15,2026,2,Royal Challengers Bengaluru,Lucknow Super Giants,JM Sharma,23,9,2,2,255.55555555555554,Lucknow Super Giants,10.0,111.11111111111111,20.12,142.39698742382987,50,24.8,18.8,23.8,1.0,0.0,2.2,1.6,22.89510768562061,0.1048923143793914,0.1048923143793914
1529266,2026-04-15,2026,1,Lucknow Super Giants,Royal Challengers Bengaluru,MD Choudhary,39,28,3,2,139.28571428571428,Royal Challengers Bengaluru,18.0,128.57142857142858,22.0,123.96103896103895,4,22.0,22.0,0.0,1.0,1.0,1.25,2.0,18.955352536409475,20.044647463590525,20.044647463590525
1529266,2026-04-15,2026,1,Lucknow Super Giants,Royal Challengers Bengaluru,MR Marsh,40,32,3,2,125.0,Royal Challengers Bengaluru,11.0,275.0,25.79245283018868,117.49024948337615,53,28.4,40.3,67.0,1.0,1.0,2.0,2.0,25.572898740119673,14.427101259880327,14.427101259880327
1529266,2026-04-15,2026,1,Lucknow Super Giants,Royal Challengers Bengaluru,Mohammed Shami,0,1,0,0,0.0,Royal Challengers Bengaluru,12.0,240.0,3.2666666666666666,81.88888888888889,30,4.4,3.0,0.0,1.0,1.0,0.4,0.2,5.9030371652308435,-5.9030371652308435,5.9030371652308435
1529266,2026-04-15,2026,1,Lucknow Super Giants,Royal Challengers Bengaluru,N Pooran,1,7,0,0,14.285714285714285,Royal Challengers Bengaluru,19.0,90.47619047619048,25.369565217391305,142.8744295422712,92,10.8,19.7,26.5,0.0,2.0,0.4,0.6,27.8899705073397,-26.8899705073397,26.8899705073397
1529266,2026-04-15,2026,2,Royal Challengers Bengaluru,Lucknow Super Giants,PD Salt,7,8,1,0,87.5,Lucknow Super Giants,78.0,216.66666666666666,31.263157894736842,147.87750463527345,38,29.6,32.3,50.333333333333336,6.0,6.0,2.6,1.8,24.08294012953891,-17.08294012953891,17.08294012953891
1529266,2026-04-15,2026,2,Royal Challengers Bengaluru,Lucknow Super Giants,R Shepherd,14,8,1,1,175.0,Lucknow Super Giants,2.0,100.0,14.928571428571429,153.9734868306297,14,18.8,15.1,4.5,0.0,0.0,1.4,1.6,12.556360671715355,1.443639328284645,1.443639328284645
1529266,2026-04-15,2026,2,Royal Challengers Bengaluru,Lucknow Super Giants,RM Patidar,27,13,1,3,207.6923076923077,Lucknow Super Giants,53.0,265.0,31.095238095238095,146.7182081911719,42,44.2,28.5,51.666666666666664,4.0,5.0,2.4,4.0,27.398317485034887,-0.3983174850348874,0.3983174850348874
1529266,2026-04-15,2026,1,Lucknow Super Giants,Royal Challengers Bengaluru,RR Pant,1,6,0,0,16.666666666666664,Royal Challengers Bengaluru,18.0,163.63636363636365,28.223076923076924,131.15264411581327,130,44.2,26.6,118.0,2.0,1.0,4.8,1.8,27.174207517892672,-26.174207517892672,26.174207517892672
1529266,2026-04-15,2026,2,Royal Challengers Bengaluru,Lucknow Super Giants,TH David,14,8,1,1,175.0,Lucknow Super Giants,34.0,226.66666666666666,20.395833333333332,159.0219478914332,48,26.8,26.5,26.666666666666668,2.0,3.0,1.6,2.4,19.37005536993129,-5.37005536993129,5.37005536993129
1529266,2026-04-15,2026,2,Royal Challengers Bengaluru,Lucknow Super Giants,V Kohli,49,34,6,1,144.11764705882354,Lucknow Super Giants,50.0,131.57894736842107,33.39622641509434,120.64822933143451,265,44.4,44.4,32.166666666666664,5.0,1.0,4.4,1.4,22.920346541695405,26.079653458304595,26.079653458304595
1529267,2026-04-16,2026,2,Punjab Kings,Mumbai Indians,C Connolly,17,12,1,2,141.66666666666669,Mumbai Indians,11.0,91.66666666666666,39.666666666666664,142.24386724386724,3,39.666666666666664,39.666666666666664,0.0,1.0,0.0,4.0,1.6666666666666667,24.977781672672833,-7.977781672672833,7.977781672672833
1529267,2026-04-16,2026,1,Mumbai Indians,Punjab Kings,HH Pandya,14,12,0,1,116.66666666666667,Punjab Kings,40.0,181.8181818181818,19.34931506849315,141.12400626407486,146,20.8,18.7,16.0,6.0,1.0,2.4,1.0,19.916841743596578,-5.916841743596578,5.916841743596578
1529267,2026-04-16,2026,2,Punjab Kings,Mumbai Indians,MP Stoinis,10,5,2,0,200.0,Mumbai Indians,9.0,300.0,20.14851485148515,126.70527841749617,101,8.6,14.4,22.8,2.0,0.0,0.8,0.6,22.836955939361847,-12.836955939361847,12.836955939361847
1529267,2026-04-16,2026,1,Mumbai Indians,Punjab Kings,Naman Dhir,50,31,3,3,161.29032258064515,Punjab Kings,1.0,50.0,19.608695652173914,159.83552584575602,23,19.2,18.1,28.5,0.0,0.0,2.6,0.4,21.014697637746462,28.985302362253538,28.985302362253538
1529267,2026-04-16,2026,2,Punjab Kings,Mumbai Indians,P Simran Singh,80,39,11,2,205.1282051282051,Mumbai Indians,51.0,204.0,27.01818181818182,133.96193369980128,55,32.6,29.3,10.8,4.0,4.0,2.4,2.2,25.8338771434528,54.166122856547204,54.166122856547204
1529267,2026-04-16,2026,2,Punjab Kings,Mumbai Indians,Priyansh Arya,15,9,2,1,166.66666666666669,Mumbai Indians,57.0,285.0,30.857142857142858,163.99688520790704,21,29.4,30.1,41.0,5.0,5.0,2.8,2.2,18.223266639123143,-3.2232666391231426,3.2232666391231426
1529267,2026-04-16,2026,1,Mumbai Indians,Punjab Kings,Q de Kock,112,60,8,7,186.66666666666666,Punjab Kings,9.0,69.23076923076923,28.551724137931036,115.52678327105063,116,10.0,16.6,26.4,0.0,0.0,0.0,1.0,30.867452063455787,81.13254793654421,81.13254793654421
1529267,2026-04-16,2026,1,Mumbai Indians,Punjab Kings,RD Rickelton,2,8,0,0,25.0,Punjab Kings,37.0,168.1818181818182,29.055555555555557,150.0079516925192,18,32.4,31.9,27.0,3.0,3.0,2.8,2.4,18.290872018763988,-16.290872018763988,16.290872018763988
1529267,2026-04-16,2026,1,Mumbai Indians,Punjab Kings,SA Yadav,0,1,0,0,0.0,Punjab Kings,33.0,150.0,28.314102564102566,138.98258226191052,156,30.0,39.6,47.25,5.0,0.0,3.0,1.2,26.82269390936897,-26.82269390936897,26.82269390936897
1529267,2026-04-16,2026,1,Mumbai Indians,Punjab Kings,SE Rutherford,1,5,0,0,20.0,Punjab Kings,71.0,236.66666666666666,21.652173913043477,146.94804528042513,23,25.0,26.3,46.0,1.0,9.0,1.6,2.2,23.424511777508076,-22.424511777508076,22.424511777508076
1529267,2026-04-16,2026,2,Punjab Kings,Mumbai Indians,SS Iyer,66,34,5,4,194.11764705882354,Mumbai Indians,69.0,209.0909090909091,28.68148148148148,119.29908276899769,135,45.0,38.1,25.05,5.0,5.0,2.8,3.6,25.45032456733087,40.54967543266913,40.54967543266913
1529267,2026-04-16,2026,1,Mumbai Indians,Punjab Kings,Tilak Varma,8,3,2,0,266.66666666666663,Punjab Kings,1.0,33.33333333333333,27.89090909090909,132.51300861272856,55,15.8,14.5,24.0,0.0,0.0,1.6,0.4,26.195354983265908,-18.195354983265908,18.195354983265908
1529268,2026-04-17,2026,1,Kolkata Knight Riders,Gujarat Titans,A Raghuvanshi,8,4,2,0,200.0,Gujarat Titans,27.0,142.10526315789474,28.043478260869566,140.26351657170818,23,36.4,31.2,27.0,3.0,1.0,4.0,1.4,23.53708449628427,-15.537084496284269,15.537084496284269
1529268,2026-04-17,2026,1,Kolkata Knight Riders,Gujarat Titans,AM Rahane,0,1,0,0,0.0,Gujarat Titans,28.0,127.27272727272727,27.574468085106382,108.71183784704269,188,30.4,32.1,21.4,0.0,2.0,1.6,1.8,27.023814340087235,-27.023814340087235,27.023814340087235
1529268,2026-04-17,2026,1,Kolkata Knight Riders,Gujarat Titans,AS Roy,9,7,1,0,128.57142857142858,Gujarat Titans,1.0,100.0,3.0,62.85714285714286,9,2.0,3.0,0.0,0.0,0.0,0.0,0.0,2.8521065783010235,6.147893421698976,6.147893421698976
1529268,2026-04-17,2026,2,Gujarat Titans,Kolkata Knight Riders,B Sai Sudharsan,22,16,1,2,137.5,Kolkata Knight Riders,15.0,107.14285714285714,43.31818181818182,139.47758543347607,44,38.6,41.6,52.5,3.0,0.0,5.2,0.8,33.9140106708146,-11.914010670814598,11.914010670814598
1529268,2026-04-17,2026,1,Kolkata Knight Riders,Gujarat Titans,C Green,79,54,7,4,146.2962962962963,Gujarat Titans,0.0,0.0,23.12121212121212,133.26706762044427,33,11.2,20.0,16.75,0.0,0.0,1.0,0.4,19.89582602555082,59.10417397444918,59.10417397444918
1529268,2026-04-17,2026,2,Gujarat Titans,Kolkata Knight Riders,GD Phillips,19,16,2,0,118.75,Kolkata Knight Riders,14.0,155.55555555555557,9.727272727272727,119.59331518155047,11,9.6,9.3,8.0,1.0,1.0,0.6,0.4,8.680683702108121,10.319316297891879,10.319316297891879
1529268,2026-04-17,2026,2,Gujarat Titans,Kolkata Knight Riders,JC Buttler,25,15,2,2,166.66666666666669,Kolkata Knight Riders,60.0,162.16216216216216,34.653225806451616,130.19892439046723,124,36.2,39.9,37.0,11.0,0.0,4.4,1.4,34.8092546023328,-9.8092546023328,9.8092546023328
1529268,2026-04-17,2026,1,Kolkata Knight Riders,Gujarat Titans,Kartik Tyagi,6,4,0,1,150.0,Gujarat Titans,5.0,100.0,2.5714285714285716,72.38095238095238,7,2.8,2.5714285714285716,0.0,1.0,0.0,0.4,0.0,4.534241655490234,1.4657583445097657,1.4657583445097657
1529268,2026-04-17,2026,2,Gujarat Titans,Kolkata Knight Riders,M Shahrukh Khan,3,2,0,0,150.0,Kolkata Knight Riders,11.0,275.0,14.94,158.4106776443711,50,20.8,14.3,13.0,1.0,1.0,1.2,1.4,12.264300729750225,-9.264300729750225,9.264300729750225
1529268,2026-04-17,2026,1,Kolkata Knight Riders,Gujarat Titans,R Powell,27,20,2,2,135.0,Gujarat Titans,31.0,140.9090909090909,17.4,120.96899668958493,25,19.4,17.8,20.0,1.0,2.0,1.6,1.0,19.99607327364278,7.003926726357221,7.003926726357221
1529268,2026-04-17,2026,2,Gujarat Titans,Kolkata Knight Riders,R Tewatia,7,6,0,0,116.66666666666667,Kolkata Knight Riders,10.0,125.0,14.325,135.79507444350875,80,10.0,9.2,15.875,1.0,0.0,0.8,0.4,11.808563195233347,-4.808563195233347,4.808563195233347
1529268,2026-04-17,2026,1,Kolkata Knight Riders,Gujarat Titans,RK Singh,1,2,0,0,50.0,Gujarat Titans,6.0,50.0,21.4,139.4383258490394,55,17.4,17.0,29.75,0.0,0.0,1.6,0.4,21.202568600800024,-20.202568600800024,20.202568600800024
1529268,2026-04-17,2026,1,Kolkata Knight Riders,Gujarat Titans,Ramandeep Singh,17,8,2,1,212.5,Gujarat Titans,35.0,152.17391304347828,11.565217391304348,146.28413148498214,23,13.2,9.6,1.0,4.0,1.0,1.0,0.6,13.450819603275896,3.549180396724104,3.549180396724104
1529268,2026-04-17,2026,1,Kolkata Knight Riders,Gujarat Titans,SP Narine,0,5,0,0,0.0,Gujarat Titans,24.0,141.1764705882353,15.133333333333333,127.30455155117501,120,20.8,20.1,7.333333333333333,2.0,2.0,2.0,1.8,19.80910215280837,-19.80910215280837,19.80910215280837
1529268,2026-04-17,2026,2,Gujarat Titans,Kolkata Knight Riders,Shubman Gill,86,50,8,4,172.0,Kolkata Knight Riders,56.0,140.0,34.452991452991455,125.16402770902523,117,35.8,51.0,46.25,6.0,1.0,3.4,1.4,32.19052970647658,53.80947029352342,53.80947029352342
1529268,2026-04-17,2026,1,Kolkata Knight Riders,Gujarat Titans,TL Seifert,19,14,2,1,135.71428571428572,Gujarat Titans,3.0,60.0,8.666666666666666,86.66666666666667,3,8.666666666666666,8.666666666666666,3.0,0.0,0.0,1.3333333333333333,0.0,14.371122929671792,4.628877070328208,4.628877070328208
1529268,2026-04-17,2026,1,Kolkata Knight Riders,Gujarat Titans,VG Arora,0,1,0,0,0.0,Gujarat Titans,1.0,50.0,1.0,58.33333333333333,10,0.6,1.0,2.0,0.0,0.0,0.0,0.0,3.0477099042833617,-3.0477099042833617,3.0477099042833617
1529268,2026-04-17,2026,2,Gujarat Titans,Kolkata Knight Riders,Washington Sundar,13,13,1,0,100.0,Kolkata Knight Riders,21.0,161.53846153846155,12.957446808510639,115.14435311967128,47,29.2,23.1,2.5,2.0,1.0,3.2,1.2,20.71311464447222,-7.7131146444722205,7.7131146444722205
1529269,2026-04-18,2026,2,Delhi Capitals,Royal Challengers Bengaluru,AR Patel,26,18,3,0,144.44444444444443,Royal Challengers Bengaluru,1.0,50.0,15.23015873015873,126.70530675632205,126,6.8,19.9,29.0,0.0,0.0,0.6,0.2,14.892852695335495,11.107147304664505,11.107147304664505
1529269,2026-04-18,2026,1,Royal Challengers Bengaluru,Delhi Capitals,B Kumar,3,2,0,0,150.0,Delhi Capitals,9.0,128.57142857142858,4.569444444444445,84.12636360553027,72,4.4,2.7,3.25,1.0,0.0,0.4,0.0,6.134489790446199,-3.1344897904461986,3.1344897904461986
1529269,2026-04-18,2026,1,Royal Challengers Bengaluru,Delhi Capitals,D Padikkal,18,13,1,1,138.46153846153845,Delhi Capitals,10.0,90.9090909090909,24.884615384615383,109.17541104335913,78,30.4,30.4,19.666666666666668,1.0,0.0,3.4,1.4,27.372901037227773,-9.372901037227773,9.372901037227773
1529269,2026-04-18,2026,2,Delhi Capitals,Royal Challengers Bengaluru,DA Miller,22,10,1,2,220.00000000000003,Royal Challengers Bengaluru,17.0,121.42857142857142,23.036496350364963,125.57321303393688,137,22.8,17.3,28.0,1.0,1.0,2.2,1.0,23.91105106701947,-1.9110510670194714,1.9110510670194714
1529269,2026-04-18,2026,1,Royal Challengers Bengaluru,Delhi Capitals,JM Sharma,14,20,1,0,70.0,Delhi Capitals,23.0,255.55555555555554,20.176470588235293,144.61578287739312,51,12.4,20.9,15.5,2.0,2.0,1.0,0.8,18.84281942222818,-4.842819422228182,4.842819422228182
1529269,2026-04-18,2026,1,Royal Challengers Bengaluru,Delhi Capitals,KH Pandya,12,10,0,1,120.0,Delhi Capitals,1.0,16.666666666666664,15.278260869565218,119.4314265060635,115,17.4,14.0,18.857142857142858,0.0,0.0,1.4,0.8,16.178698830754435,-4.178698830754435,4.178698830754435
1529269,2026-04-18,2026,2,Delhi Capitals,Royal Challengers Bengaluru,KK Nair,5,5,1,0,100.0,Royal Challengers Bengaluru,44.0,169.23076923076923,22.289473684210527,111.95095925355089,76,15.6,21.4,4.0,5.0,2.0,2.0,0.6,20.00905122586256,-15.00905122586256,15.00905122586256
1529269,2026-04-18,2026,2,Delhi Capitals,Royal Challengers Bengaluru,KL Rahul,57,34,6,2,167.64705882352942,Royal Challengers Bengaluru,18.0,180.0,37.647887323943664,125.77393590015122,142,29.2,32.7,51.333333333333336,2.0,1.0,3.8,1.2,39.52304193390054,17.476958066099463,17.476958066099463
1529269,2026-04-18,2026,2,Delhi Capitals,Royal Challengers Bengaluru,P Nissanka,1,2,0,0,50.0,Royal Challengers Bengaluru,41.0,186.36363636363635,31.75,130.96590909090907,4,31.75,31.75,0.0,5.0,2.0,4.25,1.0,22.0319325015109,-21.0319325015109,21.0319325015109
1529269,2026-04-18,2026,1,Royal Challengers Bengaluru,Delhi Capitals,PD Salt,63,38,4,3,165.78947368421052,Delhi Capitals,7.0,87.5,30.641025641025642,146.32936349077926,39,27.8,32.9,41.0,1.0,0.0,2.4,1.6,25.599812736941356,37.40018726305864,37.40018726305864
1529269,2026-04-18,2026,1,Royal Challengers Bengaluru,Delhi Capitals,R Shepherd,1,4,0,0,25.0,Delhi Capitals,14.0,175.0,14.866666666666667,155.37525437525437,15,11.0,15.0,39.0,1.0,1.0,0.8,0.6,10.570699238220644,-9.570699238220644,9.570699238220644
1529269,2026-04-18,2026,1,Royal Challengers Bengaluru,Delhi Capitals,RM Patidar,8,4,0,1,200.0,Delhi Capitals,27.0,207.6923076923077,31.0,148.1362105051518,43,44.4,30.6,28.5,1.0,3.0,2.4,4.2,25.33144905276832,-17.33144905276832,17.33144905276832
1529269,2026-04-18,2026,2,Delhi Capitals,Royal Challengers Bengaluru,Sameer Rizvi,2,3,0,0,66.66666666666666,Royal Challengers Bengaluru,6.0,66.66666666666666,26.0,115.4594623873886,13,44.8,32.3,0.0,1.0,0.0,3.2,3.2,22.92667670585767,-20.92667670585767,20.92667670585767
1529269,2026-04-18,2026,2,Delhi Capitals,Royal Challengers Bengaluru,T Stubbs,60,47,4,1,127.65957446808511,Royal Challengers Bengaluru,60.0,157.89473684210526,23.428571428571427,148.0744638994528,35,25.4,22.6,25.0,4.0,3.0,1.8,0.8,18.631735595223336,41.36826440477667,41.36826440477667
1529269,2026-04-18,2026,1,Royal Challengers Bengaluru,Delhi Capitals,TH David,26,16,3,1,162.5,Delhi Capitals,14.0,175.0,20.26530612244898,159.34803058752638,49,29.4,24.2,28.142857142857142,1.0,1.0,1.8,2.6,20.0399082329232,5.9600917670768006,5.9600917670768006
1529269,2026-04-18,2026,1,Royal Challengers Bengaluru,Delhi Capitals,V Kohli,19,13,3,0,146.15384615384613,Delhi Capitals,49.0,144.11764705882354,33.454887218045116,120.7364602251465,266,45.6,44.2,30.75,6.0,1.0,5.0,1.6,23.841791038343796,-4.841791038343796,4.841791038343796
1529270,2026-04-18,2026,2,Chennai Super Kings,Sunrisers Hyderabad,A Kamboj,13,7,0,1,185.71428571428572,Sunrisers Hyderabad,19.0,158.33333333333331,5.25,131.59722222222223,8,7.0,5.25,2.0,1.0,1.0,0.8,0.2,5.383214923632958,7.616785076367042,7.616785076367042
1529270,2026-04-18,2026,2,Chennai Super Kings,Sunrisers Hyderabad,A Mhatre,30,13,5,1,230.76923076923075,Sunrisers Hyderabad,38.0,223.52941176470588,34.25,141.1074356643242,12,34.2,34.9,30.0,6.0,2.0,3.0,2.2,24.0685267169459,5.9314732830541,5.9314732830541
1529270,2026-04-18,2026,1,Sunrisers Hyderabad,Chennai Super Kings,Abhishek Sharma,59,22,6,4,268.1818181818182,Chennai Super Kings,0.0,0.0,24.620253164556964,138.04386785764888,79,25.8,32.8,27.88888888888889,0.0,0.0,1.8,2.6,24.041871684918757,34.95812831508124,34.95812831508124
1529270,2026-04-18,2026,1,Sunrisers Hyderabad,Chennai Super Kings,Aniket Verma,2,4,0,0,50.0,Chennai Super Kings,6.0,120.0,18.0,160.9214617679467,17,14.0,13.5,19.0,1.0,0.0,1.0,1.0,14.877422003452303,-12.877422003452303,12.877422003452303
1529270,2026-04-18,2026,2,Chennai Super Kings,Sunrisers Hyderabad,D Brevis,0,4,0,0,0.0,Sunrisers Hyderabad,41.0,141.3793103448276,29.176470588235293,128.3187889033805,17,38.4,33.5,42.0,4.0,2.0,2.8,2.8,24.089847403725972,-24.089847403725972,24.089847403725972
1529270,2026-04-18,2026,1,Sunrisers Hyderabad,Chennai Super Kings,H Klaasen,59,39,6,2,151.28205128205127,Chennai Super Kings,40.0,153.84615384615387,34.08,159.53641056075224,50,44.8,43.0,12.2,1.0,3.0,2.6,1.6,23.046620091265176,35.953379908734824,35.953379908734824
1529270,2026-04-18,2026,1,Sunrisers Hyderabad,Chennai Super Kings,Ishan Kishan,0,1,0,0,0.0,Chennai Super Kings,91.0,206.81818181818184,27.444444444444443,118.24447576684192,117,42.6,42.8,25.636363636363637,8.0,6.0,4.4,2.4,25.916345964903883,-25.916345964903883,25.916345964903883
1529270,2026-04-18,2026,2,Chennai Super Kings,Sunrisers Hyderabad,J Overton,16,15,1,0,106.66666666666667,Sunrisers Hyderabad,7.0,116.66666666666667,20.4,178.22222222222223,5,20.4,20.4,0.0,1.0,0.0,1.6,1.0,16.727870448348703,-0.7278704483487033,0.7278704483487033
1529270,2026-04-18,2026,1,Sunrisers Hyderabad,Chennai Super Kings,LS Livingstone,1,5,0,0,20.0,Chennai Super Kings,14.0,70.0,22.1875,127.63061467971421,48,9.4,12.6,32.25,0.0,1.0,0.2,0.6,21.305229533100963,-20.305229533100963,20.305229533100963
1529270,2026-04-18,2026,2,Chennai Super Kings,Sunrisers Hyderabad,MW Short,34,29,3,0,117.24137931034481,Sunrisers Hyderabad,2.0,28.57142857142857,17.0,99.22601208315494,7,16.4,17.0,1.0,0.0,0.0,1.8,0.6,17.28147158812816,16.71852841187184,16.71852841187184
1529270,2026-04-18,2026,1,Sunrisers Hyderabad,Chennai Super Kings,Nithish Kumar Reddy,12,8,0,1,150.0,Chennai Super Kings,28.0,215.3846153846154,22.555555555555557,122.70216821741876,27,24.8,17.5,16.0,0.0,4.0,1.4,2.0,19.27731259870049,-7.27731259870049,7.27731259870049
1529270,2026-04-18,2026,2,Chennai Super Kings,Sunrisers Hyderabad,Noor Ahmad,1,1,0,0,100.0,Sunrisers Hyderabad,8.0,100.0,2.230769230769231,67.53052503052503,13,2.6,2.1,1.0,0.0,1.0,0.0,0.2,3.211089800837195,-2.211089800837195,2.211089800837195
1529270,2026-04-18,2026,1,Sunrisers Hyderabad,Chennai Super Kings,PP Hinge,0,1,0,0,0.0,Chennai Super Kings,0.0,0.0,0.0,0.0,0,0.0,0.0,0.0,0.0,0.0,0.0,0.0,10.248214040331654,-10.248214040331654,10.248214040331654
1529270,2026-04-18,2026,2,Chennai Super Kings,Sunrisers Hyderabad,RD Gaikwad,19,13,3,0,146.15384615384613,Sunrisers Hyderabad,7.0,116.66666666666667,34.2,111.67430213441895,75,12.6,18.5,56.285714285714285,1.0,0.0,1.0,0.2,35.1062999197089,-16.106299919708903,16.106299919708903
1529270,2026-04-18,2026,1,Sunrisers Hyderabad,Chennai Super Kings,S Arora,13,12,2,0,108.33333333333333,Chennai Super Kings,24.0,184.6153846153846,10.5,111.77884615384616,4,10.5,10.5,0.0,2.0,2.0,0.5,1.0,14.301040491440238,-1.3010404914402383,1.3010404914402383
1529270,2026-04-18,2026,2,Chennai Super Kings,Sunrisers Hyderabad,S Dube,21,16,1,1,131.25,Sunrisers Hyderabad,13.0,108.33333333333333,24.5125,132.81165982730712,80,20.4,21.7,17.0,1.0,0.0,2.0,0.8,24.854553039736892,-3.854553039736892,3.854553039736892
1529270,2026-04-18,2026,2,Chennai Super Kings,Sunrisers Hyderabad,SN Khan,25,19,3,0,131.57894736842107,Sunrisers Hyderabad,23.0,127.77777777777777,17.675,125.06020607670682,40,26.2,21.7,19.0,1.0,2.0,3.6,1.2,22.8400008415935,2.1599991584064995,2.1599991584064995
1529270,2026-04-18,2026,2,Chennai Super Kings,Sunrisers Hyderabad,SV Samson,7,3,0,1,233.33333333333334,Sunrisers Hyderabad,48.0,150.0,27.77840909090909,119.9027696181522,176,37.0,33.3,36.125,4.0,3.0,4.2,1.6,22.41992814402458,-15.419928144024581,15.419928144024581
1529270,2026-04-18,2026,1,Sunrisers Hyderabad,Chennai Super Kings,Shivang Kumar,12,8,1,1,150.0,Chennai Super Kings,5.0,125.0,4.5,162.5,2,4.5,4.5,0.0,1.0,0.0,1.0,0.0,9.243980389643209,2.756019610356791,2.756019610356791
1529270,2026-04-18,2026,1,Sunrisers Hyderabad,Chennai Super Kings,TM Head,23,20,3,1,114.99999999999999,Chennai Super Kings,18.0,100.0,30.142857142857142,136.96010463591813,42,24.0,25.2,21.0,3.0,0.0,3.4,0.8,28.161569097356907,-5.161569097356907,5.161569097356907
1529271,2026-04-19,2026,2,Kolkata Knight Riders,Rajasthan Royals,A Raghuvanshi,10,19,1,0,52.63157894736842,Rajasthan Royals,8.0,200.0,27.208333333333332,142.75253671455366,24,27.8,29.3,32.0,2.0,0.0,3.2,1.0,21.99274455756295,-11.99274455756295,11.99274455756295
1529271,2026-04-19,2026,2,Kolkata Knight Riders,Rajasthan Royals,AM Rahane,0,2,0,0,0.0,Rajasthan Royals,0.0,0.0,27.428571428571427,108.13664293779908,189,17.0,27.1,15.285714285714286,0.0,0.0,1.0,0.8,27.989504348858347,-27.989504348858347,27.989504348858347
1529271,2026-04-19,2026,2,Kolkata Knight Riders,Rajasthan Royals,AS Roy,29,16,1,2,181.25,Rajasthan Royals,9.0,128.57142857142858,3.6,69.42857142857143,10,2.6,3.6,6.0,1.0,0.0,0.2,0.0,3.2451840429469594,25.75481595705304,25.75481595705304
1529271,2026-04-19,2026,1,Rajasthan Royals,Kolkata Knight Riders,Brijesh Sharma,1,3,0,0,33.33333333333333,Kolkata Knight Riders,0.0,0.0,0.0,0.0,0,0.0,0.0,0.0,0.0,0.0,0.0,0.0,10.06964893297252,-9.06964893297252,9.06964893297252
1529271,2026-04-19,2026,2,Kolkata Knight Riders,Rajasthan Royals,C Green,27,13,4,1,207.6923076923077,Rajasthan Royals,79.0,146.2962962962963,24.764705882352942,133.65028022855753,34,23.4,27.8,25.333333333333332,7.0,4.0,2.2,1.0,23.679878593956566,3.320121406043434,3.320121406043434
1529271,2026-04-19,2026,1,Rajasthan Royals,Kolkata Knight Riders,D Ferreira,7,7,0,1,100.0,Kolkata Knight Riders,69.0,156.8181818181818,15.8,68.86363636363636,5,15.8,15.8,0.0,8.0,3.0,1.6,0.6,24.141246949598745,-17.141246949598745,17.141246949598745
1529271,2026-04-19,2026,1,Rajasthan Royals,Kolkata Knight Riders,Dhruv Jurel,5,7,0,0,71.42857142857143,Kolkata Knight Riders,0.0,0.0,21.4,129.69092917667032,40,35.2,31.8,11.666666666666666,0.0,0.0,3.4,1.6,24.29998299696094,-19.29998299696094,19.29998299696094
1529271,2026-04-19,2026,1,Rajasthan Royals,Kolkata Knight Riders,JC Archer,8,5,1,0,160.0,Kolkata Knight Riders,2.0,40.0,8.28125,120.74697871572872,32,9.0,6.9,12.166666666666666,0.0,0.0,0.6,0.4,7.8790237571448944,0.12097624285510555,0.12097624285510555
1529271,2026-04-19,2026,1,Rajasthan Royals,Kolkata Knight Riders,R Parag,12,14,1,0,85.71428571428571,Kolkata Knight Riders,4.0,66.66666666666666,20.756410256410255,129.9292302054065,78,9.8,20.8,28.25,1.0,0.0,0.6,0.8,21.37743029445831,-9.37743029445831,9.37743029445831
1529271,2026-04-19,2026,2,Kolkata Knight Riders,Rajasthan Royals,R Powell,23,20,2,1,114.99999999999999,Rajasthan Royals,27.0,135.0,17.76923076923077,121.50865066306243,26,21.6,19.4,19.0,2.0,2.0,1.6,1.2,18.38131265765521,4.6186873423447885,4.6186873423447885
1529271,2026-04-19,2026,1,Rajasthan Royals,Kolkata Knight Riders,RA Jadeja,9,7,1,0,128.57142857142858,Kolkata Knight Riders,45.0,140.625,16.934010152284262,130.82364415304082,197,19.6,28.5,17.0,5.0,0.0,1.6,0.2,22.630850146908344,-13.630850146908344,13.630850146908344
1529271,2026-04-19,2026,2,Kolkata Knight Riders,Rajasthan Royals,RK Singh,53,34,5,2,155.88235294117646,Rajasthan Royals,1.0,50.0,21.035714285714285,137.8412128874494,56,15.8,16.9,20.0,0.0,0.0,1.6,0.2,20.34283026614235,32.65716973385765,32.65716973385765
1529271,2026-04-19,2026,2,Kolkata Knight Riders,Rajasthan Royals,Ramandeep Singh,10,13,1,0,76.92307692307693,Rajasthan Royals,17.0,212.5,11.791666666666666,149.0431260064412,24,15.8,10.7,1.0,2.0,1.0,1.4,0.8,13.834255625450444,-3.834255625450444,3.834255625450444
1529271,2026-04-19,2026,1,Rajasthan Royals,Kolkata Knight Riders,Ravi Bishnoi,0,2,0,0,0.0,Kolkata Knight Riders,0.0,0.0,2.6470588235294117,65.89635854341736,17,3.4,3.1,1.6666666666666667,0.0,0.0,0.0,0.4,3.9353153617143546,-3.9353153617143546,3.9353153617143546
1529271,2026-04-19,2026,1,Rajasthan Royals,Kolkata Knight Riders,SO Hetmyer,15,18,0,0,83.33333333333334,Kolkata Knight Riders,0.0,0.0,18.4390243902439,136.45521450135982,82,9.4,10.5,12.7,0.0,0.0,0.6,0.6,18.906766038569288,-3.9067660385692875,3.9067660385692875
1529271,2026-04-19,2026,2,Kolkata Knight Riders,Rajasthan Royals,TL Seifert,0,1,0,0,0.0,Rajasthan Royals,19.0,135.71428571428572,11.25,98.92857142857143,4,11.25,11.25,0.0,2.0,1.0,1.5,0.25,18.9446507460265,-18.9446507460265,18.9446507460265
1529271,2026-04-19,2026,1,Rajasthan Royals,Kolkata Knight Riders,V Suryavanshi,46,28,6,2,164.28571428571428,Kolkata Knight Riders,0.0,0.0,37.666666666666664,189.21587311825314,12,40.0,40.2,4.0,0.0,0.0,3.6,3.6,27.367700990525144,18.632299009474856,18.632299009474856
1529271,2026-04-19,2026,1,Rajasthan Royals,Kolkata Knight Riders,YBK Jaiswal,39,29,4,2,134.48275862068965,Kolkata Knight Riders,1.0,20.0,33.098591549295776,134.61266855305024,71,36.8,38.7,33.666666666666664,0.0,0.0,3.8,2.0,37.63696718779286,1.3630328122071376,1.3630328122071376
1529272,2026-04-19,2026,2,Lucknow Super Giants,Punjab Kings,A Badoni,35,21,5,1,166.66666666666669,Punjab Kings,38.0,158.33333333333331,21.098039215686274,122.38310961163224,51,22.6,31.1,29.166666666666668,4.0,1.0,2.6,0.6,22.234173450942773,12.765826549057227,12.765826549057227
1529272,2026-04-19,2026,2,Lucknow Super Giants,Punjab Kings,AK Markram,42,21,3,3,200.0,Punjab Kings,12.0,150.0,26.0,123.02833513844016,60,24.0,29.1,23.333333333333332,0.0,1.0,2.8,1.2,27.16543131964746,14.83456868035254,14.83456868035254
1529272,2026-04-19,2026,1,Punjab Kings,Lucknow Super Giants,C Connolly,87,46,8,7,189.1304347826087,Lucknow Super Giants,17.0,141.66666666666669,34.0,142.0995670995671,4,34.0,34.0,0.0,1.0,2.0,3.25,1.75,24.11630546660568,62.88369453339432,62.88369453339432
1529272,2026-04-19,2026,2,Lucknow Super Giants,Punjab Kings,Himmat Singh,1,1,0,0,100.0,Punjab Kings,0.0,0.0,0.0,0.0,0,0.0,0.0,0.0,0.0,0.0,0.0,0.0,17.680512586484582,-16.680512586484582,16.680512586484582
1529272,2026-04-19,2026,1,Punjab Kings,Lucknow Super Giants,M Jansen,1,1,0,0,100.0,Lucknow Super Giants,9.0,90.0,7.142857142857143,89.24177326432965,21,8.2,10.1,0.0,0.0,1.0,0.2,0.6,9.922061645099314,-8.922061645099314,8.922061645099314
1529272,2026-04-19,2026,2,Lucknow Super Giants,Punjab Kings,MD Choudhary,21,17,1,1,123.52941176470588,Punjab Kings,39.0,139.28571428571428,25.4,127.02597402597402,5,25.4,25.4,0.0,3.0,2.0,1.6,2.0,22.38853034619839,-1.3885303461983902,1.3885303461983902
1529272,2026-04-19,2026,1,Punjab Kings,Lucknow Super Giants,MP Stoinis,29,16,2,2,181.25,Lucknow Super Giants,10.0,200.0,20.04901960784314,127.42385411928542,102,5.4,12.0,15.0,2.0,0.0,0.8,0.2,21.285993007579606,7.714006992420394,7.714006992420394
1529272,2026-04-19,2026,2,Lucknow Super Giants,Punjab Kings,MR Marsh,40,28,3,2,142.85714285714286,Punjab Kings,40.0,125.0,26.055555555555557,117.6293189373877,54,23.0,39.8,17.2,3.0,2.0,1.8,1.4,28.77816388496599,11.221836115034009,11.221836115034009
1529272,2026-04-19,2026,2,Lucknow Super Giants,Punjab Kings,N Pooran,9,9,1,0,100.0,Punjab Kings,1.0,14.285714285714285,25.107526881720432,141.4917551846738,93,8.4,18.9,25.285714285714285,0.0,0.0,0.2,0.6,28.73273503404834,-19.73273503404834,19.73273503404834
1529272,2026-04-19,2026,1,Punjab Kings,Lucknow Super Giants,N Wadhera,13,7,1,1,185.71428571428572,Lucknow Super Giants,14.0,100.0,21.941176470588236,129.56372190266652,34,18.0,20.2,24.166666666666668,0.0,1.0,0.8,1.0,20.05116817071807,-7.051168170718071,7.051168170718071
1529272,2026-04-19,2026,1,Punjab Kings,Lucknow Super Giants,P Simran Singh,0,1,0,0,0.0,Lucknow Super Giants,80.0,205.1282051282051,27.964285714285715,135.23275997530848,56,47.4,32.3,38.4,11.0,2.0,4.4,2.6,27.230024430568662,-27.230024430568662,27.230024430568662
1529272,2026-04-19,2026,1,Punjab Kings,Lucknow Super Giants,Priyansh Arya,93,37,4,9,251.35135135135135,Lucknow Super Giants,15.0,166.66666666666669,30.136363636363637,164.11823891057793,22,28.4,24.6,4.5,2.0,1.0,2.8,2.2,20.24698786074622,72.75301213925378,72.75301213925378
1529272,2026-04-19,2026,2,Lucknow Super Giants,Punjab Kings,RR Pant,43,23,1,4,186.95652173913044,Punjab Kings,1.0,16.666666666666664,28.015267175572518,130.27870535665946,131,20.8,26.7,12.333333333333334,0.0,0.0,2.6,0.2,30.444922098277882,12.555077901722118,12.555077901722118
1529272,2026-04-19,2026,1,Punjab Kings,Lucknow Super Giants,SS Iyer,5,6,0,0,83.33333333333334,Lucknow Super Giants,66.0,194.11764705882354,28.955882352941178,119.84921927112876,136,40.8,40.2,35.666666666666664,5.0,4.0,2.8,2.8,24.65356182802484,-19.65356182802484,19.65356182802484
1529272,2026-04-19,2026,1,Punjab Kings,Lucknow Super Giants,Shashank Singh,17,6,1,2,283.33333333333337,Lucknow Super Giants,16.0,177.77777777777777,22.416666666666668,139.67119109254176,36,19.4,22.6,21.0,1.0,1.0,1.2,1.4,20.086845585168884,-3.0868455851688843,3.0868455851688843
1529273,2026-04-20,2026,2,Gujarat Titans,Mumbai Indians,Ashok Sharma,1,3,0,0,33.33333333333333,Mumbai Indians,0.0,0.0,0.0,0.0,1,0.0,0.0,0.0,0.0,0.0,0.0,0.0,6.97047589598204,-5.97047589598204,5.97047589598204
1529273,2026-04-20,2026,2,Gujarat Titans,Mumbai Indians,B Sai Sudharsan,0,1,0,0,0.0,Mumbai Indians,22.0,137.5,42.84444444444444,139.43363909050993,45,27.0,39.0,41.666666666666664,1.0,2.0,3.4,1.0,31.09820561763911,-31.09820561763911,31.09820561763911
1529273,2026-04-20,2026,1,Mumbai Indians,Gujarat Titans,DV Malewar,2,4,0,0,50.0,Gujarat Titans,0.0,0.0,0.0,0.0,0,0.0,0.0,0.0,0.0,0.0,0.0,0.0,11.825211513876578,-9.825211513876578,9.825211513876578
1529273,2026-04-20,2026,2,Gujarat Titans,Mumbai Indians,GD Phillips,6,8,0,0,75.0,Mumbai Indians,19.0,118.75,10.5,119.52303891642127,12,12.4,10.8,2.5,2.0,0.0,0.8,0.4,8.873160390533805,-2.873160390533805,2.873160390533805
1529273,2026-04-20,2026,1,Mumbai Indians,Gujarat Titans,HH Pandya,15,16,1,0,93.75,Gujarat Titans,14.0,116.66666666666667,19.312925170068027,140.95762980422856,147,19.2,19.6,11.25,0.0,1.0,2.4,0.6,19.379702300693065,-4.379702300693065,4.379702300693065
1529273,2026-04-20,2026,2,Gujarat Titans,Mumbai Indians,JC Buttler,5,6,1,0,83.33333333333334,Mumbai Indians,25.0,166.66666666666669,34.576,130.4906663286768,125,40.2,38.3,50.166666666666664,2.0,2.0,4.8,1.8,32.85899603486555,-27.858996034865548,27.858996034865548
1529273,2026-04-20,2026,2,Gujarat Titans,Mumbai Indians,K Rabada,12,14,2,0,85.71428571428571,Mumbai Indians,23.0,143.75,7.67741935483871,107.50457875457874,31,8.8,5.8,13.571428571428571,1.0,2.0,0.2,0.8,8.069218980976894,3.9307810190231063,3.9307810190231063
1529273,2026-04-20,2026,2,Gujarat Titans,Mumbai Indians,M Shahrukh Khan,17,13,1,1,130.76923076923077,Mumbai Indians,3.0,150.0,14.705882352941176,158.24576239644225,51,10.0,13.5,10.75,0.0,0.0,0.2,0.8,12.397681331583657,4.602318668416343,4.602318668416343
1529273,2026-04-20,2026,2,Gujarat Titans,Mumbai Indians,Mohammed Siraj,0,3,0,0,0.0,Mumbai Indians,3.0,75.0,5.333333333333333,79.32329575186718,21,5.0,5.4,4.0,0.0,0.0,0.2,0.4,5.619829437097516,-5.619829437097516,5.619829437097516
1529273,2026-04-20,2026,1,Mumbai Indians,Gujarat Titans,Naman Dhir,45,32,6,1,140.625,Gujarat Titans,50.0,161.29032258064515,20.875,159.8961423763764,24,21.8,20.6,13.5,3.0,3.0,1.8,1.0,18.717426178536005,26.282573821463995,26.282573821463995
1529273,2026-04-20,2026,1,Mumbai Indians,Gujarat Titans,Q de Kock,13,11,1,1,118.18181818181819,Gujarat Titans,112.0,186.66666666666666,29.264957264957264,116.13481646246615,117,32.2,27.6,23.5,8.0,7.0,1.6,2.4,25.949281389209617,-12.949281389209617,12.949281389209617
1529273,2026-04-20,2026,2,Gujarat Titans,Mumbai Indians,R Tewatia,8,11,1,0,72.72727272727273,Mumbai Indians,7.0,116.66666666666667,14.234567901234568,135.55892126107858,81,8.2,9.0,12.444444444444445,0.0,0.0,0.6,0.2,11.723398803641844,-3.723398803641844,3.723398803641844
1529273,2026-04-20,2026,2,Gujarat Titans,Mumbai Indians,Rashid Khan,4,6,0,0,66.66666666666666,Mumbai Indians,24.0,150.0,8.955882352941176,119.47155275280275,68,8.0,6.4,7.933333333333334,3.0,0.0,0.8,0.2,7.675403093210533,-3.675403093210533,3.675403093210533
1529273,2026-04-20,2026,1,Mumbai Indians,Gujarat Titans,SA Yadav,15,10,1,1,150.0,Gujarat Titans,0.0,0.0,28.133757961783438,138.09734288444614,157,21.2,34.8,45.142857142857146,0.0,0.0,2.2,0.6,28.551175290609905,-13.551175290609905,13.551175290609905
1529273,2026-04-20,2026,1,Mumbai Indians,Gujarat Titans,SE Rutherford,1,2,0,0,50.0,Gujarat Titans,1.0,20.0,20.791666666666668,141.65854339374076,24,25.2,25.7,0.0,0.0,0.0,1.6,2.2,19.31225107428718,-18.31225107428718,18.31225107428718
1529273,2026-04-20,2026,2,Gujarat Titans,Mumbai Indians,Shubman Gill,14,13,3,0,107.6923076923077,Mumbai Indians,86.0,172.0,34.889830508474574,125.56094272844027,118,50.4,51.2,34.8,8.0,4.0,4.8,2.0,28.86860924777136,-14.86860924777136,14.86860924777136
1529273,2026-04-20,2026,1,Mumbai Indians,Gujarat Titans,Tilak Varma,101,45,8,7,224.44444444444446,Gujarat Titans,8.0,266.66666666666663,27.535714285714285,134.908609649406,56,8.6,14.7,23.142857142857142,2.0,0.0,1.6,0.0,27.693621055654887,73.30637894434511,73.30637894434511
1529273,2026-04-20,2026,2,Gujarat Titans,Mumbai Indians,Washington Sundar,26,17,5,0,152.94117647058823,Mumbai Indians,13.0,100.0,12.958333333333334,114.82884576301147,48,22.2,24.4,10.777777777777779,1.0,0.0,2.4,0.6,19.419252441050478,6.580747558949522,6.580747558949522
1529274,2026-04-21,2026,2,Delhi Capitals,Sunrisers Hyderabad,AR Patel,2,3,0,0,66.66666666666666,Sunrisers Hyderabad,26.0,144.44444444444443,15.31496062992126,126.84498500583483,127,10.8,19.1,14.928571428571429,3.0,0.0,1.0,0.2,15.685502383860596,-13.685502383860596,13.685502383860596
1529274,2026-04-21,2026,1,Sunrisers Hyderabad,Delhi Capitals,Abhishek Sharma,135,68,10,10,198.52941176470588,Delhi Capitals,59.0,268.1818181818182,25.05,139.670592236701,80,36.2,38.7,16.75,6.0,4.0,3.0,3.2,23.813989240225794,111.1860107597742,111.1860107597742
1529274,2026-04-21,2026,2,Delhi Capitals,Sunrisers Hyderabad,Ashutosh Sharma,14,10,2,0,140.0,Sunrisers Hyderabad,19.0,190.0,21.68421052631579,142.89165231771423,19,17.4,22.3,25.333333333333332,1.0,2.0,0.8,1.4,19.53829015887646,-5.53829015887646,5.53829015887646
1529274,2026-04-21,2026,2,Delhi Capitals,Sunrisers Hyderabad,DA Miller,0,1,0,0,0.0,Sunrisers Hyderabad,22.0,220.00000000000003,23.028985507246375,126.25746511340111,138,22.4,16.8,17.875,1.0,2.0,1.8,1.4,22.92367695860045,-22.92367695860045,22.92367695860045
1529274,2026-04-21,2026,1,Sunrisers Hyderabad,Delhi Capitals,H Klaasen,37,13,3,3,284.61538461538464,Delhi Capitals,59.0,151.28205128205127,34.568627450980394,159.37456037881694,51,50.4,48.2,26.8,6.0,2.0,3.4,1.8,21.782435620297328,15.217564379702672,15.217564379702672
1529274,2026-04-21,2026,1,Sunrisers Hyderabad,Delhi Capitals,Ishan Kishan,25,13,2,1,192.30769230769232,Delhi Capitals,0.0,0.0,27.21186440677966,117.24240393830935,118,26.6,38.4,39.81818181818182,0.0,0.0,2.8,1.4,31.042350196868295,-6.042350196868295,6.042350196868295
1529274,2026-04-21,2026,2,Delhi Capitals,Sunrisers Hyderabad,KL Rahul,37,23,1,3,160.8695652173913,Sunrisers Hyderabad,57.0,167.64705882352942,37.78321678321678,126.06675494157344,143,33.6,34.3,32.13333333333333,6.0,2.0,3.8,1.4,36.56277008392371,0.4372299160762907,0.4372299160762907
1529274,2026-04-21,2026,2,Delhi Capitals,Sunrisers Hyderabad,Kuldeep Yadav,1,2,0,0,50.0,Sunrisers Hyderabad,4.0,57.14285714285714,5.282051282051282,85.90192923427026,39,3.4,6.9,1.3333333333333333,0.0,0.0,0.2,0.0,5.622832925269877,-4.622832925269877,4.622832925269877
1529274,2026-04-21,2026,2,Delhi Capitals,Sunrisers Hyderabad,L Ngidi,0,1,0,0,0.0,Sunrisers Hyderabad,3.0,75.0,1.5,37.5,2,1.5,1.5,0.0,0.0,0.0,0.0,0.0,5.245503127623166,-5.245503127623166,5.245503127623166
1529274,2026-04-21,2026,2,Delhi Capitals,Sunrisers Hyderabad,N Rana,57,30,7,3,190.0,Sunrisers Hyderabad,5.0,83.33333333333334,24.982608695652175,121.41845619895352,115,6.6,12.5,32.76470588235294,1.0,0.0,1.2,0.2,21.572336203199125,35.42766379680087,35.42766379680087
1529274,2026-04-21,2026,2,Delhi Capitals,Sunrisers Hyderabad,P Nissanka,8,6,0,1,133.33333333333331,Sunrisers Hyderabad,1.0,50.0,25.6,114.77272727272725,5,25.6,25.6,0.0,0.0,0.0,3.4,0.8,20.873970191848578,-12.873970191848578,12.873970191848578
1529274,2026-04-21,2026,2,Delhi Capitals,Sunrisers Hyderabad,Sameer Rizvi,41,28,2,2,146.42857142857142,Sunrisers Hyderabad,2.0,66.66666666666666,24.285714285714285,111.97426269305132,14,33.6,30.4,0.0,0.0,0.0,2.6,2.2,23.574842445060558,17.425157554939442,17.425157554939442
1529274,2026-04-21,2026,2,Delhi Capitals,Sunrisers Hyderabad,T Stubbs,27,16,3,1,168.75,Sunrisers Hyderabad,60.0,127.65957446808511,24.444444444444443,147.50738363747038,36,33.8,25.2,18.5,4.0,1.0,2.2,1.0,23.16123777790894,3.8387622220910593,3.8387622220910593
1529274,2026-04-21,2026,1,Sunrisers Hyderabad,Delhi Capitals,TM Head,37,26,2,2,142.30769230769232,Delhi Capitals,23.0,114.99999999999999,29.976744186046513,136.44940452810607,43,26.4,27.5,55.5,3.0,1.0,3.6,1.0,26.78790267536345,10.212097324636549,10.212097324636549
1529275,2026-04-22,2026,2,Lucknow Super Giants,Rajasthan Royals,A Badoni,0,1,0,0,0.0,Rajasthan Royals,35.0,166.66666666666669,21.365384615384617,123.23471647807521,52,29.6,29.6,12.5,5.0,1.0,3.6,0.8,22.614226170465415,-22.614226170465415,22.614226170465415
1529275,2026-04-22,2026,2,Lucknow Super Giants,Rajasthan Royals,AK Markram,0,6,0,0,0.0,Rajasthan Royals,42.0,200.0,26.262295081967213,124.29016570994114,61,30.2,28.1,31.2,3.0,3.0,3.2,1.6,25.14116805462495,-25.14116805462495,25.14116805462495
1529275,2026-04-22,2026,1,Rajasthan Royals,Lucknow Super Giants,D Ferreira,20,19,2,0,105.26315789473684,Lucknow Super Giants,7.0,100.0,14.333333333333334,74.0530303030303,6,17.0,14.333333333333334,0.0,0.0,1.0,1.6,0.8,15.419116417370306,4.580883582629694,4.580883582629694
1529275,2026-04-22,2026,2,Lucknow Super Giants,Rajasthan Royals,DS Rathi,2,2,0,0,100.0,Rajasthan Royals,0.0,0.0,0.5,16.666666666666664,2,0.5,0.5,0.0,0.0,0.0,0.0,0.0,7.086017924244353,-5.086017924244353,5.086017924244353
1529275,2026-04-22,2026,1,Rajasthan Royals,Lucknow Super Giants,Dhruv Jurel,0,1,0,0,0.0,Lucknow Super Giants,5.0,71.42857142857143,21.0,128.26989606086303,41,32.6,27.6,19.5,0.0,0.0,2.6,1.6,21.926229655763372,-21.926229655763372,21.926229655763372
1529275,2026-04-22,2026,2,Lucknow Super Giants,Rajasthan Royals,Himmat Singh,15,15,0,1,100.0,Rajasthan Royals,1.0,100.0,1.0,100.0,1,1.0,1.0,0.0,0.0,0.0,0.0,0.0,7.782135796923559,7.217864203076441,7.217864203076441
1529275,2026-04-22,2026,2,Lucknow Super Giants,Rajasthan Royals,MD Choudhary,7,3,0,1,233.33333333333334,Rajasthan Royals,21.0,123.52941176470588,24.666666666666668,126.443213649096,6,26.8,24.666666666666668,0.0,1.0,1.0,1.4,2.2,24.066655343992615,-17.066655343992615,17.066655343992615
1529275,2026-04-22,2026,2,Lucknow Super Giants,Rajasthan Royals,MP Yadav,5,5,1,0,100.0,Rajasthan Royals,0.0,0.0,0.0,0.0,0,0.0,0.0,0.0,0.0,0.0,0.0,0.0,16.442996770560462,-11.442996770560462,11.442996770560462
1529275,2026-04-22,2026,2,Lucknow Super Giants,Rajasthan Royals,MR Marsh,55,41,6,2,134.14634146341464,Rajasthan Royals,40.0,142.85714285714286,26.30909090909091,118.08800664501962,55,24.0,40.4,37.75,3.0,2.0,2.0,1.2,24.896262839823848,30.103737160176152,30.103737160176152
1529275,2026-04-22,2026,2,Lucknow Super Giants,Rajasthan Royals,Mohammed Shami,6,4,0,1,150.0,Rajasthan Royals,0.0,0.0,3.161290322580645,79.24731182795698,31,4.0,2.9,5.0,0.0,0.0,0.4,0.2,4.676443308744902,1.3235566912550976,1.3235566912550976
1529275,2026-04-22,2026,2,Lucknow Super Giants,Rajasthan Royals,Mohsin Khan,0,3,0,0,0.0,Rajasthan Royals,0.0,0.0,4.166666666666667,96.42857142857143,6,2.4,4.166666666666667,9.0,0.0,0.0,0.2,0.0,8.608504600341043,-8.608504600341043,8.608504600341043
1529275,2026-04-22,2026,2,Lucknow Super Giants,Rajasthan Royals,N Pooran,22,25,3,0,88.0,Rajasthan Royals,9.0,100.0,24.93617021276596,141.050353533773,94,8.6,17.1,19.181818181818183,1.0,0.0,0.2,0.6,27.06213038168131,-5.06213038168131,5.06213038168131
1529275,2026-04-22,2026,1,Rajasthan Royals,Lucknow Super Giants,R Parag,20,19,2,1,105.26315789473684,Lucknow Super Giants,12.0,85.71428571428571,20.645569620253166,129.36954736374673,79,9.4,18.8,23.0,1.0,0.0,0.6,0.6,21.11097611576756,-1.11097611576756,1.11097611576756
1529275,2026-04-22,2026,1,Rajasthan Royals,Lucknow Super Giants,RA Jadeja,43,29,2,1,148.27586206896552,Lucknow Super Giants,9.0,128.57142857142858,16.893939393939394,130.81226932687107,198,21.2,24.1,20.0,1.0,0.0,1.8,0.2,17.375491466504716,25.624508533495284,25.624508533495284
1529275,2026-04-22,2026,2,Lucknow Super Giants,Rajasthan Royals,RR Pant,0,3,0,0,0.0,Rajasthan Royals,43.0,186.95652173913044,28.12878787878788,130.70808275349637,132,28.0,30.6,33.583333333333336,1.0,4.0,2.6,1.0,25.86355849116942,-25.86355849116942,25.86355849116942
1529275,2026-04-22,2026,1,Rajasthan Royals,Lucknow Super Giants,SB Dubey,19,11,3,0,172.72727272727272,Lucknow Super Giants,7.0,100.0,12.636363636363637,136.96969696969697,11,12.4,13.1,3.0,0.0,0.0,0.8,0.8,12.536767964126907,6.463232035873093,6.463232035873093
1529275,2026-04-22,2026,1,Rajasthan Royals,Lucknow Super Giants,SO Hetmyer,22,18,2,1,122.22222222222223,Lucknow Super Giants,15.0,83.33333333333334,18.397590361445783,135.8151918366848,83,10.2,11.4,19.5,0.0,0.0,0.4,0.6,18.96786560069498,3.0321343993050185,3.0321343993050185
1529275,2026-04-22,2026,1,Rajasthan Royals,Lucknow Super Giants,V Suryavanshi,8,11,2,0,72.72727272727273,Lucknow Super Giants,46.0,164.28571428571428,38.30769230769231,187.29816859267322,13,38.8,34.7,34.0,6.0,2.0,4.0,3.0,20.330334686903626,-12.330334686903626,12.330334686903626
1529275,2026-04-22,2026,1,Rajasthan Royals,Lucknow Super Giants,YBK Jaiswal,22,12,4,0,183.33333333333331,Lucknow Super Giants,39.0,134.48275862068965,33.18055555555556,134.6108642484341,72,37.0,35.6,41.4,4.0,2.0,4.0,2.2,30.167276063275022,-8.167276063275022,8.167276063275022
1529276,2026-04-23,2026,1,Chennai Super Kings,Mumbai Indians,AJ Hosein,2,2,0,0,100.0,Mumbai Indians,16.0,160.0,16.0,160.0,1,16.0,16.0,0.0,1.0,1.0,1.0,1.0,7.48752257110715,-5.48752257110715,5.48752257110715
1529276,2026-04-23,2026,2,Mumbai Indians,Chennai Super Kings,Ashwani Kumar,1,6,0,0,16.666666666666664,Chennai Super Kings,0.0,0.0,0.0,0.0,0,0.0,0.0,0.0,0.0,0.0,0.0,0.0,9.350551101942724,-8.350551101942724,8.350551101942724
1529276,2026-04-23,2026,1,Chennai Super Kings,Mumbai Indians,D Brevis,21,11,1,2,190.9090909090909,Mumbai Indians,0.0,0.0,27.555555555555557,121.18996729763714,18,38.4,28.9,0.0,0.0,0.0,2.8,2.8,25.4558515974928,-4.455851597492799,4.455851597492799
1529276,2026-04-23,2026,2,Mumbai Indians,Chennai Super Kings,DV Malewar,0,1,0,0,0.0,Chennai Super Kings,2.0,50.0,2.0,50.0,1,2.0,2.0,0.0,0.0,0.0,0.0,0.0,8.595865815992001,-8.595865815992001,8.595865815992001
1529276,2026-04-23,2026,2,Mumbai Indians,Chennai Super Kings,HH Pandya,1,2,0,0,50.0,Chennai Super Kings,15.0,93.75,19.283783783783782,140.63865933257836,148,19.2,16.3,13.125,1.0,0.0,2.4,0.4,20.908065766667416,-19.908065766667416,19.908065766667416
1529276,2026-04-23,2026,1,Chennai Super Kings,Mumbai Indians,J Overton,15,7,2,1,214.28571428571428,Mumbai Indians,16.0,106.66666666666667,19.666666666666668,166.2962962962963,6,21.4,19.666666666666668,4.0,1.0,0.0,1.8,0.8,16.750465506399326,-1.7504655063993262,1.7504655063993262
1529276,2026-04-23,2026,2,Mumbai Indians,Chennai Super Kings,JJ Bumrah,2,5,0,0,40.0,Chennai Super Kings,5.0,250.0,2.607142857142857,77.53607503607505,28,3.2,1.7,3.0,1.0,0.0,0.4,0.0,3.45456319689454,-1.45456319689454,1.45456319689454
1529276,2026-04-23,2026,1,Chennai Super Kings,Mumbai Indians,Kartik Sharma,18,19,0,2,94.73684210526315,Mumbai Indians,6.0,200.0,8.333333333333334,117.77777777777777,3,8.333333333333334,8.333333333333334,0.0,0.0,1.0,0.0,0.6666666666666666,12.487059352663817,5.512940647336183,5.512940647336183
1529276,2026-04-23,2026,2,Mumbai Indians,Chennai Super Kings,Krish Bhagat,7,15,0,0,46.666666666666664,Chennai Super Kings,0.0,0.0,0.0,0.0,0,0.0,0.0,0.0,0.0,0.0,0.0,0.0,9.350551101942724,-2.350551101942724,2.350551101942724
1529276,2026-04-23,2026,2,Mumbai Indians,Chennai Super Kings,Naman Dhir,0,3,0,0,0.0,Chennai Super Kings,45.0,140.625,21.84,159.12529668132134,25,29.8,24.4,17.0,6.0,1.0,2.8,1.2,18.443595717486385,-18.443595717486385,18.443595717486385
1529276,2026-04-23,2026,2,Mumbai Indians,Chennai Super Kings,Q de Kock,7,10,0,1,70.0,Chennai Super Kings,13.0,118.18181818181819,29.127118644067796,116.15216393466405,118,31.8,27.7,25.75,1.0,1.0,1.8,2.2,27.48921332420858,-20.48921332420858,20.48921332420858
1529276,2026-04-23,2026,1,Chennai Super Kings,Mumbai Indians,RD Gaikwad,22,13,3,1,169.23076923076923,Mumbai Indians,19.0,146.15384615384613,34.0,112.12798034520088,76,15.2,15.1,32.333333333333336,3.0,0.0,1.4,0.2,30.861015194825736,-8.861015194825736,8.861015194825736
1529276,2026-04-23,2026,1,Chennai Super Kings,Mumbai Indians,S Dube,5,8,0,0,62.5,Mumbai Indians,21.0,131.25,24.469135802469136,132.7923800763527,81,23.4,23.2,23.166666666666668,1.0,1.0,2.2,0.8,24.595420936176513,-19.595420936176513,19.595420936176513
1529276,2026-04-23,2026,2,Mumbai Indians,Chennai Super Kings,SA Yadav,36,30,5,0,120.0,Chennai Super Kings,15.0,150.0,28.050632911392405,138.1726761573294,158,21.0,32.8,25.705882352941178,1.0,1.0,1.8,0.8,23.783194647264157,12.216805352735843,12.216805352735843
1529276,2026-04-23,2026,2,Mumbai Indians,Chennai Super Kings,SE Rutherford,0,1,0,0,0.0,Chennai Super Kings,1.0,50.0,20.0,137.99220165799113,25,20.6,23.6,4.0,0.0,0.0,0.8,2.2,18.99080656699438,-18.99080656699438,18.99080656699438
1529276,2026-04-23,2026,1,Chennai Super Kings,Mumbai Indians,SN Khan,14,8,3,0,175.0,Mumbai Indians,25.0,131.57894736842107,17.853658536585368,125.21919976674863,41,29.4,21.0,12.5,3.0,0.0,4.0,1.2,21.182647262271644,-7.182647262271644,7.182647262271644
1529276,2026-04-23,2026,2,Mumbai Indians,Chennai Super Kings,SN Thakur,6,12,0,0,50.0,Chennai Super Kings,8.0,114.28571428571428,8.121951219512194,114.5436382581706,41,5.2,5.0,15.0,1.0,0.0,0.8,0.0,10.301456011887067,-4.301456011887067,4.301456011887067
1529276,2026-04-23,2026,1,Chennai Super Kings,Mumbai Indians,SV Samson,101,52,10,6,194.23076923076923,Mumbai Indians,7.0,233.33333333333334,27.661016949152543,120.54362026061087,177,37.2,29.9,26.130434782608695,0.0,1.0,4.0,1.8,23.571202238152132,77.42879776184787,77.42879776184787
1529276,2026-04-23,2026,2,Mumbai Indians,Chennai Super Kings,Tilak Varma,37,29,5,0,127.58620689655173,Chennai Super Kings,101.0,224.44444444444446,28.82456140350877,136.4794137686172,57,24.8,24.1,33.8,8.0,7.0,2.4,1.4,23.824574173270417,13.175425826729583,13.175425826729583
1529277,2026-04-24,2026,1,Gujarat Titans,Royal Challengers Bengaluru,B Sai Sudharsan,100,58,11,5,172.41379310344826,Royal Challengers Bengaluru,0.0,0.0,41.91304347826087,136.40247302332494,46,24.4,38.5,46.333333333333336,0.0,0.0,3.0,1.0,38.294672126268665,61.705327873731335,61.705327873731335
1529277,2026-04-24,2026,2,Royal Challengers Bengaluru,Gujarat Titans,D Padikkal,55,27,2,6,203.70370370370372,Gujarat Titans,18.0,138.46153846153845,24.79746835443038,109.54612151700698,79,30.6,32.1,11.285714285714286,1.0,1.0,3.4,1.4,25.39579725061587,29.60420274938413,29.60420274938413
1529277,2026-04-24,2026,1,Gujarat Titans,Royal Challengers Bengaluru,JC Buttler,25,16,2,1,156.25,Royal Challengers Bengaluru,5.0,83.33333333333334,34.34126984126984,130.11640178109474,126,33.6,33.8,86.5,1.0,0.0,4.4,1.4,34.93838230651183,-9.938382306511834,9.938382306511834
1529277,2026-04-24,2026,2,Royal Challengers Bengaluru,Gujarat Titans,JG Bethell,14,10,3,0,140.0,Gujarat Titans,55.0,166.66666666666669,33.5,183.33333333333334,2,33.5,33.5,0.0,8.0,2.0,4.5,1.5,20.85361411581584,-6.853614115815841,6.853614115815841
1529277,2026-04-24,2026,2,Royal Challengers Bengaluru,Gujarat Titans,JM Sharma,10,6,1,1,166.66666666666669,Gujarat Titans,14.0,70.0,20.057692307692307,143.1808639759048,52,10.4,21.2,22.0,1.0,0.0,0.8,0.4,18.715150087562893,-8.715150087562893,8.715150087562893
1529277,2026-04-24,2026,1,Gujarat Titans,Royal Challengers Bengaluru,JO Holder,23,10,1,2,229.99999999999997,Royal Challengers Bengaluru,11.0,122.22222222222223,9.592592592592593,109.85402174099492,27,2.8,6.2,0.0,0.0,1.0,0.0,0.2,9.795930358706608,13.204069641293392,13.204069641293392
1529277,2026-04-24,2026,2,Royal Challengers Bengaluru,Gujarat Titans,KH Pandya,23,12,3,1,191.66666666666669,Gujarat Titans,12.0,120.0,15.25,119.43632800170089,116,19.6,13.4,9.333333333333334,0.0,1.0,1.4,1.0,14.853233838748626,8.146766161251374,8.146766161251374
1529277,2026-04-24,2026,2,Royal Challengers Bengaluru,Gujarat Titans,RM Patidar,8,5,0,1,160.0,Gujarat Titans,8.0,200.0,30.477272727272727,149.31493299367108,44,39.8,30.3,22.0,0.0,1.0,2.0,3.8,24.322578518270536,-16.322578518270536,16.322578518270536
1529277,2026-04-24,2026,1,Gujarat Titans,Royal Challengers Bengaluru,Shubman Gill,32,24,2,1,133.33333333333331,Royal Challengers Bengaluru,14.0,107.6923076923077,34.714285714285715,125.41078613149797,119,53.0,45.0,10.666666666666666,3.0,0.0,5.4,2.0,32.24660712629111,-0.24660712629111003,0.24660712629111003
1529277,2026-04-24,2026,2,Royal Challengers Bengaluru,Gujarat Titans,TH David,10,9,0,1,111.11111111111111,Gujarat Titans,26.0,162.5,20.38,159.41106997577586,50,31.4,21.8,15.666666666666666,3.0,1.0,2.2,2.6,18.76869619565845,-8.76869619565845,8.76869619565845
1529277,2026-04-24,2026,2,Royal Challengers Bengaluru,Gujarat Titans,V Kohli,81,44,8,4,184.0909090909091,Gujarat Titans,19.0,146.15384615384613,33.40074906367041,120.83165642712665,267,35.6,39.9,58.5,3.0,0.0,4.6,0.6,33.08385274160299,47.91614725839701,47.91614725839701
1529277,2026-04-24,2026,1,Gujarat Titans,Royal Challengers Bengaluru,Washington Sundar,19,12,1,1,158.33333333333331,Royal Challengers Bengaluru,26.0,152.94117647058823,13.224489795918368,115.60664843051303,49,23.8,22.1,0.0,5.0,0.0,3.0,0.6,20.143052104184644,-1.143052104184644,1.143052104184644
1529278,2026-04-25,2026,2,Punjab Kings,Delhi Capitals,C Connolly,17,10,1,1,170.0,Delhi Capitals,87.0,189.1304347826087,44.6,151.5057406361754,5,44.6,44.6,0.0,8.0,7.0,4.2,2.8,18.83805774630147,-1.8380577463014696,1.8380577463014696
1529278,2026-04-25,2026,1,Delhi Capitals,Punjab Kings,DA Miller,3,3,0,0,100.0,Punjab Kings,0.0,0.0,22.863309352517987,125.34913802625434,139,20.2,16.4,11.333333333333334,0.0,0.0,1.8,1.2,23.419952741903632,-20.419952741903632,20.419952741903632
1529278,2026-04-25,2026,1,Delhi Capitals,Punjab Kings,KL Rahul,152,66,16,9,230.3030303030303,Punjab Kings,37.0,160.8695652173913,37.77777777777778,126.30844112404439,144,41.0,37.3,28.4,1.0,3.0,4.0,2.0,37.54842861616649,114.45157138383351,114.45157138383351
1529278,2026-04-25,2026,1,Delhi Capitals,Punjab Kings,N Rana,91,44,11,4,206.81818181818184,Punjab Kings,57.0,190.0,25.25862068965517,122.00967640413496,116,17.2,18.1,19.666666666666668,7.0,3.0,2.4,0.8,28.615577856009956,62.384422143990044,62.384422143990044
1529278,2026-04-25,2026,2,Punjab Kings,Delhi Capitals,N Wadhera,25,15,3,1,166.66666666666669,Delhi Capitals,13.0,185.71428571428572,21.685714285714287,131.16802372585562,35,11.0,19.9,10.0,1.0,1.0,0.2,0.8,19.193239242638406,5.8067607573615945,5.8067607573615945
1529278,2026-04-25,2026,1,Delhi Capitals,Punjab Kings,P Nissanka,11,7,2,0,157.14285714285714,Punjab Kings,8.0,133.33333333333331,22.666666666666668,117.8661616161616,6,27.0,22.666666666666668,0.0,0.0,1.0,3.4,1.0,20.640259070666595,-9.640259070666595,9.640259070666595
1529278,2026-04-25,2026,2,Punjab Kings,Delhi Capitals,P Simran Singh,76,25,9,5,304.0,Delhi Capitals,0.0,0.0,27.473684210526315,132.86025541433816,57,42.2,30.2,40.166666666666664,0.0,0.0,4.4,2.2,26.956736028539247,49.04326397146075,49.04326397146075
1529278,2026-04-25,2026,2,Punjab Kings,Delhi Capitals,Priyansh Arya,43,17,2,5,252.94117647058823,Delhi Capitals,93.0,251.35135135135135,32.869565217391305,167.910982929742,23,42.2,33.0,38.0,4.0,9.0,2.8,4.0,22.51790120957372,20.48209879042628,20.48209879042628
1529278,2026-04-25,2026,2,Punjab Kings,Delhi Capitals,SS Iyer,71,36,3,7,197.22222222222223,Delhi Capitals,5.0,83.33333333333334,28.78102189781022,119.58267995771419,137,41.6,37.7,40.0,0.0,0.0,2.8,2.8,25.68379561277806,45.316204387221944,45.316204387221944
1529278,2026-04-25,2026,2,Punjab Kings,Delhi Capitals,Shashank Singh,19,10,2,1,190.0,Delhi Capitals,17.0,283.33333333333337,22.27027027027027,143.55395169364425,37,22.4,22.0,7.0,1.0,2.0,1.4,1.8,20.270618439000604,-1.2706184390006037,1.2706184390006037
1529279,2026-04-25,2026,2,Sunrisers Hyderabad,Rajasthan Royals,Abhishek Sharma,57,29,11,1,196.55172413793102,Rajasthan Royals,135.0,198.52941176470588,26.40740740740741,140.3972443296393,81,53.6,44.8,16.625,10.0,10.0,4.2,4.4,29.842437234072307,27.157562765927693,27.157562765927693
1529279,2026-04-25,2026,2,Sunrisers Hyderabad,Rajasthan Royals,Aniket Verma,1,1,0,0,100.0,Rajasthan Royals,2.0,50.0,17.11111111111111,154.7591583363941,18,5.8,11.8,6.5,0.0,0.0,0.4,0.2,15.344460228149547,-14.344460228149547,14.344460228149547
1529279,2026-04-25,2026,1,Rajasthan Royals,Sunrisers Hyderabad,D Ferreira,33,16,3,3,206.25,Sunrisers Hyderabad,20.0,105.26315789473684,15.142857142857142,78.51161995898838,7,19.6,15.142857142857142,69.0,2.0,0.0,2.0,0.8,18.353207557657047,14.646792442342953,14.646792442342953
1529279,2026-04-25,2026,1,Rajasthan Royals,Sunrisers Hyderabad,Dhruv Jurel,51,35,8,1,145.7142857142857,Sunrisers Hyderabad,0.0,0.0,20.5,125.21585091655678,42,17.6,26.5,31.75,0.0,0.0,1.6,0.6,23.148745658514084,27.851254341485916,27.851254341485916
1529279,2026-04-25,2026,2,Sunrisers Hyderabad,Rajasthan Royals,H Klaasen,29,24,3,1,120.83333333333333,Rajasthan Royals,37.0,284.61538461538464,34.61538461538461,161.7830377679817,52,47.4,49.6,33.0,3.0,3.0,3.2,2.2,22.724566167369073,6.275433832630927,6.275433832630927
1529279,2026-04-25,2026,2,Sunrisers Hyderabad,Rajasthan Royals,Ishan Kishan,74,31,11,3,238.70967741935485,Rajasthan Royals,25.0,192.30769230769232,27.19327731092437,117.87320468090923,119,28.8,39.6,37.15384615384615,2.0,1.0,2.6,1.6,25.66854057225611,48.331459427743894,48.331459427743894
1529279,2026-04-25,2026,1,Rajasthan Royals,Sunrisers Hyderabad,JC Archer,2,2,0,0,100.0,Sunrisers Hyderabad,8.0,160.0,8.272727272727273,121.93646420919148,33,10.6,7.4,5.0,1.0,0.0,0.8,0.4,7.447465572834633,-5.447465572834633,5.447465572834633
1529279,2026-04-25,2026,2,Sunrisers Hyderabad,Rajasthan Royals,Nithish Kumar Reddy,36,18,2,3,200.0,Rajasthan Royals,12.0,150.0,22.178571428571427,123.67709078108237,28,27.0,18.5,34.75,0.0,1.0,1.4,2.2,19.901576010551153,16.098423989448847,16.098423989448847
1529279,2026-04-25,2026,1,Rajasthan Royals,Sunrisers Hyderabad,R Parag,7,9,0,0,77.77777777777779,Sunrisers Hyderabad,20.0,105.26315789473684,20.6375,129.0682174953841,80,11.8,19.2,18.7,2.0,1.0,1.0,0.6,22.025694872890565,-15.025694872890565,15.025694872890565
1529279,2026-04-25,2026,1,Rajasthan Royals,Sunrisers Hyderabad,RA Jadeja,4,3,1,0,133.33333333333331,Sunrisers Hyderabad,43.0,148.27586206896552,17.025125628140703,130.90002607431876,199,25.6,26.3,16.94736842105263,2.0,1.0,2.0,0.2,22.20630952641841,-18.20630952641841,18.20630952641841
1529279,2026-04-25,2026,2,Sunrisers Hyderabad,Rajasthan Royals,S Arora,8,3,0,1,266.66666666666663,Rajasthan Royals,13.0,108.33333333333333,11.0,111.08974358974358,5,11.0,11.0,24.0,2.0,0.0,0.8,0.8,12.990008765352822,-4.9900087653528225,4.9900087653528225
1529279,2026-04-25,2026,1,Rajasthan Royals,Sunrisers Hyderabad,SO Hetmyer,11,10,1,0,110.00000000000001,Sunrisers Hyderabad,22.0,122.22222222222223,18.44047619047619,135.65337076984596,84,12.2,12.4,23.666666666666668,2.0,1.0,0.6,0.6,20.144410677683844,-9.144410677683844,9.144410677683844
1529279,2026-04-25,2026,2,Sunrisers Hyderabad,Rajasthan Royals,TM Head,6,5,0,1,120.0,Rajasthan Royals,37.0,142.30769230769232,30.136363636363637,136.58254743218757,44,24.6,29.3,44.25,2.0,2.0,2.8,0.8,25.001821287944733,-19.001821287944733,19.001821287944733
1529279,2026-04-25,2026,1,Rajasthan Royals,Sunrisers Hyderabad,V Suryavanshi,103,37,5,12,278.3783783783784,Sunrisers Hyderabad,8.0,72.72727272727273,36.142857142857146,179.11453317371607,14,34.2,35.5,0.0,2.0,0.0,3.4,2.8,21.79440349610534,81.20559650389467,81.20559650389467
1529279,2026-04-25,2026,1,Rajasthan Royals,Sunrisers Hyderabad,YBK Jaiswal,10,8,2,0,125.0,Sunrisers Hyderabad,22.0,183.33333333333331,33.02739726027397,135.27829533178888,73,30.4,36.5,29.77777777777778,4.0,0.0,3.6,1.6,29.812736228425262,-19.812736228425262,19.812736228425262
1529280,2026-04-26,2026,2,Gujarat Titans,Chennai Super Kings,B Sai Sudharsan,87,46,4,7,189.1304347826087,Chennai Super Kings,100.0,172.41379310344826,43.148936170212764,137.16867132290204,47,29.8,37.7,59.8,11.0,5.0,3.4,1.4,32.31677667445656,54.68322332554344,54.68322332554344
1529280,2026-04-26,2026,1,Chennai Super Kings,Gujarat Titans,D Brevis,2,9,0,0,22.22222222222222,Gujarat Titans,21.0,190.9090909090909,27.210526315789473,124.85939485613471,19,32.2,31.0,51.5,1.0,2.0,2.2,2.4,24.19994998447042,-22.19994998447042,22.19994998447042
1529280,2026-04-26,2026,1,Chennai Super Kings,Gujarat Titans,J Overton,18,6,3,1,300.0,Gujarat Titans,15.0,214.28571428571428,19.0,173.15192743764172,7,23.6,19.0,0.0,2.0,1.0,2.0,1.0,16.67983114707953,1.320168852920471,1.320168852920471
1529280,2026-04-26,2026,2,Gujarat Titans,Chennai Super Kings,JC Buttler,39,30,4,1,130.0,Chennai Super Kings,25.0,156.25,34.267716535433074,130.32217814502312,127,33.4,29.9,33.81818181818182,2.0,1.0,3.8,1.6,26.899008120192196,12.100991879807804,12.100991879807804
1529280,2026-04-26,2026,1,Chennai Super Kings,Gujarat Titans,Kartik Sharma,15,9,3,0,166.66666666666669,Gujarat Titans,18.0,94.73684210526315,10.75,112.01754385964912,4,10.75,10.75,0.0,0.0,2.0,0.0,1.0,12.00518434888023,2.9948156511197705,2.9948156511197705
1529280,2026-04-26,2026,1,Chennai Super Kings,Gujarat Titans,RD Gaikwad,74,60,6,4,123.33333333333334,Gujarat Titans,22.0,169.23076923076923,33.84415584415584,112.86957500605243,77,14.0,17.3,50.0,3.0,1.0,1.6,0.4,35.40340712711688,38.59659287288312,38.59659287288312
1529280,2026-04-26,2026,1,Chennai Super Kings,Gujarat Titans,S Dube,22,17,3,1,129.41176470588235,Gujarat Titans,5.0,62.5,24.23170731707317,131.93515592908014,82,15.4,22.9,20.0,0.0,0.0,1.2,0.6,23.90948864526616,-1.9094886452661584,1.9094886452661584
1529280,2026-04-26,2026,1,Chennai Super Kings,Gujarat Titans,SN Khan,0,1,0,0,0.0,Gujarat Titans,14.0,175.0,17.761904761904763,126.40445691515937,42,28.8,21.4,30.0,3.0,0.0,4.2,1.0,25.417383469471197,-25.417383469471197,25.417383469471197
1529280,2026-04-26,2026,1,Chennai Super Kings,Gujarat Titans,SV Samson,11,15,2,0,73.33333333333333,Gujarat Titans,101.0,194.23076923076923,28.073033707865168,120.95759300763423,178,56.0,38.5,38.714285714285715,10.0,6.0,5.8,3.0,23.85690654004966,-12.85690654004966,12.85690654004966
1529280,2026-04-26,2026,2,Gujarat Titans,Chennai Super Kings,Shubman Gill,33,23,1,3,143.47826086956522,Chennai Super Kings,32.0,133.33333333333331,34.69166666666667,125.47680735817994,120,51.6,43.9,29.0625,2.0,1.0,4.6,2.2,27.36050814275145,5.639491857248551,5.639491857248551
1529280,2026-04-26,2026,1,Chennai Super Kings,Gujarat Titans,Urvil Patel,4,3,1,0,133.33333333333331,Gujarat Titans,37.0,194.73684210526315,22.666666666666668,158.85167464114832,3,22.666666666666668,22.666666666666668,37.0,4.0,2.0,1.6666666666666667,2.0,18.675351594925413,-14.675351594925413,14.675351594925413
1529280,2026-04-26,2026,2,Gujarat Titans,Chennai Super Kings,Washington Sundar,1,1,0,0,100.0,Chennai Super Kings,19.0,158.33333333333331,13.34,116.46118212856943,50,26.8,23.8,7.666666666666667,1.0,1.0,3.0,0.8,20.10444111200068,-19.10444111200068,19.10444111200068
1529281,2026-04-26,2026,2,Lucknow Super Giants,Kolkata Knight Riders,A Badoni,24,19,0,2,126.3157894736842,Kolkata Knight Riders,0.0,0.0,20.962264150943398,120.90953314830021,53,27.2,26.0,27.6,0.0,0.0,3.4,0.8,21.99974357122488,2.0002564287751206,2.0002564287751206
1529281,2026-04-26,2026,1,Kolkata Knight Riders,Lucknow Super Giants,A Raghuvanshi,9,8,1,0,112.5,Lucknow Super Giants,10.0,52.63157894736842,26.52,139.14769840386626,25,19.4,25.9,22.25,1.0,0.0,2.2,0.6,23.70333303824997,-14.70333303824997,14.70333303824997
1529281,2026-04-26,2026,2,Lucknow Super Giants,Kolkata Knight Riders,AK Markram,31,27,2,1,114.81481481481481,Kolkata Knight Riders,0.0,0.0,25.838709677419356,122.28548561784531,62,21.2,27.2,35.111111111111114,0.0,0.0,2.0,1.2,27.53548728592846,3.464512714071539,3.464512714071539
1529281,2026-04-26,2026,3,Lucknow Super Giants,Kolkata Knight Riders,AK Markram,0,1,0,0,0.0,Kolkata Knight Riders,31.0,114.81481481481481,25.92063492063492,122.16690354160674,63,23.0,29.0,34.7,2.0,1.0,2.0,1.2,8.695628720606223,-8.695628720606223,8.695628720606223
1529281,2026-04-26,2026,1,Kolkata Knight Riders,Lucknow Super Giants,AM Rahane,10,15,0,1,66.66666666666666,Lucknow Super Giants,0.0,0.0,27.28421052631579,107.56750271181066,190,15.4,24.5,34.75,0.0,0.0,1.0,0.8,26.77333982154655,-16.77333982154655,16.77333982154655
1529281,2026-04-26,2026,1,Kolkata Knight Riders,Lucknow Super Giants,AS Roy,0,1,0,0,0.0,Lucknow Super Giants,29.0,181.25,5.909090909090909,79.59415584415585,11,7.8,6.5,0.0,1.0,2.0,0.4,0.4,6.619685758845689,-6.619685758845689,6.619685758845689
1529281,2026-04-26,2026,1,Kolkata Knight Riders,Lucknow Super Giants,C Green,34,21,0,3,161.9047619047619,Lucknow Super Giants,27.0,207.6923076923077,24.82857142857143,135.76576672752182,35,28.4,25.9,21.5,4.0,1.0,3.0,1.2,25.370636457655824,8.629363542344176,8.629363542344176
1529281,2026-04-26,2026,2,Lucknow Super Giants,Kolkata Knight Riders,GF Linde,8,4,2,0,200.0,Kolkata Knight Riders,7.0,100.0,11.5,130.0,2,11.5,11.5,0.0,1.0,0.0,2.0,0.0,11.362257772839882,-3.3622577728398824,3.3622577728398824
1529281,2026-04-26,2026,2,Lucknow Super Giants,Kolkata Knight Riders,Himmat Singh,19,8,2,1,237.5,Kolkata Knight Riders,15.0,100.0,8.0,100.0,2,8.0,8.0,0.0,0.0,1.0,0.0,0.5,7.7373697397792425,11.262630260220757,11.262630260220757
1529281,2026-04-26,2026,2,Lucknow Super Giants,Kolkata Knight Riders,MD Choudhary,1,2,0,0,50.0,Kolkata Knight Riders,7.0,233.33333333333334,22.142857142857142,141.7132307468442,7,27.8,22.142857142857142,54.0,0.0,1.0,1.4,2.4,19.58483947444925,-18.58483947444925,18.58483947444925
1529281,2026-04-26,2026,2,Lucknow Super Giants,Kolkata Knight Riders,MR Marsh,2,3,0,0,66.66666666666666,Kolkata Knight Riders,55.0,134.14634146341464,26.821428571428573,118.37476262391952,56,32.2,45.9,19.333333333333332,6.0,2.0,2.8,1.6,26.522111425795632,-24.522111425795632,24.522111425795632
1529281,2026-04-26,2026,2,Lucknow Super Giants,Kolkata Knight Riders,Mohammed Shami,11,6,1,1,183.33333333333331,Kolkata Knight Riders,6.0,150.0,3.25,81.45833333333333,32,4.0,3.5,1.8333333333333333,0.0,1.0,0.2,0.4,4.26802954235575,6.73197045764425,6.73197045764425
1529281,2026-04-26,2026,2,Lucknow Super Giants,Kolkata Knight Riders,N Pooran,9,12,0,1,75.0,Kolkata Knight Riders,22.0,88.0,24.905263157894737,140.4919287597333,95,12.8,18.7,26.416666666666668,3.0,0.0,0.8,0.6,27.56925496219861,-18.56925496219861,18.56925496219861
1529281,2026-04-26,2026,3,Lucknow Super Giants,Kolkata Knight Riders,N Pooran,0,1,0,0,0.0,Kolkata Knight Riders,9.0,75.0,24.739583333333332,139.80972116848608,96,12.0,15.1,25.076923076923077,0.0,1.0,0.8,0.6,12.370957395532358,-12.370957395532358,12.370957395532358
1529281,2026-04-26,2026,2,Lucknow Super Giants,Kolkata Knight Riders,Prince Yadav,0,1,0,0,0.0,Kolkata Knight Riders,1.0,100.0,2.5,72.22222222222223,2,2.5,2.5,0.0,0.0,0.0,0.0,0.0,4.864681853659562,-4.864681853659562,4.864681853659562
1529281,2026-04-26,2026,1,Kolkata Knight Riders,Lucknow Super Giants,R Powell,1,4,0,0,25.0,Lucknow Super Giants,23.0,114.99999999999999,17.962962962962962,121.26758952739345,27,25.0,19.1,19.5,2.0,1.0,2.0,1.4,20.339012218305527,-19.339012218305527,19.339012218305527
1529281,2026-04-26,2026,1,Kolkata Knight Riders,Lucknow Super Giants,RK Singh,83,51,7,5,162.7450980392157,Lucknow Super Giants,53.0,155.88235294117646,21.596491228070175,138.15772411646213,57,19.8,20.5,28.5,5.0,2.0,1.8,0.6,18.67550902710757,64.32449097289243,64.32449097289243
1529281,2026-04-26,2026,4,Kolkata Knight Riders,Lucknow Super Giants,RK Singh,4,1,1,0,400.0,Lucknow Super Giants,83.0,162.7450980392157,22.655172413793103,138.5816443565096,58,29.4,25.2,36.285714285714285,7.0,5.0,2.4,1.4,22.58302663399101,-18.58302663399101,18.58302663399101
1529281,2026-04-26,2026,2,Lucknow Super Giants,Kolkata Knight Riders,RR Pant,42,38,4,1,110.5263157894737,Kolkata Knight Riders,0.0,0.0,27.917293233082706,129.7253152139964,133,14.4,28.8,22.27777777777778,0.0,0.0,0.8,1.0,30.635096483397927,11.364903516602073,11.364903516602073
1529281,2026-04-26,2026,3,Lucknow Super Giants,Kolkata Knight Riders,RR Pant,1,1,0,0,100.0,Kolkata Knight Riders,42.0,110.5263157894737,28.02238805970149,129.58203909888803,134,20.8,32.3,23.31578947368421,4.0,1.0,1.4,1.2,8.367859832845486,-7.367859832845486,7.367859832845486
1529281,2026-04-26,2026,1,Kolkata Knight Riders,Lucknow Super Giants,Ramandeep Singh,6,11,0,0,54.54545454545454,Lucknow Super Giants,10.0,76.92307692307693,11.72,146.15832404310666,25,15.2,9.5,13.0,1.0,0.0,1.6,0.4,13.511944654419285,-7.511944654419285,7.511944654419285
1529281,2026-04-26,2026,1,Kolkata Knight Riders,Lucknow Super Giants,SP Narine,4,6,0,0,66.66666666666666,Lucknow Super Giants,0.0,0.0,15.008264462809917,126.25244781934711,121,18.6,15.7,26.833333333333332,0.0,0.0,1.8,1.6,17.73411930284799,-13.73411930284799,13.73411930284799
1529281,2026-04-26,2026,1,Kolkata Knight Riders,Lucknow Super Giants,TL Seifert,0,3,0,0,0.0,Lucknow Super Giants,0.0,0.0,9.0,79.14285714285714,5,9.0,9.0,0.0,0.0,0.0,1.2,0.2,13.17794882819058,-13.17794882819058,13.17794882819058
1529282,2026-04-27,2026,1,Delhi Capitals,Royal Challengers Bengaluru,AR Patel,0,3,0,0,0.0,Royal Challengers Bengaluru,2.0,66.66666666666666,15.2109375,126.37484189381007,128,6.2,15.4,28.25,0.0,0.0,0.6,0.0,14.532287621962578,-14.532287621962578,14.532287621962578
1529282,2026-04-27,2026,1,Delhi Capitals,Royal Challengers Bengaluru,Abishek Porel,30,33,3,0,90.9090909090909,Royal Challengers Bengaluru,6.0,66.66666666666666,22.79310344827586,137.182418620537,29,15.2,23.4,12.333333333333334,0.0,0.0,1.0,1.0,20.159031022200608,9.840968977799392,9.840968977799392
1529282,2026-04-27,2026,2,Royal Challengers Bengaluru,Delhi Capitals,D Padikkal,34,13,3,3,261.53846153846155,Delhi Capitals,55.0,203.70370370370372,25.175,110.72309129434068,80,29.4,33.6,19.5,2.0,6.0,2.4,1.8,24.295262800274394,9.704737199725606,9.704737199725606
1529282,2026-04-27,2026,1,Delhi Capitals,Royal Challengers Bengaluru,DA Miller,19,18,3,0,105.55555555555556,Royal Challengers Bengaluru,3.0,100.0,22.72142857142857,125.16807275463823,140,16.6,16.0,26.0,0.0,0.0,1.0,1.2,24.747392476769992,-5.747392476769992,5.747392476769992
1529282,2026-04-27,2026,2,Royal Challengers Bengaluru,Delhi Capitals,JG Bethell,20,11,1,2,181.8181818181818,Delhi Capitals,14.0,140.0,27.0,168.88888888888889,3,27.0,27.0,12.0,3.0,0.0,4.0,1.0,19.938084828083486,0.061915171916513856,0.061915171916513856
1529282,2026-04-27,2026,1,Delhi Capitals,Royal Challengers Bengaluru,KA Jamieson,12,13,1,1,92.3076923076923,Royal Challengers Bengaluru,0.0,0.0,7.222222222222222,101.13312613312614,9,4.4,7.222222222222222,0.0,0.0,0.0,0.2,0.2,7.7689275538797995,4.2310724461202005,4.2310724461202005
1529282,2026-04-27,2026,1,Delhi Capitals,Royal Challengers Bengaluru,KL Rahul,1,3,0,0,33.33333333333333,Royal Challengers Bengaluru,152.0,230.3030303030303,38.56551724137931,127.02564518734776,145,71.2,51.5,52.75,16.0,9.0,7.2,3.8,28.340214210659052,-27.340214210659052,27.340214210659052
1529282,2026-04-27,2026,1,Delhi Capitals,Royal Challengers Bengaluru,Kuldeep Yadav,3,11,0,0,27.27272727272727,Royal Challengers Bengaluru,1.0,50.0,5.175,85.0043810034135,40,2.8,3.5,6.0,0.0,0.0,0.0,0.0,5.443437178714277,-2.4434371787142766,2.4434371787142766
1529282,2026-04-27,2026,1,Delhi Capitals,Royal Challengers Bengaluru,N Rana,1,9,0,0,11.11111111111111,Royal Challengers Bengaluru,91.0,206.81818181818184,25.82051282051282,122.73453542476784,117,33.6,26.8,16.0,11.0,4.0,4.2,1.6,24.592341579430432,-23.592341579430432,23.592341579430432
1529282,2026-04-27,2026,1,Delhi Capitals,Royal Challengers Bengaluru,PVD Chameera,0,3,0,0,0.0,Royal Challengers Bengaluru,8.0,80.0,5.3,91.07142857142857,10,4.2,5.3,0.0,0.0,0.0,0.2,0.2,6.6448303292201905,-6.6448303292201905,6.6448303292201905
1529282,2026-04-27,2026,1,Delhi Capitals,Royal Challengers Bengaluru,SU Parakh,0,2,0,0,0.0,Royal Challengers Bengaluru,0.0,0.0,0.0,0.0,0,0.0,0.0,0.0,0.0,0.0,0.0,0.0,8.822923571902892,-8.822923571902892,8.822923571902892
1529282,2026-04-27,2026,1,Delhi Capitals,Royal Challengers Bengaluru,Sameer Rizvi,0,1,0,0,0.0,Royal Challengers Bengaluru,41.0,146.42857142857142,25.4,114.27121660875265,15,27.8,33.0,2.0,2.0,2.0,2.0,1.8,23.739575771175012,-23.739575771175012,23.739575771175012
1529282,2026-04-27,2026,1,Delhi Capitals,Royal Challengers Bengaluru,T Stubbs,5,3,1,0,166.66666666666669,Royal Challengers Bengaluru,27.0,168.75,24.513513513513512,148.08150840402524,37,31.4,27.8,33.75,3.0,1.0,2.2,1.0,22.6995481416021,-17.6995481416021,17.6995481416021
1529282,2026-04-27,2026,2,Royal Challengers Bengaluru,Delhi Capitals,V Kohli,23,15,1,2,153.33333333333334,Delhi Capitals,81.0,184.0909090909091,33.57835820895522,121.06769841467806,268,46.2,43.7,29.846153846153847,8.0,4.0,5.8,1.2,25.168098312845345,-2.168098312845345,2.168098312845345
1529283,2026-04-28,2026,1,Punjab Kings,Rajasthan Royals,C Connolly,30,14,2,3,214.28571428571428,Rajasthan Royals,17.0,170.0,40.0,154.58811719681285,6,33.6,40.0,0.0,1.0,1.0,3.4,2.0,17.62913907587082,12.370860924129179,12.370860924129179
1529283,2026-04-28,2026,2,Rajasthan Royals,Punjab Kings,D Ferreira,52,26,6,3,200.0,Punjab Kings,33.0,206.25,17.375,94.47891746411483,8,26.0,17.375,7.0,3.0,3.0,2.6,1.4,19.049077976173624,32.95092202382638,32.95092202382638
1529283,2026-04-28,2026,2,Rajasthan Royals,Punjab Kings,Dhruv Jurel,16,20,0,1,80.0,Punjab Kings,51.0,145.7142857142857,21.209302325581394,125.69255870255049,43,27.4,31.6,19.0,8.0,1.0,3.2,0.8,25.01068081518399,-9.010680815183989,9.010680815183989
1529283,2026-04-28,2026,1,Punjab Kings,Rajasthan Royals,MP Stoinis,62,22,4,6,281.8181818181818,Rajasthan Royals,29.0,181.25,20.135922330097088,127.94643805987488,103,10.8,14.2,16.307692307692307,2.0,2.0,1.2,0.6,22.04108687136272,39.95891312863728,39.95891312863728
1529283,2026-04-28,2026,1,Punjab Kings,Rajasthan Royals,P Simran Singh,59,44,6,1,134.0909090909091,Rajasthan Royals,76.0,304.0,28.310344827586206,135.81094066581508,58,50.0,35.0,19.333333333333332,9.0,5.0,6.0,2.4,28.06172777867269,30.93827222132731,30.93827222132731
1529283,2026-04-28,2026,1,Punjab Kings,Rajasthan Royals,Priyansh Arya,29,11,5,1,263.6363636363636,Rajasthan Royals,43.0,252.94117647058823,33.291666666666664,171.4539076606106,24,49.4,36.7,4.5,2.0,5.0,3.2,4.8,23.501728784171817,5.498271215828183,5.498271215828183
1529283,2026-04-28,2026,2,Rajasthan Royals,Punjab Kings,R Parag,29,15,2,2,193.33333333333334,Punjab Kings,7.0,77.77777777777779,20.469135802469136,128.4350021902285,81,9.2,10.4,21.77777777777778,0.0,0.0,0.8,0.2,20.2010471963904,8.798952803609598,8.798952803609598
1529283,2026-04-28,2026,2,Rajasthan Royals,Punjab Kings,SB Dubey,31,12,3,2,258.33333333333337,Punjab Kings,19.0,172.72727272727272,13.166666666666666,139.94949494949495,12,15.6,12.5,7.0,3.0,0.0,1.4,0.8,13.089723249458972,17.91027675054103,17.91027675054103
1529283,2026-04-28,2026,1,Punjab Kings,Rajasthan Royals,SS Iyer,30,27,1,1,111.11111111111111,Rajasthan Royals,71.0,197.22222222222223,29.08695652173913,120.14528533644251,138,52.2,39.5,31.23076923076923,3.0,7.0,3.4,3.8,25.127418825013354,4.872581174986646,4.872581174986646
1529283,2026-04-28,2026,1,Punjab Kings,Rajasthan Royals,Suryansh Shedge,3,2,0,0,150.0,Rajasthan Royals,1.0,33.33333333333333,2.3333333333333335,61.11111111111111,3,2.3333333333333335,2.3333333333333335,2.0,0.0,0.0,0.0,0.0,4.796023374588182,-1.7960233745881817,1.7960233745881817
1529283,2026-04-28,2026,2,Rajasthan Royals,Punjab Kings,V Suryavanshi,43,16,3,5,268.75,Punjab Kings,103.0,278.3783783783784,40.6,185.73212285402687,15,47.0,45.4,40.0,5.0,12.0,4.2,4.2,20.581062378030676,22.418937621969324,22.418937621969324
1529283,2026-04-28,2026,2,Rajasthan Royals,Punjab Kings,YBK Jaiswal,51,27,7,1,188.88888888888889,Punjab Kings,10.0,125.0,32.71621621621622,135.1393994489269,74,17.0,34.1,42.25,2.0,0.0,2.0,0.8,29.504971658957547,21.495028341042453,21.495028341042453
1529284,2026-04-29,2026,2,Sunrisers Hyderabad,Mumbai Indians,Abhishek Sharma,45,24,4,3,187.5,Mumbai Indians,57.0,196.55172413793102,26.78048780487805,141.08205505900872,82,65.0,44.6,17.636363636363637,11.0,1.0,6.4,4.6,29.850472687990703,15.149527312009297,15.149527312009297
1529284,2026-04-29,2026,2,Sunrisers Hyderabad,Mumbai Indians,H Klaasen,65,30,7,4,216.66666666666666,Mumbai Indians,29.0,120.83333333333333,34.509433962264154,161.0104018352525,53,40.8,47.8,34.857142857142854,3.0,1.0,2.8,2.0,21.780625666395352,43.21937433360465,43.21937433360465
1529284,2026-04-29,2026,1,Mumbai Indians,Sunrisers Hyderabad,HH Pandya,31,15,2,2,206.66666666666669,Sunrisers Hyderabad,1.0,50.0,19.161073825503355,140.0303461826953,149,15.8,16.3,14.125,0.0,0.0,1.8,0.4,21.203116701259503,9.796883298740497,9.796883298740497
1529284,2026-04-29,2026,2,Sunrisers Hyderabad,Mumbai Indians,Ishan Kishan,0,1,0,0,0.0,Mumbai Indians,74.0,238.70967741935485,27.583333333333332,118.88017528706293,120,43.4,43.5,15.5,11.0,3.0,4.8,2.2,25.426819664827605,-25.426819664827605,25.426819664827605
1529284,2026-04-29,2026,1,Mumbai Indians,Sunrisers Hyderabad,Naman Dhir,22,17,3,0,129.41176470588235,Sunrisers Hyderabad,0.0,0.0,21.0,153.005092962809,26,24.2,22.0,10.0,0.0,0.0,2.4,1.0,18.577114083743087,3.422885916256913,3.422885916256913
1529284,2026-04-29,2026,2,Sunrisers Hyderabad,Mumbai Indians,Nithish Kumar Reddy,21,17,3,0,123.52941176470588,Mumbai Indians,36.0,200.0,22.655172413793103,126.30891523690711,29,26.4,20.2,13.666666666666666,2.0,3.0,1.0,2.6,19.40427385908427,1.5957261409157297,1.5957261409157297
1529284,2026-04-29,2026,1,Mumbai Indians,Sunrisers Hyderabad,R Minz,1,1,0,0,100.0,Sunrisers Hyderabad,3.0,50.0,3.0,41.666666666666664,2,3.0,3.0,0.0,0.0,0.0,0.0,0.0,8.130505302144876,-7.130505302144876,7.130505302144876
1529284,2026-04-29,2026,1,Mumbai Indians,Sunrisers Hyderabad,RD Rickelton,123,55,10,8,223.63636363636363,Sunrisers Hyderabad,2.0,25.0,27.63157894736842,143.42858581396558,19,27.4,31.0,21.0,0.0,0.0,1.8,2.4,21.575431751509484,101.42456824849052,101.42456824849052
1529284,2026-04-29,2026,2,Sunrisers Hyderabad,Mumbai Indians,S Arora,30,10,2,3,300.0,Mumbai Indians,8.0,266.66666666666663,10.5,137.01923076923075,6,10.8,10.5,0.0,0.0,1.0,0.8,0.8,15.204143012892768,14.795856987107232,14.795856987107232
1529284,2026-04-29,2026,1,Mumbai Indians,Sunrisers Hyderabad,SA Yadav,5,5,1,0,100.0,Sunrisers Hyderabad,36.0,120.0,28.10062893081761,138.05838259659146,159,18.0,29.1,26.31578947368421,5.0,0.0,2.2,0.4,25.61341383205894,-20.61341383205894,20.61341383205894
1529284,2026-04-29,2026,2,Sunrisers Hyderabad,Mumbai Indians,TM Head,76,30,4,8,253.33333333333331,Mumbai Indians,6.0,120.0,29.6,136.21404637813896,45,24.4,27.9,31.166666666666668,0.0,1.0,2.6,1.0,25.940976154026497,50.0590238459735,50.0590238459735
1529284,2026-04-29,2026,1,Mumbai Indians,Sunrisers Hyderabad,Tilak Varma,7,5,0,1,140.0,Sunrisers Hyderabad,37.0,127.58620689655173,28.96551724137931,136.32608261565056,58,32.2,25.1,28.166666666666668,5.0,0.0,3.4,1.4,25.463911986057887,-18.463911986057887,18.463911986057887
1529284,2026-04-29,2026,1,Mumbai Indians,Sunrisers Hyderabad,WG Jacks,46,22,5,3,209.0909090909091,Sunrisers Hyderabad,17.0,212.5,24.36842105263158,137.14425242985402,19,28.4,22.2,17.75,2.0,1.0,3.0,1.4,21.11146439230109,24.88853560769891,24.88853560769891
1529285,2026-04-30,2026,1,Royal Challengers Bengaluru,Gujarat Titans,B Kumar,15,15,2,0,100.0,Gujarat Titans,3.0,150.0,4.5479452054794525,85.02874218627643,73,4.8,2.6,14.0,0.0,0.0,0.4,0.0,5.580471691429691,9.41952830857031,9.41952830857031
1529285,2026-04-30,2026,2,Gujarat Titans,Royal Challengers Bengaluru,B Sai Sudharsan,6,5,1,0,120.0,Royal Challengers Bengaluru,87.0,189.1304347826087,44.0625,138.25120806164594,48,44.8,44.3,59.75,4.0,7.0,3.8,2.8,27.26059540654661,-21.26059540654661,21.26059540654661
1529285,2026-04-30,2026,1,Royal Challengers Bengaluru,Gujarat Titans,D Padikkal,40,24,5,2,166.66666666666669,Gujarat Titans,34.0,261.53846153846155,25.28395061728395,112.58500944550268,81,26.2,30.9,16.75,3.0,3.0,2.0,2.0,25.090549884109116,14.909450115890884,14.909450115890884
1529285,2026-04-30,2026,2,Gujarat Titans,Royal Challengers Bengaluru,JC Buttler,39,19,2,4,205.26315789473685,Royal Challengers Bengaluru,39.0,130.0,34.3046875,130.31966112826512,128,30.8,30.8,66.0,4.0,1.0,4.0,0.8,28.754497732507396,10.245502267492604,10.245502267492604
1529285,2026-04-30,2026,1,Royal Challengers Bengaluru,Gujarat Titans,JG Bethell,5,5,1,0,100.0,Gujarat Titans,20.0,181.8181818181818,25.25,172.12121212121212,4,25.25,25.25,14.0,1.0,2.0,3.25,1.25,20.073947590385792,-15.073947590385792,15.073947590385792
1529285,2026-04-30,2026,1,Royal Challengers Bengaluru,Gujarat Titans,JM Sharma,1,3,0,0,33.33333333333333,Gujarat Titans,10.0,166.66666666666669,19.867924528301888,143.62399232856066,53,12.4,20.2,20.0,1.0,1.0,1.0,0.6,19.02632181728893,-18.02632181728893,18.02632181728893
1529285,2026-04-30,2026,2,Gujarat Titans,Royal Challengers Bengaluru,JO Holder,12,10,0,1,120.0,Royal Challengers Bengaluru,23.0,229.99999999999997,10.071428571428571,114.1449495359594,28,7.2,7.7,23.0,1.0,2.0,0.2,0.6,10.65331555088864,1.3466844491113594,1.3466844491113594
1529285,2026-04-30,2026,1,Royal Challengers Bengaluru,Gujarat Titans,JR Hazlewood,0,1,0,0,0.0,Gujarat Titans,0.0,0.0,2.7142857142857144,57.467532467532465,7,1.8,2.7142857142857144,0.0,0.0,0.0,0.2,0.0,4.1985010969258125,-4.1985010969258125,4.1985010969258125
1529285,2026-04-30,2026,1,Royal Challengers Bengaluru,Gujarat Titans,KH Pandya,4,4,1,0,100.0,Gujarat Titans,23.0,191.66666666666669,15.316239316239317,120.05368132362366,117,9.6,14.5,11.285714285714286,3.0,1.0,1.0,0.4,12.601025867754904,-8.601025867754904,8.601025867754904
1529285,2026-04-30,2026,2,Gujarat Titans,Royal Challengers Bengaluru,M Shahrukh Khan,8,8,1,0,100.0,Royal Challengers Bengaluru,17.0,130.76923076923077,14.75,157.7173675574574,52,9.6,14.1,47.5,1.0,1.0,0.4,0.6,11.428293922701894,-3.4282939227018936,3.4282939227018936
1529285,2026-04-30,2026,1,Royal Challengers Bengaluru,Gujarat Titans,R Shepherd,17,15,0,2,113.33333333333333,Gujarat Titans,1.0,25.0,14.0,147.22680097680097,16,11.2,11.2,0.0,0.0,0.0,0.8,0.6,12.376433849554706,4.623566150445294,4.623566150445294
1529285,2026-04-30,2026,2,Gujarat Titans,Royal Challengers Bengaluru,R Tewatia,27,17,4,0,158.8235294117647,Royal Challengers Bengaluru,8.0,72.72727272727273,14.158536585365853,134.7926816448127,82,7.6,9.2,35.0,1.0,0.0,0.6,0.2,12.53010027372438,14.46989972627562,14.46989972627562
1529285,2026-04-30,2026,1,Royal Challengers Bengaluru,Gujarat Titans,RM Patidar,19,15,2,1,126.66666666666666,Gujarat Titans,8.0,160.0,29.977777777777778,149.55237892714507,45,31.8,29.3,18.5,0.0,1.0,1.8,2.8,23.01112845325782,-4.011128453257822,4.011128453257822
1529285,2026-04-30,2026,2,Gujarat Titans,Royal Challengers Bengaluru,Rashid Khan,7,6,1,0,116.66666666666667,Royal Challengers Bengaluru,4.0,66.66666666666666,8.884057971014492,118.70626454865585,69,8.0,6.2,18.0,0.0,0.0,0.8,0.2,7.943108690346197,-0.9431086903461967,0.9431086903461967
1529285,2026-04-30,2026,2,Gujarat Titans,Royal Challengers Bengaluru,Shubman Gill,43,18,4,3,238.88888888888889,Royal Challengers Bengaluru,33.0,143.47826086956522,34.67768595041322,125.62557970124924,121,44.2,37.9,16.0,1.0,3.0,4.0,1.8,29.623848766532696,13.376151233467304,13.376151233467304
1529285,2026-04-30,2026,1,Royal Challengers Bengaluru,Gujarat Titans,TH David,9,6,0,1,150.0,Gujarat Titans,10.0,111.11111111111111,20.176470588235293,158.46401195882163,51,19.4,20.5,14.857142857142858,0.0,1.0,1.6,1.2,18.922792981651433,-9.922792981651433,9.922792981651433
1529285,2026-04-30,2026,1,Royal Challengers Bengaluru,Gujarat Titans,V Kohli,28,13,5,1,215.3846153846154,Gujarat Titans,23.0,153.33333333333334,33.53903345724907,121.1876450128887,269,44.4,40.6,61.714285714285715,1.0,2.0,4.6,1.6,31.908482724466303,-3.908482724466303,3.908482724466303
1529285,2026-04-30,2026,1,Royal Challengers Bengaluru,Gujarat Titans,VR Iyer,12,15,1,0,80.0,Gujarat Titans,29.0,193.33333333333334,26.263157894736842,126.30787545367629,57,20.4,27.4,31.25,1.0,2.0,1.6,0.6,24.794393209784086,-12.794393209784086,12.794393209784086
1529285,2026-04-30,2026,2,Gujarat Titans,Royal Challengers Bengaluru,Washington Sundar,12,12,0,1,100.0,Royal Challengers Bengaluru,1.0,100.0,13.098039215686274,116.13841385153866,51,16.0,22.6,19.0,0.0,0.0,1.8,0.4,17.720916742278614,-5.7209167422786145,5.7209167422786145
1529286,2026-05-01,2026,2,Delhi Capitals,Rajasthan Royals,Ashutosh Sharma,25,14,4,0,178.57142857142858,Rajasthan Royals,14.0,140.0,21.3,142.7470697018285,20,19.8,17.1,21.0,2.0,0.0,1.2,1.4,20.17735156759459,4.822648432405408,4.822648432405408
1529286,2026-05-01,2026,1,Rajasthan Royals,Delhi Capitals,D Ferreira,47,14,2,6,335.7142857142857,Delhi Capitals,52.0,200.0,21.22222222222222,106.2034821903243,9,36.2,21.22222222222222,1.0,6.0,3.0,3.8,2.0,23.054262175572777,23.945737824427223,23.945737824427223
1529286,2026-05-01,2026,1,Rajasthan Royals,Delhi Capitals,Dhruv Jurel,42,30,4,1,140.0,Delhi Capitals,16.0,80.0,21.09090909090909,124.6540914593107,44,14.4,27.9,18.0,0.0,1.0,1.6,0.4,21.50685005337627,20.49314994662373,20.49314994662373
1529286,2026-05-01,2026,1,Rajasthan Royals,Delhi Capitals,JC Archer,1,1,0,0,100.0,Delhi Capitals,2.0,100.0,8.088235294117647,121.29127408539173,34,5.0,7.5,1.5,0.0,0.0,0.4,0.0,9.259987363153652,-8.259987363153652,8.259987363153652
1529286,2026-05-01,2026,2,Delhi Capitals,Rajasthan Royals,KL Rahul,75,40,6,5,187.5,Rajasthan Royals,1.0,33.33333333333333,38.30821917808219,126.38391702396409,146,53.0,40.4,42.111111111111114,0.0,0.0,5.0,3.0,39.179678298935634,35.820321701064366,35.820321701064366
1529286,2026-05-01,2026,2,Delhi Capitals,Rajasthan Royals,N Rana,33,17,3,2,194.11764705882354,Rajasthan Royals,1.0,11.11111111111111,25.610169491525422,121.78857420177076,118,30.8,21.8,20.363636363636363,0.0,0.0,3.8,1.4,27.766523868677705,5.233476131322295,5.233476131322295
1529286,2026-05-01,2026,2,Delhi Capitals,Rajasthan Royals,P Nissanka,62,33,6,3,187.87878787878788,Rajasthan Royals,11.0,157.14285714285714,21.0,123.47711811997524,7,20.4,21.0,0.0,2.0,0.0,2.6,0.8,17.52882396015272,44.47117603984728,44.47117603984728
1529286,2026-05-01,2026,1,Rajasthan Royals,Delhi Capitals,R Parag,90,50,8,5,180.0,Delhi Capitals,29.0,193.33333333333334,20.573170731707318,129.22644525294925,82,14.4,12.0,18.0,2.0,2.0,1.2,0.6,18.946051893132147,71.05394810686785,71.05394810686785
1529286,2026-05-01,2026,1,Rajasthan Royals,Delhi Capitals,RA Jadeja,20,14,1,1,142.85714285714286,Delhi Capitals,4.0,133.33333333333331,16.96,130.91219261061386,200,25.0,25.0,17.88888888888889,1.0,0.0,2.0,0.2,18.48536621030465,1.514633789695349,1.514633789695349
1529286,2026-05-01,2026,1,Rajasthan Royals,Delhi Capitals,SB Dubey,6,6,1,0,100.0,Delhi Capitals,31.0,258.33333333333337,14.538461538461538,149.05594405594405,13,19.4,15.6,25.0,3.0,2.0,1.8,1.0,14.863583997263971,-8.863583997263971,8.863583997263971
1529286,2026-05-01,2026,2,Delhi Capitals,Rajasthan Royals,T Stubbs,18,11,1,1,163.63636363636365,Rajasthan Royals,5.0,166.66666666666669,24.0,148.5705915162,38,31.8,24.2,31.25,1.0,0.0,2.4,1.0,24.98487218956098,-6.984872189560981,6.984872189560981
1529286,2026-05-01,2026,1,Rajasthan Royals,Delhi Capitals,V Suryavanshi,4,2,1,0,200.0,Delhi Capitals,43.0,268.75,40.75,190.9207401756502,16,40.0,45.7,0.0,3.0,5.0,3.2,3.8,19.06887949392879,-15.06887949392879,15.06887949392879
1529286,2026-05-01,2026,1,Rajasthan Royals,Delhi Capitals,YBK Jaiswal,6,3,0,1,200.0,Delhi Capitals,51.0,188.88888888888889,32.96,135.85605930812636,75,24.6,34.2,25.428571428571427,7.0,1.0,3.4,0.6,32.880872907361805,-26.880872907361805,26.880872907361805
1529287,2026-05-02,2026,1,Mumbai Indians,Chennai Super Kings,HH Pandya,18,23,2,0,78.26086956521739,Chennai Super Kings,31.0,206.66666666666669,19.24,140.47458831925508,150,20.2,19.1,12.411764705882353,2.0,2.0,1.8,0.8,21.430418807003157,-3.430418807003157,3.430418807003157
1529287,2026-05-02,2026,2,Chennai Super Kings,Mumbai Indians,Kartik Sharma,54,40,4,3,135.0,Mumbai Indians,15.0,166.66666666666669,11.6,122.94736842105263,5,11.6,11.6,18.0,3.0,0.0,0.6,0.8,11.812378497987162,42.18762150201284,42.18762150201284
1529287,2026-05-02,2026,1,Mumbai Indians,Chennai Super Kings,Krish Bhagat,3,6,0,0,50.0,Chennai Super Kings,7.0,46.666666666666664,7.0,46.666666666666664,1,7.0,7.0,7.0,0.0,0.0,0.0,0.0,14.309416651453379,-11.309416651453379,11.309416651453379
1529287,2026-05-02,2026,1,Mumbai Indians,Chennai Super Kings,Naman Dhir,57,37,4,3,154.05405405405406,Chennai Super Kings,22.0,129.41176470588235,21.037037037037038,152.13126599033023,27,23.6,22.2,8.5,3.0,0.0,2.4,0.8,19.727381745565328,37.272618254434676,37.272618254434676
1529287,2026-05-02,2026,1,Mumbai Indians,Chennai Super Kings,R Minz,5,3,1,0,166.66666666666669,Chennai Super Kings,1.0,100.0,2.3333333333333335,61.11111111111111,3,2.3333333333333335,2.3333333333333335,3.0,0.0,0.0,0.0,0.0,4.506850416026397,0.49314958397360265,0.49314958397360265
1529287,2026-05-02,2026,2,Chennai Super Kings,Mumbai Indians,RD Gaikwad,67,48,5,2,139.58333333333331,Mumbai Indians,74.0,123.33333333333334,34.35897435897436,113.00372575383808,78,27.4,18.4,31.3,6.0,4.0,2.8,1.0,27.1157764077969,39.8842235922031,39.8842235922031
1529287,2026-05-02,2026,1,Mumbai Indians,Chennai Super Kings,RD Rickelton,37,24,0,5,154.16666666666669,Chennai Super Kings,123.0,223.63636363636363,32.4,147.43897470508549,20,35.8,37.5,18.5,10.0,8.0,3.0,2.4,25.75286480463751,11.247135195362489,11.247135195362489
1529287,2026-05-02,2026,1,Mumbai Indians,Chennai Super Kings,SA Yadav,21,12,3,1,175.0,Chennai Super Kings,5.0,100.0,27.95625,137.82051770536276,160,17.8,23.9,26.27777777777778,1.0,0.0,2.4,0.2,27.05789798711589,-6.05789798711589,6.05789798711589
1529287,2026-05-02,2026,2,Chennai Super Kings,Mumbai Indians,SV Samson,11,9,2,0,122.22222222222223,Mumbai Indians,11.0,73.33333333333333,27.977653631284916,120.69153569101802,179,56.4,36.5,29.25,2.0,0.0,6.2,2.8,23.321685974331597,-12.321685974331597,12.321685974331597
1529287,2026-05-02,2026,1,Mumbai Indians,Chennai Super Kings,TA Boult,7,2,0,1,350.0,Chennai Super Kings,1.0,50.0,3.44,78.65295815295815,25,3.0,3.3,2.0,0.0,0.0,0.4,0.0,2.7959854181933017,4.204014581806698,4.204014581806698
1529287,2026-05-02,2026,1,Mumbai Indians,Chennai Super Kings,Tilak Varma,5,8,0,0,62.5,Chennai Super Kings,7.0,140.0,28.593220338983052,136.38835240182598,59,30.8,25.7,34.333333333333336,0.0,1.0,3.0,1.6,26.19888335219607,-21.19888335219607,21.19888335219607
1529287,2026-05-02,2026,2,Chennai Super Kings,Mumbai Indians,Urvil Patel,24,12,2,2,200.0,Mumbai Indians,4.0,133.33333333333331,18.0,152.47208931419456,4,18.0,18.0,0.0,1.0,0.0,1.5,1.5,16.57722843754487,7.422771562455129,7.422771562455129
1529287,2026-05-02,2026,1,Mumbai Indians,Chennai Super Kings,WG Jacks,1,5,0,0,20.0,Chennai Super Kings,46.0,209.0909090909091,25.45,140.74158526290677,20,33.2,25.2,11.0,5.0,3.0,3.6,1.8,22.533684432257598,-21.533684432257598,21.533684432257598
1529288,2026-05-03,2026,2,Kolkata Knight Riders,Sunrisers Hyderabad,A Raghuvanshi,59,47,5,2,125.53191489361701,Sunrisers Hyderabad,9.0,112.5,25.846153846153847,138.12278692679448,26,19.8,22.4,38.666666666666664,1.0,0.0,2.4,0.6,22.08800302176924,36.91199697823076,36.91199697823076
1529288,2026-05-03,2026,2,Kolkata Knight Riders,Sunrisers Hyderabad,AM Rahane,43,36,4,1,119.44444444444444,Sunrisers Hyderabad,10.0,66.66666666666666,27.19371727748691,107.35336220895648,191,15.8,22.5,23.434782608695652,0.0,1.0,0.8,1.0,28.962149995400555,14.037850004599445,14.037850004599445
1529288,2026-05-03,2026,1,Sunrisers Hyderabad,Kolkata Knight Riders,Abhishek Sharma,15,10,1,1,150.0,Kolkata Knight Riders,45.0,187.5,27.0,141.64130740769536,83,59.2,45.7,17.833333333333332,4.0,3.0,6.2,3.6,28.40070176030422,-13.40070176030422,13.40070176030422
1529288,2026-05-03,2026,1,Sunrisers Hyderabad,Kolkata Knight Riders,Aniket Verma,6,8,1,0,75.0,Kolkata Knight Riders,1.0,100.0,16.263157894736842,151.87709737132073,19,5.8,11.6,6.333333333333333,0.0,0.0,0.4,0.2,13.235145238488666,-7.235145238488666,7.235145238488666
1529288,2026-05-03,2026,2,Kolkata Knight Riders,Sunrisers Hyderabad,C Green,3,3,0,0,100.0,Sunrisers Hyderabad,34.0,161.9047619047619,25.083333333333332,136.4918499268896,36,34.4,26.1,50.75,0.0,3.0,2.8,1.8,24.80351000408866,-21.80351000408866,21.80351000408866
1529288,2026-05-03,2026,1,Sunrisers Hyderabad,Kolkata Knight Riders,E Malinga,2,6,0,0,33.33333333333333,Kolkata Knight Riders,0.0,0.0,0.0,0.0,0,0.0,0.0,0.0,0.0,0.0,0.0,0.0,11.502835017401486,-9.502835017401486,9.502835017401486
1529288,2026-05-03,2026,2,Kolkata Knight Riders,Sunrisers Hyderabad,FH Allen,29,13,3,2,223.0769230769231,Sunrisers Hyderabad,1.0,33.33333333333333,16.2,169.83893557422968,5,16.2,16.2,28.0,0.0,0.0,2.6,0.8,16.836352521010234,12.163647478989766,12.163647478989766
1529288,2026-05-03,2026,1,Sunrisers Hyderabad,Kolkata Knight Riders,H Klaasen,11,8,1,1,137.5,Kolkata Knight Riders,65.0,216.66666666666666,35.074074074074076,162.04107340620462,54,46.0,51.9,41.22222222222222,7.0,4.0,4.0,2.6,24.328598418235384,-13.328598418235384,13.328598418235384
1529288,2026-05-03,2026,1,Sunrisers Hyderabad,Kolkata Knight Riders,HV Patel,6,5,1,0,120.0,Kolkata Knight Riders,4.0,200.0,6.372093023255814,100.30532471024947,43,2.6,3.8,7.428571428571429,1.0,0.0,0.2,0.0,7.793666656228409,-1.7936666562284094,1.7936666562284094
1529288,2026-05-03,2026,1,Sunrisers Hyderabad,Kolkata Knight Riders,Ishan Kishan,42,29,4,2,144.82758620689654,Kolkata Knight Riders,0.0,0.0,27.355371900826448,117.89769449956654,121,38.0,34.1,25.166666666666668,0.0,0.0,4.2,2.0,29.236956043508556,12.763043956491444,12.763043956491444
1529288,2026-05-03,2026,1,Sunrisers Hyderabad,Kolkata Knight Riders,PJ Cummins,10,8,0,1,125.0,Kolkata Knight Riders,13.0,216.66666666666666,12.75,131.62561408570502,48,12.6,12.1,14.2,0.0,1.0,0.8,0.8,13.046426838206852,-3.046426838206852,3.046426838206852
1529288,2026-05-03,2026,1,Sunrisers Hyderabad,Kolkata Knight Riders,R Smaran,4,4,1,0,100.0,Kolkata Knight Riders,0.0,0.0,0.0,0.0,0,0.0,0.0,0.0,0.0,0.0,0.0,0.0,11.502835017401486,-7.502835017401486,7.502835017401486
1529288,2026-05-03,2026,2,Kolkata Knight Riders,Sunrisers Hyderabad,RK Singh,22,11,2,1,200.0,Sunrisers Hyderabad,4.0,400.0,22.338983050847457,143.01246394368744,59,29.4,23.7,29.75,1.0,0.0,2.6,1.4,23.59249755630184,-1.59249755630184,1.59249755630184
1529288,2026-05-03,2026,1,Sunrisers Hyderabad,Kolkata Knight Riders,S Arora,2,6,0,0,33.33333333333333,Kolkata Knight Riders,30.0,300.0,13.285714285714286,160.30219780219778,7,16.8,13.285714285714286,0.0,2.0,3.0,1.2,1.4,10.223666222558492,-8.223666222558492,8.223666222558492
1529288,2026-05-03,2026,1,Sunrisers Hyderabad,Kolkata Knight Riders,Shivang Kumar,1,2,0,0,50.0,Kolkata Knight Riders,12.0,150.0,7.0,158.33333333333334,3,7.0,7.0,4.0,1.0,1.0,1.0,0.3333333333333333,13.767466567401307,-12.767466567401307,12.767466567401307
1529288,2026-05-03,2026,1,Sunrisers Hyderabad,Kolkata Knight Riders,TM Head,61,28,9,3,217.85714285714283,Kolkata Knight Riders,76.0,253.33333333333331,30.608695652173914,138.76011783368668,46,32.0,33.8,33.5,4.0,8.0,2.4,2.4,24.31886635471314,36.68113364528686,36.68113364528686
1529289,2026-05-03,2026,2,Gujarat Titans,Punjab Kings,Arshad Khan,8,5,1,0,160.0,Punjab Kings,20.0,142.85714285714286,11.9,94.36147186147187,10,4.6,11.9,1.0,0.0,3.0,0.0,0.6,13.312000652644738,-5.312000652644738,5.312000652644738
1529289,2026-05-03,2026,1,Punjab Kings,Gujarat Titans,Arshdeep Singh,1,1,0,0,100.0,Gujarat Titans,1.0,100.0,2.3846153846153846,63.303167420814475,13,2.0,2.9,10.0,0.0,0.0,0.2,0.0,3.784334557402495,-2.784334557402495,2.784334557402495
1529289,2026-05-03,2026,2,Gujarat Titans,Punjab Kings,B Sai Sudharsan,57,41,5,1,139.02439024390242,Punjab Kings,6.0,120.0,43.285714285714285,137.8787344277348,49,43.0,40.8,38.57142857142857,1.0,0.0,3.4,2.8,32.343762160078676,24.656237839921324,24.656237839921324
1529289,2026-05-03,2026,1,Punjab Kings,Gujarat Titans,C Connolly,0,1,0,0,0.0,Gujarat Titans,30.0,214.28571428571428,38.57142857142857,163.1163453523702,7,32.4,38.57142857142857,72.0,2.0,3.0,2.6,2.6,18.410182780940513,-18.410182780940513,18.410182780940513
1529289,2026-05-03,2026,2,Gujarat Titans,Punjab Kings,JC Buttler,26,22,1,2,118.18181818181819,Punjab Kings,39.0,205.26315789473685,34.34108527131783,130.90061846754008,129,26.6,31.4,27.666666666666668,2.0,4.0,2.2,1.6,30.812625781624888,-4.812625781624888,4.812625781624888
1529289,2026-05-03,2026,2,Gujarat Titans,Punjab Kings,JO Holder,5,7,0,0,71.42857142857143,Punjab Kings,12.0,120.0,10.137931034482758,114.34684782782287,29,9.4,7.3,19.666666666666668,0.0,1.0,0.2,0.8,9.150700477799054,-4.150700477799054,4.150700477799054
1529289,2026-05-03,2026,1,Punjab Kings,Gujarat Titans,M Jansen,20,11,1,1,181.8181818181818,Gujarat Titans,1.0,100.0,6.863636363636363,89.73078357049648,22,3.4,8.5,6.666666666666667,0.0,0.0,0.2,0.2,7.4053797399868,12.594620260013201,12.594620260013201
1529289,2026-05-03,2026,1,Punjab Kings,Gujarat Titans,MP Stoinis,40,31,5,1,129.03225806451613,Gujarat Titans,62.0,281.8181818181818,20.53846153846154,129.42597405755092,104,22.0,20.3,14.0,4.0,6.0,2.0,1.6,20.855193860554273,19.144806139445727,19.144806139445727
1529289,2026-05-03,2026,2,Gujarat Titans,Punjab Kings,N Sindhu,15,11,0,1,136.36363636363635,Punjab Kings,0.0,0.0,0.0,0.0,0,0.0,0.0,0.0,0.0,0.0,0.0,0.0,11.441637290412489,3.558362709587511,3.558362709587511
1529289,2026-05-03,2026,1,Punjab Kings,Gujarat Titans,N Wadhera,0,6,0,0,0.0,Gujarat Titans,25.0,166.66666666666669,21.77777777777778,132.15409714087818,36,13.0,15.4,15.5,3.0,1.0,0.8,0.8,19.236334077839366,-19.236334077839366,19.236334077839366
1529289,2026-05-03,2026,1,Punjab Kings,Gujarat Titans,P Simran Singh,15,14,2,0,107.14285714285714,Gujarat Titans,59.0,134.0909090909091,28.83050847457627,135.7817875882743,59,53.2,39.6,22.4,6.0,1.0,6.0,2.4,26.361720558810532,-11.361720558810532,11.361720558810532
1529289,2026-05-03,2026,1,Punjab Kings,Gujarat Titans,Priyansh Arya,2,2,0,0,100.0,Gujarat Titans,29.0,263.6363636363636,33.12,175.1412058996407,25,47.4,33.4,27.0,5.0,1.0,3.6,4.2,22.04540713642655,-20.04540713642655,20.04540713642655
1529289,2026-05-03,2026,2,Gujarat Titans,Punjab Kings,R Tewatia,2,6,0,0,33.33333333333333,Punjab Kings,27.0,158.8235294117647,14.313253012048193,135.0822099311615,83,10.6,10.8,12.11111111111111,4.0,0.0,1.2,0.0,19.467852874065237,-17.467852874065237,17.467852874065237
1529289,2026-05-03,2026,1,Punjab Kings,Gujarat Titans,SS Iyer,19,21,3,0,90.47619047619048,Gujarat Titans,30.0,111.11111111111111,29.093525179856115,120.08029127726748,139,48.2,39.9,42.333333333333336,1.0,1.0,2.8,3.4,28.97354512246967,-9.97354512246967,9.97354512246967
1529289,2026-05-03,2026,2,Gujarat Titans,Punjab Kings,Shubman Gill,5,4,1,0,125.0,Punjab Kings,43.0,238.88888888888889,34.74590163934426,126.55396748147578,122,41.6,38.7,42.666666666666664,4.0,3.0,3.6,2.2,27.853095766407503,-22.853095766407503,22.853095766407503
1529289,2026-05-03,2026,1,Punjab Kings,Gujarat Titans,Suryansh Shedge,57,29,3,5,196.55172413793102,Gujarat Titans,3.0,150.0,2.5,83.33333333333333,4,2.5,2.5,0.0,0.0,0.0,0.0,0.0,4.208993300213954,52.791006699786045,52.791006699786045
1529289,2026-05-03,2026,1,Punjab Kings,Gujarat Titans,Vijaykumar Vyshak,1,3,0,0,33.33333333333333,Gujarat Titans,1.0,50.0,3.5,53.125,4,3.5,3.5,0.0,0.0,0.0,0.0,0.25,5.711070184633299,-4.711070184633299,4.711070184633299
1529289,2026-05-03,2026,2,Gujarat Titans,Punjab Kings,Washington Sundar,40,23,5,1,173.91304347826087,Punjab Kings,12.0,100.0,13.076923076923077,115.82805973900908,52,14.2,21.7,21.5,0.0,1.0,1.4,0.4,17.79378087795186,22.20621912204814,22.20621912204814
1529289,2026-05-03,2026,1,Punjab Kings,Gujarat Titans,XC Bartlett,0,1,0,0,0.0,Gujarat Titans,11.0,220.00000000000003,11.0,146.66666666666669,2,11.0,11.0,11.0,0.0,1.0,0.5,0.5,12.982540000794792,-12.982540000794792,12.982540000794792
1529290,2026-05-04,2026,1,Lucknow Super Giants,Mumbai Indians,AK Markram,31,24,1,1,129.16666666666669,Mumbai Indians,0.0,0.0,25.515625,120.25804567376913,64,17.0,22.9,26.142857142857142,0.0,0.0,1.0,1.0,27.285240329212776,3.714759670787224,3.714759670787224
1529290,2026-05-04,2026,1,Lucknow Super Giants,Mumbai Indians,Akshat Raghuwanshi,11,7,0,1,157.14285714285714,Mumbai Indians,0.0,0.0,0.0,0.0,0,0.0,0.0,0.0,0.0,0.0,0.0,0.0,16.586830057102706,-5.586830057102706,5.586830057102706
1529290,2026-05-04,2026,1,Lucknow Super Giants,Mumbai Indians,Himmat Singh,40,29,2,2,137.93103448275863,Mumbai Indians,19.0,237.5,11.666666666666666,145.83333333333334,3,11.666666666666666,11.666666666666666,0.0,2.0,1.0,0.6666666666666666,0.6666666666666666,11.724372162723853,28.275627837276147,28.275627837276147
1529290,2026-05-04,2026,1,Lucknow Super Giants,Mumbai Indians,JP Inglis,13,5,3,0,260.0,Mumbai Indians,39.0,169.56521739130434,25.272727272727273,148.3663821259729,11,37.2,27.6,55.5,1.0,4.0,3.6,2.2,21.225281586140717,-8.225281586140717,8.225281586140717
1529290,2026-05-04,2026,1,Lucknow Super Giants,Mumbai Indians,MR Marsh,44,24,4,3,183.33333333333331,Mumbai Indians,2.0,66.66666666666666,26.385964912280702,117.46760304572211,57,29.6,39.6,33.0,0.0,0.0,2.6,1.4,29.186362121396595,14.813637878603405,14.813637878603405
1529290,2026-05-04,2026,1,Lucknow Super Giants,Mumbai Indians,N Pooran,63,21,1,8,300.0,Mumbai Indians,0.0,0.0,24.484536082474225,138.3683838368522,97,8.2,9.5,22.181818181818183,0.0,0.0,0.8,0.2,22.343112961042472,40.65688703895753,40.65688703895753
1529290,2026-05-04,2026,2,Mumbai Indians,Lucknow Super Giants,Naman Dhir,23,12,3,1,191.66666666666669,Lucknow Super Giants,57.0,154.05405405405406,22.321428571428573,152.19993699260607,28,34.8,27.0,44.333333333333336,4.0,3.0,3.2,1.4,20.85914153981905,2.140858460180951,2.140858460180951
1529290,2026-05-04,2026,2,Mumbai Indians,Lucknow Super Giants,RD Rickelton,83,32,6,8,259.375,Lucknow Super Giants,37.0,154.16666666666669,32.61904761904762,147.75934098897028,21,41.4,35.1,34.0,0.0,5.0,2.6,3.4,22.664925939320053,60.33507406067994,60.33507406067994
1529290,2026-05-04,2026,2,Mumbai Indians,Lucknow Super Giants,RG Sharma,84,44,6,7,190.9090909090909,Lucknow Super Giants,19.0,146.15384615384613,26.512915129151292,114.47185116211298,271,29.0,31.5,25.285714285714285,2.0,1.0,2.8,1.6,25.080831187588238,58.91916881241176,58.91916881241176
1529290,2026-05-04,2026,1,Lucknow Super Giants,Mumbai Indians,RR Pant,15,10,1,1,150.0,Mumbai Indians,1.0,100.0,27.822222222222223,129.3629128833407,135,17.4,30.8,22.666666666666668,0.0,0.0,1.0,1.0,28.91698083867609,-13.91698083867609,13.91698083867609
1529290,2026-05-04,2026,2,Mumbai Indians,Lucknow Super Giants,SA Yadav,12,7,2,0,171.42857142857142,Lucknow Super Giants,21.0,175.0,27.91304347826087,138.05144616682014,161,15.4,22.7,26.875,3.0,1.0,2.0,0.4,26.05193839005177,-14.05193839005177,14.05193839005177
1529290,2026-05-04,2026,2,Mumbai Indians,Lucknow Super Giants,Tilak Varma,11,13,0,0,84.61538461538461,Lucknow Super Giants,5.0,62.5,28.2,135.15687986179555,60,31.6,23.7,21.333333333333332,0.0,0.0,3.0,1.6,26.050635982739642,-15.050635982739642,15.050635982739642
1529290,2026-05-04,2026,2,Mumbai Indians,Lucknow Super Giants,WG Jacks,10,4,0,1,250.0,Lucknow Super Giants,1.0,20.0,24.285714285714285,134.99198596467312,21,27.6,24.8,17.0,0.0,0.0,3.0,1.6,20.95088602392119,-10.95088602392119,10.95088602392119
1529291,2026-05-05,2026,1,Delhi Capitals,Chennai Super Kings,AR Patel,2,6,0,0,33.33333333333333,Chennai Super Kings,0.0,0.0,15.093023255813954,125.39519195664876,129,6.2,12.0,11.25,0.0,0.0,0.6,0.0,13.36194241098865,-11.36194241098865,11.36194241098865
1529291,2026-05-05,2026,1,Delhi Capitals,Chennai Super Kings,Ashutosh Sharma,14,5,0,2,280.0,Chennai Super Kings,25.0,178.57142857142858,21.476190476190474,144.45299155276183,21,23.4,19.5,7.666666666666667,4.0,0.0,2.0,1.2,18.149635967685725,-4.149635967685725,4.149635967685725
1529291,2026-05-05,2026,1,Delhi Capitals,Chennai Super Kings,KK Nair,13,13,2,0,100.0,Chennai Super Kings,5.0,100.0,22.064935064935064,111.79575199051777,77,13.6,21.6,20.4,1.0,0.0,1.8,0.4,21.659060691765724,-8.659060691765724,8.659060691765724
1529291,2026-05-05,2026,1,Delhi Capitals,Chennai Super Kings,KL Rahul,12,13,2,0,92.3076923076923,Chennai Super Kings,75.0,187.5,38.5578231292517,126.79967269046773,147,64.4,46.8,40.5,6.0,5.0,5.8,3.8,22.8644136904573,-10.864413690457301,10.864413690457301
1529291,2026-05-05,2026,2,Chennai Super Kings,Delhi Capitals,Kartik Sharma,41,31,4,2,132.25806451612902,Delhi Capitals,54.0,135.0,18.666666666666668,124.95614035087719,6,18.8,18.666666666666668,0.0,4.0,3.0,1.4,1.2,19.805735389800013,21.194264610199987,21.194264610199987
1529291,2026-05-05,2026,1,Delhi Capitals,Chennai Super Kings,N Rana,15,13,2,0,115.38461538461537,Chennai Super Kings,33.0,194.11764705882354,25.672268907563026,122.39638153670397,119,37.4,24.3,30.416666666666668,3.0,2.0,4.4,1.8,28.04882752602975,-13.04882752602975,13.04882752602975
1529291,2026-05-05,2026,1,Delhi Capitals,Chennai Super Kings,P Nissanka,19,15,3,1,126.66666666666666,Chennai Super Kings,62.0,187.87878787878788,26.125,131.52732683982683,8,24.6,26.125,41.0,6.0,3.0,2.6,1.2,22.64358645039807,-3.6435864503980717,3.6435864503980717
1529291,2026-05-05,2026,2,Chennai Super Kings,Delhi Capitals,RD Gaikwad,6,13,1,0,46.15384615384615,Delhi Capitals,67.0,139.58333333333331,34.77215189873418,113.34017648269246,79,37.8,24.6,25.8,5.0,2.0,3.6,1.4,26.990360903475334,-20.990360903475334,20.990360903475334
1529291,2026-05-05,2026,2,Chennai Super Kings,Delhi Capitals,SV Samson,87,52,7,6,167.30769230769232,Delhi Capitals,11.0,122.22222222222223,27.883333333333333,120.70003950508027,180,35.6,35.6,34.0,2.0,0.0,3.6,2.0,25.86882779779033,61.13117220220967,61.13117220220967
1529291,2026-05-05,2026,1,Delhi Capitals,Chennai Super Kings,Sameer Rizvi,40,24,0,4,166.66666666666669,Chennai Super Kings,0.0,0.0,23.8125,107.12926557070561,16,9.8,32.6,13.0,0.0,0.0,0.6,0.4,23.408656881127992,16.591343118872008,16.591343118872008
1529291,2026-05-05,2026,1,Delhi Capitals,Chennai Super Kings,T Stubbs,38,31,1,2,122.58064516129032,Chennai Super Kings,18.0,163.63636363636365,23.846153846153847,148.95689336543498,39,34.0,23.9,18.166666666666668,1.0,1.0,2.6,1.2,20.797280673159786,17.202719326840214,17.202719326840214
1529291,2026-05-05,2026,2,Chennai Super Kings,Delhi Capitals,Urvil Patel,17,9,0,2,188.88888888888889,Delhi Capitals,24.0,200.0,19.2,161.97767145135566,5,19.2,19.2,0.0,2.0,2.0,1.6,1.6,14.611781124106743,2.3882188758932568,2.3882188758932568
1529292,2026-05-06,2026,1,Sunrisers Hyderabad,Punjab Kings,Abhishek Sharma,35,13,2,4,269.2307692307692,Punjab Kings,15.0,150.0,26.857142857142858,141.74081565284183,84,62.2,44.0,61.833333333333336,1.0,1.0,6.4,3.8,31.417457533499384,3.582542466500616,3.582542466500616
1529292,2026-05-06,2026,2,Punjab Kings,Sunrisers Hyderabad,C Connolly,107,58,7,8,184.48275862068965,Sunrisers Hyderabad,0.0,0.0,33.75,142.7268021833239,8,30.2,33.75,11.0,0.0,0.0,2.4,2.6,24.975704423958884,82.02429557604111,82.02429557604111
1529292,2026-05-06,2026,1,Sunrisers Hyderabad,Punjab Kings,H Klaasen,69,43,3,4,160.46511627906978,Punjab Kings,11.0,137.5,34.63636363636363,161.59487207154635,55,40.2,42.5,27.75,1.0,1.0,4.0,2.2,23.335765522322113,45.66423447767789,45.66423447767789
1529292,2026-05-06,2026,1,Sunrisers Hyderabad,Punjab Kings,Ishan Kishan,55,32,2,4,171.875,Punjab Kings,42.0,144.82758620689654,27.475409836065573,118.11843131683973,122,28.2,35.4,18.428571428571427,4.0,2.0,3.4,1.2,27.95491387478991,27.04508612521009,27.04508612521009
1529292,2026-05-06,2026,2,Punjab Kings,Sunrisers Hyderabad,M Jansen,19,16,0,1,118.75,Sunrisers Hyderabad,20.0,181.8181818181818,7.434782608695652,93.7345834943089,23,6.8,10.2,5.0,1.0,1.0,0.4,0.4,7.203312063089466,11.796687936910534,11.796687936910534
1529292,2026-05-06,2026,2,Punjab Kings,Sunrisers Hyderabad,MP Stoinis,28,13,3,2,215.3846153846154,Sunrisers Hyderabad,40.0,129.03225806451613,20.723809523809525,129.4222243814268,105,30.0,22.8,17.875,5.0,1.0,3.0,1.8,22.337527172285032,5.662472827714968,5.662472827714968
1529292,2026-05-06,2026,1,Sunrisers Hyderabad,Punjab Kings,Nithish Kumar Reddy,29,13,2,2,223.0769230769231,Punjab Kings,21.0,123.52941176470588,22.6,126.21626512116707,30,19.4,20.2,33.666666666666664,3.0,0.0,1.0,1.6,20.42213810330395,8.57786189669605,8.57786189669605
1529292,2026-05-06,2026,2,Punjab Kings,Sunrisers Hyderabad,P Simran Singh,3,4,0,0,75.0,Sunrisers Hyderabad,15.0,107.14285714285714,28.6,135.30447208085067,60,46.0,39.3,26.125,2.0,0.0,5.6,1.6,28.822574163239928,-25.822574163239928,25.822574163239928
1529292,2026-05-06,2026,2,Punjab Kings,Sunrisers Hyderabad,Priyansh Arya,1,3,0,0,33.33333333333333,Sunrisers Hyderabad,2.0,100.0,31.923076923076923,172.2511595188853,26,36.4,32.9,46.5,0.0,0.0,2.6,3.2,24.94641472002303,-23.94641472002303,23.94641472002303
1529292,2026-05-06,2026,2,Punjab Kings,Sunrisers Hyderabad,SS Iyer,5,5,1,0,100.0,Sunrisers Hyderabad,19.0,90.47619047619048,29.021428571428572,119.86883341440264,140,38.2,41.6,31.8,3.0,0.0,2.4,2.4,27.1204503849948,-22.1204503849948,22.1204503849948
1529292,2026-05-06,2026,2,Punjab Kings,Sunrisers Hyderabad,Shashank Singh,4,3,1,0,133.33333333333331,Sunrisers Hyderabad,19.0,190.0,22.18421052631579,144.77621612275888,38,14.0,20.6,16.5,2.0,1.0,1.2,0.8,19.39086828137923,-15.39086828137923,15.39086828137923
1529292,2026-05-06,2026,2,Punjab Kings,Sunrisers Hyderabad,Suryansh Shedge,25,17,1,2,147.05882352941177,Sunrisers Hyderabad,57.0,196.55172413793102,13.4,105.97701149425286,5,13.4,13.4,0.0,3.0,5.0,0.6,1.0,20.41406658472414,4.585933415275861,4.585933415275861
1529292,2026-05-06,2026,1,Sunrisers Hyderabad,Punjab Kings,TM Head,38,19,3,3,200.0,Punjab Kings,61.0,217.85714285714283,31.25531914893617,140.44303325971765,47,40.6,32.3,31.25,9.0,3.0,3.6,3.0,26.300428398294976,11.699571601705024,11.699571601705024
1529292,2026-05-06,2026,2,Punjab Kings,Sunrisers Hyderabad,Vijaykumar Vyshak,1,1,0,0,100.0,Sunrisers Hyderabad,1.0,33.33333333333333,3.0,49.166666666666664,5,3.0,3.0,1.0,0.0,0.0,0.0,0.2,5.028550266574016,-4.028550266574016,4.028550266574016
1529293,2026-05-07,2026,1,Lucknow Super Giants,Royal Challengers Bengaluru,AA Kulkarni,17,24,1,0,70.83333333333334,Royal Challengers Bengaluru,9.0,128.57142857142858,4.5,64.28571428571429,2,4.5,4.5,0.0,2.0,0.0,1.0,0.0,9.145269393454281,7.8547306065457185,7.8547306065457185
1529293,2026-05-07,2026,1,Lucknow Super Giants,Royal Challengers Bengaluru,AK Markram,1,1,0,0,100.0,Royal Challengers Bengaluru,31.0,129.16666666666669,25.6,120.39510138135218,65,20.8,22.4,17.0,1.0,1.0,1.2,1.0,27.06933512262375,-26.06933512262375,26.06933512262375
1529293,2026-05-07,2026,2,Royal Challengers Bengaluru,Lucknow Super Giants,D Padikkal,34,25,3,1,136.0,Lucknow Super Giants,40.0,166.66666666666669,25.463414634146343,113.24454185063883,82,31.4,29.9,26.0,5.0,2.0,2.4,2.4,25.454924707909065,8.545075292090935,8.545075292090935
1529293,2026-05-07,2026,2,Royal Challengers Bengaluru,Lucknow Super Giants,JG Bethell,4,5,1,0,80.0,Lucknow Super Giants,5.0,100.0,21.2,157.6969696969697,5,21.2,21.2,0.0,1.0,0.0,2.8,1.0,16.834111685960984,-12.834111685960984,12.834111685960984
1529293,2026-05-07,2026,2,Royal Challengers Bengaluru,Lucknow Super Giants,JM Sharma,1,3,0,0,33.33333333333333,Lucknow Super Giants,1.0,33.33333333333333,19.51851851851852,141.58157271753794,54,11.6,19.6,23.666666666666668,0.0,0.0,1.0,0.6,17.09325093242034,-16.09325093242034,16.09325093242034
1529293,2026-05-07,2026,2,Royal Challengers Bengaluru,Lucknow Super Giants,KH Pandya,28,16,2,2,175.0,Lucknow Super Giants,4.0,100.0,15.220338983050848,119.88373487172855,118,8.8,14.9,0.0,1.0,0.0,0.8,0.4,13.727104109733146,14.272895890266854,14.272895890266854
1529293,2026-05-07,2026,1,Lucknow Super Giants,Royal Challengers Bengaluru,MR Marsh,111,56,9,9,198.21428571428572,Royal Challengers Bengaluru,44.0,183.33333333333331,26.689655172413794,118.60321908516367,58,36.2,32.3,53.5,4.0,3.0,3.2,1.8,25.688309684888463,85.31169031511153,85.31169031511153
1529293,2026-05-07,2026,1,Lucknow Super Giants,Royal Challengers Bengaluru,N Pooran,38,23,4,1,165.2173913043478,Royal Challengers Bengaluru,63.0,300.0,24.877551020408163,140.0176860425986,98,20.6,14.5,18.0,1.0,8.0,1.0,1.8,27.06406732222182,10.93593267777818,10.93593267777818
1529293,2026-05-07,2026,2,Royal Challengers Bengaluru,Lucknow Super Giants,R Shepherd,23,15,3,1,153.33333333333334,Lucknow Super Giants,17.0,113.33333333333333,14.176470588235293,145.23306758600876,17,11.2,12.8,7.666666666666667,0.0,2.0,0.6,0.8,10.910515894454498,12.089484105545502,12.089484105545502
1529293,2026-05-07,2026,2,Royal Challengers Bengaluru,Lucknow Super Giants,RM Patidar,61,31,3,6,196.7741935483871,Lucknow Super Giants,19.0,126.66666666666666,29.73913043478261,149.05486344322162,46,23.0,29.8,45.5,2.0,1.0,1.4,2.2,21.81271214427798,39.18728785572202,39.18728785572202
1529293,2026-05-07,2026,1,Lucknow Super Giants,Royal Challengers Bengaluru,RR Pant,32,10,4,2,320.0,Royal Challengers Bengaluru,15.0,150.0,27.727941176470587,129.5146561709632,136,20.2,20.5,59.5,1.0,1.0,1.2,1.2,26.47890275323552,5.52109724676448,5.52109724676448
1529293,2026-05-07,2026,2,Royal Challengers Bengaluru,Lucknow Super Giants,TH David,40,17,4,3,235.29411764705884,Lucknow Super Giants,9.0,150.0,19.96153846153846,158.30124249807508,52,18.6,19.5,23.5,0.0,1.0,1.2,1.4,18.7880836293442,21.2119163706558,21.2119163706558
1529293,2026-05-07,2026,2,Royal Challengers Bengaluru,Lucknow Super Giants,V Kohli,0,2,0,0,0.0,Lucknow Super Giants,28.0,215.3846153846154,33.51851851851852,121.53652268093212,270,40.0,42.2,34.57142857142857,5.0,1.0,4.6,1.6,24.333749349444712,-24.333749349444712,24.333749349444712
1529294,2026-05-08,2026,2,Kolkata Knight Riders,Delhi Capitals,A Raghuvanshi,1,3,0,0,33.33333333333333,Delhi Capitals,59.0,125.53191489361701,27.074074074074073,137.65645833297307,27,22.6,28.2,49.0,5.0,2.0,2.4,0.6,23.457904009943704,-22.457904009943704,22.457904009943704
1529294,2026-05-08,2026,2,Kolkata Knight Riders,Delhi Capitals,AM Rahane,13,9,1,1,144.44444444444443,Delhi Capitals,43.0,119.44444444444444,27.276041666666668,107.41633659559966,192,16.2,22.0,34.5,4.0,1.0,0.8,0.8,26.452839781034967,-13.452839781034967,13.452839781034967
1529294,2026-05-08,2026,1,Delhi Capitals,Kolkata Knight Riders,AR Patel,11,22,0,0,50.0,Kolkata Knight Riders,2.0,33.33333333333333,14.992307692307692,124.68702381339249,130,6.2,10.7,11.38888888888889,0.0,0.0,0.6,0.0,13.082315151838351,-2.082315151838351,2.082315151838351
1529294,2026-05-08,2026,1,Delhi Capitals,Kolkata Knight Riders,Ashutosh Sharma,39,28,3,3,139.28571428571428,Kolkata Knight Riders,14.0,280.0,21.136363636363637,150.6142192094545,22,18.0,19.2,7.0,0.0,2.0,1.6,1.0,16.99785456922328,22.00214543077672,22.00214543077672
1529294,2026-05-08,2026,2,Kolkata Knight Riders,Delhi Capitals,C Green,33,27,0,2,122.22222222222223,Delhi Capitals,3.0,100.0,24.486486486486488,135.50558371264935,37,28.6,22.6,24.5,0.0,0.0,2.2,1.6,24.00900830117467,8.99099169882533,8.99099169882533
1529294,2026-05-08,2026,2,Kolkata Knight Riders,Delhi Capitals,FH Allen,100,47,5,10,212.7659574468085,Delhi Capitals,29.0,223.0769230769231,18.333333333333332,178.71193349134523,6,14.6,18.333333333333332,0.0,3.0,2.0,2.0,0.8,12.379650150694417,87.62034984930558,87.62034984930558
1529294,2026-05-08,2026,1,Delhi Capitals,Kolkata Knight Riders,KL Rahul,23,14,4,0,164.28571428571428,Kolkata Knight Riders,12.0,92.3076923076923,38.37837837837838,126.56661876896248,148,55.4,44.5,34.8,2.0,0.0,5.0,3.4,37.70561066167754,-14.70561066167754,14.70561066167754
1529294,2026-05-08,2026,1,Delhi Capitals,Kolkata Knight Riders,L Ngidi,1,1,0,0,100.0,Kolkata Knight Riders,0.0,0.0,1.0,25.0,3,1.0,1.0,0.0,0.0,0.0,0.0,0.0,4.496734455958568,-3.496734455958568,3.496734455958568
1529294,2026-05-08,2026,1,Delhi Capitals,Kolkata Knight Riders,MA Starc,0,2,0,0,0.0,Kolkata Knight Riders,1.0,100.0,5.285714285714286,87.02054734937454,21,1.2,1.5,6.0,0.0,0.0,0.0,0.0,6.078362544565744,-6.078362544565744,6.078362544565744
1529294,2026-05-08,2026,1,Delhi Capitals,Kolkata Knight Riders,N Rana,8,10,1,0,80.0,Kolkata Knight Riders,15.0,115.38461538461537,25.583333333333332,122.33795015210323,120,39.4,23.0,29.0,2.0,0.0,4.6,1.8,26.41197124405568,-18.41197124405568,18.41197124405568
1529294,2026-05-08,2026,1,Delhi Capitals,Kolkata Knight Riders,P Nissanka,50,29,5,3,172.41379310344826,Kolkata Knight Riders,19.0,126.66666666666666,25.333333333333332,130.9872534872535,9,20.2,25.333333333333332,0.0,3.0,1.0,2.2,1.0,23.615113803744762,26.384886196255238,26.384886196255238
1529294,2026-05-08,2026,1,Delhi Capitals,Kolkata Knight Riders,Sameer Rizvi,3,7,0,0,42.857142857142854,Kolkata Knight Riders,40.0,166.66666666666669,24.764705882352942,110.63146563517391,17,17.8,34.6,0.0,0.0,4.0,0.6,1.2,23.082275822597282,-20.082275822597282,20.082275822597282
1529294,2026-05-08,2026,1,Delhi Capitals,Kolkata Knight Riders,T Stubbs,2,4,0,0,50.0,Kolkata Knight Riders,38.0,122.58064516129032,24.2,148.29748716033137,40,29.6,27.5,19.666666666666668,1.0,2.0,2.0,1.0,21.699798359504126,-19.699798359504126,19.699798359504126
1529294,2026-05-08,2026,1,Delhi Capitals,Kolkata Knight Riders,V Nigam,3,3,0,0,100.0,Kolkata Knight Riders,12.0,171.42857142857142,17.11111111111111,151.36788048552754,9,20.0,17.11111111111111,38.0,2.0,0.0,2.4,1.0,14.919541702943237,-11.919541702943237,11.919541702943237
1529295,2026-05-09,2026,1,Gujarat Titans,Rajasthan Royals,B Sai Sudharsan,55,35,6,2,157.14285714285714,Rajasthan Royals,57.0,139.02439024390242,43.56,137.90164754405814,50,50.0,38.5,49.8,5.0,1.0,4.2,2.6,27.38827866520823,27.61172133479177,27.61172133479177
1529295,2026-05-09,2026,2,Rajasthan Royals,Gujarat Titans,Brijesh Sharma,1,1,0,0,100.0,Gujarat Titans,1.0,33.33333333333333,1.0,33.33333333333333,1,1.0,1.0,0.0,0.0,0.0,0.0,0.0,8.740094633718776,-7.740094633718776,7.740094633718776
1529295,2026-05-09,2026,2,Rajasthan Royals,Gujarat Titans,D Ferreira,4,2,1,0,200.0,Gujarat Titans,47.0,335.7142857142857,23.8,129.15456254272044,10,31.8,23.8,1.0,2.0,6.0,2.6,2.6,21.778886839461194,-17.778886839461194,17.778886839461194
1529295,2026-05-09,2026,2,Rajasthan Royals,Gujarat Titans,Dhruv Jurel,24,10,1,3,240.0,Gujarat Titans,42.0,140.0,21.555555555555557,124.9951116491038,45,22.8,29.0,26.75,4.0,1.0,2.4,0.6,19.134617352620467,4.865382647379533,4.865382647379533
1529295,2026-05-09,2026,2,Rajasthan Royals,Gujarat Titans,JC Archer,5,6,1,0,83.33333333333334,Gujarat Titans,1.0,100.0,7.885714285714286,120.68295196866626,35,2.8,6.0,2.5,0.0,0.0,0.2,0.0,10.437439555684254,-5.437439555684254,5.437439555684254
1529295,2026-05-09,2026,1,Gujarat Titans,Rajasthan Royals,JC Buttler,13,10,1,1,130.0,Rajasthan Royals,26.0,118.18181818181819,34.276923076923076,130.80278154226534,130,26.8,33.5,37.333333333333336,1.0,2.0,2.0,1.6,28.71765516227377,-15.717655162273768,15.717655162273768
1529295,2026-05-09,2026,1,Gujarat Titans,Rajasthan Royals,JO Holder,7,7,1,0,100.0,Rajasthan Royals,5.0,71.42857142857143,9.966666666666667,112.91623861451447,30,10.2,7.8,4.5,0.0,0.0,0.2,0.8,8.32200643894889,-1.3220064389488897,1.3220064389488897
1529295,2026-05-09,2026,2,Rajasthan Royals,Gujarat Titans,MD Shanaka,16,11,2,0,145.45454545454547,Gujarat Titans,17.0,106.25,8.666666666666666,78.27380952380953,3,8.666666666666666,8.666666666666666,0.0,1.0,1.0,0.6666666666666666,0.3333333333333333,11.558031487843815,4.441968512156185,4.441968512156185
1529295,2026-05-09,2026,1,Gujarat Titans,Rajasthan Royals,R Tewatia,14,4,0,2,350.0,Rajasthan Royals,2.0,33.33333333333333,14.166666666666666,133.87091378118734,84,10.8,10.8,13.6,0.0,0.0,1.2,0.0,12.162553746570458,1.8374462534295422,1.8374462534295422
1529295,2026-05-09,2026,2,Rajasthan Royals,Gujarat Titans,RA Jadeja,38,25,3,2,152.0,Gujarat Titans,20.0,142.85714285714286,16.975124378109452,130.97162022378066,201,24.2,19.3,14.125,1.0,1.0,2.0,0.4,17.861222919890853,20.138777080109147,20.138777080109147
1529295,2026-05-09,2026,2,Rajasthan Royals,Gujarat Titans,SB Dubey,15,14,1,1,107.14285714285714,Gujarat Titans,6.0,100.0,13.928571428571429,145.55194805194805,14,17.6,12.8,1.0,1.0,0.0,1.6,0.8,12.142232522962031,2.857767477037969,2.857767477037969
1529295,2026-05-09,2026,2,Rajasthan Royals,Gujarat Titans,SO Hetmyer,6,7,1,0,85.71428571428571,Gujarat Titans,11.0,110.00000000000001,18.352941176470587,135.35156640784777,85,10.8,12.4,23.75,1.0,0.0,0.6,0.2,18.241415577128276,-12.241415577128276,12.241415577128276
1529295,2026-05-09,2026,1,Gujarat Titans,Rajasthan Royals,Shubman Gill,84,44,9,3,190.9090909090909,Rajasthan Royals,5.0,125.0,34.50406504065041,126.54133359951257,123,25.4,37.9,35.333333333333336,1.0,0.0,2.2,1.4,30.355917185173677,53.64408281482632,53.64408281482632
1529295,2026-05-09,2026,2,Rajasthan Royals,Gujarat Titans,TU Deshpande,1,3,0,0,33.33333333333333,Gujarat Titans,25.0,227.27272727272728,5.888888888888889,98.09203142536475,9,6.4,5.888888888888889,3.0,0.0,3.0,0.0,0.6,9.167943602483842,-8.167943602483842,8.167943602483842
1529295,2026-05-09,2026,2,Rajasthan Royals,Gujarat Titans,V Suryavanshi,36,16,3,3,225.0,Gujarat Titans,4.0,200.0,38.588235294117645,191.4548142829649,17,40.8,40.4,66.0,1.0,0.0,3.4,3.8,21.3059303061871,14.6940696938129,14.6940696938129
1529295,2026-05-09,2026,1,Gujarat Titans,Rajasthan Royals,Washington Sundar,37,20,2,3,185.0,Rajasthan Royals,40.0,173.91304347826087,13.584905660377359,116.92400282842893,53,19.6,20.9,18.6,5.0,1.0,2.2,0.6,16.723162985529914,20.276837014470086,20.276837014470086
1529295,2026-05-09,2026,2,Rajasthan Royals,Gujarat Titans,YBK Jaiswal,3,4,0,0,75.0,Gujarat Titans,6.0,200.0,32.60526315789474,136.70005852775628,76,25.6,31.2,24.375,0.0,1.0,3.4,0.8,31.914963036206014,-28.914963036206014,28.914963036206014
1529296,2026-05-10,2026,1,Lucknow Super Giants,Chennai Super Kings,AK Markram,6,7,0,0,85.71428571428571,Chennai Super Kings,1.0,100.0,25.227272727272727,120.08608469375594,66,12.6,21.4,21.666666666666668,0.0,0.0,0.6,0.4,27.808188188606866,-21.808188188606866,21.808188188606866
1529296,2026-05-10,2026,1,Lucknow Super Giants,Chennai Super Kings,Akshat Raghuwanshi,18,18,1,0,100.0,Chennai Super Kings,11.0,157.14285714285714,11.0,157.14285714285714,1,11.0,11.0,0.0,0.0,1.0,0.0,1.0,12.075177442882364,5.924822557117636,5.924822557117636
1529296,2026-05-10,2026,2,Chennai Super Kings,Lucknow Super Giants,D Brevis,10,12,1,0,83.33333333333334,Lucknow Super Giants,2.0,22.22222222222222,25.95,119.72753622443909,20,24.2,28.9,19.0,0.0,0.0,1.8,1.8,24.112052881822926,-14.112052881822926,14.112052881822926
1529296,2026-05-10,2026,1,Lucknow Super Giants,Chennai Super Kings,Himmat Singh,17,12,1,1,141.66666666666669,Chennai Super Kings,40.0,137.93103448275863,18.75,143.85775862068965,4,18.75,18.75,0.0,2.0,2.0,1.0,1.0,16.854123414074248,0.1458765859257518,0.1458765859257518
1529296,2026-05-10,2026,1,Lucknow Super Giants,Chennai Super Kings,JP Inglis,85,32,10,6,265.625,Chennai Super Kings,13.0,260.0,24.25,157.66918361547516,12,33.4,27.5,6.0,3.0,0.0,3.6,1.8,21.79316556549984,63.20683443450016,63.20683443450016
1529296,2026-05-10,2026,2,Chennai Super Kings,Lucknow Super Giants,Kartik Sharma,20,20,1,0,100.0,Lucknow Super Giants,41.0,132.25806451612902,21.857142857142858,125.99927237448459,7,26.8,21.857142857142858,0.0,4.0,2.0,2.2,1.6,17.987847052413642,2.012152947586358,2.012152947586358
1529296,2026-05-10,2026,1,Lucknow Super Giants,Chennai Super Kings,MR Marsh,10,10,0,1,100.0,Chennai Super Kings,111.0,198.21428571428572,28.11864406779661,119.95255919752167,59,50.4,36.7,15.166666666666666,9.0,9.0,4.4,3.2,27.721685797341056,-17.721685797341056,17.721685797341056
1529296,2026-05-10,2026,1,Lucknow Super Giants,Chennai Super Kings,Mohammed Shami,0,1,0,0,0.0,Chennai Super Kings,11.0,183.33333333333331,3.484848484848485,84.54545454545455,33,6.0,4.1,5.0,1.0,1.0,0.4,0.6,5.3116581823467355,-5.3116581823467355,5.3116581823467355
1529296,2026-05-10,2026,1,Lucknow Super Giants,Chennai Super Kings,N Pooran,1,3,0,0,33.33333333333333,Chennai Super Kings,38.0,165.2173913043478,25.01010101010101,140.27222851999002,99,26.4,17.5,23.363636363636363,4.0,1.0,1.6,2.0,27.43657095526776,-26.43657095526776,26.43657095526776
1529296,2026-05-10,2026,2,Chennai Super Kings,Lucknow Super Giants,PR Veer,17,12,0,2,141.66666666666669,Lucknow Super Giants,43.0,148.27586206896552,24.5,116.99507389162562,2,24.5,24.5,0.0,6.0,1.0,3.5,0.5,20.145083751449988,-3.145083751449988,3.145083751449988
1529296,2026-05-10,2026,2,Chennai Super Kings,Lucknow Super Giants,RD Gaikwad,42,28,3,2,150.0,Lucknow Super Giants,6.0,46.15384615384615,34.4125,112.50034735358187,80,37.6,25.1,45.75,1.0,0.0,3.6,1.4,30.395053438042687,11.604946561957313,11.604946561957313
1529296,2026-05-10,2026,1,Lucknow Super Giants,Chennai Super Kings,RR Pant,15,12,2,0,125.0,Chennai Super Kings,32.0,320.0,27.759124087591243,130.9050601405182,137,18.0,23.0,36.5,4.0,2.0,1.8,0.8,24.192005592886055,-9.192005592886055,9.192005592886055
1529296,2026-05-10,2026,2,Chennai Super Kings,Lucknow Super Giants,S Dube,15,7,0,2,214.28571428571428,Lucknow Super Giants,22.0,129.41176470588235,24.204819277108435,131.90475362518617,83,16.2,20.6,37.6,3.0,1.0,1.4,0.6,23.80666580681395,-8.80666580681395,8.80666580681395
1529296,2026-05-10,2026,2,Chennai Super Kings,Lucknow Super Giants,SV Samson,28,14,3,2,200.0,Lucknow Super Giants,87.0,167.30769230769232,28.209944751381215,120.9575403492936,181,43.4,40.2,40.0,7.0,6.0,4.2,2.6,22.789113215074693,5.210886784925307,5.210886784925307
1529296,2026-05-10,2026,1,Lucknow Super Giants,Chennai Super Kings,Shahbaz Ahmed,43,25,3,3,172.0,Chennai Super Kings,15.0,93.75,14.35897435897436,111.96027592398991,39,10.0,16.9,15.8,1.0,0.0,0.4,0.4,15.976287299942696,27.023712700057303,27.023712700057303
1529296,2026-05-10,2026,2,Chennai Super Kings,Lucknow Super Giants,Urvil Patel,65,23,2,8,282.60869565217394,Lucknow Super Giants,17.0,188.88888888888889,18.833333333333332,166.46287435761118,6,16.4,18.833333333333332,0.0,0.0,2.0,1.4,1.2,14.866458821394275,50.133541178605725,50.133541178605725
1529297,2026-05-10,2026,2,Royal Challengers Bengaluru,Mumbai Indians,B Kumar,7,2,0,1,350.0,Mumbai Indians,15.0,100.0,4.6891891891891895,85.23105648105648,74,6.2,4.1,3.5,2.0,0.0,0.6,0.0,5.196878103977851,1.803121896022149,1.803121896022149
1529297,2026-05-10,2026,1,Mumbai Indians,Royal Challengers Bengaluru,C Bosch,5,5,0,0,100.0,Royal Challengers Bengaluru,11.0,275.0,19.333333333333332,199.24242424242425,3,19.333333333333332,19.333333333333332,0.0,2.0,0.0,1.6666666666666667,1.0,15.576118547838272,-10.576118547838272,10.576118547838272
1529297,2026-05-10,2026,2,Royal Challengers Bengaluru,Mumbai Indians,D Padikkal,12,11,1,1,109.09090909090908,Mumbai Indians,34.0,136.0,25.566265060240966,113.51870399701666,83,36.2,33.3,23.625,3.0,1.0,2.8,2.6,24.665631355177123,-12.665631355177123,12.665631355177123
1529297,2026-05-10,2026,1,Mumbai Indians,Royal Challengers Bengaluru,DL Chahar,1,2,0,0,50.0,Royal Challengers Bengaluru,6.0,120.0,7.235294117647059,94.2156862745098,17,8.6,5.2,0.0,1.0,0.0,0.8,0.4,7.87211658585582,-6.87211658585582,6.87211658585582
1529297,2026-05-10,2026,2,Royal Challengers Bengaluru,Mumbai Indians,JG Bethell,27,27,2,0,100.0,Mumbai Indians,4.0,80.0,18.333333333333332,144.74747474747474,6,19.6,18.333333333333332,0.0,1.0,0.0,2.8,0.8,16.63303098890278,10.366969011097218,10.366969011097218
1529297,2026-05-10,2026,2,Royal Challengers Bengaluru,Mumbai Indians,JM Sharma,18,12,1,2,150.0,Mumbai Indians,1.0,33.33333333333333,19.181818181818183,139.6134229105524,55,9.8,17.3,27.166666666666668,0.0,0.0,0.8,0.6,15.978204679141635,2.0217953208583648,2.0217953208583648
1529297,2026-05-10,2026,2,Royal Challengers Bengaluru,Mumbai Indians,KH Pandya,73,46,4,5,158.69565217391303,Mumbai Indians,28.0,175.0,15.327731092436975,120.34689676356277,119,13.6,17.2,12.0,2.0,2.0,1.2,0.8,15.879907671617824,57.12009232838218,57.12009232838218
1529297,2026-05-10,2026,1,Mumbai Indians,Royal Challengers Bengaluru,Naman Dhir,47,32,5,2,146.875,Royal Challengers Bengaluru,23.0,191.66666666666669,22.344827586206897,153.5608587055047,29,29.4,25.6,6.0,3.0,1.0,3.2,1.0,20.791873175546282,26.208126824453718,26.208126824453718
1529297,2026-05-10,2026,2,Royal Challengers Bengaluru,Mumbai Indians,R Shepherd,4,10,0,0,40.0,Mumbai Indians,23.0,153.33333333333334,14.666666666666666,145.68308234974901,18,11.4,15.0,2.0,3.0,1.0,0.8,0.8,10.378789731137424,-6.378789731137424,6.378789731137424
1529297,2026-05-10,2026,1,Mumbai Indians,Royal Challengers Bengaluru,RA Bawa,16,14,1,0,114.28571428571428,Royal Challengers Bengaluru,8.0,200.0,6.333333333333333,94.87179487179488,3,6.333333333333333,6.333333333333333,0.0,0.0,0.0,0.3333333333333333,0.0,9.10944562881873,6.8905543711812705,6.8905543711812705
1529297,2026-05-10,2026,1,Mumbai Indians,Royal Challengers Bengaluru,RD Rickelton,2,4,0,0,50.0,Royal Challengers Bengaluru,83.0,259.375,34.90909090909091,152.83278003492617,22,56.4,43.2,27.0,6.0,8.0,3.8,4.8,20.426489456910073,-18.426489456910073,18.426489456910073
1529297,2026-05-10,2026,1,Mumbai Indians,Royal Challengers Bengaluru,RG Sharma,22,10,2,2,220.00000000000003,Royal Challengers Bengaluru,84.0,190.9090909090909,26.72426470588235,114.75287042588863,272,44.2,34.6,24.666666666666668,6.0,7.0,3.8,3.0,22.591212908644902,-0.5912129086449021,0.5912129086449021
1529297,2026-05-10,2026,2,Royal Challengers Bengaluru,Mumbai Indians,RM Patidar,8,8,1,0,100.0,Mumbai Indians,61.0,196.7741935483871,30.404255319148938,150.0701683390762,47,24.6,34.4,43.75,3.0,6.0,1.2,2.4,21.009386558850284,-13.009386558850284,13.009386558850284
1529297,2026-05-10,2026,2,Royal Challengers Bengaluru,Mumbai Indians,Rasikh Salam,3,2,0,0,150.0,Mumbai Indians,10.0,83.33333333333334,6.666666666666667,120.83333333333333,6,7.0,6.666666666666667,0.0,1.0,0.0,1.0,0.0,9.890750775695636,-6.890750775695636,6.890750775695636
1529297,2026-05-10,2026,1,Mumbai Indians,Royal Challengers Bengaluru,SA Yadav,0,1,0,0,0.0,Royal Challengers Bengaluru,12.0,171.42857142857142,27.814814814814813,138.25747780423836,162,17.8,19.5,37.666666666666664,2.0,0.0,2.4,0.4,26.58621691412696,-26.58621691412696,26.58621691412696
1529297,2026-05-10,2026,2,Royal Challengers Bengaluru,Mumbai Indians,TH David,0,1,0,0,0.0,Mumbai Indians,40.0,235.29411764705884,20.339622641509433,159.75393825560306,53,19.8,23.3,17.5,4.0,3.0,1.6,1.4,17.668159907412612,-17.668159907412612,17.668159907412612
1529297,2026-05-10,2026,1,Mumbai Indians,Royal Challengers Bengaluru,Tilak Varma,57,42,3,2,135.71428571428572,Royal Challengers Bengaluru,11.0,84.61538461538461,27.918032786885245,134.32833075939539,61,32.2,20.4,24.333333333333332,0.0,0.0,2.6,1.6,27.87756915517101,29.12243084482899,29.12243084482899
1529297,2026-05-10,2026,2,Royal Challengers Bengaluru,Mumbai Indians,V Kohli,0,1,0,0,0.0,Mumbai Indians,0.0,0.0,33.39483394833948,121.08804842749696,271,30.2,37.9,27.914285714285715,0.0,0.0,3.4,1.4,31.7123006584996,-31.7123006584996,31.7123006584996
1529297,2026-05-10,2026,1,Mumbai Indians,Royal Challengers Bengaluru,WG Jacks,10,10,1,0,100.0,Royal Challengers Bengaluru,10.0,250.0,23.636363636363637,140.21962296627888,22,19.0,23.6,22.0,0.0,1.0,2.0,1.2,17.56771427897627,-7.567714278976268,7.567714278976268
1529298,2026-05-11,2026,2,Delhi Capitals,Punjab Kings,AR Patel,56,30,8,2,186.66666666666666,Punjab Kings,11.0,50.0,14.961832061068701,124.1168938606185,131,8.2,7.5,13.0,0.0,0.0,0.6,0.0,13.362293479043272,42.637706520956726,42.637706520956726
1529298,2026-05-11,2026,2,Delhi Capitals,Punjab Kings,Abishek Porel,5,6,1,0,83.33333333333334,Punjab Kings,30.0,90.9090909090909,23.033333333333335,135.6399743634888,30,15.6,25.7,32.0,3.0,0.0,1.2,0.6,21.819587044364965,-16.819587044364965,16.819587044364965
1529298,2026-05-11,2026,2,Delhi Capitals,Punjab Kings,Ashutosh Sharma,24,10,2,2,240.0,Punjab Kings,39.0,139.28571428571428,21.91304347826087,150.12167551711795,23,22.2,21.6,0.0,3.0,3.0,2.0,1.4,21.653962812116863,2.3460371878831374,2.3460371878831374
1529298,2026-05-11,2026,2,Delhi Capitals,Punjab Kings,Auqib Nabi,10,1,1,1,1000.0,Punjab Kings,4.0,200.0,4.0,200.0,1,4.0,4.0,0.0,1.0,0.0,1.0,0.0,7.907887044713299,2.0921129552867006,2.0921129552867006
1529298,2026-05-11,2026,1,Punjab Kings,Delhi Capitals,C Connolly,38,27,3,2,140.74074074074073,Delhi Capitals,107.0,184.48275862068965,41.888888888888886,147.3663528985868,9,48.2,41.888888888888886,17.0,7.0,8.0,3.6,3.8,20.511168526874176,17.488831473125824,17.488831473125824
1529298,2026-05-11,2026,2,Delhi Capitals,Punjab Kings,DA Miller,51,28,3,4,182.14285714285714,Punjab Kings,19.0,105.55555555555556,22.69503546099291,125.0289768879781,141,12.2,17.2,10.142857142857142,3.0,0.0,1.0,0.6,22.83906098366814,28.16093901633186,28.16093901633186
1529298,2026-05-11,2026,2,Delhi Capitals,Punjab Kings,KL Rahul,9,8,2,0,112.5,Punjab Kings,23.0,164.28571428571428,38.2751677852349,126.81976706102122,149,52.6,46.8,49.0,4.0,0.0,5.6,2.8,25.125065573480704,-16.125065573480704,16.125065573480704
1529298,2026-05-11,2026,2,Delhi Capitals,Punjab Kings,M Tiwari,18,8,2,1,225.0,Punjab Kings,3.0,75.0,3.0,75.0,1,3.0,3.0,0.0,0.0,0.0,0.0,0.0,7.603671247440365,10.396328752559635,10.396328752559635
1529298,2026-05-11,2026,1,Punjab Kings,Delhi Capitals,MP Stoinis,1,2,0,0,50.0,Delhi Capitals,28.0,215.3846153846154,20.79245283018868,130.23319033428706,106,33.8,21.2,19.0,3.0,2.0,3.2,2.2,23.277775654492203,-22.277775654492203,22.277775654492203
1529298,2026-05-11,2026,1,Punjab Kings,Delhi Capitals,P Simran Singh,18,14,3,0,128.57142857142858,Delhi Capitals,3.0,75.0,28.18032786885246,134.31587417788595,61,30.6,39.0,45.285714285714285,0.0,0.0,3.4,1.2,32.22464934773213,-14.224649347732132,14.224649347732132
1529298,2026-05-11,2026,1,Punjab Kings,Delhi Capitals,Priyansh Arya,56,32,2,6,175.0,Delhi Capitals,1.0,33.33333333333333,30.77777777777778,167.10605484534634,27,33.6,31.0,39.666666666666664,0.0,0.0,2.2,3.0,23.4889898831345,32.5110101168655,32.5110101168655
1529298,2026-05-11,2026,1,Punjab Kings,Delhi Capitals,SS Iyer,59,36,5,3,163.88888888888889,Delhi Capitals,5.0,100.0,28.851063829787233,119.72791970224375,141,26.0,33.4,45.166666666666664,1.0,0.0,1.6,1.6,24.827247837414046,34.17275216258595,34.17275216258595
1529298,2026-05-11,2026,2,Delhi Capitals,Punjab Kings,SU Parakh,13,6,1,1,216.66666666666666,Punjab Kings,0.0,0.0,0.0,0.0,1,0.0,0.0,0.0,0.0,0.0,0.0,0.0,9.028496496234421,3.971503503765579,3.971503503765579
1529298,2026-05-11,2026,1,Punjab Kings,Delhi Capitals,Shashank Singh,0,1,0,0,0.0,Delhi Capitals,4.0,133.33333333333331,21.71794871794872,144.48280887174795,39,14.0,15.1,10.0,1.0,0.0,1.4,0.8,20.27111768178165,-20.27111768178165,20.27111768178165
1529298,2026-05-11,2026,1,Punjab Kings,Delhi Capitals,Suryansh Shedge,21,8,2,2,262.5,Delhi Capitals,25.0,147.05882352941177,15.333333333333334,112.82398016677935,6,18.0,15.333333333333334,0.0,1.0,2.0,0.8,1.4,16.78621237362144,4.213787626378561,4.213787626378561
1529298,2026-05-11,2026,2,Delhi Capitals,Punjab Kings,T Stubbs,12,17,1,0,70.58823529411765,Punjab Kings,2.0,50.0,23.658536585365855,145.899987473494,41,18.0,25.9,11.5,0.0,0.0,1.2,0.8,20.761282817130937,-8.761282817130937,8.761282817130937
1529299,2026-05-12,2026,2,Sunrisers Hyderabad,Gujarat Titans,Abhishek Sharma,6,4,0,1,150.0,Gujarat Titans,35.0,269.2307692307692,26.95294117647059,143.24069745964098,85,57.4,46.8,38.833333333333336,2.0,4.0,5.6,3.8,26.436918353189885,-20.436918353189885,20.436918353189885
1529299,2026-05-12,2026,1,Gujarat Titans,Sunrisers Hyderabad,B Sai Sudharsan,61,44,5,2,138.63636363636365,Sunrisers Hyderabad,55.0,157.14285714285714,43.78431372549019,138.27892616364244,51,61.0,42.7,31.2,6.0,2.0,5.4,3.0,24.787529640609527,36.21247035939047,36.21247035939047
1529299,2026-05-12,2026,2,Sunrisers Hyderabad,Gujarat Titans,E Malinga,0,3,0,0,0.0,Gujarat Titans,2.0,33.33333333333333,2.0,33.33333333333333,1,2.0,2.0,0.0,0.0,0.0,0.0,0.0,9.954866897685308,-9.954866897685308,9.954866897685308
1529299,2026-05-12,2026,2,Sunrisers Hyderabad,Gujarat Titans,H Klaasen,14,16,2,0,87.5,Gujarat Titans,69.0,160.46511627906978,35.25,161.57469786096638,56,42.2,46.3,34.5,3.0,4.0,3.4,2.6,20.043156083305142,-6.043156083305142,6.043156083305142
1529299,2026-05-12,2026,2,Sunrisers Hyderabad,Gujarat Titans,Ishan Kishan,11,7,1,1,157.14285714285714,Gujarat Titans,55.0,171.875,27.69918699186992,118.55547659068657,123,39.2,32.9,19.833333333333332,2.0,4.0,3.8,2.0,25.18592177053687,-14.185921770536869,14.185921770536869
1529299,2026-05-12,2026,1,Gujarat Titans,Sunrisers Hyderabad,JC Buttler,7,11,1,0,63.63636363636363,Sunrisers Hyderabad,13.0,130.0,34.11450381679389,130.79665343888925,131,28.4,31.0,29.666666666666668,1.0,1.0,2.0,1.8,27.928393731514984,-20.928393731514984,20.928393731514984
1529299,2026-05-12,2026,1,Gujarat Titans,Sunrisers Hyderabad,JO Holder,11,10,0,0,110.00000000000001,Sunrisers Hyderabad,7.0,100.0,9.870967741935484,112.49958575598174,31,11.6,7.4,5.666666666666667,1.0,0.0,0.4,0.8,7.9701352538221455,3.0298647461778545,3.0298647461778545
1529299,2026-05-12,2026,1,Gujarat Titans,Sunrisers Hyderabad,N Sindhu,22,14,3,1,157.14285714285714,Sunrisers Hyderabad,15.0,136.36363636363635,15.0,136.36363636363635,1,15.0,15.0,0.0,0.0,1.0,0.0,1.0,13.038874309632696,8.961125690367304,8.961125690367304
1529299,2026-05-12,2026,2,Sunrisers Hyderabad,Gujarat Titans,Nithish Kumar Reddy,2,4,0,0,50.0,Gujarat Titans,29.0,223.0769230769231,22.806451612903224,129.34080247457857,31,25.2,22.6,26.0,2.0,2.0,1.4,2.0,19.084854284285292,-17.084854284285292,17.084854284285292
1529299,2026-05-12,2026,2,Sunrisers Hyderabad,Gujarat Titans,PJ Cummins,19,9,1,2,211.11111111111111,Gujarat Titans,10.0,125.0,12.693877551020408,131.49039747171105,49,10.2,10.7,14.333333333333334,0.0,1.0,0.2,0.8,13.893639382734266,5.106360617265734,5.106360617265734
1529299,2026-05-12,2026,2,Sunrisers Hyderabad,Gujarat Titans,PP Hinge,3,8,0,0,37.5,Gujarat Titans,0.0,0.0,0.0,0.0,1,0.0,0.0,0.0,0.0,0.0,0.0,0.0,8.208293252599795,-5.208293252599795,5.208293252599795
1529299,2026-05-12,2026,2,Sunrisers Hyderabad,Gujarat Titans,R Smaran,9,15,1,0,60.0,Gujarat Titans,4.0,100.0,4.0,100.0,1,4.0,4.0,0.0,1.0,0.0,1.0,0.0,10.266082785511182,-1.2660827855111823,1.2660827855111823
1529299,2026-05-12,2026,1,Gujarat Titans,Sunrisers Hyderabad,R Tewatia,4,1,1,0,400.0,Sunrisers Hyderabad,14.0,350.0,14.16470588235294,136.4136089131734,85,11.6,10.8,13.375,0.0,2.0,1.0,0.4,13.505737937958237,-9.505737937958237,9.505737937958237
1529299,2026-05-12,2026,2,Sunrisers Hyderabad,Gujarat Titans,S Arora,16,13,3,0,123.07692307692308,Gujarat Titans,2.0,33.33333333333333,11.875,144.43108974358975,8,15.4,11.875,0.0,0.0,0.0,1.2,1.2,11.313772983834488,4.686227016165512,4.686227016165512
1529299,2026-05-12,2026,2,Sunrisers Hyderabad,Gujarat Titans,Shivang Kumar,4,6,0,0,66.66666666666666,Gujarat Titans,1.0,50.0,5.5,131.25,4,5.5,5.5,0.0,0.0,0.0,0.75,0.25,11.281951371915987,-7.281951371915987,7.281951371915987
1529299,2026-05-12,2026,1,Gujarat Titans,Sunrisers Hyderabad,Shubman Gill,5,7,1,0,71.42857142857143,Sunrisers Hyderabad,84.0,190.9090909090909,34.903225806451616,127.0604284165253,124,39.4,46.2,38.214285714285715,9.0,3.0,3.4,2.0,28.361595292345623,-23.361595292345623,23.361595292345623
1529299,2026-05-12,2026,2,Sunrisers Hyderabad,Gujarat Titans,TM Head,0,4,0,0,0.0,Gujarat Titans,38.0,200.0,31.395833333333332,141.6838034001402,48,43.6,35.0,15.666666666666666,3.0,3.0,3.6,3.4,27.587930128781373,-27.587930128781373,27.587930128781373
1529299,2026-05-12,2026,1,Gujarat Titans,Sunrisers Hyderabad,Washington Sundar,50,33,7,1,151.5151515151515,Sunrisers Hyderabad,37.0,185.0,14.018518518518519,118.18466944271728,54,21.8,22.8,15.0,2.0,3.0,1.6,1.2,16.872114320275394,33.127885679724606,33.127885679724606
1529300,2026-05-13,2026,1,Kolkata Knight Riders,Royal Challengers Bengaluru,A Raghuvanshi,71,46,7,3,154.34782608695653,Royal Challengers Bengaluru,1.0,33.33333333333333,26.142857142857142,133.93063244012882,28,17.4,26.9,16.5,0.0,0.0,1.8,0.4,23.22659816880063,47.773401831199365,47.773401831199365
1529300,2026-05-13,2026,1,Kolkata Knight Riders,Royal Challengers Bengaluru,AM Rahane,19,13,3,1,146.15384615384613,Royal Challengers Bengaluru,13.0,144.44444444444443,27.202072538860104,107.60819207668176,193,13.2,21.8,38.666666666666664,1.0,1.0,1.0,0.6,28.221420540432717,-9.221420540432717,9.221420540432717
1529300,2026-05-13,2026,1,Kolkata Knight Riders,Royal Challengers Bengaluru,C Green,32,24,3,1,133.33333333333331,Royal Challengers Bengaluru,33.0,122.22222222222223,24.710526315789473,135.15602156816442,38,35.2,23.2,0.0,0.0,2.0,2.2,2.0,26.207172699413487,5.792827300586513,5.792827300586513
1529300,2026-05-13,2026,2,Royal Challengers Bengaluru,Kolkata Knight Riders,D Padikkal,39,27,7,0,144.44444444444443,Kolkata Knight Riders,12.0,109.09090909090908,25.404761904761905,113.46599215289635,84,35.0,32.8,20.125,1.0,1.0,2.8,2.6,25.39902574575687,13.60097425424313,13.60097425424313
1529300,2026-05-13,2026,1,Kolkata Knight Riders,Royal Challengers Bengaluru,FH Allen,18,8,3,1,225.0,Royal Challengers Bengaluru,100.0,212.7659574468085,30.0,183.57679405641144,7,29.0,30.0,0.0,5.0,10.0,2.2,2.4,20.871510082453256,-2.8715100824532556,2.8715100824532556
1529300,2026-05-13,2026,2,Royal Challengers Bengaluru,Kolkata Knight Riders,JG Bethell,15,12,2,1,125.0,Kolkata Knight Riders,27.0,100.0,19.571428571428573,138.35497835497836,7,14.0,19.571428571428573,0.0,2.0,0.0,1.6,0.4,17.132651616265314,-2.1326516162653135,2.1326516162653135
1529300,2026-05-13,2026,2,Royal Challengers Bengaluru,Kolkata Knight Riders,JM Sharma,8,5,1,0,160.0,Kolkata Knight Riders,18.0,150.0,19.160714285714285,139.7988975014354,56,8.8,10.6,21.0,1.0,2.0,0.6,0.6,16.90824168089145,-8.90824168089145,8.90824168089145
1529300,2026-05-13,2026,1,Kolkata Knight Riders,Royal Challengers Bengaluru,RK Singh,49,29,3,2,168.9655172413793,Royal Challengers Bengaluru,22.0,200.0,22.333333333333332,143.96225621129264,60,32.6,25.0,13.666666666666666,2.0,1.0,3.0,1.6,19.6776913046204,29.3223086953796,29.3223086953796
1529300,2026-05-13,2026,2,Royal Challengers Bengaluru,Kolkata Knight Riders,RM Patidar,11,8,0,1,137.5,Kolkata Knight Riders,8.0,100.0,29.9375,149.0270398320121,48,20.8,32.6,22.5,1.0,0.0,1.2,1.8,23.56732770551264,-12.56732770551264,12.56732770551264
1529300,2026-05-13,2026,2,Royal Challengers Bengaluru,Kolkata Knight Riders,TH David,2,3,0,0,66.66666666666666,Kolkata Knight Riders,0.0,0.0,19.962962962962962,156.7955319916104,54,17.0,23.2,15.25,0.0,0.0,1.4,1.2,18.831414678210177,-16.831414678210177,16.831414678210177
1529300,2026-05-13,2026,2,Royal Challengers Bengaluru,Kolkata Knight Riders,V Kohli,105,60,11,3,175.0,Kolkata Knight Riders,0.0,0.0,33.27205882352941,120.64287177886645,272,26.4,31.0,31.90625,0.0,0.0,2.8,1.4,25.49433306452201,79.50566693547799,79.50566693547799
1529301,2026-05-14,2026,1,Punjab Kings,Mumbai Indians,Azmatullah Omarzai,38,17,2,4,223.52941176470588,Mumbai Indians,1.0,50.0,11.0,113.0976430976431,9,11.4,11.0,17.0,0.0,0.0,1.2,0.6,13.921223349640599,24.0787766503594,24.0787766503594
1529301,2026-05-14,2026,1,Punjab Kings,Mumbai Indians,C Connolly,21,22,2,1,95.45454545454545,Mumbai Indians,38.0,140.74074074074073,41.5,146.70379168280218,10,38.4,41.5,17.0,3.0,2.0,2.6,2.8,18.922296908725883,2.077703091274117,2.077703091274117
1529301,2026-05-14,2026,1,Punjab Kings,Mumbai Indians,M Jansen,2,7,0,0,28.57142857142857,Mumbai Indians,19.0,118.75,7.916666666666667,94.77689251537936,24,9.8,8.7,15.0,0.0,1.0,0.2,0.6,6.832517966578272,-4.832517966578272,4.832517966578272
1529301,2026-05-14,2026,2,Mumbai Indians,Punjab Kings,Naman Dhir,9,6,0,1,150.0,Punjab Kings,47.0,146.875,23.166666666666668,153.33799674865455,30,29.8,29.8,35.666666666666664,5.0,2.0,3.0,1.2,22.0262678680087,-13.026267868008699,13.026267868008699
1529301,2026-05-14,2026,1,Punjab Kings,Mumbai Indians,P Simran Singh,57,32,6,4,178.125,Mumbai Indians,18.0,128.57142857142858,28.016129032258064,134.22322182939467,62,34.2,38.2,22.333333333333332,3.0,0.0,4.0,1.2,29.703418129143284,27.296581870856716,27.296581870856716
1529301,2026-05-14,2026,1,Punjab Kings,Mumbai Indians,Priyansh Arya,22,17,4,0,129.41176470588235,Mumbai Indians,56.0,175.0,31.678571428571427,167.38798145801255,28,26.2,34.2,32.333333333333336,2.0,6.0,1.8,2.4,22.70436642288592,-0.7043664228859186,0.7043664228859186
1529301,2026-05-14,2026,2,Mumbai Indians,Punjab Kings,RD Rickelton,48,23,4,4,208.69565217391303,Punjab Kings,2.0,50.0,33.47826086956522,148.36178959862505,23,49.4,40.9,14.5,0.0,0.0,3.2,4.2,29.31092600662206,18.68907399337794,18.68907399337794
1529301,2026-05-14,2026,2,Mumbai Indians,Punjab Kings,RG Sharma,25,26,0,2,96.15384615384616,Punjab Kings,22.0,220.00000000000003,26.706959706959708,115.13839104703922,273,33.0,36.1,26.375,2.0,2.0,3.0,2.2,26.532456848982314,-1.5324568489823136,1.5324568489823136
1529301,2026-05-14,2026,2,Mumbai Indians,Punjab Kings,SE Rutherford,20,21,1,1,95.23809523809523,Punjab Kings,0.0,0.0,19.23076923076923,132.68480928652994,26,19.6,19.3,23.5,0.0,0.0,0.6,2.2,21.019844461012607,-1.0198444610126067,1.0198444610126067
1529301,2026-05-14,2026,1,Punjab Kings,Mumbai Indians,SS Iyer,4,2,1,0,200.0,Mumbai Indians,59.0,163.88888888888889,29.06338028169014,120.03891244299477,142,36.8,39.2,27.0,5.0,3.0,2.6,2.2,24.87396000223464,-20.87396000223464,20.87396000223464
1529301,2026-05-14,2026,1,Punjab Kings,Mumbai Indians,Shashank Singh,2,3,0,0,66.66666666666666,Mumbai Indians,0.0,0.0,21.175,140.87073864995426,40,11.2,14.0,21.5,0.0,0.0,1.0,0.8,17.055451209398832,-15.055451209398832,15.055451209398832
1529301,2026-05-14,2026,1,Punjab Kings,Mumbai Indians,Suryansh Shedge,8,5,0,1,160.0,Mumbai Indians,21.0,262.5,16.142857142857142,134.2062687143823,7,21.4,16.142857142857142,0.0,2.0,2.0,1.2,1.8,14.547091482471918,-6.547091482471918,6.547091482471918
1529301,2026-05-14,2026,2,Mumbai Indians,Punjab Kings,Tilak Varma,75,33,6,6,227.27272727272728,Punjab Kings,57.0,135.71428571428572,28.387096774193548,134.350684871571,62,23.4,24.1,21.714285714285715,3.0,2.0,1.6,0.6,27.60276709544279,47.397232904557214,47.397232904557214
1529301,2026-05-14,2026,1,Punjab Kings,Mumbai Indians,Vishnu Vinod,15,8,1,1,187.5,Mumbai Indians,5.0,71.42857142857143,9.333333333333334,93.29365079365078,6,9.4,9.333333333333334,0.0,0.0,0.0,0.6,0.4,10.315281248882554,4.684718751117446,4.684718751117446
1529301,2026-05-14,2026,2,Mumbai Indians,Punjab Kings,WG Jacks,25,10,2,2,250.0,Punjab Kings,10.0,100.0,23.043478260869566,138.47094370687546,23,16.8,24.5,14.5,1.0,0.0,1.6,1.0,21.297140459469915,3.702859540530085,3.702859540530085
1529301,2026-05-14,2026,1,Punjab Kings,Mumbai Indians,XC Bartlett,18,7,2,1,257.14285714285717,Mumbai Indians,0.0,0.0,7.333333333333333,97.77777777777779,3,7.333333333333333,7.333333333333333,0.0,0.0,0.0,0.3333333333333333,0.3333333333333333,11.716388045446575,6.283611954553425,6.283611954553425
1529302,2026-05-15,2026,2,Lucknow Super Giants,Chennai Super Kings,Abdul Samad,7,3,0,1,233.33333333333334,Chennai Super Kings,0.0,0.0,14.298245614035087,132.29123607564134,57,14.4,12.5,16.25,0.0,0.0,1.4,0.2,13.92334179361446,-6.92334179361446,6.92334179361446
1529302,2026-05-15,2026,1,Chennai Super Kings,Lucknow Super Giants,D Brevis,25,16,0,2,156.25,Lucknow Super Giants,10.0,83.33333333333334,25.19047619047619,117.99447894391025,21,14.8,25.7,16.75,1.0,0.0,1.2,0.8,25.77165284113148,-0.7716528411314805,0.7716528411314805
1529302,2026-05-15,2026,2,Lucknow Super Giants,Chennai Super Kings,JP Inglis,36,32,3,1,112.5,Chennai Super Kings,85.0,265.625,28.923076923076923,165.97347718351554,13,35.8,33.1,45.5,10.0,6.0,3.8,2.4,18.682821481961696,17.317178518038304,17.317178518038304
1529302,2026-05-15,2026,1,Chennai Super Kings,Lucknow Super Giants,Kartik Sharma,71,42,6,5,169.04761904761904,Lucknow Super Giants,20.0,100.0,21.625,122.74936332767402,8,29.6,21.625,20.0,1.0,0.0,2.4,1.4,20.135650918301025,50.864349081698975,50.864349081698975
1529302,2026-05-15,2026,2,Lucknow Super Giants,Chennai Super Kings,MD Choudhary,13,10,2,0,130.0,Chennai Super Kings,1.0,50.0,19.5,130.24907690348866,8,17.2,19.5,0.0,0.0,0.0,1.0,1.0,17.976582186900472,-4.9765821869004725,4.9765821869004725
1529302,2026-05-15,2026,2,Lucknow Super Giants,Chennai Super Kings,MR Marsh,90,38,9,7,236.84210526315786,Chennai Super Kings,10.0,100.0,27.816666666666666,119.62001654422964,60,44.4,34.2,14.428571428571429,0.0,1.0,3.8,3.0,24.935828242624385,65.06417175737562,65.06417175737562
1529302,2026-05-15,2026,2,Lucknow Super Giants,Chennai Super Kings,N Pooran,32,17,1,4,188.23529411764704,Chennai Super Kings,1.0,33.33333333333333,24.77,139.20283956812347,100,22.2,17.5,21.5,0.0,0.0,1.0,2.0,28.190727532038114,3.809272467961886,3.809272467961886
1529302,2026-05-15,2026,1,Chennai Super Kings,Lucknow Super Giants,PR Veer,13,10,1,0,130.0,Lucknow Super Giants,17.0,141.66666666666669,22.0,125.21893814997264,3,22.0,22.0,17.0,0.0,2.0,2.3333333333333335,1.0,18.349845408215913,-5.349845408215913,5.349845408215913
1529302,2026-05-15,2026,1,Chennai Super Kings,Lucknow Super Giants,RD Gaikwad,13,9,2,0,144.44444444444443,Lucknow Super Giants,42.0,150.0,34.50617283950617,112.96330602822901,81,42.2,28.7,45.0,3.0,2.0,3.6,1.8,28.270290829413547,-15.270290829413547,15.270290829413547
1529302,2026-05-15,2026,1,Chennai Super Kings,Lucknow Super Giants,S Dube,32,16,3,2,200.0,Lucknow Super Giants,15.0,214.28571428571428,24.095238095238095,132.88547934733532,84,15.2,18.2,33.833333333333336,0.0,2.0,1.0,0.8,24.166970761146477,7.833029238853523,7.833029238853523
1529302,2026-05-15,2026,1,Chennai Super Kings,Lucknow Super Giants,SV Samson,20,20,3,0,100.0,Lucknow Super Giants,28.0,200.0,28.208791208791208,121.39183957814363,182,47.6,42.4,38.0,3.0,2.0,4.8,2.8,21.350121331216403,-1.3501213312164033,1.3501213312164033
1529302,2026-05-15,2026,1,Chennai Super Kings,Lucknow Super Giants,Urvil Patel,6,7,1,0,85.71428571428571,Lucknow Super Giants,65.0,282.60869565217394,25.428571428571427,183.05513454254873,7,29.4,25.428571428571427,65.0,2.0,8.0,1.8,2.8,22.405364425346004,-16.405364425346004,16.405364425346004
1529303,2026-05-16,2026,1,Kolkata Knight Riders,Gujarat Titans,A Raghuvanshi,82,43,4,7,190.69767441860466,Gujarat Titans,71.0,154.34782608695653,27.689655172413794,134.63467360036424,29,30.0,28.9,17.5,7.0,3.0,2.8,1.0,22.9647470773377,59.035252922662295,59.035252922662295
1529303,2026-05-16,2026,1,Kolkata Knight Riders,Gujarat Titans,AM Rahane,14,14,1,1,100.0,Gujarat Titans,19.0,146.15384615384613,27.15979381443299,107.80688101522385,194,17.0,17.0,17.833333333333332,3.0,1.0,1.6,0.8,30.964851297013272,-16.964851297013272,16.964851297013272
1529303,2026-05-16,2026,2,Gujarat Titans,Kolkata Knight Riders,B Sai Sudharsan,53,28,6,3,189.28571428571428,Kolkata Knight Riders,61.0,138.63636363636365,44.11538461538461,138.28579996119475,52,53.2,41.5,42.333333333333336,5.0,2.0,4.2,2.4,24.724290925327512,28.275709074672488,28.275709074672488
1529303,2026-05-16,2026,1,Kolkata Knight Riders,Gujarat Titans,C Green,52,28,3,4,185.71428571428572,Gujarat Titans,32.0,133.33333333333331,24.897435897435898,135.10928597239953,39,25.8,24.6,29.2,3.0,1.0,1.4,1.4,25.26092047387747,26.73907952612253,26.73907952612253
1529303,2026-05-16,2026,1,Kolkata Knight Riders,Gujarat Titans,FH Allen,93,35,4,10,265.7142857142857,Gujarat Titans,18.0,225.0,28.5,188.75469479936,8,31.4,28.5,0.0,3.0,1.0,2.6,2.6,18.54535657573398,74.45464342426602,74.45464342426602
1529303,2026-05-16,2026,2,Gujarat Titans,Kolkata Knight Riders,JC Buttler,57,35,5,2,162.85714285714286,Kolkata Knight Riders,7.0,63.63636363636363,33.90909090909091,130.28786336462767,132,24.8,29.1,36.2,1.0,0.0,1.8,1.6,29.072632567531407,27.927367432468593,27.927367432468593
1529303,2026-05-16,2026,2,Gujarat Titans,Kolkata Knight Riders,N Sindhu,1,4,0,0,25.0,Kolkata Knight Riders,22.0,157.14285714285714,18.5,146.75324675324674,2,18.5,18.5,0.0,3.0,1.0,1.5,1.0,21.882319027715287,-20.882319027715287,20.882319027715287
1529303,2026-05-16,2026,2,Gujarat Titans,Kolkata Knight Riders,R Tewatia,2,4,0,0,50.0,Kolkata Knight Riders,4.0,400.0,14.046511627906977,139.4785669490667,86,11.0,9.6,14.88888888888889,1.0,0.0,1.2,0.4,12.83226857148627,-10.83226857148627,10.83226857148627
1529303,2026-05-16,2026,2,Gujarat Titans,Kolkata Knight Riders,Shubman Gill,85,49,5,7,173.46938775510205,Kolkata Knight Riders,5.0,71.42857142857143,34.664,126.61537356062166,125,34.0,42.8,54.2,1.0,0.0,3.2,1.8,33.37752273150616,51.62247726849384,51.62247726849384
1529304,2026-05-17,2026,2,Punjab Kings,Royal Challengers Bengaluru,Azmatullah Omarzai,14,10,1,1,140.0,Royal Challengers Bengaluru,38.0,223.52941176470588,13.7,124.14081996434939,10,15.8,13.7,9.5,2.0,4.0,1.2,1.2,15.895985636663324,-1.8959856366633243,1.8959856366633243
1529304,2026-05-17,2026,2,Punjab Kings,Royal Challengers Bengaluru,C Connolly,37,22,3,3,168.1818181818182,Royal Challengers Bengaluru,21.0,95.45454545454545,39.63636363636363,142.0447692984152,11,39.2,36.4,0.0,2.0,1.0,2.8,2.8,23.91422546407978,13.085774535920219,13.085774535920219
1529304,2026-05-17,2026,1,Royal Challengers Bengaluru,Punjab Kings,D Padikkal,45,25,4,3,180.0,Punjab Kings,39.0,144.44444444444443,25.564705882352943,113.8304445327969,85,31.8,30.6,31.428571428571427,7.0,0.0,3.8,1.4,26.81860870394461,18.18139129605539,18.18139129605539
1529304,2026-05-17,2026,2,Punjab Kings,Royal Challengers Bengaluru,Harpreet Brar,5,3,1,0,166.66666666666669,Royal Challengers Bengaluru,4.0,36.36363636363637,9.384615384615385,125.3029192764844,26,15.6,8.6,3.0,0.0,0.0,1.6,0.6,9.045615902076609,-4.045615902076609,4.045615902076609
1529304,2026-05-17,2026,1,Royal Challengers Bengaluru,Punjab Kings,JG Bethell,11,7,2,0,157.14285714285714,Punjab Kings,15.0,125.0,19.0,136.68560606060606,8,14.2,19.0,0.0,2.0,1.0,1.4,0.6,20.282280181635564,-9.282280181635564,9.282280181635564
1529304,2026-05-17,2026,2,Punjab Kings,Royal Challengers Bengaluru,MP Stoinis,37,25,5,0,148.0,Royal Challengers Bengaluru,1.0,50.0,20.60747663551402,129.4833474339666,107,32.0,18.7,12.8,0.0,0.0,2.8,2.2,23.114554464552477,13.885445535447523,13.885445535447523
1529304,2026-05-17,2026,2,Punjab Kings,Royal Challengers Bengaluru,P Simran Singh,2,5,0,0,40.0,Royal Challengers Bengaluru,57.0,178.125,28.476190476190474,134.92007545115032,63,30.4,40.2,20.166666666666668,6.0,4.0,3.4,1.0,30.767232315161753,-28.767232315161753,28.767232315161753
1529304,2026-05-17,2026,2,Punjab Kings,Royal Challengers Bengaluru,Priyansh Arya,0,3,0,0,0.0,Royal Challengers Bengaluru,22.0,129.41176470588235,31.344827586206897,166.07845674242185,29,22.0,35.7,17.25,4.0,0.0,2.2,1.4,23.58104064130596,-23.58104064130596,23.58104064130596
1529304,2026-05-17,2026,2,Punjab Kings,Royal Challengers Bengaluru,SS Iyer,1,3,0,0,33.33333333333333,Royal Challengers Bengaluru,4.0,200.0,28.888111888111887,120.59808088744934,143,23.4,37.8,17.5,1.0,0.0,2.2,0.8,26.99247038816541,-25.99247038816541,25.99247038816541
1529304,2026-05-17,2026,2,Punjab Kings,Royal Challengers Bengaluru,Shashank Singh,56,27,4,4,207.4074074074074,Royal Challengers Bengaluru,2.0,66.66666666666666,20.70731707317073,139.06088323572772,41,8.4,13.9,25.666666666666668,0.0,0.0,0.8,0.6,16.646192278908988,39.353807721091016,39.353807721091016
1529304,2026-05-17,2026,2,Punjab Kings,Royal Challengers Bengaluru,Suryansh Shedge,35,22,2,2,159.0909090909091,Royal Challengers Bengaluru,8.0,160.0,15.125,137.43048512508452,8,22.8,15.125,0.0,0.0,1.0,1.2,2.0,15.821617133286917,19.178382866713083,19.178382866713083
1529304,2026-05-17,2026,1,Royal Challengers Bengaluru,Punjab Kings,TH David,28,12,2,2,233.33333333333334,Punjab Kings,2.0,66.66666666666666,19.636363636363637,155.15682534933873,55,12.2,21.8,27.0,0.0,0.0,0.8,1.0,18.93270392765704,9.067296072342959,9.067296072342959
1529304,2026-05-17,2026,1,Royal Challengers Bengaluru,Punjab Kings,V Kohli,58,36,4,3,161.11111111111111,Punjab Kings,105.0,175.0,33.53479853479853,120.84198213865082,273,31.2,38.7,43.45454545454545,11.0,3.0,3.4,1.2,35.0893379147951,22.910662085204898,22.910662085204898
1529304,2026-05-17,2026,1,Royal Challengers Bengaluru,Punjab Kings,VR Iyer,73,40,8,4,182.5,Punjab Kings,12.0,80.0,26.017241379310345,125.50946380792325,58,13.8,23.5,26.833333333333332,1.0,0.0,0.6,0.4,25.39954824361779,47.60045175638221,47.60045175638221
1529305,2026-05-17,2026,1,Rajasthan Royals,Delhi Capitals,AF Milne,2,2,0,0,100.0,Delhi Capitals,0.0,0.0,3.8333333333333335,54.86111111111111,6,4.2,3.8333333333333335,0.0,0.0,0.0,0.0,0.2,7.797402047483304,-5.797402047483304,5.797402047483304
1529305,2026-05-17,2026,2,Delhi Capitals,Rajasthan Royals,AR Patel,34,18,2,2,188.88888888888889,Rajasthan Royals,56.0,186.66666666666666,15.272727272727273,124.59075577581582,132,14.2,12.5,11.76923076923077,8.0,2.0,1.6,0.4,18.121029579585237,15.878970420414763,15.878970420414763
1529305,2026-05-17,2026,2,Delhi Capitals,Rajasthan Royals,Abishek Porel,51,31,7,1,164.51612903225808,Rajasthan Royals,5.0,83.33333333333334,22.451612903225808,133.95266336251606,31,15.8,22.9,32.5,1.0,0.0,1.2,0.6,20.49241788654714,30.50758211345286,30.50758211345286
1529305,2026-05-17,2026,2,Delhi Capitals,Rajasthan Royals,Ashutosh Sharma,18,5,1,2,360.0,Rajasthan Royals,24.0,240.0,22.0,153.8666057039047,24,23.2,20.3,22.0,2.0,2.0,2.2,1.4,17.912492168487244,0.08750783151275598,0.08750783151275598
1529305,2026-05-17,2026,1,Rajasthan Royals,Delhi Capitals,D Ferreira,0,1,0,0,0.0,Delhi Capitals,4.0,200.0,22.0,135.5950568570186,11,31.2,24.1,24.0,1.0,0.0,2.8,2.4,21.712470446426316,-21.712470446426316,21.712470446426316
1529305,2026-05-17,2026,2,Delhi Capitals,Rajasthan Royals,DA Miller,9,6,0,1,150.0,Rajasthan Royals,51.0,182.14285714285714,22.8943661971831,125.43118731230821,142,19.0,20.9,32.416666666666664,3.0,4.0,1.4,1.2,21.858181349915718,-12.858181349915718,12.858181349915718
1529305,2026-05-17,2026,1,Rajasthan Royals,Delhi Capitals,Dhruv Jurel,53,40,5,2,132.5,Delhi Capitals,24.0,240.0,21.608695652173914,127.49521791760154,46,26.6,29.6,24.0,1.0,3.0,2.6,1.2,20.17769813836746,32.82230186163254,32.82230186163254
1529305,2026-05-17,2026,1,Rajasthan Royals,Delhi Capitals,JC Archer,2,2,0,0,100.0,Delhi Capitals,5.0,83.33333333333334,7.805555555555555,119.64546256212923,36,3.6,6.5,1.3333333333333333,1.0,0.0,0.4,0.0,9.348598854098691,-7.348598854098691,7.348598854098691
1529305,2026-05-17,2026,2,Delhi Capitals,Rajasthan Royals,KL Rahul,56,42,1,3,133.33333333333331,Rajasthan Royals,9.0,112.5,38.08,126.72430194728108,150,24.0,47.6,43.8421052631579,2.0,0.0,2.8,1.0,43.798832522621616,12.201167477378384,12.201167477378384
1529305,2026-05-17,2026,1,Rajasthan Royals,Delhi Capitals,MD Shanaka,10,8,0,1,125.0,Delhi Capitals,16.0,145.45454545454547,10.5,95.06899350649351,4,10.5,10.5,0.0,2.0,0.0,1.0,0.25,9.405182026311355,0.5948179736886452,0.5948179736886452
1529305,2026-05-17,2026,1,Rajasthan Royals,Delhi Capitals,R Parag,51,26,3,5,196.15384615384613,Delhi Capitals,90.0,180.0,21.40963855421687,129.83817482821493,83,31.6,20.7,24.0,8.0,5.0,2.6,1.6,28.689175058826077,22.310824941173923,22.310824941173923
1529305,2026-05-17,2026,1,Rajasthan Royals,Delhi Capitals,Ravi Singh,4,2,1,0,200.0,Delhi Capitals,0.0,0.0,0.0,0.0,0,0.0,0.0,0.0,0.0,0.0,0.0,0.0,9.254207446762683,-5.254207446762683,5.254207446762683
1529305,2026-05-17,2026,1,Rajasthan Royals,Delhi Capitals,SB Dubey,5,9,0,0,55.55555555555556,Delhi Capitals,15.0,107.14285714285714,14.0,142.99134199134198,15,15.6,13.4,15.5,1.0,1.0,1.6,0.6,14.534592118861049,-9.534592118861049,9.534592118861049
1529305,2026-05-17,2026,2,Delhi Capitals,Rajasthan Royals,SU Parakh,9,8,1,0,112.5,Rajasthan Royals,13.0,216.66666666666666,6.5,108.33333333333333,2,6.5,6.5,0.0,1.0,1.0,0.5,0.5,14.065292348450354,-5.065292348450354,5.065292348450354
1529305,2026-05-17,2026,2,Delhi Capitals,Rajasthan Royals,T Stubbs,4,6,0,0,66.66666666666666,Rajasthan Royals,12.0,70.58823529411765,23.38095238095238,144.1068505168422,42,15.0,23.2,28.6,1.0,0.0,0.8,0.6,20.45976064486037,-16.45976064486037,16.45976064486037
1529305,2026-05-17,2026,1,Rajasthan Royals,Delhi Capitals,V Suryavanshi,46,21,5,3,219.04761904761907,Delhi Capitals,36.0,225.0,38.44444444444444,193.31843571168906,18,38.8,38.8,4.0,3.0,3.0,2.8,4.0,17.253174777717966,28.746825222282034,28.746825222282034
1529305,2026-05-17,2026,1,Rajasthan Royals,Delhi Capitals,YBK Jaiswal,12,9,3,0,133.33333333333331,Delhi Capitals,3.0,75.0,32.22077922077922,135.89875906635686,77,18.4,27.7,23.0,0.0,0.0,2.6,0.4,32.25973707537603,-20.25973707537603,20.25973707537603
1529306,2026-05-18,2026,1,Chennai Super Kings,Sunrisers Hyderabad,AJ Hosein,3,1,0,0,300.0,Sunrisers Hyderabad,2.0,100.0,9.0,130.0,2,9.0,9.0,0.0,0.0,0.0,0.5,0.5,8.915485527655509,-5.915485527655509,5.915485527655509
1529306,2026-05-18,2026,2,Sunrisers Hyderabad,Chennai Super Kings,Abhishek Sharma,26,21,3,1,123.80952380952381,Chennai Super Kings,6.0,150.0,26.709302325581394,143.31929400080796,86,31.6,42.6,31.0,0.0,1.0,3.6,2.0,27.533737196010794,-1.5337371960107937,1.5337371960107937
1529306,2026-05-18,2026,1,Chennai Super Kings,Sunrisers Hyderabad,D Brevis,44,27,2,4,162.96296296296296,Sunrisers Hyderabad,25.0,156.25,25.181818181818183,119.7333662646416,22,11.6,25.0,21.0,0.0,2.0,0.4,0.8,24.21768745773078,19.78231254226922,19.78231254226922
1529306,2026-05-18,2026,2,Sunrisers Hyderabad,Chennai Super Kings,H Klaasen,47,26,6,2,180.76923076923077,Chennai Super Kings,14.0,87.5,34.87719298245614,160.2751417581424,57,37.6,42.5,20.0,2.0,0.0,3.2,2.0,26.721407915294108,20.278592084705892,20.278592084705892
1529306,2026-05-18,2026,2,Sunrisers Hyderabad,Chennai Super Kings,Ishan Kishan,70,47,7,3,148.93617021276594,Chennai Super Kings,11.0,157.14285714285714,27.56451612903226,118.86666514352665,124,36.4,32.6,23.5,1.0,1.0,3.6,2.0,24.497067478896863,45.50293252110313,45.50293252110313
1529306,2026-05-18,2026,1,Chennai Super Kings,Sunrisers Hyderabad,Kartik Sharma,32,19,3,2,168.42105263157893,Sunrisers Hyderabad,71.0,169.04761904761904,27.11111111111111,127.89361396322346,9,40.2,27.11111111111111,0.0,6.0,5.0,3.6,2.0,22.974294949563717,9.025705050436283,9.025705050436283
1529306,2026-05-18,2026,2,Sunrisers Hyderabad,Chennai Super Kings,Nithish Kumar Reddy,11,7,1,0,157.14285714285714,Chennai Super Kings,2.0,50.0,22.15625,126.86140239724799,32,20.0,22.4,15.0,0.0,0.0,1.4,1.2,20.214554965040023,-9.214554965040023,9.214554965040023
1529306,2026-05-18,2026,1,Chennai Super Kings,Sunrisers Hyderabad,PR Veer,11,9,2,0,122.22222222222223,Sunrisers Hyderabad,13.0,130.0,19.75,126.41420361247948,4,19.75,19.75,0.0,1.0,0.0,2.0,0.75,17.628547875203378,-6.6285478752033775,6.6285478752033775
1529306,2026-05-18,2026,2,Sunrisers Hyderabad,Chennai Super Kings,R Smaran,5,2,1,0,250.0,Chennai Super Kings,9.0,60.0,6.5,80.0,2,6.5,6.5,0.0,1.0,0.0,1.0,0.0,16.83149877541917,-11.83149877541917,11.83149877541917
1529306,2026-05-18,2026,1,Chennai Super Kings,Sunrisers Hyderabad,RD Gaikwad,15,21,0,0,71.42857142857143,Sunrisers Hyderabad,13.0,144.44444444444443,34.24390243902439,113.34722235037798,82,40.4,27.2,51.625,2.0,0.0,3.4,1.6,29.333992842141996,-14.333992842141996,14.333992842141996
1529306,2026-05-18,2026,2,Sunrisers Hyderabad,Chennai Super Kings,S Arora,10,5,0,1,200.0,Chennai Super Kings,16.0,123.07692307692308,12.333333333333334,142.05840455840456,9,13.8,12.333333333333334,13.0,3.0,0.0,1.4,0.8,12.822855369050368,-2.8228553690503677,2.8228553690503677
1529306,2026-05-18,2026,1,Chennai Super Kings,Sunrisers Hyderabad,S Dube,26,23,3,1,113.04347826086956,Sunrisers Hyderabad,32.0,200.0,24.188235294117646,133.67506194324903,85,19.0,19.7,17.5,3.0,2.0,1.4,1.2,24.61838256373524,1.3816174362647615,1.3816174362647615
1529306,2026-05-18,2026,1,Chennai Super Kings,Sunrisers Hyderabad,SV Samson,27,12,5,1,225.0,Sunrisers Hyderabad,20.0,100.0,28.16393442622951,121.2749442799024,183,31.4,43.7,34.96,3.0,0.0,3.4,1.6,29.29348870515353,-2.2934887051535284,2.2934887051535284
1529306,2026-05-18,2026,2,Sunrisers Hyderabad,Chennai Super Kings,TM Head,6,6,1,0,100.0,Chennai Super Kings,0.0,0.0,30.755102040816325,138.7922972083006,49,36.2,30.4,21.5,0.0,0.0,3.2,3.0,28.971258604217176,-22.971258604217176,22.971258604217176
1529306,2026-05-18,2026,1,Chennai Super Kings,Sunrisers Hyderabad,Urvil Patel,13,8,0,2,162.5,Sunrisers Hyderabad,6.0,85.71428571428571,23.0,170.88752843901585,8,23.2,23.0,0.0,1.0,0.0,1.2,2.4,18.920306567613967,-5.920306567613967,5.920306567613967
1529307,2026-05-19,2026,1,Lucknow Super Giants,Rajasthan Royals,A Badoni,0,1,0,0,0.0,Rajasthan Royals,24.0,126.3157894736842,21.01851851851852,121.0096490061777,54,21.2,24.9,10.714285714285714,0.0,2.0,2.0,0.8,19.600416681742256,-19.600416681742256,19.600416681742256
1529307,2026-05-19,2026,2,Rajasthan Royals,Lucknow Super Giants,D Ferreira,16,10,1,1,160.0,Lucknow Super Giants,0.0,0.0,20.166666666666668,124.29546878560036,12,27.2,23.4,20.0,0.0,0.0,2.4,2.4,19.166152146798755,-3.166152146798755,3.166152146798755
1529307,2026-05-19,2026,2,Rajasthan Royals,Lucknow Super Giants,Dhruv Jurel,53,38,3,3,139.4736842105263,Lucknow Super Giants,53.0,132.5,22.27659574468085,127.60170264275895,47,37.2,27.4,15.6,5.0,2.0,3.6,1.6,23.738881350452186,29.261118649547814,29.261118649547814
1529307,2026-05-19,2026,1,Lucknow Super Giants,Rajasthan Royals,JP Inglis,60,29,7,3,206.89655172413794,Rajasthan Royals,36.0,112.5,29.428571428571427,162.15394309897871,14,42.2,35.6,0.0,3.0,1.0,4.4,2.6,22.70627007992713,37.29372992007287,37.29372992007287
1529307,2026-05-19,2026,2,Rajasthan Royals,Lucknow Super Giants,LG Pretorius,7,6,0,0,116.66666666666667,Lucknow Super Giants,0.0,0.0,0.0,0.0,1,0.0,0.0,0.0,0.0,0.0,0.0,0.0,7.028187453917955,-0.02818745391795474,0.02818745391795474
1529307,2026-05-19,2026,1,Lucknow Super Giants,Rajasthan Royals,MR Marsh,96,56,11,5,171.42857142857142,Rajasthan Royals,90.0,236.84210526315786,28.83606557377049,121.54169012978585,61,51.4,41.8,41.2,9.0,7.0,4.4,4.0,25.786336764787087,70.21366323521292,70.21366323521292
1529307,2026-05-19,2026,1,Lucknow Super Giants,Rajasthan Royals,N Pooran,16,11,0,2,145.45454545454547,Rajasthan Royals,32.0,188.23529411764704,24.84158415841584,139.68830941514844,101,26.8,19.4,19.416666666666668,1.0,4.0,1.2,2.6,27.124364949557204,-11.124364949557204,11.124364949557204
1529307,2026-05-19,2026,1,Lucknow Super Giants,Rajasthan Royals,RR Pant,35,23,2,2,152.17391304347828,Rajasthan Royals,15.0,125.0,27.666666666666668,130.8622698496449,138,21.0,17.7,31.0,2.0,0.0,2.2,0.8,28.25282200014908,6.747177999850919,6.747177999850919
1529307,2026-05-19,2026,2,Rajasthan Royals,Lucknow Super Giants,V Suryavanshi,93,38,7,10,244.73684210526315,Lucknow Super Giants,46.0,219.04761904761907,38.8421052631579,194.6726032556854,19,46.4,40.3,21.0,5.0,3.0,3.4,4.6,19.48155214636504,73.51844785363497,73.51844785363497
1529307,2026-05-19,2026,2,Rajasthan Royals,Lucknow Super Giants,YBK Jaiswal,43,23,8,1,186.95652173913044,Lucknow Super Giants,12.0,133.33333333333331,31.96153846153846,135.86586899285658,78,16.4,23.4,38.166666666666664,3.0,0.0,2.4,0.4,28.14089838701312,14.85910161298688,14.85910161298688
1529308,2026-05-20,2026,2,Kolkata Knight Riders,Mumbai Indians,AM Rahane,21,17,4,0,123.52941176470588,Mumbai Indians,14.0,100.0,27.092307692307692,107.7668457279663,195,19.8,17.6,29.25925925925926,1.0,1.0,1.8,1.0,27.413508790838197,-6.413508790838197,6.413508790838197
1529308,2026-05-20,2026,2,Kolkata Knight Riders,Mumbai Indians,AS Roy,4,4,0,0,100.0,Mumbai Indians,0.0,0.0,5.416666666666667,72.96130952380953,12,7.8,6.1,0.0,0.0,0.0,0.4,0.4,4.728763238486482,-0.728763238486482,0.728763238486482
1529308,2026-05-20,2026,1,Mumbai Indians,Kolkata Knight Riders,C Bosch,32,18,3,2,177.77777777777777,Kolkata Knight Riders,5.0,100.0,15.75,174.4318181818182,4,15.75,15.75,0.0,0.0,0.0,1.25,0.75,9.270498331341622,22.72950166865838,22.72950166865838
1529308,2026-05-20,2026,2,Kolkata Knight Riders,Mumbai Indians,C Green,4,8,0,0,50.0,Mumbai Indians,52.0,185.71428571428572,25.575,136.37441096594668,40,30.8,29.6,18.0,3.0,4.0,1.2,2.0,26.08227150397475,-22.08227150397475,22.08227150397475
1529308,2026-05-20,2026,1,Mumbai Indians,Kolkata Knight Riders,DL Chahar,10,7,2,0,142.85714285714286,Kolkata Knight Riders,1.0,50.0,6.888888888888889,91.75925925925927,18,3.2,4.8,1.0,0.0,0.0,0.4,0.0,6.106784945339225,3.893215054660775,3.893215054660775
1529308,2026-05-20,2026,2,Kolkata Knight Riders,Mumbai Indians,FH Allen,8,5,2,0,160.0,Mumbai Indians,93.0,265.7142857142857,35.666666666666664,197.30576045657395,9,48.2,35.666666666666664,37.0,4.0,10.0,3.0,4.6,23.2019314687539,-15.201931468753902,15.201931468753902
1529308,2026-05-20,2026,1,Mumbai Indians,Kolkata Knight Riders,HH Pandya,26,27,2,1,96.29629629629629,Kolkata Knight Riders,18.0,78.26086956521739,19.2317880794702,140.06257693677802,151,15.8,18.3,27.533333333333335,2.0,0.0,1.0,0.6,21.764988489764068,4.235011510235932,4.235011510235932
1529308,2026-05-20,2026,2,Kolkata Knight Riders,Mumbai Indians,MK Pandey,45,33,6,0,136.36363636363635,Mumbai Indians,37.0,160.8695652173913,24.23926380368098,106.81997323056484,163,26.8,21.8,30.653846153846153,2.0,3.0,1.4,1.4,25.487647725280755,19.512352274719245,19.512352274719245
1529308,2026-05-20,2026,1,Mumbai Indians,Kolkata Knight Riders,Naman Dhir,0,3,0,0,0.0,Kolkata Knight Riders,9.0,150.0,22.70967741935484,153.23031943418184,31,31.6,27.9,11.0,0.0,1.0,3.0,1.4,22.285007414254924,-22.285007414254924,22.285007414254924
1529308,2026-05-20,2026,2,Kolkata Knight Riders,Mumbai Indians,R Powell,40,29,4,2,137.93103448275863,Mumbai Indians,1.0,25.0,17.357142857142858,117.82946132998654,28,24.2,16.5,15.666666666666666,0.0,0.0,1.8,1.4,21.120473174856073,18.879526825143927,18.879526825143927
1529308,2026-05-20,2026,1,Mumbai Indians,Kolkata Knight Riders,RD Rickelton,6,7,1,0,85.71428571428571,Kolkata Knight Riders,48.0,208.69565217391303,34.083333333333336,150.87570053926206,24,58.6,43.0,71.5,4.0,4.0,4.0,5.0,26.091060393587536,-20.091060393587536,20.091060393587536
1529308,2026-05-20,2026,1,Mumbai Indians,Kolkata Knight Riders,RG Sharma,15,13,0,2,115.38461538461537,Kolkata Knight Riders,25.0,96.15384615384616,26.7007299270073,115.0691043868451,274,31.0,38.1,33.17142857142857,0.0,2.0,2.0,2.4,25.180367846742566,-10.180367846742566,10.180367846742566
1529308,2026-05-20,2026,2,Kolkata Knight Riders,Mumbai Indians,RK Singh,9,5,2,0,180.0,Mumbai Indians,49.0,168.9655172413793,22.770491803278688,144.372145736376,61,42.2,29.0,16.125,3.0,2.0,3.6,2.0,22.392864737109083,-13.392864737109083,13.392864737109083
1529308,2026-05-20,2026,1,Mumbai Indians,Kolkata Knight Riders,SA Yadav,15,6,2,1,250.0,Kolkata Knight Riders,0.0,0.0,27.644171779141104,137.4092724189363,163,14.8,17.9,35.0,0.0,0.0,2.2,0.2,28.90549198521383,-13.905491985213828,13.905491985213828
1529308,2026-05-20,2026,2,Kolkata Knight Riders,Mumbai Indians,T Dahiya,11,12,2,0,91.66666666666666,Mumbai Indians,0.0,0.0,0.0,0.0,0,0.0,0.0,0.0,0.0,0.0,0.0,0.0,5.943471393434317,5.056528606565683,5.056528606565683
1529308,2026-05-20,2026,1,Mumbai Indians,Kolkata Knight Riders,Tilak Varma,20,32,0,1,62.5,Kolkata Knight Riders,75.0,227.27272727272728,29.126984126984127,135.82563792555763,63,31.0,31.6,21.666666666666668,6.0,6.0,1.8,1.8,24.588889970700286,-4.588889970700286,4.588889970700286
1529308,2026-05-20,2026,1,Mumbai Indians,Kolkata Knight Riders,WG Jacks,14,7,1,1,200.0,Kolkata Knight Riders,25.0,250.0,23.125,143.11798771908897,24,18.4,23.4,35.5,2.0,2.0,1.6,1.2,19.520891087954727,-5.520891087954727,5.520891087954727
1529309,2026-05-21,2026,2,Chennai Super Kings,Gujarat Titans,A Kamboj,19,8,1,2,237.5,Gujarat Titans,13.0,185.71428571428572,6.111111111111111,137.61022927689595,9,9.6,6.111111111111111,0.0,0.0,1.0,0.8,0.4,7.291137330861314,11.708862669138686,11.708862669138686
1529309,2026-05-21,2026,1,Gujarat Titans,Chennai Super Kings,B Sai Sudharsan,84,52,7,4,161.53846153846155,Chennai Super Kings,53.0,189.28571428571428,44.283018867924525,139.24806249561965,53,46.4,45.6,64.33333333333333,6.0,3.0,4.6,1.6,27.16508686097993,56.834913139020074,56.834913139020074
1529309,2026-05-21,2026,2,Chennai Super Kings,Gujarat Titans,D Brevis,8,10,0,0,80.0,Gujarat Titans,44.0,162.96296296296296,26.0,121.61291394717732,23,20.4,29.4,35.0,2.0,4.0,0.8,1.6,23.820485941954658,-15.820485941954658,15.820485941954658
1529309,2026-05-21,2026,1,Gujarat Titans,Chennai Super Kings,JC Buttler,57,27,5,4,211.11111111111111,Chennai Super Kings,57.0,162.85714285714286,34.08270676691729,130.5327451653233,133,28.4,29.6,34.25,5.0,2.0,2.0,1.8,26.843913442859765,30.156086557140235,30.156086557140235
1529309,2026-05-21,2026,2,Chennai Super Kings,Gujarat Titans,Kartik Sharma,19,15,3,0,126.66666666666666,Gujarat Titans,32.0,168.42105263157893,27.6,131.94635783005901,10,43.6,27.6,15.0,3.0,2.0,3.6,2.4,24.363696089787947,-5.363696089787947,5.363696089787947
1529309,2026-05-21,2026,2,Chennai Super Kings,Gujarat Titans,MW Short,24,14,3,1,171.42857142857142,Gujarat Titans,34.0,117.24137931034481,19.125,101.47793298655367,8,16.4,19.125,36.0,3.0,0.0,1.4,0.4,18.936396039463496,5.063603960536504,5.063603960536504
1529309,2026-05-21,2026,2,Chennai Super Kings,Gujarat Titans,Mukesh Choudhary,2,2,0,0,100.0,Gujarat Titans,4.0,100.0,3.0,100.0,2,3.0,3.0,0.0,1.0,0.0,0.5,0.0,8.251412594652336,-6.2514125946523365,6.2514125946523365
1529309,2026-05-21,2026,2,Chennai Super Kings,Gujarat Titans,Noor Ahmad,1,5,0,0,20.0,Gujarat Titans,1.0,100.0,2.142857142857143,69.84977324263038,14,2.8,1.8,0.0,0.0,0.0,0.0,0.2,3.4300441063127445,-2.4300441063127445,2.4300441063127445
1529309,2026-05-21,2026,1,Gujarat Titans,Chennai Super Kings,R Tewatia,0,1,0,0,0.0,Chennai Super Kings,2.0,50.0,13.908045977011493,138.45007767379008,87,9.8,8.7,9.777777777777779,0.0,0.0,1.0,0.4,11.625845301293758,-11.625845301293758,11.625845301293758
1529309,2026-05-21,2026,2,Chennai Super Kings,Gujarat Titans,RD Gaikwad,16,7,1,2,228.57142857142856,Gujarat Titans,15.0,71.42857142857143,34.01204819277108,112.84217836336826,83,28.6,28.0,53.0,0.0,0.0,2.2,0.8,28.994444653899112,-12.994444653899112,12.994444653899112
1529309,2026-05-21,2026,2,Chennai Super Kings,Gujarat Titans,S Dube,47,17,4,4,276.4705882352941,Gujarat Titans,26.0,113.04347826086956,24.209302325581394,133.43515980740742,86,20.0,21.7,20.22222222222222,3.0,1.0,1.8,1.2,24.3014968204209,22.6985031795791,22.6985031795791
1529309,2026-05-21,2026,2,Chennai Super Kings,Gujarat Titans,SH Johnson,0,1,0,0,0.0,Gujarat Titans,1.0,33.33333333333333,1.6,66.66666666666666,5,1.6,1.6,0.0,0.0,0.0,0.2,0.0,3.680111913392922,-3.680111913392922,3.680111913392922
1529309,2026-05-21,2026,2,Chennai Super Kings,Gujarat Titans,SV Samson,0,1,0,0,0.0,Gujarat Titans,27.0,225.0,28.157608695652176,121.83866740881598,184,34.6,45.5,35.25,5.0,1.0,4.0,1.8,24.441772816077062,-24.441772816077062,24.441772816077062
1529309,2026-05-21,2026,1,Gujarat Titans,Chennai Super Kings,Shubman Gill,64,37,7,3,172.97297297297297,Chennai Super Kings,85.0,173.46938775510205,35.06349206349206,126.98723081613342,126,44.4,44.3,29.294117647058822,5.0,7.0,4.0,2.6,26.804600432987538,37.19539956701246,37.19539956701246
1529309,2026-05-21,2026,2,Chennai Super Kings,Gujarat Titans,Urvil Patel,0,2,0,0,0.0,Gujarat Titans,13.0,162.5,21.88888888888889,169.95558083468075,9,25.0,21.88888888888889,20.5,0.0,2.0,1.0,2.8,18.93153318085026,-18.93153318085026,18.93153318085026
1529309,2026-05-21,2026,1,Gujarat Titans,Chennai Super Kings,Washington Sundar,7,3,0,1,233.33333333333334,Chennai Super Kings,50.0,151.5151515151515,14.672727272727272,118.79067820767064,55,28.0,27.4,6.714285714285714,7.0,1.0,2.8,1.2,27.309485875324825,-20.309485875324825,20.309485875324825
1529310,2026-05-22,2026,1,Sunrisers Hyderabad,Royal Challengers Bengaluru,Abhishek Sharma,56,22,4,5,254.54545454545453,Royal Challengers Bengaluru,26.0,123.80952380952381,26.701149425287355,143.09504376872425,87,25.4,45.2,26.5,3.0,1.0,2.0,2.0,31.14041936512577,24.85958063487423,24.85958063487423
1529310,2026-05-22,2026,2,Royal Challengers Bengaluru,Sunrisers Hyderabad,D Padikkal,21,14,2,1,150.0,Sunrisers Hyderabad,45.0,180.0,25.790697674418606,114.59985796846205,86,34.0,30.1,27.25,4.0,3.0,4.0,1.4,25.54032608690342,-4.54032608690342,4.54032608690342
1529310,2026-05-22,2026,1,Sunrisers Hyderabad,Royal Challengers Bengaluru,H Klaasen,51,24,2,5,212.5,Royal Challengers Bengaluru,47.0,180.76923076923077,35.08620689655172,160.62848812040258,58,41.2,41.0,32.25,6.0,2.0,3.8,2.2,20.742410819989075,30.257589180010925,30.257589180010925
1529310,2026-05-22,2026,1,Sunrisers Hyderabad,Royal Challengers Bengaluru,Ishan Kishan,79,46,8,3,171.73913043478262,Royal Challengers Bengaluru,70.0,148.93617021276594,27.904,119.10722118408057,125,35.6,39.5,81.0,7.0,3.0,2.8,2.0,27.838286205137354,51.16171379486265,51.16171379486265
1529310,2026-05-22,2026,2,Royal Challengers Bengaluru,Sunrisers Hyderabad,KH Pandya,41,31,5,0,132.25806451612902,Sunrisers Hyderabad,73.0,158.69565217391303,15.808333333333334,120.6664697253157,120,28.0,22.7,17.4,4.0,5.0,2.0,1.8,17.426919953616444,23.573080046383556,23.573080046383556
1529310,2026-05-22,2026,1,Sunrisers Hyderabad,Royal Challengers Bengaluru,Nithish Kumar Reddy,29,12,1,3,241.66666666666666,Royal Challengers Bengaluru,11.0,157.14285714285714,21.818181818181817,127.77902223802401,33,19.8,23.4,6.0,1.0,0.0,1.6,1.0,18.662454965440297,10.337545034559703,10.337545034559703
1529310,2026-05-22,2026,2,Royal Challengers Bengaluru,Sunrisers Hyderabad,RM Patidar,56,38,6,1,147.36842105263156,Sunrisers Hyderabad,11.0,137.5,29.551020408163264,148.7917941211547,49,21.4,30.6,31.2,0.0,1.0,1.2,1.8,23.625263612248787,32.37473638775121,32.37473638775121
1529310,2026-05-22,2026,2,Royal Challengers Bengaluru,Sunrisers Hyderabad,TH David,15,7,1,1,214.28571428571428,Sunrisers Hyderabad,28.0,233.33333333333334,19.785714285714285,156.55283442048147,56,15.8,17.6,24.2,2.0,2.0,1.2,1.2,17.985805194037752,-2.985805194037752,2.985805194037752
1529310,2026-05-22,2026,1,Sunrisers Hyderabad,Royal Challengers Bengaluru,TM Head,26,16,5,0,162.5,Royal Challengers Bengaluru,6.0,100.0,30.26,138.0164512641346,50,36.2,30.3,32.75,1.0,0.0,3.4,2.8,27.816984915498708,-1.8169849154987077,1.8169849154987077
1529310,2026-05-22,2026,2,Royal Challengers Bengaluru,Sunrisers Hyderabad,V Kohli,15,11,2,0,136.36363636363635,Sunrisers Hyderabad,58.0,161.11111111111111,33.62408759124087,120.9889497626379,274,38.2,41.3,33.80769230769231,4.0,3.0,4.0,1.4,23.761091775272174,-8.761091775272174,8.761091775272174
1529310,2026-05-22,2026,2,Royal Challengers Bengaluru,Sunrisers Hyderabad,VR Iyer,44,19,4,4,231.57894736842107,Sunrisers Hyderabad,73.0,182.5,26.8135593220339,126.47540509931439,59,27.0,25.6,23.11111111111111,8.0,4.0,2.2,1.2,23.874673181322176,20.125326818677824,20.125326818677824
1529311,2026-05-23,2026,1,Lucknow Super Giants,Punjab Kings,A Badoni,43,18,5,3,238.88888888888889,Punjab Kings,0.0,0.0,20.636363636363637,118.80947356970174,55,19.4,17.5,30.0,0.0,0.0,1.8,0.8,22.008094927569424,20.991905072430576,20.991905072430576
1529311,2026-05-23,2026,1,Lucknow Super Giants,Punjab Kings,AA Kulkarni,0,1,0,0,0.0,Punjab Kings,17.0,70.83333333333334,8.666666666666666,66.46825396825398,3,8.666666666666666,8.666666666666666,0.0,1.0,0.0,1.0,0.0,12.899960858021403,-12.899960858021403,12.899960858021403
1529311,2026-05-23,2026,1,Lucknow Super Giants,Punjab Kings,Abdul Samad,37,20,3,3,185.0,Punjab Kings,7.0,233.33333333333334,14.172413793103448,134.03334120077398,58,8.6,13.0,21.8,0.0,1.0,0.8,0.2,13.388746175107139,23.611253824892863,23.611253824892863
1529311,2026-05-23,2026,1,Lucknow Super Giants,Punjab Kings,Arjun Tendulkar,5,5,0,0,100.0,Punjab Kings,13.0,144.44444444444443,13.0,144.44444444444443,1,13.0,13.0,0.0,0.0,1.0,0.0,1.0,9.470055128370928,-4.470055128370928,4.470055128370928
1529311,2026-05-23,2026,2,Punjab Kings,Lucknow Super Giants,C Connolly,18,10,4,0,180.0,Lucknow Super Giants,37.0,168.1818181818182,39.416666666666664,144.22285670536544,12,40.6,36.5,87.0,3.0,3.0,3.0,2.8,34.66306908488921,-16.66306908488921,16.66306908488921
1529311,2026-05-23,2026,1,Lucknow Super Giants,Punjab Kings,JP Inglis,72,44,9,2,163.63636363636365,Punjab Kings,60.0,206.89655172413794,31.466666666666665,165.13678367398933,15,46.6,41.0,0.0,7.0,3.0,4.8,2.8,24.71097701478002,47.28902298521998,47.28902298521998
1529311,2026-05-23,2026,1,Lucknow Super Giants,Punjab Kings,MD Choudhary,1,3,0,0,33.33333333333333,Punjab Kings,13.0,130.0,18.77777777777778,130.2214016919899,9,16.2,18.77777777777778,21.0,2.0,0.0,1.2,0.8,20.04730101744684,-19.04730101744684,19.04730101744684
1529311,2026-05-23,2026,1,Lucknow Super Giants,Punjab Kings,N Pooran,2,7,0,0,28.57142857142857,Punjab Kings,16.0,145.45454545454547,24.754901960784313,139.74484114102486,102,30.0,19.1,23.25,0.0,2.0,1.2,3.0,27.637660349445188,-25.637660349445188,25.637660349445188
1529311,2026-05-23,2026,2,Punjab Kings,Lucknow Super Giants,P Simran Singh,69,39,7,2,176.9230769230769,Lucknow Super Giants,2.0,40.0,28.0625,133.4369492722261,64,19.0,36.1,32.0,0.0,0.0,2.2,0.8,28.275635902568556,40.72436409743145,40.72436409743145
1529311,2026-05-23,2026,2,Punjab Kings,Lucknow Super Giants,Priyansh Arya,0,1,0,0,0.0,Lucknow Super Giants,0.0,0.0,30.3,160.5425081843411,30,16.2,31.8,34.0,0.0,0.0,1.2,1.2,20.192433575207268,-20.192433575207268,20.192433575207268
1529311,2026-05-23,2026,1,Lucknow Super Giants,Punjab Kings,RR Pant,26,22,3,0,118.18181818181819,Punjab Kings,35.0,152.17391304347828,27.719424460431654,131.01559102370126,139,19.6,20.2,16.714285714285715,2.0,2.0,1.8,1.0,28.475593581975883,-2.4755935819758825,2.4755935819758825
1529311,2026-05-23,2026,2,Punjab Kings,Lucknow Super Giants,SS Iyer,101,51,11,5,198.03921568627453,Lucknow Super Giants,1.0,33.33333333333333,28.694444444444443,119.99207569610131,144,17.6,32.9,31.285714285714285,0.0,0.0,2.0,0.6,25.54520310227922,75.45479689772078,75.45479689772078
1529311,2026-05-23,2026,2,Punjab Kings,Lucknow Super Giants,Suryansh Shedge,9,7,1,0,128.57142857142858,Lucknow Super Giants,35.0,159.0909090909091,17.333333333333332,139.83719889906502,9,29.2,17.333333333333332,0.0,2.0,2.0,1.6,2.4,18.333159447359932,-9.333159447359932,9.333159447359932
1529312,2026-05-24,2026,2,Mumbai Indians,Rajasthan Royals,AM Ghazanfar,2,3,0,0,66.66666666666666,Rajasthan Royals,0.0,0.0,0.0,0.0,0,0.0,0.0,0.0,0.0,0.0,0.0,0.0,7.938402774305878,-5.938402774305878,5.938402774305878
1529312,2026-05-24,2026,2,Mumbai Indians,Rajasthan Royals,C Bosch,2,4,0,0,50.0,Rajasthan Royals,32.0,177.77777777777777,19.0,175.1010101010101,5,19.0,19.0,0.0,3.0,2.0,1.6,1.0,15.503734648774817,-13.503734648774817,13.503734648774817
1529312,2026-05-24,2026,1,Rajasthan Royals,Mumbai Indians,D Ferreira,18,15,0,2,120.0,Mumbai Indians,16.0,160.0,19.846153846153847,127.04197118670803,13,23.8,24.9,0.0,1.0,1.0,2.0,2.0,18.871741439339605,-0.8717414393396048,0.8717414393396048
1529312,2026-05-24,2026,2,Mumbai Indians,Rajasthan Royals,DL Chahar,8,5,0,1,160.0,Rajasthan Royals,10.0,142.85714285714286,7.052631578947368,94.44862155388472,19,5.2,5.6,6.0,2.0,0.0,0.8,0.0,7.161046586966595,0.8389534130334049,0.8389534130334049
1529312,2026-05-24,2026,1,Rajasthan Royals,Mumbai Indians,Dhruv Jurel,38,26,3,2,146.15384615384613,Mumbai Indians,53.0,139.4736842105263,22.916666666666668,127.84903559208743,48,37.6,32.5,5.0,3.0,3.0,2.6,2.0,18.95803321195967,19.04196678804033,19.04196678804033
1529312,2026-05-24,2026,2,Mumbai Indians,Rajasthan Royals,HH Pandya,34,15,3,2,226.66666666666666,Rajasthan Royals,26.0,96.29629629629629,19.276315789473685,139.77464087993275,152,18.2,18.7,32.1875,2.0,1.0,1.4,0.6,22.03267748281863,11.967322517181369,11.967322517181369
1529312,2026-05-24,2026,1,Rajasthan Royals,Mumbai Indians,JC Archer,32,14,1,3,228.57142857142856,Mumbai Indians,2.0,100.0,7.648648648648648,119.1145041145041,37,3.6,6.3,20.666666666666668,0.0,0.0,0.4,0.0,8.959353105638268,23.040646894361732,23.040646894361732
1529312,2026-05-24,2026,1,Rajasthan Royals,Mumbai Indians,MD Shanaka,29,15,0,3,193.33333333333334,Mumbai Indians,10.0,125.0,10.4,101.05519480519482,5,10.4,10.4,0.0,0.0,1.0,0.8,0.4,9.540492231236485,19.459507768763515,19.459507768763515
1529312,2026-05-24,2026,1,Rajasthan Royals,Mumbai Indians,N Burger,10,3,0,1,333.33333333333337,Mumbai Indians,3.0,60.0,3.0,60.0,1,3.0,3.0,0.0,0.0,0.0,0.0,0.0,7.638311509530418,2.3616884904695823,2.3616884904695823
1529312,2026-05-24,2026,2,Mumbai Indians,Rajasthan Royals,Naman Dhir,6,5,1,0,120.0,Rajasthan Royals,0.0,0.0,22.0,148.44187195186365,32,27.2,25.4,12.5,0.0,0.0,2.4,1.4,19.750238764044997,-13.750238764044997,13.750238764044997
1529312,2026-05-24,2026,1,Rajasthan Royals,Mumbai Indians,R Parag,14,8,2,1,175.0,Mumbai Indians,51.0,196.15384615384613,21.761904761904763,130.62764710590105,84,39.4,24.4,21.285714285714285,3.0,5.0,3.0,2.6,21.51735553307285,-7.517355533072848,7.517355533072848
1529312,2026-05-24,2026,1,Rajasthan Royals,Mumbai Indians,RA Jadeja,19,10,3,0,190.0,Mumbai Indians,38.0,152.0,17.07920792079208,131.07572111376194,202,22.8,21.2,15.2,3.0,2.0,1.6,0.8,16.677837691417572,2.3221623085824277,2.3221623085824277
1529312,2026-05-24,2026,2,Mumbai Indians,Rajasthan Royals,RD Rickelton,12,7,1,1,171.42857142857142,Rajasthan Royals,6.0,85.71428571428571,32.96,148.269243946263,25,35.2,35.5,34.5,1.0,0.0,2.2,3.4,26.025478026634364,-14.025478026634364,14.025478026634364
1529312,2026-05-24,2026,2,Mumbai Indians,Rajasthan Royals,RG Sharma,0,4,0,0,0.0,Rajasthan Royals,15.0,115.38461538461537,26.658181818181816,115.07025169956425,275,33.0,37.2,20.166666666666668,0.0,2.0,2.0,2.8,25.087741425362044,-25.087741425362044,25.087741425362044
1529312,2026-05-24,2026,2,Mumbai Indians,Rajasthan Royals,SA Yadav,60,42,3,4,142.85714285714286,Rajasthan Royals,15.0,250.0,27.567073170731707,138.0958012456501,164,10.6,14.3,30.470588235294116,2.0,1.0,1.6,0.4,29.37397206368365,30.62602793631635,30.62602793631635
1529312,2026-05-24,2026,1,Rajasthan Royals,Mumbai Indians,SB Dubey,5,6,0,0,83.33333333333334,Mumbai Indians,5.0,55.55555555555556,13.4375,137.52660533910534,16,15.2,13.8,11.5,0.0,0.0,1.6,0.6,13.55395637643635,-8.55395637643635,8.55395637643635
1529312,2026-05-24,2026,2,Mumbai Indians,Rajasthan Royals,SN Thakur,10,11,1,0,90.9090909090909,Rajasthan Royals,6.0,50.0,8.071428571428571,113.0068849663094,42,5.8,5.3,5.0,0.0,0.0,0.8,0.0,9.601722995577147,0.3982770044228534,0.3982770044228534
1529312,2026-05-24,2026,2,Mumbai Indians,Rajasthan Royals,Tilak Varma,3,7,0,0,42.857142857142854,Rajasthan Royals,20.0,62.5,28.984375,134.67992483297078,64,33.6,32.2,39.333333333333336,0.0,1.0,1.8,1.8,24.99761455117219,-21.99761455117219,21.99761455117219
1529312,2026-05-24,2026,1,Rajasthan Royals,Mumbai Indians,V Suryavanshi,4,6,0,0,66.66666666666666,Mumbai Indians,93.0,244.73684210526315,41.55,197.17581519816426,20,44.4,45.7,19.5,7.0,10.0,3.8,4.2,18.18242663736827,-14.18242663736827,14.18242663736827
1529312,2026-05-24,2026,2,Mumbai Indians,Rajasthan Royals,WG Jacks,33,17,3,2,194.11764705882354,Rajasthan Royals,14.0,200.0,22.76,145.39326821032543,25,12.0,22.6,0.0,1.0,1.0,0.8,0.8,19.144093599650823,13.855906400349177,13.855906400349177
1529312,2026-05-24,2026,1,Rajasthan Royals,Mumbai Indians,YBK Jaiswal,27,17,1,3,158.8235294117647,Mumbai Indians,43.0,186.95652173913044,32.10126582278481,136.5125861162271,79,23.0,20.0,41.44444444444444,8.0,1.0,3.6,0.6,28.958096878235306,-1.958096878235306,1.958096878235306
1529313,2026-05-24,2026,2,Kolkata Knight Riders,Delhi Capitals,AM Rahane,63,39,4,4,161.53846153846155,Delhi Capitals,21.0,123.52941176470588,27.06122448979592,107.84726698325578,196,22.0,18.9,31.428571428571427,4.0,0.0,2.6,0.8,29.437335067072322,33.562664932927674,33.562664932927674
1529313,2026-05-24,2026,1,Delhi Capitals,Kolkata Knight Riders,AR Patel,39,25,3,2,156.0,Kolkata Knight Riders,34.0,188.88888888888889,15.413533834586467,125.07420038568857,133,20.6,13.4,11.368421052631579,2.0,2.0,2.0,0.8,17.46261294336582,21.53738705663418,21.53738705663418
1529313,2026-05-24,2026,2,Kolkata Knight Riders,Delhi Capitals,AS Roy,9,8,1,0,112.5,Delhi Capitals,4.0,100.0,5.3076923076923075,75.04120879120879,13,8.6,6.5,0.0,0.0,0.0,0.4,0.4,5.270685216803325,3.729314783196675,3.729314783196675
1529313,2026-05-24,2026,1,Delhi Capitals,Kolkata Knight Riders,Abishek Porel,22,18,4,0,122.22222222222223,Kolkata Knight Riders,51.0,164.51612903225808,23.34375,134.90777166469547,32,24.4,23.1,7.333333333333333,7.0,1.0,2.4,0.8,19.092908588105537,2.907091411894463,2.907091411894463
1529313,2026-05-24,2026,1,Delhi Capitals,Kolkata Knight Riders,Ashutosh Sharma,18,10,2,1,180.0,Kolkata Knight Riders,18.0,360.0,21.84,162.11194147574852,25,24.0,21.9,23.0,1.0,2.0,2.0,1.8,19.235952471594153,-1.2359524715941532,1.2359524715941532
1529313,2026-05-24,2026,2,Kolkata Knight Riders,Delhi Capitals,C Green,2,3,0,0,66.66666666666666,Delhi Capitals,4.0,50.0,25.048780487804876,134.26771801555773,41,24.8,29.6,27.333333333333332,0.0,0.0,1.2,1.4,25.389004073218892,-23.389004073218892,23.389004073218892
1529313,2026-05-24,2026,2,Kolkata Knight Riders,Delhi Capitals,CV Varun,5,5,1,0,100.0,Delhi Capitals,0.0,0.0,2.1666666666666665,55.48611111111111,12,0.6,1.8,1.0,0.0,0.0,0.0,0.0,2.3588128504844836,2.6411871495155164,2.6411871495155164
1529313,2026-05-24,2026,1,Delhi Capitals,Kolkata Knight Riders,DA Miller,28,19,0,3,147.36842105263156,Kolkata Knight Riders,9.0,150.0,22.797202797202797,125.60299719124312,143,16.4,19.4,18.0,0.0,1.0,1.2,1.0,21.105237333454316,6.8947626665456845,6.8947626665456845
1529313,2026-05-24,2026,2,Kolkata Knight Riders,Delhi Capitals,FH Allen,20,13,3,1,153.84615384615387,Delhi Capitals,8.0,160.0,32.9,193.57518441091656,10,49.6,32.9,100.0,2.0,0.0,3.4,4.6,28.514789777916544,-8.514789777916544,8.514789777916544
1529313,2026-05-24,2026,1,Delhi Capitals,Kolkata Knight Riders,KL Rahul,60,30,5,4,200.0,Kolkata Knight Riders,56.0,133.33333333333331,38.19867549668874,126.76807036705628,151,35.0,44.0,34.0625,1.0,3.0,3.0,1.6,42.873275304201954,17.126724695798046,17.126724695798046
1529313,2026-05-24,2026,2,Kolkata Knight Riders,Delhi Capitals,Kartik Tyagi,0,1,0,0,0.0,Delhi Capitals,6.0,150.0,3.0,82.08333333333333,8,3.8,3.0,4.5,0.0,1.0,0.4,0.2,3.986582375878326,-3.986582375878326,3.986582375878326
1529313,2026-05-24,2026,2,Kolkata Knight Riders,Delhi Capitals,MK Pandey,25,16,2,2,156.25,Delhi Capitals,45.0,136.36363636363635,24.365853658536587,107.00011751796161,164,35.8,24.2,20.833333333333332,6.0,0.0,2.6,1.4,24.791966964574417,0.20803303542558282,0.20803303542558282
1529313,2026-05-24,2026,2,Kolkata Knight Riders,Delhi Capitals,R Powell,29,21,3,1,138.0952380952381,Delhi Capitals,40.0,137.93103448275863,18.137931034482758,118.52261902490972,29,24.4,19.2,9.0,4.0,2.0,1.8,1.4,20.083207006882773,8.916792993117227,8.916792993117227
1529313,2026-05-24,2026,2,Kolkata Knight Riders,Delhi Capitals,RK Singh,0,1,0,0,0.0,Delhi Capitals,9.0,180.0,22.548387096774192,144.94678854707962,62,33.4,26.6,20.4,2.0,0.0,3.0,1.6,21.752907921547965,-21.752907921547965,21.752907921547965
1529313,2026-05-24,2026,2,Kolkata Knight Riders,Delhi Capitals,SR Dubey,4,2,1,0,200.0,Delhi Capitals,0.0,0.0,0.0,0.0,0,0.0,0.0,0.0,0.0,0.0,0.0,0.0,6.837202098043016,-2.837202098043016,2.837202098043016
1529313,2026-05-24,2026,1,Delhi Capitals,Kolkata Knight Riders,SU Parakh,24,17,3,1,141.1764705882353,Kolkata Knight Riders,9.0,112.5,7.333333333333333,109.72222222222221,3,7.333333333333333,7.333333333333333,0.0,1.0,0.0,0.6666666666666666,0.3333333333333333,11.60427204980587,12.39572795019413,12.39572795019413
1529313,2026-05-24,2026,2,Kolkata Knight Riders,Delhi Capitals,T Dahiya,1,3,0,0,33.33333333333333,Delhi Capitals,11.0,91.66666666666666,11.0,91.66666666666666,1,11.0,11.0,0.0,2.0,0.0,2.0,0.0,10.828902407821147,-9.828902407821147,9.828902407821147
1529313,2026-05-24,2026,1,Delhi Capitals,Kolkata Knight Riders,T Stubbs,0,1,0,0,0.0,Kolkata Knight Riders,4.0,66.66666666666666,22.930232558139537,142.30591600869857,43,14.8,23.3,15.25,0.0,0.0,0.6,0.6,20.030419688093936,-20.030419688093936,20.030419688093936
1535462,2026-05-26,2026,2,Gujarat Titans,Royal Challengers Bengaluru,B Sai Sudharsan,14,9,3,0,155.55555555555557,Royal Challengers Bengaluru,84.0,161.53846153846155,45.01851851851852,139.6608476630797,54,62.0,52.5,49.0,7.0,4.0,5.8,2.4,25.301884147051716,-11.301884147051716,11.301884147051716
1535462,2026-05-26,2026,1,Royal Challengers Bengaluru,Gujarat Titans,D Padikkal,30,19,5,0,157.89473684210526,Gujarat Titans,21.0,150.0,25.735632183908045,115.0067561527326,87,30.2,30.8,19.333333333333332,2.0,1.0,3.4,1.2,27.14059206692614,2.859407933073861,2.859407933073861
1535462,2026-05-26,2026,2,Gujarat Titans,Royal Challengers Bengaluru,JC Buttler,29,11,4,2,263.6363636363636,Royal Challengers Bengaluru,57.0,211.11111111111111,34.25373134328358,131.13407625447095,134,32.0,29.3,59.25,5.0,4.0,2.6,1.8,32.187250209287924,-3.1872502092879245,3.1872502092879245
1535462,2026-05-26,2026,1,Royal Challengers Bengaluru,Gujarat Titans,JM Sharma,15,5,1,1,300.0,Gujarat Titans,8.0,160.0,18.964912280701753,140.15330280842775,57,7.6,9.0,17.285714285714285,1.0,0.0,0.6,0.6,16.718571388526225,-1.7185713885262253,1.7185713885262253
1535462,2026-05-26,2026,2,Gujarat Titans,Royal Challengers Bengaluru,JO Holder,0,3,0,0,0.0,Royal Challengers Bengaluru,11.0,110.00000000000001,9.90625,112.42147370110732,32,11.6,7.2,17.5,0.0,0.0,0.4,0.6,9.647680329248523,-9.647680329248523,9.647680329248523
1535462,2026-05-26,2026,2,Gujarat Titans,Royal Challengers Bengaluru,K Rabada,9,5,2,0,180.0,Royal Challengers Bengaluru,12.0,85.71428571428571,7.8125,106.82363209706959,32,11.0,7.0,0.0,2.0,0.0,0.6,0.8,8.476767316760014,0.5232326832399856,0.5232326832399856
1535462,2026-05-26,2026,1,Royal Challengers Bengaluru,Gujarat Titans,KH Pandya,43,26,5,2,165.3846153846154,Gujarat Titans,41.0,132.25806451612902,16.016528925619834,120.762268029372,121,33.8,26.7,10.375,5.0,0.0,3.0,1.6,26.02370540970821,16.97629459029179,16.97629459029179
1535462,2026-05-26,2026,2,Gujarat Titans,Royal Challengers Bengaluru,M Prasidh Krishna,6,7,1,0,85.71428571428571,Royal Challengers Bengaluru,2.0,40.0,1.2857142857142858,26.258503401360542,7,1.6,1.2857142857142858,0.0,0.0,0.0,0.0,0.0,3.587285425727567,2.412714574272433,2.412714574272433
1535462,2026-05-26,2026,2,Gujarat Titans,Royal Challengers Bengaluru,Mohammed Siraj,5,13,1,0,38.46153846153847,Royal Challengers Bengaluru,0.0,0.0,5.090909090909091,75.71769139950958,22,3.2,5.4,0.0,0.0,0.0,0.0,0.4,5.4452272069661,-0.4452272069661003,0.4452272069661003
1535462,2026-05-26,2026,2,Gujarat Titans,Royal Challengers Bengaluru,N Sindhu,5,3,1,0,166.66666666666669,Royal Challengers Bengaluru,1.0,25.0,12.666666666666666,106.16883116883116,3,12.666666666666666,12.666666666666666,0.0,0.0,0.0,1.0,0.6666666666666666,15.055092463374228,-10.055092463374228,10.055092463374228
1535462,2026-05-26,2026,2,Gujarat Titans,Royal Challengers Bengaluru,R Tewatia,68,43,8,4,158.13953488372093,Royal Challengers Bengaluru,0.0,0.0,13.75,136.87678133658792,88,4.4,7.5,31.0,0.0,0.0,0.2,0.4,14.480394005137184,53.519605994862815,53.519605994862815
1535462,2026-05-26,2026,1,Royal Challengers Bengaluru,Gujarat Titans,RM Patidar,93,33,5,9,281.8181818181818,Gujarat Titans,56.0,147.36842105263156,30.08,148.76332665978424,50,31.0,31.4,18.6,6.0,1.0,2.4,1.8,23.12696252677553,69.87303747322447,69.87303747322447
1535462,2026-05-26,2026,2,Gujarat Titans,Royal Challengers Bengaluru,Rashid Khan,8,9,0,1,88.88888888888889,Royal Challengers Bengaluru,7.0,116.66666666666667,8.857142857142858,118.677127436056,70,7.0,5.7,12.5,1.0,0.0,0.8,0.0,9.062775417612439,-1.062775417612439,1.062775417612439
1535462,2026-05-26,2026,2,Gujarat Titans,Royal Challengers Bengaluru,Shubman Gill,2,7,0,0,28.57142857142857,Royal Challengers Bengaluru,64.0,172.97297297297297,35.29133858267716,127.34932327406129,127,48.6,45.1,21.4,7.0,3.0,4.6,2.6,24.85318463032598,-22.85318463032598,22.85318463032598
1535462,2026-05-26,2026,1,Royal Challengers Bengaluru,Gujarat Titans,TH David,4,5,0,0,80.0,Gujarat Titans,15.0,214.28571428571428,19.70175438596491,157.5656919619768,57,17.0,17.8,14.125,1.0,1.0,1.4,1.2,18.827098935667955,-14.827098935667955,14.827098935667955
1535462,2026-05-26,2026,1,Royal Challengers Bengaluru,Gujarat Titans,V Kohli,43,25,5,1,172.0,Gujarat Titans,15.0,136.36363636363635,33.556363636363635,121.04485771391424,275,35.6,37.8,57.5,2.0,0.0,3.4,1.2,34.56173568972823,8.43826431027177,8.43826431027177
1535462,2026-05-26,2026,1,Royal Challengers Bengaluru,Gujarat Titans,VR Iyer,19,7,3,1,271.42857142857144,Gujarat Titans,44.0,231.57894736842107,27.1,128.2271308037995,60,33.0,29.4,27.4,4.0,4.0,3.0,2.0,23.545897280814323,-4.545897280814323,4.545897280814323
1535462,2026-05-26,2026,2,Gujarat Titans,Royal Challengers Bengaluru,Washington Sundar,8,7,1,0,114.28571428571428,Royal Challengers Bengaluru,7.0,233.33333333333334,14.535714285714286,120.83608276348603,56,29.2,22.6,15.5,0.0,1.0,2.8,1.4,20.014997634814296,-12.014997634814296,12.014997634814296
1535463,2026-05-27,2026,2,Sunrisers Hyderabad,Rajasthan Royals,Abhishek Sharma,0,2,0,0,0.0,Rajasthan Royals,56.0,254.54545454545453,27.03409090909091,144.3615257093689,88,27.6,43.4,21.11111111111111,4.0,5.0,2.0,2.4,28.38658239247597,-28.38658239247597,28.38658239247597
1535463,2026-05-27,2026,1,Rajasthan Royals,Sunrisers Hyderabad,D Ferreira,12,9,1,0,133.33333333333331,Sunrisers Hyderabad,18.0,120.0,19.714285714285715,126.53897324480032,14,17.0,26.6,51.0,0.0,2.0,0.8,1.8,23.806780533010794,-11.806780533010794,11.806780533010794
1535463,2026-05-27,2026,1,Rajasthan Royals,Sunrisers Hyderabad,Dhruv Jurel,50,21,5,3,238.0952380952381,Sunrisers Hyderabad,38.0,146.15384615384613,23.224489795918366,128.2226031545723,49,42.0,28.2,35.6,3.0,2.0,3.2,2.2,25.027059624231665,24.972940375768335,24.972940375768335
1535463,2026-05-27,2026,2,Sunrisers Hyderabad,Rajasthan Royals,E Malinga,5,8,0,0,62.5,Rajasthan Royals,0.0,0.0,1.0,16.666666666666664,2,1.0,1.0,0.0,0.0,0.0,0.0,0.0,6.901858708417806,-1.901858708417806,1.901858708417806
1535463,2026-05-27,2026,2,Sunrisers Hyderabad,Rajasthan Royals,H Klaasen,18,10,2,1,180.0,Rajasthan Royals,51.0,212.5,35.355932203389834,161.5076662878534,59,38.4,42.2,32.42857142857143,2.0,5.0,2.8,2.4,21.253777374240638,-3.253777374240638,3.253777374240638
1535463,2026-05-27,2026,2,Sunrisers Hyderabad,Rajasthan Royals,Ishan Kishan,33,11,3,3,300.0,Rajasthan Royals,79.0,171.73913043478262,28.30952380952381,119.52493474956232,126,51.4,44.7,39.785714285714285,8.0,3.0,4.4,2.6,25.122875696273677,7.8771243037263226,7.8771243037263226
1535463,2026-05-27,2026,1,Rajasthan Royals,Sunrisers Hyderabad,JC Archer,4,5,1,0,80.0,Sunrisers Hyderabad,32.0,228.57142857142856,8.289473684210526,121.99494949494948,38,8.4,9.5,4.4,1.0,3.0,0.4,0.6,8.324136730976191,-4.324136730976191,4.324136730976191
1535463,2026-05-27,2026,1,Rajasthan Royals,Sunrisers Hyderabad,MD Shanaka,5,3,1,0,166.66666666666669,Sunrisers Hyderabad,29.0,193.33333333333334,13.5,116.43488455988457,6,14.4,13.5,9.0,0.0,3.0,0.6,1.0,13.196655171473637,-8.196655171473637,8.196655171473637
1535463,2026-05-27,2026,1,Rajasthan Royals,Sunrisers Hyderabad,N Burger,1,1,0,0,100.0,Sunrisers Hyderabad,10.0,333.33333333333337,6.5,196.66666666666669,2,6.5,6.5,3.0,0.0,1.0,0.0,0.5,8.169427946364,-7.169427946363999,7.169427946363999
1535463,2026-05-27,2026,2,Sunrisers Hyderabad,Rajasthan Royals,Nithish Kumar Reddy,38,20,3,2,190.0,Rajasthan Royals,29.0,241.66666666666666,22.029411764705884,131.12865883886644,34,18.4,22.4,35.0,1.0,3.0,1.4,1.0,19.209504145386994,18.790495854613006,18.790495854613006
1535463,2026-05-27,2026,2,Sunrisers Hyderabad,Rajasthan Royals,PJ Cummins,1,2,0,0,50.0,Rajasthan Royals,19.0,211.11111111111111,12.82,133.08281174449905,50,12.4,12.6,7.0,1.0,2.0,0.4,1.0,12.115038049355853,-11.115038049355853,11.115038049355853
1535463,2026-05-27,2026,1,Rajasthan Royals,Sunrisers Hyderabad,R Parag,26,12,2,2,216.66666666666666,Sunrisers Hyderabad,14.0,175.0,21.67058823529412,131.14967478700808,85,38.2,25.0,17.636363636363637,2.0,1.0,3.0,2.6,19.836831244561445,6.163168755438555,6.163168755438555
1535463,2026-05-27,2026,2,Sunrisers Hyderabad,Rajasthan Royals,R Smaran,1,4,0,0,25.0,Rajasthan Royals,5.0,250.0,6.0,136.66666666666666,3,6.0,6.0,0.0,1.0,0.0,1.0,0.0,10.840577587757087,-9.840577587757087,9.840577587757087
1535463,2026-05-27,2026,1,Rajasthan Royals,Sunrisers Hyderabad,RA Jadeja,12,9,1,0,133.33333333333331,Sunrisers Hyderabad,19.0,190.0,17.088669950738915,131.365988497438,203,24.8,23.0,16.3,3.0,0.0,2.0,0.8,17.581326408398255,-5.581326408398255,5.581326408398255
1535463,2026-05-27,2026,1,Rajasthan Royals,Sunrisers Hyderabad,SS Mishra,1,3,0,0,33.33333333333333,Sunrisers Hyderabad,0.0,0.0,0.0,0.0,0,0.0,0.0,0.0,0.0,0.0,0.0,0.0,8.56059476451179,-7.560594764511791,7.560594764511791
1535463,2026-05-27,2026,2,Sunrisers Hyderabad,Rajasthan Royals,Sakib Hussain,5,7,1,0,71.42857142857143,Rajasthan Royals,0.0,0.0,0.0,0.0,0,0.0,0.0,0.0,0.0,0.0,0.0,0.0,11.041026122419574,-6.041026122419574,6.041026122419574
1535463,2026-05-27,2026,2,Sunrisers Hyderabad,Rajasthan Royals,Salil Arora,35,21,2,2,166.66666666666669,Rajasthan Royals,0.0,0.0,0.0,0.0,0,0.0,0.0,0.0,0.0,0.0,0.0,0.0,11.041026122419574,23.958973877580426,23.958973877580426
1535463,2026-05-27,2026,2,Sunrisers Hyderabad,Rajasthan Royals,Shivang Kumar,27,23,3,0,117.3913043478261,Rajasthan Royals,4.0,66.66666666666666,5.2,118.33333333333333,5,5.2,5.2,0.0,0.0,0.0,0.6,0.2,9.306282321712482,17.69371767828752,17.69371767828752
1535463,2026-05-27,2026,2,Sunrisers Hyderabad,Rajasthan Royals,TM Head,17,8,2,1,212.5,Rajasthan Royals,26.0,162.5,30.176470588235293,138.49652084719077,51,26.2,29.1,36.6,5.0,0.0,3.6,1.2,24.657509379510717,-7.657509379510717,7.657509379510717
1535463,2026-05-27,2026,1,Rajasthan Royals,Sunrisers Hyderabad,V Suryavanshi,97,28,5,12,346.42857142857144,Sunrisers Hyderabad,4.0,66.66666666666666,39.76190476190476,190.9610938395215,21,36.6,38.3,51.5,0.0,0.0,3.2,3.2,25.71352402411735,71.28647597588265,71.28647597588265
1535463,2026-05-27,2026,1,Rajasthan Royals,Sunrisers Hyderabad,YBK Jaiswal,29,29,4,0,100.0,Sunrisers Hyderabad,27.0,158.8235294117647,32.0375,136.79147290742134,80,18.2,21.4,27.8,1.0,3.0,2.4,1.0,30.83238510133882,-1.8323851013388186,1.8323851013388186
1535464,2026-05-29,2026,2,Gujarat Titans,Rajasthan Royals,B Sai Sudharsan,58,32,8,1,181.25,Rajasthan Royals,14.0,155.55555555555557,44.45454545454545,139.9498423520338,55,53.4,51.7,50.666666666666664,3.0,0.0,5.4,2.2,27.284173878468813,30.715826121531187,30.715826121531187
1535464,2026-05-29,2026,1,Rajasthan Royals,Gujarat Titans,D Ferreira,38,11,2,4,345.45454545454544,Gujarat Titans,12.0,133.33333333333331,19.2,126.99193058403584,15,10.0,20.9,2.0,1.0,0.0,0.6,0.6,17.716404883029718,20.283595116970282,20.283595116970282
1535464,2026-05-29,2026,1,Rajasthan Royals,Gujarat Titans,Dhruv Jurel,7,6,1,0,116.66666666666667,Gujarat Titans,50.0,238.0952380952381,23.76,130.42005585338563,50,43.6,33.2,26.2,5.0,3.0,3.4,2.6,24.54519814010438,-17.54519814010438,17.54519814010438
1535464,2026-05-29,2026,1,Rajasthan Royals,Gujarat Titans,JC Archer,7,4,0,1,175.0,Gujarat Titans,4.0,80.0,8.179487179487179,120.9181559181559,39,8.8,6.9,3.3333333333333335,1.0,0.0,0.6,0.6,8.568065393938559,-1.568065393938559,1.568065393938559
1535464,2026-05-29,2026,2,Gujarat Titans,Rajasthan Royals,JC Buttler,9,9,0,0,100.0,Rajasthan Royals,29.0,263.6363636363636,34.214814814814815,132.115574679522,135,32.6,29.7,31.25,4.0,2.0,3.2,1.8,27.467824094107588,-18.467824094107588,18.467824094107588
1535464,2026-05-29,2026,1,Rajasthan Royals,Gujarat Titans,MD Shanaka,3,9,0,0,33.33333333333333,Gujarat Titans,5.0,166.66666666666669,12.285714285714286,123.61085343228201,7,15.4,12.285714285714286,16.0,1.0,0.0,0.8,1.0,13.287071673062627,-10.287071673062627,10.287071673062627
1535464,2026-05-29,2026,1,Rajasthan Royals,Gujarat Titans,R Parag,11,6,1,1,183.33333333333331,Gujarat Titans,26.0,216.66666666666666,21.72093023255814,132.14405841351572,86,42.0,25.6,20.88888888888889,2.0,2.0,3.4,3.0,22.834888398231957,-11.834888398231957,11.834888398231957
1535464,2026-05-29,2026,2,Gujarat Titans,Rajasthan Royals,R Tewatia,17,9,2,1,188.88888888888889,Rajasthan Royals,68.0,158.13953488372093,14.359550561797754,137.11568867981416,89,17.6,14.2,13.666666666666666,8.0,4.0,1.8,1.2,13.98432588644079,3.0156741135592107,3.0156741135592107
1535464,2026-05-29,2026,1,Rajasthan Royals,Gujarat Titans,RA Jadeja,45,35,5,1,128.57142857142858,Gujarat Titans,12.0,133.33333333333331,17.063725490196077,131.37563234467277,204,18.6,22.1,16.77777777777778,1.0,0.0,1.8,0.6,17.906028719846404,27.093971280153596,27.093971280153596
1535464,2026-05-29,2026,2,Gujarat Titans,Rajasthan Royals,Shubman Gill,104,53,15,3,196.22641509433961,Rajasthan Royals,2.0,28.57142857142857,35.03125,126.57762097169697,128,48.0,36.7,38.375,0.0,0.0,4.4,2.6,28.720750988453165,75.27924901154684,75.27924901154684
1535464,2026-05-29,2026,1,Rajasthan Royals,Gujarat Titans,V Suryavanshi,96,47,8,7,204.25531914893617,Gujarat Titans,97.0,346.42857142857144,42.36363636363637,198.02779736629654,22,55.2,48.0,56.0,5.0,12.0,4.0,5.6,20.45672795020174,75.54327204979826,75.54327204979826
1535464,2026-05-29,2026,2,Gujarat Titans,Rajasthan Royals,Washington Sundar,16,9,2,1,177.77777777777777,Rajasthan Royals,8.0,114.28571428571428,14.421052631578947,120.72116401826197,57,28.4,21.3,21.666666666666668,1.0,0.0,3.0,1.2,20.0235886402189,-4.0235886402189,4.0235886402189
1535464,2026-05-29,2026,1,Rajasthan Royals,Gujarat Titans,YBK Jaiswal,1,2,0,0,50.0,Gujarat Titans,29.0,100.0,32.0,136.3372571925149,81,22.8,24.2,22.0,4.0,0.0,3.2,0.8,32.68006859896125,-31.68006859896125,31.68006859896125
1535465,2026-05-31,2026,1,Gujarat Titans,Royal Challengers Bengaluru,Arshad Khan,15,6,0,2,250.0,Royal Challengers Bengaluru,8.0,160.0,11.545454545454545,100.32861078315624,11,6.2,11.2,0.0,1.0,0.0,0.2,0.6,11.678335841675406,3.3216641583245945,3.3216641583245945
1535465,2026-05-31,2026,1,Gujarat Titans,Royal Challengers Bengaluru,B Sai Sudharsan,12,12,2,0,100.0,Royal Challengers Bengaluru,58.0,181.25,44.69642857142857,140.68734516717606,56,54.0,57.5,43.166666666666664,8.0,1.0,5.8,2.0,25.844340214455016,-13.844340214455016,13.844340214455016
1535465,2026-05-31,2026,2,Royal Challengers Bengaluru,Gujarat Titans,D Padikkal,1,4,0,0,25.0,Gujarat Titans,30.0,157.89473684210526,25.78409090909091,115.49411956965729,88,29.4,32.8,20.4,5.0,0.0,3.8,1.0,25.908555110426047,-24.908555110426047,24.908555110426047
1535465,2026-05-31,2026,1,Gujarat Titans,Royal Challengers Bengaluru,JC Buttler,19,23,1,0,82.6086956521739,Royal Challengers Bengaluru,9.0,100.0,34.029411764705884,131.87943074805494,136,31.8,30.1,53.2,0.0,0.0,3.0,1.6,28.93479700743447,-9.934797007434469,9.934797007434469
1535465,2026-05-31,2026,2,Royal Challengers Bengaluru,Gujarat Titans,JM Sharma,11,14,1,0,78.57142857142857,Gujarat Titans,15.0,300.0,18.896551724137932,142.9092803462135,58,8.6,10.5,17.0,1.0,1.0,0.6,0.6,18.38570566688722,-7.385705666887219,7.385705666887219
1535465,2026-05-31,2026,1,Gujarat Titans,Royal Challengers Bengaluru,JO Holder,7,5,1,0,140.0,Royal Challengers Bengaluru,0.0,0.0,9.606060606060606,109.01476237683134,33,7.0,7.1,11.666666666666666,0.0,0.0,0.2,0.2,7.249511238002306,-0.2495112380023059,0.2495112380023059
1535465,2026-05-31,2026,1,Gujarat Titans,Royal Challengers Bengaluru,K Rabada,3,3,0,0,100.0,Royal Challengers Bengaluru,9.0,180.0,7.848484848484849,109.04109779109778,33,10.6,7.3,9.0,2.0,0.0,1.0,0.6,6.873752283985909,-3.873752283985909,3.873752283985909
1535465,2026-05-31,2026,2,Royal Challengers Bengaluru,Gujarat Titans,KH Pandya,1,2,0,0,50.0,Gujarat Titans,43.0,165.3846153846154,16.237704918032787,121.12802497490678,122,37.8,23.7,14.0,5.0,2.0,3.4,1.8,20.738097433248534,-19.738097433248534,19.738097433248534
1535465,2026-05-31,2026,1,Gujarat Titans,Royal Challengers Bengaluru,N Sindhu,20,18,3,0,111.11111111111111,Royal Challengers Bengaluru,5.0,166.66666666666669,10.75,121.29329004329004,4,10.75,10.75,5.0,1.0,0.0,1.0,0.5,11.019120980022807,8.980879019977193,8.980879019977193
1535465,2026-05-31,2026,1,Gujarat Titans,Royal Challengers Bengaluru,R Tewatia,7,5,1,0,140.0,Royal Challengers Bengaluru,17.0,188.88888888888889,14.38888888888889,137.69094645991498,90,18.2,14.9,43.333333333333336,2.0,1.0,2.2,1.0,16.59956953711043,-9.59956953711043,9.59956953711043
1535465,2026-05-31,2026,2,Royal Challengers Bengaluru,Gujarat Titans,RM Patidar,15,13,1,1,115.38461538461537,Gujarat Titans,93.0,281.8181818181818,31.313725490196077,151.3722453883803,51,45.8,34.4,31.0,5.0,9.0,3.0,3.4,21.574651059575277,-6.574651059575277,6.574651059575277
1535465,2026-05-31,2026,1,Gujarat Titans,Royal Challengers Bengaluru,Rashid Khan,7,3,0,1,233.33333333333334,Royal Challengers Bengaluru,8.0,88.88888888888889,8.845070422535212,118.25757478046211,71,8.6,6.1,11.0,0.0,1.0,0.8,0.2,7.614935382132433,-0.6149353821324333,0.6149353821324333
1535465,2026-05-31,2026,1,Gujarat Titans,Royal Challengers Bengaluru,Shubman Gill,10,8,2,0,125.0,Royal Challengers Bengaluru,104.0,196.22641509433961,35.565891472868216,127.11753410443065,129,52.0,45.7,18.166666666666668,15.0,3.0,5.6,2.6,32.70970175288934,-22.709701752889337,22.709701752889337
1535465,2026-05-31,2026,2,Royal Challengers Bengaluru,Gujarat Titans,TH David,24,17,3,1,141.1764705882353,Gujarat Titans,4.0,80.0,19.43103448275862,156.22835244539098,58,9.8,14.8,13.0,0.0,0.0,0.6,0.6,16.63761284418486,7.362387155815139,7.362387155815139
1535465,2026-05-31,2026,2,Royal Challengers Bengaluru,Gujarat Titans,V Kohli,75,42,9,3,178.57142857142858,Gujarat Titans,43.0,172.0,33.59057971014493,121.22947779466094,276,44.2,37.2,55.888888888888886,5.0,1.0,4.4,1.4,29.30973854063819,45.69026145936181,45.69026145936181
1535465,2026-05-31,2026,2,Royal Challengers Bengaluru,Gujarat Titans,VR Iyer,32,16,4,2,200.0,Gujarat Titans,19.0,271.42857142857144,26.9672131147541,130.57469540420558,61,35.4,31.0,26.0,3.0,1.0,3.4,2.2,22.778288957939136,9.221711042060864,9.221711042060864
1535465,2026-05-31,2026,1,Gujarat Titans,Royal Challengers Bengaluru,Washington Sundar,50,37,5,0,135.13513513513513,Royal Challengers Bengaluru,16.0,177.77777777777777,14.448275862068966,121.70489873825362,58,23.6,21.6,13.0,2.0,1.0,2.4,1.2,16.0226290345007,33.977370965499304,33.977370965499304
